Problem,n,Method,Case,h_mode,k_fd,tol,start_type,point_id,run_id,GradNorm,Iterations,MaxIterations,InnerMaxIterations,Success,flag,ConvergenceRate,TimeSeconds,FinalF,PathLen,LastStep
p52,2,nm,Exact,,,1e-06,initial,xbar,1,4.532803875564259e-12,6,1000,,True,-,1.9366417935630293,0.012140989303588867,1.0060343124283564e-25,7,1.3336489563676344e-07
p52,2,tr,Exact,,,1e-06,initial,xbar,1,3.6767881261939184e-07,13,1000,1000.0,True,-,0.9956823426126614,0.02620863914489746,7.37708771584368,14,1.6165204948462052e-07
p52,2,nm,Exact,,,1e-06,random,rand1,2,3.759699477153723e-07,14,1000,,True,-,0.9964584835008414,0.029651403427124023,7.377087715843678,15,1.5672933762264876e-07
p52,2,tr,Exact,,,1e-06,random,rand1,2,3.769390042440822e-07,14,1000,1000.0,True,-,0.9963971677961563,0.016621828079223633,7.377087715843677,15,1.5779522479636244e-07
p52,2,nm,Exact,,,1e-06,random,rand2,3,9.7260420675304e-07,11,1000,,True,-,2.022250501508864,0.025734901428222656,4.631910336742812e-15,12,6.177289466936411e-05
p52,2,tr,Exact,,,1e-06,random,rand2,3,7.78995018920523e-11,9,1000,1000.0,True,-,2.6039478611611537,0.01741957664489746,2.9705414686848924e-23,10,5.67149743852995e-07
p52,2,nm,Exact,,,1e-06,random,rand3,4,2.2909929827435344e-12,5,1000,,True,-,1.9634838023448946,0.014731168746948242,2.5692016391690523e-26,6,1.0576666838684001e-07
p52,2,tr,Exact,,,1e-06,random,rand3,4,9.381430871625752e-10,5,1000,1000.0,True,-,1.8935655007731083,0.005970954895019531,4.308139751866223e-21,6,2.146314051206007e-06
p52,2,nm,Exact,,,1e-06,random,rand4,5,8.792261825862676e-07,13,1000,,True,-,0.9964200476925271,0.026546716690063477,7.377087715843722,14,3.6805408750226133e-07
p52,2,tr,Exact,,,1e-06,random,rand4,5,7.243972901902956e-07,13,1000,1000.0,True,-,0.9942936949542859,0.016609668731689453,7.377087715843714,14,3.638091513084048e-07
p52,2,nm,Exact,,,1e-06,random,rand5,6,2.8654493136242657e-07,5,1000,,True,-,1.6307087056875467,0.009610414505004883,4.020232008709742e-16,6,3.3596359059515676e-05
p52,2,tr,Exact,,,1e-06,random,rand5,6,5.165923288765529e-07,14,1000,1000.0,True,-,0.9982853733578099,0.01646733283996582,7.377087715843685,15,1.9209476121466534e-07
p52,2,nm,Mixed FD,scalar,4.0,1e-06,initial,xbar,7,1.4561831489025997e-09,6,1000,,True,-,1.7775264267050501,0.008369684219360352,1.0383688038338758e-20,7,5.6136886079675875e-08
p52,2,tr,Mixed FD,scalar,4.0,1e-06,initial,xbar,7,4.058228988711328e-08,7,1000,1000.0,True,-,2.025405743382108,0.007128715515136719,7.37708771584367,8,1.3011490667291175e-05
p52,2,nm,Mixed FD,scalar,4.0,1e-06,random,rand1,8,1.3455061994096488e-08,7,1000,,True,-,2.0518576829449438,0.010032415390014648,7.377087715843668,8,3.903848684006868e-06
p52,2,tr,Mixed FD,scalar,4.0,1e-06,random,rand1,8,3.665718316286798e-08,7,1000,1000.0,True,-,1.6165559334002761,0.00646209716796875,7.37708771584367,8,2.3644781661914665e-05
p52,2,nm,Mixed FD,scalar,4.0,1e-06,random,rand2,9,2.2317252777276167e-07,9,1000,,True,-,1.1572279620327597,0.01385354995727539,2.436932282062163e-16,10,8.236746620925231e-06
p52,2,tr,Mixed FD,scalar,4.0,1e-06,random,rand2,9,1.9314948099951067e-08,9,1000,1000.0,True,-,5.876770127162216,0.008274555206298828,1.835222317209465e-18,10,1.2192546262949604e-06
p52,2,nm,Mixed FD,scalar,4.0,1e-06,random,rand3,10,6.434541181858874e-08,5,1000,,True,-,1.8532235249432343,0.008661746978759766,2.028484493145901e-17,6,2.6312576239623453e-06
p52,2,tr,Mixed FD,scalar,4.0,1e-06,random,rand3,10,7.794607707850091e-08,5,1000,1000.0,True,-,1.7127042911289652,0.0044400691986083984,2.980192243245158e-17,6,3.882342143140255e-06
p52,2,nm,Mixed FD,scalar,4.0,1e-06,random,rand4,11,6.725754226556132e-07,6,1000,,True,-,1.96493003817789,0.008884906768798828,7.377087715843729,7,0.00019528806791244507
p52,2,tr,Mixed FD,scalar,4.0,1e-06,random,rand4,11,9.76052903901854e-07,6,1000,1000.0,True,-,1.880491218756571,0.017715930938720703,7.377087715843791,7,0.00023594563708298244
p52,2,nm,Mixed FD,scalar,4.0,1e-06,random,rand5,12,1.1035442908589473e-08,6,1000,,True,-,1.8352906525923784,0.02703404426574707,5.967126936939979e-19,7,4.5236807960260125e-07
p52,2,tr,Mixed FD,scalar,4.0,1e-06,random,rand5,12,8.609924305605939e-07,6,1000,1000.0,True,-,1.833981893496732,0.011618375778198242,7.377087715843764,7,0.00023850046895390777
p52,2,nm,Mixed FD,scalar,8.0,1e-06,initial,xbar,13,7.287312615865847e-14,6,1000,,True,-,1.9034799788645926,0.01617717742919922,2.603857284811543e-29,7,1.419902603909524e-08
p52,2,tr,Mixed FD,scalar,8.0,1e-06,initial,xbar,13,6.753128415924235e-09,7,1000,1000.0,True,-,1.992130292274929,0.006612539291381836,7.37708771584367,8,1.3701924706745239e-05
p52,2,nm,Mixed FD,scalar,8.0,1e-06,random,rand1,14,7.881645615465958e-10,7,1000,,True,-,1.9959087563831523,0.015473127365112305,7.377087715843669,8,4.6837383115843235e-06
p52,2,tr,Mixed FD,scalar,8.0,1e-06,random,rand1,14,6.086564321064047e-09,7,1000,1000.0,True,-,1.6137386781777021,0.011903524398803711,7.377087715843669,8,2.4257355493676114e-05
p52,2,nm,Mixed FD,scalar,8.0,1e-06,random,rand2,15,1.8830030856684238e-07,10,1000,,True,-,2.0178322965704716,0.014101028442382812,1.738531194481972e-16,11,2.675043412017397e-05
p52,2,tr,Mixed FD,scalar,8.0,1e-06,random,rand2,15,1.523063774971427e-10,9,1000,1000.0,True,-,5.923099064050144,0.00858163833618164,1.2435282640411248e-22,10,1.1613061374431729e-06
p52,2,nm,Mixed FD,scalar,8.0,1e-06,random,rand3,16,1.6137244523578335e-09,5,1000,,True,-,1.8777866595661954,0.006640911102294922,1.2975319539997773e-20,6,2.7222420312433607e-06
p52,2,tr,Mixed FD,scalar,8.0,1e-06,random,rand3,16,2.0870286641816033e-09,5,1000,1000.0,True,-,1.7215107976090094,0.005370616912841797,2.252963639871735e-20,6,3.761976036147472e-06
p52,2,nm,Mixed FD,scalar,8.0,1e-06,random,rand4,17,4.839005805566871e-12,7,1000,,True,-,1.9992821962675478,0.009297609329223633,7.377087715843668,8,3.7182993552458465e-07
p52,2,tr,Mixed FD,scalar,8.0,1e-06,random,rand4,17,1.7504570807545747e-07,7,1000,1000.0,True,-,2.065769715166164,0.0058977603912353516,7.377087715843671,8,4.7401669026539307e-07
p52,2,nm,Mixed FD,scalar,8.0,1e-06,random,rand5,18,2.8069493284452932e-11,6,1000,,True,-,1.8825644273836195,0.012765645980834961,3.923868788532469e-24,7,3.62317792297437e-07
p52,2,tr,Mixed FD,scalar,8.0,1e-06,random,rand5,18,1.7142356089180248e-08,7,1000,1000.0,True,-,2.114241933023192,0.0065915584564208984,7.377087715843669,8,4.188624971612833e-07
p52,2,nm,Mixed FD,scalar,12.0,1e-06,initial,xbar,19,1.722842065110803e-10,6,1000,,True,-,1.8174096144158134,0.009150266647338867,1.5585405392640687e-22,7,2.049116602547468e-08
p52,2,tr,Mixed FD,scalar,12.0,1e-06,initial,xbar,19,1.3559156362311761e-08,7,1000,1000.0,True,-,1.9911748729460303,0.006202220916748047,7.377087715843669,8,1.3739085409350599e-05
p52,2,nm,Mixed FD,scalar,12.0,1e-06,random,rand1,20,3.349581768873839e-09,7,1000,,True,-,1.9936230625745113,0.015491724014282227,7.377087715843669,8,4.69510953116607e-06
p52,2,tr,Mixed FD,scalar,12.0,1e-06,random,rand1,20,3.1110487235210804e-08,7,1000,1000.0,True,-,1.5902494489580543,0.007703542709350586,7.377087715843671,8,2.5637944321359612e-05
p52,2,nm,Mixed FD,scalar,12.0,1e-06,random,rand2,21,1.383745232134122e-08,10,1000,,True,-,2.008546944282645,0.01611161231994629,9.637410108125348e-19,11,1.5050108204842446e-06
p52,2,tr,Mixed FD,scalar,12.0,1e-06,random,rand2,21,5.2512546211660376e-09,9,1000,1000.0,True,-,6.001183799661775,0.0072405338287353516,1.4347646530761297e-19,10,1.0849275512898152e-06
p52,2,nm,Mixed FD,scalar,12.0,1e-06,random,rand3,22,4.357357061210972e-08,5,1000,,True,-,1.8811747855778076,0.009283065795898438,1.0452342522796699e-17,6,4.234081152288437e-06
p52,2,tr,Mixed FD,scalar,12.0,1e-06,random,rand3,22,2.5062339062429076e-08,5,1000,1000.0,True,-,1.7109106788516921,0.005531787872314453,3.97448573394635e-18,6,3.879574566909789e-06
p52,2,nm,Mixed FD,scalar,12.0,1e-06,random,rand4,23,3.975511062215577e-10,7,1000,,True,-,2.0038826665284555,0.008844137191772461,7.37708771584367,8,3.678322280597543e-07
p52,2,tr,Mixed FD,scalar,12.0,1e-06,random,rand4,23,1.3065446563987094e-07,7,1000,1000.0,True,-,2.071295552973954,0.009368658065795898,7.377087715843669,8,4.70051168703444e-07
p52,2,nm,Mixed FD,scalar,12.0,1e-06,random,rand5,24,2.7598632950518956e-09,6,1000,,True,-,1.869213246041253,0.012961626052856445,3.796862402145138e-20,7,3.8468945689829795e-07
p52,2,tr,Mixed FD,scalar,12.0,1e-06,random,rand5,24,1.2432275221968275e-07,7,1000,1000.0,True,-,2.1415190741406596,0.006345987319946289,7.37708771584367,8,4.113410444780538e-07
p52,2,nm,Mixed FD,adaptive,4.0,1e-06,initial,xbar,25,7.97614117621458e-10,6,1000,,True,-,1.7408701472489,0.009524345397949219,3.1150112053069378e-21,7,3.0523451804154786e-08
p52,2,tr,Mixed FD,adaptive,4.0,1e-06,initial,xbar,25,1.7257634380632402e-09,7,1000,1000.0,True,-,1.9976890210632197,0.0055391788482666016,7.37708771584367,8,1.3552534929714282e-05
p52,2,nm,Mixed FD,adaptive,4.0,1e-06,random,rand1,26,2.047247691982781e-09,7,1000,,True,-,2.004777153005897,0.010428190231323242,7.37708771584367,8,4.540056381460118e-06
p52,2,tr,Mixed FD,adaptive,4.0,1e-06,random,rand1,26,8.596006548585438e-09,7,1000,1000.0,True,-,1.60816744932839,0.0060269832611083984,7.377087715843669,8,2.4499931455972232e-05
p52,2,nm,Mixed FD,adaptive,4.0,1e-06,random,rand2,27,3.475658425805754e-10,11,1000,,True,-,1.7255983395990442,0.02025771141052246,5.9129549458663845e-22,12,1.3145261575543744e-08
p52,2,tr,Mixed FD,adaptive,4.0,1e-06,random,rand2,27,1.9316189256128552e-08,9,1000,1000.0,True,-,5.877588097864096,0.007925271987915039,1.8354616506338884e-18,10,1.2195347092940316e-06
p52,2,nm,Mixed FD,adaptive,4.0,1e-06,random,rand3,28,6.473983739456735e-08,5,1000,,True,-,1.8533247170792875,0.007010221481323242,2.0534224634248575e-17,6,2.6464167950464024e-06
p52,2,tr,Mixed FD,adaptive,4.0,1e-06,random,rand3,28,7.79607312951763e-08,5,1000,1000.0,True,-,1.7126962486455746,0.004674196243286133,2.981312112003287e-17,6,3.882996735053882e-06
p52,2,nm,Mixed FD,adaptive,4.0,1e-06,random,rand4,29,2.0235004920384398e-10,7,1000,,True,-,2.026383684311489,0.010359048843383789,7.37708771584367,8,3.360554359179361e-07
p52,2,tr,Mixed FD,adaptive,4.0,1e-06,random,rand4,29,2.466928670405702e-07,7,1000,1000.0,True,-,2.090962206393789,0.005555391311645508,7.377087715843671,8,4.3185083673674445e-07
p52,2,nm,Mixed FD,adaptive,4.0,1e-06,random,rand5,30,1.0703381257026858e-08,6,1000,,True,-,1.834783438014897,0.010761737823486328,5.613404640715517e-19,7,4.3857093875417903e-07
p52,2,tr,Mixed FD,adaptive,4.0,1e-06,random,rand5,30,2.2120051891467996e-07,7,1000,1000.0,True,-,2.166504507830251,0.0066683292388916016,7.377087715843674,8,3.892841301263938e-07
p52,2,nm,Mixed FD,adaptive,8.0,1e-06,initial,xbar,31,9.046739160526678e-14,6,1000,,True,-,1.9034658671064555,0.007469892501831055,4.004085391578839e-29,7,1.4222121905801667e-08
p52,2,tr,Mixed FD,adaptive,8.0,1e-06,initial,xbar,31,6.757623797849404e-09,7,1000,1000.0,True,-,1.9921282397503732,0.006066083908081055,7.377087715843669,8,1.370196392187967e-05
p52,2,nm,Mixed FD,adaptive,8.0,1e-06,random,rand1,32,7.898535983247245e-10,7,1000,,True,-,1.9959037107339477,0.008889436721801758,7.377087715843669,8,4.683812524435792e-06
p52,2,tr,Mixed FD,adaptive,8.0,1e-06,random,rand1,32,6.089344243360223e-09,7,1000,1000.0,True,-,1.6137221528977077,0.0055942535400390625,7.377087715843669,8,2.4258302699316435e-05
p52,2,nm,Mixed FD,adaptive,8.0,1e-06,random,rand2,33,1.8447213259432185e-07,10,1000,,True,-,2.017760635484177,0.014030933380126953,1.6685692174352802e-16,11,2.647847404589699e-05
p52,2,tr,Mixed FD,adaptive,8.0,1e-06,random,rand2,33,1.5225316320236807e-10,9,1000,1000.0,True,-,5.9230865164658315,0.008541107177734375,1.241226760686139e-22,10,1.1613223400740897e-06
p52,2,nm,Mixed FD,adaptive,8.0,1e-06,random,rand3,34,1.6138592594766373e-09,5,1000,,True,-,1.8777866264652245,0.007745504379272461,1.297725354659593e-20,6,2.7222229810628488e-06
p52,2,tr,Mixed FD,adaptive,8.0,1e-06,random,rand3,34,2.086921020317751e-09,5,1000,1000.0,True,-,1.7215109776981399,0.003873109817504883,2.252772515097201e-20,6,3.7619685876832047e-06
p52,2,nm,Mixed FD,adaptive,8.0,1e-06,random,rand4,35,4.908205240781054e-12,7,1000,,True,-,1.9992673424378251,0.011186838150024414,7.37708771584367,8,3.7185015905695654e-07
p52,2,tr,Mixed FD,adaptive,8.0,1e-06,random,rand4,35,1.752313691328488e-07,7,1000,1000.0,True,-,2.0657547565429804,0.0053539276123046875,7.377087715843672,8,4.7403455477110266e-07
p52,2,nm,Mixed FD,adaptive,8.0,1e-06,random,rand5,36,2.8460509848043598e-11,6,1000,,True,-,1.8825610836025828,0.012666702270507812,4.043457100394749e-24,7,3.623821747266417e-07
p52,2,tr,Mixed FD,adaptive,8.0,1e-06,random,rand5,36,1.6873034877633008e-08,7,1000,1000.0,True,-,2.1141826662796697,0.005509138107299805,7.377087715843669,8,4.188741035304103e-07
p52,2,nm,Mixed FD,adaptive,12.0,1e-06,initial,xbar,37,2.9950884122260427e-07,5,1000,,True,-,1.8514398756622399,0.007272481918334961,5.312645545154646e-16,6,4.41507452027954e-05
p52,2,tr,Mixed FD,adaptive,12.0,1e-06,initial,xbar,37,2.330305002148062e-08,7,1000,1000.0,True,-,1.9910795131802015,0.005116701126098633,7.377087715843669,8,1.165228096542315e-05
p52,2,nm,Mixed FD,adaptive,12.0,1e-06,random,rand1,38,9.048002909993892e-09,7,1000,,True,-,2.0097969508744327,0.01081705093383789,7.37708771584367,8,4.547365025778818e-06
p52,2,tr,Mixed FD,adaptive,12.0,1e-06,random,rand1,38,4.620765061452592e-08,7,1000,1000.0,True,-,1.9055153674952978,0.005662679672241211,7.37708771584367,8,1.2112178304578756e-05
p52,2,nm,Mixed FD,adaptive,12.0,1e-06,random,rand2,39,1.0418654613253717e-10,12,1000,,True,-,2.0586091547978467,0.016105175018310547,5.461292641114849e-23,13,1.1601425656736575e-08
p52,2,tr,Mixed FD,adaptive,12.0,1e-06,random,rand2,39,5.487554245381194e-09,9,1000,1000.0,True,-,5.852011294710502,0.0070378780364990234,2.2047551202039604e-19,10,1.3494350024959224e-06
p52,2,nm,Mixed FD,adaptive,12.0,1e-06,random,rand3,40,3.0495268181056167e-08,5,1000,,True,-,1.8785631680837633,0.00725555419921875,4.731229435348136e-18,6,3.7592747039472848e-06
p52,2,tr,Mixed FD,adaptive,12.0,1e-06,random,rand3,40,2.131707584095936e-08,5,1000,1000.0,True,-,1.7142656599746604,0.006536006927490234,2.351095124676345e-18,6,3.814985499026448e-06
p52,2,nm,Mixed FD,adaptive,12.0,1e-06,random,rand4,41,1.5366711161217358e-09,7,1000,,True,-,2.029702620964678,0.008211851119995117,7.377087715843669,8,3.3742208368242025e-07
p52,2,tr,Mixed FD,adaptive,12.0,1e-06,random,rand4,41,1.0925554658961285e-07,7,1000,1000.0,True,-,2.1192000194340244,0.006031513214111328,7.377087715843671,8,4.168657928310553e-07
p52,2,nm,Mixed FD,adaptive,12.0,1e-06,random,rand5,42,1.5889945146407927e-09,6,1000,,True,-,1.8816646608577534,0.01195836067199707,1.2689013831653607e-20,7,2.022721701417278e-07
p52,2,tr,Mixed FD,adaptive,12.0,1e-06,random,rand5,42,1.1953718553039515e-09,7,1000,1000.0,True,-,2.3398356203783015,0.005811452865600586,7.377087715843667,8,3.8314458329593227e-07
p52,2,nm,Full FD,scalar,4.0,1e-06,initial,xbar,43,1.456183152482844e-09,6,1000,,True,-,1.7775269090854224,0.009881019592285156,1.0383688038338758e-20,7,5.6137339075373055e-08
p52,2,tr,Full FD,scalar,4.0,1e-06,initial,xbar,43,4.058892469826086e-08,7,1000,1000.0,True,-,2.0254076246728028,0.009673357009887695,7.377087715843674,8,1.3011529380527078e-05
p52,2,nm,Full FD,scalar,4.0,1e-06,random,rand1,44,1.3435892475725972e-08,7,1000,,True,-,2.0518582163984163,0.012830972671508789,7.3770877158436745,8,3.90386042115945e-06
p52,2,tr,Full FD,scalar,4.0,1e-06,random,rand1,44,3.667719955142197e-08,7,1000,1000.0,True,-,1.6165587675783188,0.009611845016479492,7.377087715843671,8,2.3644734459588253e-05
p52,2,nm,Full FD,scalar,4.0,1e-06,random,rand2,45,2.3120715146655234e-07,9,1000,,True,-,1.1531187248106383,0.018651962280273438,2.6155645456833896e-16,10,8.508110040839253e-06
p52,2,tr,Full FD,scalar,4.0,1e-06,random,rand2,45,1.931785475976574e-08,9,1000,1000.0,True,-,5.876917266690706,0.011139631271362305,1.8357740867019313e-18,10,1.2194500300580903e-06
p52,2,nm,Full FD,scalar,4.0,1e-06,random,rand3,46,6.434606291008677e-08,5,1000,,True,-,1.8532237138531409,0.009456872940063477,2.028525229112492e-17,6,2.6312845812179102e-06
p52,2,tr,Full FD,scalar,4.0,1e-06,random,rand3,46,7.79459833910706e-08,5,1000,1000.0,True,-,1.7127042015241498,0.0075953006744384766,2.980184465468706e-17,6,3.882342115960215e-06
p52,2,nm,Full FD,scalar,4.0,1e-06,random,rand4,47,6.725934953427465e-07,6,1000,,True,-,1.9649299828208302,0.009800195693969727,7.377087715843708,7,0.0001952886442977323
p52,2,tr,Full FD,scalar,4.0,1e-06,random,rand4,47,9.76076215833623e-07,6,1000,1000.0,True,-,1.8804917616970591,0.008016347885131836,7.377087715843762,7,0.00023594609725324553
p52,2,nm,Full FD,scalar,4.0,1e-06,random,rand5,48,1.103542190631218e-08,6,1000,,True,-,1.8352905976328946,0.012747526168823242,5.967103406355382e-19,7,4.523672966528107e-07
p52,2,tr,Full FD,scalar,4.0,1e-06,random,rand5,48,8.610317475965024e-07,6,1000,1000.0,True,-,1.8339755555335377,0.009375572204589844,7.377087715843738,7,0.0002385034457712901
p52,2,nm,Full FD,scalar,8.0,1e-06,initial,xbar,49,8.474836136123693e-07,30,1000,,True,-,-0.509101277380398,0.0787496566772461,7.377087715843706,31,2.966391946365192e-07
p52,2,tr,Full FD,scalar,8.0,1e-06,initial,xbar,49,8.354480520202828e-08,36,1000,1000.0,True,-,-0.8412539603436561,0.03798389434814453,7.377087715843669,37,9.550809455632349e-08
p52,2,nm,Full FD,scalar,8.0,1e-06,random,rand1,50,6.806318075612239e-09,11,1000,,True,-,1.800611377041173,0.017195701599121094,2.2666876930590537e-19,12,5.630067016661469e-06
p52,2,tr,Full FD,scalar,8.0,1e-06,random,rand1,50,3.0470427067130013e-07,25,1000,1000.0,True,-,2.1776424889239667,0.03032517433166504,7.377087715843671,26,1.1576632006926787e-07
p52,2,nm,Full FD,scalar,8.0,1e-06,random,rand2,51,7.087141299407445e-12,11,1000,,True,-,1.8859284517892816,0.019563913345336914,2.591551054690095e-25,12,1.99892519627273e-07
p52,2,tr,Full FD,scalar,8.0,1e-06,random,rand2,51,2.7799332569062303e-10,10,1000,1000.0,True,-,30.327895175118073,0.010957002639770508,3.915346997316455e-22,11,9.83051103243768e-07
p52,2,nm,Full FD,scalar,8.0,1e-06,random,rand3,52,1.8374136275890204e-09,7,1000,,True,-,1.8653133767441703,0.011651754379272461,1.6975309896315858e-20,8,3.005966745888793e-06
p52,2,tr,Full FD,scalar,8.0,1e-06,random,rand3,52,3.1034641329999106e-12,6,1000,1000.0,True,-,14.812531626161505,0.009461402893066406,4.776144175816225e-26,7,1.826029574288675e-07
p52,2,nm,Full FD,scalar,8.0,1e-06,random,rand4,53,4.098174475771068e-07,28,1000,,True,-,3.822538432735263,0.07135462760925293,7.377087715843676,29,1.9901198269103224e-07
p52,2,tr,Full FD,scalar,8.0,1e-06,random,rand4,53,4.867302721804955e-07,29,1000,1000.0,True,-,-2.7355921320935424,0.03608369827270508,7.377087715843682,30,5.123851293015186e-08
p52,2,nm,Full FD,scalar,8.0,1e-06,random,rand5,54,1.122602851853343e-08,6,1000,,True,-,2.0279296209489597,0.012579202651977539,6.661321597390236e-19,7,6.3961194703779175e-06
p52,2,tr,Full FD,scalar,8.0,1e-06,random,rand5,54,2.966044009893003e-07,23,1000,1000.0,True,-,1.2705213231578671,0.028846263885498047,7.377087715843675,24,8.253516811367134e-08
p52,2,nm,Full FD,scalar,12.0,1e-06,initial,xbar,55,5.701873263806409e-08,207,1000,,True,-,-0.42637178112246976,0.5000271797180176,1.6027155328348868e-17,208,3.245560816482641e-06
p52,2,tr,Full FD,scalar,12.0,1e-06,initial,xbar,55,0.000744915128730084,999,1000,1000.0,False,MAX,,1.3030147552490234,7.37708772493876,1001,0.0
p52,2,nm,Full FD,scalar,12.0,1e-06,random,rand1,56,1.2532216948833908e-08,51,1000,,True,-,-1.7454231459560168,0.1113588809967041,7.687811996309928e-19,52,1.0940520879318205e-06
p52,2,tr,Full FD,scalar,12.0,1e-06,random,rand1,56,6.80856804218954e-07,40,1000,1000.0,True,-,-1.778249708838078,0.041635990142822266,8.851410608106903e-15,41,1.4342033817344662e-07
p52,2,nm,Full FD,scalar,12.0,1e-06,random,rand2,57,4.447497927348288e-07,104,1000,,True,-,-1682.315969128524,0.2398691177368164,1.0442913285003928e-15,105,8.760172219974372e-05
p52,2,tr,Full FD,scalar,12.0,1e-06,random,rand2,57,2.435064010250046e-10,46,1000,1000.0,True,-,-0.3262165276049887,0.05425906181335449,4.113577059218278e-22,47,4.988450650629423e-08
p52,2,nm,Full FD,scalar,12.0,1e-06,random,rand3,58,4.821979621650666e-08,47,1000,,True,-,-1.5583263642128358,0.11430239677429199,3.9750420890602697e-17,48,4.1976154135783723e-08
p52,2,tr,Full FD,scalar,12.0,1e-06,random,rand3,58,2.3993020289663763e-07,57,1000,1000.0,True,-,9.414013826085617,0.061695098876953125,1.0991056672982076e-15,58,5.0538097432770176e-08
p52,2,nm,Full FD,scalar,12.0,1e-06,random,rand4,59,6.523013953995661e-09,190,1000,,True,-,1.9716008060454475,0.39969396591186523,2.1297379957420295e-19,191,7.597897191212157e-07
p52,2,tr,Full FD,scalar,12.0,1e-06,random,rand4,59,1.2774454138458108e-07,26,1000,1000.0,True,-,0.6456183235116644,0.029420137405395508,7.987987680044572e-17,27,1.5477684528329414e-07
p52,2,nm,Full FD,scalar,12.0,1e-06,random,rand5,60,9.539673464863731e-07,273,1000,,True,-,-4.583902884593413,0.654116153717041,1.1737140091065476e-14,274,5.042665538820466e-08
p52,2,tr,Full FD,scalar,12.0,1e-06,random,rand5,60,1.0860127609912244e-10,69,1000,1000.0,True,-,2.1309427116002495,0.08192276954650879,1.1575844108297114e-22,70,3.013298276599133e-08
p52,2,nm,Full FD,adaptive,4.0,1e-06,initial,xbar,61,9.661725314238643e-10,6,1000,,True,-,1.7531866826569784,0.012253284454345703,4.570869648369279e-21,7,3.706287630349582e-08
p52,2,tr,Full FD,adaptive,4.0,1e-06,initial,xbar,61,1.7300583671553206e-09,7,1000,1000.0,True,-,1.9976718640317173,0.012444257736206055,7.377087715843669,8,1.3602207996122426e-05
p52,2,nm,Full FD,adaptive,4.0,1e-06,random,rand1,62,2.10025504376521e-09,7,1000,,True,-,2.004755378000727,0.015490055084228516,7.377087715843668,8,4.540057991953915e-06
p52,2,tr,Full FD,adaptive,4.0,1e-06,random,rand1,62,8.59965592107076e-09,7,1000,1000.0,True,-,1.608184140668597,0.008008003234863281,7.377087715843669,8,2.449928037430442e-05
p52,2,nm,Full FD,adaptive,4.0,1e-06,random,rand2,63,4.946663600765473e-10,11,1000,,True,-,1.7594626119715981,0.01952052116394043,1.1977422077972057e-21,12,1.8708437034379223e-08
p52,2,tr,Full FD,adaptive,4.0,1e-06,random,rand2,63,1.931620691351839e-08,9,1000,1000.0,True,-,5.877588041866908,0.014164209365844727,1.8354644684411653e-18,10,1.2195368954578285e-06
p52,2,nm,Full FD,adaptive,4.0,1e-06,random,rand3,64,6.474115082690162e-08,5,1000,,True,-,1.8533251027597109,0.008610963821411133,2.0535054285124775e-17,6,2.646469622788884e-06
p52,2,tr,Full FD,adaptive,4.0,1e-06,random,rand3,64,7.796063539956317e-08,5,1000,1000.0,True,-,1.712696225600257,0.006341218948364258,2.981304162889791e-17,6,3.882997682854692e-06
p52,2,nm,Full FD,adaptive,4.0,1e-06,random,rand4,65,2.1644988659932263e-10,7,1000,,True,-,2.026491220478706,0.010875940322875977,7.377087715843671,8,3.359414736080817e-07
p52,2,tr,Full FD,adaptive,4.0,1e-06,random,rand4,65,2.469619476478539e-07,7,1000,1000.0,True,-,2.0907845129862057,0.009165287017822266,7.37708771584367,8,4.321412579496209e-07
p52,2,nm,Full FD,adaptive,4.0,1e-06,random,rand5,66,1.0659771665556543e-08,6,1000,,True,-,1.834717045398918,0.021613359451293945,5.567752408795632e-19,7,4.367591983757586e-07
p52,2,tr,Full FD,adaptive,4.0,1e-06,random,rand5,66,2.2080512066314957e-07,7,1000,1000.0,True,-,2.166410435230151,0.010712146759033203,7.377087715843672,8,3.891321150328037e-07
p52,2,nm,Full FD,adaptive,8.0,1e-06,initial,xbar,67,2.3694530751801526e-11,7,1000,,True,-,2.1029069586835294,0.01623821258544922,2.750072462542007e-24,8,2.433215823340215e-07
p52,2,tr,Full FD,adaptive,8.0,1e-06,initial,xbar,67,6.363684818827951e-07,29,1000,1000.0,True,-,9.970506109144848,0.044609785079956055,7.377087715843678,30,1.6354446201520674e-07
p52,2,nm,Full FD,adaptive,8.0,1e-06,random,rand1,68,1.2154024497966386e-12,14,1000,,True,-,1.969499818663648,0.04334545135498047,8.13173228541374e-27,15,1.0460039579715012e-07
p52,2,tr,Full FD,adaptive,8.0,1e-06,random,rand1,68,2.161948082810706e-07,7,1000,1000.0,True,-,2.657139817720137,0.008340597152709961,7.843708314406337e-16,8,9.431183022453902e-05
p52,2,nm,Full FD,adaptive,8.0,1e-06,random,rand2,69,7.000671737052549e-09,12,1000,,True,-,2.206116443862552,0.03753089904785156,2.4852446811164244e-19,13,7.73015980242324e-06
p52,2,tr,Full FD,adaptive,8.0,1e-06,random,rand2,69,7.896769357161635e-09,13,1000,1000.0,True,-,2.074548156458138,0.01720905303955078,4.719965565684279e-19,14,1.4006543173446972e-05
p52,2,nm,Full FD,adaptive,8.0,1e-06,random,rand3,70,1.275548288152662e-08,5,1000,,True,-,2.262493803487445,0.015259265899658203,8.91775489677107e-19,6,9.379229303406376e-06
p52,2,tr,Full FD,adaptive,8.0,1e-06,random,rand3,70,9.97355947038468e-08,4,1000,1000.0,True,-,2.2048350005554394,0.00873255729675293,4.8740785958345494e-17,5,1.738870115428755e-05
p52,2,nm,Full FD,adaptive,8.0,1e-06,random,rand4,71,4.414637092559921e-09,28,1000,,True,-,1.5677827044043318,0.06542658805847168,9.538804499790791e-20,29,3.492066355212702e-06
p52,2,tr,Full FD,adaptive,8.0,1e-06,random,rand4,71,1.8698356160482598e-11,10,1000,1000.0,True,-,9.91759390204003,0.01598381996154785,6.437905384599416e-24,11,6.39119396564464e-07
p52,2,nm,Full FD,adaptive,8.0,1e-06,random,rand5,72,2.408118272463269e-08,31,1000,,True,-,1.949826873181097,0.08499407768249512,2.8373906691391298e-18,32,1.0902925940356663e-05
p52,2,tr,Full FD,adaptive,8.0,1e-06,random,rand5,72,2.8573173770207676e-07,27,1000,1000.0,True,-,-1.3012391274183184,0.038086891174316406,7.377087715843686,28,1.9324276785189175e-07
p52,2,nm,Full FD,adaptive,12.0,1e-06,initial,xbar,73,3.132446547704906e-08,106,1000,,True,-,-4.048157087475861,0.294635534286499,1.4723180129875147e-17,107,2.675051270745193e-05
p52,2,tr,Full FD,adaptive,12.0,1e-06,initial,xbar,73,0.004251984889200391,999,1000,1000.0,False,MAX,,1.4464733600616455,7.377087810063905,1001,0.0
p52,2,nm,Full FD,adaptive,12.0,1e-06,random,rand1,74,1.7968117536359675e-08,144,1000,,True,-,-0.24028450021782374,0.33197808265686035,6.162759889060032e-18,145,9.841966036160386e-06
p52,2,tr,Full FD,adaptive,12.0,1e-06,random,rand1,74,6.990276164784013e-10,51,1000,1000.0,True,-,3.55374760826747,0.055535316467285156,8.960636978182499e-21,52,2.9312171164083837e-07
p52,2,nm,Full FD,adaptive,12.0,1e-06,random,rand2,75,7.083285596989911e-08,316,1000,,True,-,-0.894681564570362,0.7449958324432373,3.241667556760781e-17,317,2.343458891012902e-05
p52,2,tr,Full FD,adaptive,12.0,1e-06,random,rand2,75,2.0627588485853095e-10,49,1000,1000.0,True,-,5.5350255640075785,0.05536293983459473,8.0979619715242765e-22,50,8.886880585136665e-08
p52,2,nm,Full FD,adaptive,12.0,1e-06,random,rand3,76,3.268165149313525e-07,130,1000,,True,-,-0.12180034399825271,0.2928290367126465,7.96106119807373e-16,131,0.00012496595028485796
p52,2,tr,Full FD,adaptive,12.0,1e-06,random,rand3,76,9.185443958927215e-07,53,1000,1000.0,True,-,-0.5785677606282823,0.05753326416015625,5.008138779633028e-15,54,5.3604855801363835e-08
p52,2,nm,Full FD,adaptive,12.0,1e-06,random,rand4,77,2.3155306019630957e-08,68,1000,,True,-,0.5552224772865343,0.1462254524230957,1.023598934214434e-17,69,1.4586339200148066e-05
p52,2,tr,Full FD,adaptive,12.0,1e-06,random,rand4,77,9.473922032579143e-09,33,1000,1000.0,True,-,1.1291791781222205,0.03734993934631348,1.505311593317454e-18,34,4.129005425389756e-06
p52,2,nm,Full FD,adaptive,12.0,1e-06,random,rand5,78,2.8657368952527525e-07,168,1000,,True,-,-0.7152976187576872,0.44602537155151367,1.565607670077268e-15,169,7.787587774009612e-08
p52,2,tr,Full FD,adaptive,12.0,1e-06,random,rand5,78,0.004281237297881418,999,1000,1000.0,False,MAX,,1.212587594985962,7.3770877301655196,1001,0.0
p52,1000,nm,Exact,,,1e-06,initial,xbar,79,4.837821802847035e-08,11,1000,,True,-,2.017434509922396,0.02660655975341797,1.1490191589415594e-17,12,1.3705713404797403e-05
p52,1000,tr,Exact,,,1e-06,initial,xbar,79,1.2310455433415242e-07,11,1000,1000.0,True,-,0.9938573354622191,0.019816875457763672,7.086281647937155,12,3.1744360869660336e-07
p52,1000,nm,Exact,,,1e-06,random,rand1,80,6.981788678897318e-11,24,1000,,True,-,2.007623996439552,0.17450380325317383,1.0841979641334561e-23,25,4.4563418399328847e-07
p52,1000,tr,Exact,,,1e-06,random,rand1,80,1.2032480300500955e-07,16,1000,1000.0,True,-,3.6341368287959557,0.024762392044067383,3.3258351030854716e-17,17,2.2971237727341758e-07
p52,1000,nm,Exact,,,1e-06,random,rand2,81,1.0646767338161274e-07,18,1000,,True,-,0.8618307543292388,0.052276611328125,7.086281647937154,19,1.2195259018074225e-07
p52,1000,tr,Exact,,,1e-06,random,rand2,81,1.0076147785058373e-07,18,1000,1000.0,True,-,0.9154903838018026,0.031223773956298828,7.086281647937153,19,2.1180848828388122e-07
p52,1000,nm,Exact,,,1e-06,random,rand3,82,2.94637403728004e-13,12,1000,,True,-,1.9804208569579576,0.030730485916137695,1.9248206087392688e-28,13,3.309477529212874e-08
p52,1000,tr,Exact,,,1e-06,random,rand3,82,5.342262225997418e-08,21,1000,1000.0,True,-,0.3998286515040536,0.03519773483276367,6.468642842608887e-18,22,1.3365314218912551e-07
p52,1000,nm,Exact,,,1e-06,random,rand4,83,6.247659281241487e-07,20,1000,,True,-,0.685975394298751,0.0667734146118164,7.08628164793718,21,1.6082506387582116e-06
p52,1000,tr,Exact,,,1e-06,random,rand4,83,9.177577795515985e-08,18,1000,1000.0,True,-,0.9875908994470141,0.03121662139892578,7.086281647937153,19,2.386025978993685e-07
p52,1000,nm,Exact,,,1e-06,random,rand5,84,1.5019633901531763e-11,16,1000,,True,-,1.9918297372530571,0.06540560722351074,7.086281647937153,17,1.7328298443033427e-08
p52,1000,tr,Exact,,,1e-06,random,rand5,84,4.512349132931705e-07,19,1000,1000.0,True,-,1.0155571481761119,0.03136420249938965,7.086281647937166,20,1.1567874183686725e-06
p52,1000,nm,Mixed FD,scalar,4.0,1e-06,initial,xbar,85,5.877928485082302e-08,11,1000,,True,-,1.974785577747462,0.03207516670227051,1.7373571142032038e-17,12,2.1732316101109845e-06
p52,1000,tr,Mixed FD,scalar,4.0,1e-06,initial,xbar,85,7.824523205948035e-07,10,1000,1000.0,True,-,1.5613475285199492,0.022319316864013672,7.086281647937163,11,4.308335957254176e-07
p52,1000,nm,Mixed FD,scalar,4.0,1e-06,random,rand1,86,3.158906790521543e-07,17,1000,,True,-,1.8903876451810253,0.054300785064697266,2.247293873662032e-16,18,7.874935656865843e-06
p52,1000,tr,Mixed FD,scalar,4.0,1e-06,random,rand1,86,5.436704721671552e-08,15,1000,1000.0,True,-,0.48531366252716784,0.031575679779052734,6.6116619225122795e-18,16,1.0526248427526931e-07
p52,1000,nm,Mixed FD,scalar,4.0,1e-06,random,rand2,87,1.255412436408747e-09,20,1000,,True,-,1.778706489456256,0.05737495422363281,3.680177386175122e-21,21,3.394466404138863e-08
p52,1000,tr,Mixed FD,scalar,4.0,1e-06,random,rand2,87,2.3816005380176327e-08,15,1000,1000.0,True,-,1.7210347981957672,0.035257577896118164,7.0862816479371515,16,1.2621306317150304e-08
p52,1000,nm,Mixed FD,scalar,4.0,1e-06,random,rand3,88,6.474157591402161e-08,14,1000,,True,-,1.9738057199428145,0.040899038314819336,9.46201077967619e-18,15,1.7102359698890202e-06
p52,1000,tr,Mixed FD,scalar,4.0,1e-06,random,rand3,88,1.3040595361120141e-08,15,1000,1000.0,True,-,0.40609618499886724,0.03223562240600586,4.0759100308910594e-19,16,7.099486650127482e-07
p52,1000,nm,Mixed FD,scalar,4.0,1e-06,random,rand4,89,1.1827409205569993e-08,19,1000,,True,-,1.929124632386846,0.05450844764709473,7.086281647937153,20,3.167271187691672e-07
p52,1000,tr,Mixed FD,scalar,4.0,1e-06,random,rand4,89,7.768013375140642e-08,15,1000,1000.0,True,-,1.6842114828126962,0.0319514274597168,7.0862816479371515,16,2.4629797566586308e-08
p52,1000,nm,Mixed FD,scalar,4.0,1e-06,random,rand5,90,9.466945782766718e-08,17,1000,,True,-,1.8846123870269247,0.0466005802154541,7.086281647937155,18,2.4845232339356233e-06
p52,1000,tr,Mixed FD,scalar,4.0,1e-06,random,rand5,90,7.021098161302289e-07,16,1000,1000.0,True,-,-4.7399948110141805,0.0345454216003418,7.0862816479371595,17,3.3579472922149076e-06
p52,1000,nm,Mixed FD,scalar,8.0,1e-06,initial,xbar,91,7.862458591839162e-10,11,1000,,True,-,2.0095369134519703,0.028212785720825195,3.04310139663522e-21,12,1.7306095737090215e-06
p52,1000,tr,Mixed FD,scalar,8.0,1e-06,initial,xbar,91,9.541865187243117e-08,10,1000,1000.0,True,-,1.5378523128539552,0.020320653915405273,7.086281647937153,11,4.509725702927808e-07
p52,1000,nm,Mixed FD,scalar,8.0,1e-06,random,rand1,92,1.9673116224118043e-08,17,1000,,True,-,1.9047800906200651,0.054366350173950195,8.582194532173369e-19,18,7.283559364762714e-06
p52,1000,tr,Mixed FD,scalar,8.0,1e-06,random,rand1,92,5.336847249775106e-08,15,1000,1000.0,True,-,0.47934074653207226,0.03372502326965332,6.499004239217608e-18,16,1.1304964433382822e-07
p52,1000,nm,Mixed FD,scalar,8.0,1e-06,random,rand2,93,1.6371803017018067e-13,20,1000,,True,-,1.9382428554508715,0.05789303779602051,6.195023296313758e-29,21,1.6433741180059035e-08
p52,1000,tr,Mixed FD,scalar,8.0,1e-06,random,rand2,93,2.6426837220083664e-08,15,1000,1000.0,True,-,1.7112292424735867,0.0314176082611084,7.086281647937153,16,1.2555667357429611e-08
p52,1000,nm,Mixed FD,scalar,8.0,1e-06,random,rand3,94,9.211573238160131e-10,14,1000,,True,-,2.0033815072017864,0.041474103927612305,1.8806645266217498e-21,15,1.5795843281765833e-06
p52,1000,tr,Mixed FD,scalar,8.0,1e-06,random,rand3,94,1.5983449332785728e-08,15,1000,1000.0,True,-,0.36471642721123715,0.035219430923461914,6.084502124345357e-19,16,7.845659757792403e-07
p52,1000,nm,Mixed FD,scalar,8.0,1e-06,random,rand4,95,2.4583618694882724e-11,19,1000,,True,-,1.988798031051912,0.05355477333068848,7.086281647937155,20,2.565401444765206e-07
p52,1000,tr,Mixed FD,scalar,8.0,1e-06,random,rand4,95,6.922282064817192e-08,15,1000,1000.0,True,-,1.6919315515238889,0.0315089225769043,7.086281647937153,16,2.473212371316049e-08
p52,1000,nm,Mixed FD,scalar,8.0,1e-06,random,rand5,96,1.9070103746687677e-09,17,1000,,True,-,1.9088223231752832,0.047376394271850586,7.086281647937153,18,2.293481727842579e-06
p52,1000,tr,Mixed FD,scalar,8.0,1e-06,random,rand5,96,6.340311492448236e-07,16,1000,1000.0,True,-,-4.608151747939263,0.034281253814697266,7.086281647937159,17,3.834953332453094e-06
p52,1000,nm,Mixed FD,scalar,12.0,1e-06,initial,xbar,97,1.5981381755614824e-08,11,1000,,True,-,2.005058240565555,0.03164076805114746,1.2600983669711838e-18,12,1.7461283270214645e-06
p52,1000,tr,Mixed FD,scalar,12.0,1e-06,initial,xbar,97,9.628729602712965e-08,10,1000,1000.0,True,-,1.5344302925451325,0.021699190139770508,7.086281647937152,11,4.536811282051659e-07
p52,1000,nm,Mixed FD,scalar,12.0,1e-06,random,rand1,98,1.6554147589358174e-07,17,1000,,True,-,1.8980810201662026,0.0552980899810791,6.069456340216874e-17,18,7.4008542098962565e-06
p52,1000,tr,Mixed FD,scalar,12.0,1e-06,random,rand1,98,5.277453956297791e-08,15,1000,1000.0,True,-,0.46490624638068323,0.031332969665527344,6.297326900485353e-18,16,1.2183897795029985e-07
p52,1000,nm,Mixed FD,scalar,12.0,1e-06,random,rand2,99,6.602470407943448e-10,20,1000,,True,-,1.8194815811949956,0.05666184425354004,1.0296771019437926e-21,21,2.7847755568204366e-08
p52,1000,tr,Mixed FD,scalar,12.0,1e-06,random,rand2,99,2.90661028186157e-08,15,1000,1000.0,True,-,1.7035741464852008,0.03179025650024414,7.086281647937153,16,1.2313616978331748e-08
p52,1000,nm,Mixed FD,scalar,12.0,1e-06,random,rand3,100,1.3738184868101418e-07,14,1000,,True,-,1.965490620377879,0.040419578552246094,4.244776460284417e-17,15,1.826175336399792e-06
p52,1000,tr,Mixed FD,scalar,12.0,1e-06,random,rand3,100,1.3343896749731082e-08,15,1000,1000.0,True,-,0.4307956054929811,0.033293724060058594,4.408756785206905e-19,16,6.762090612442589e-07
p52,1000,nm,Mixed FD,scalar,12.0,1e-06,random,rand4,101,6.75725224410167e-09,19,1000,,True,-,1.9436435183353904,0.0565340518951416,7.086281647937154,20,3.1633884345919337e-07
p52,1000,tr,Mixed FD,scalar,12.0,1e-06,random,rand4,101,7.714461059017821e-08,15,1000,1000.0,True,-,1.6706067889163971,0.031450510025024414,7.086281647937154,16,2.4655704629580767e-08
p52,1000,nm,Mixed FD,scalar,12.0,1e-06,random,rand5,102,5.0400437052393976e-08,17,1000,,True,-,1.9087978535720949,0.047849416732788086,7.086281647937155,18,2.289509871890668e-06
p52,1000,tr,Mixed FD,scalar,12.0,1e-06,random,rand5,102,1.92114681397793e-07,15,1000,1000.0,True,-,0.6081204383594335,0.0328824520111084,7.086281647937154,16,5.392123090787976e-08
p52,1000,nm,Mixed FD,adaptive,4.0,1e-06,initial,xbar,103,5.402170622842563e-08,11,1000,,True,-,1.973280811735698,0.03217744827270508,1.4675548401385516e-17,12,2.0005941907370655e-06
p52,1000,tr,Mixed FD,adaptive,4.0,1e-06,initial,xbar,103,9.684181576922126e-08,10,1000,1000.0,True,-,1.5424156628472494,0.021878719329833984,7.086281647937153,11,4.4838123845611955e-07
p52,1000,nm,Mixed FD,adaptive,4.0,1e-06,random,rand1,104,3.133709707482511e-07,17,1000,,True,-,1.8900983664050175,0.05578494071960449,2.2116113347890366e-16,18,7.816457803789892e-06
p52,1000,tr,Mixed FD,adaptive,4.0,1e-06,random,rand1,104,5.466131753664545e-08,15,1000,1000.0,True,-,0.4851228520351445,0.04468250274658203,6.6884130659288256e-18,16,1.0668837086066784e-07
p52,1000,nm,Mixed FD,adaptive,4.0,1e-06,random,rand2,105,1.3032310280161122e-09,20,1000,,True,-,1.7814082263252455,0.05872297286987305,3.935744192137455e-21,21,3.5170330521837334e-08
p52,1000,tr,Mixed FD,adaptive,4.0,1e-06,random,rand2,105,2.6795156817845664e-08,15,1000,1000.0,True,-,1.7212509748087363,0.03132796287536621,7.0862816479371515,16,1.2570892522741888e-08
p52,1000,nm,Mixed FD,adaptive,4.0,1e-06,random,rand3,106,6.608413969807328e-08,14,1000,,True,-,1.9739516248442492,0.040259361267089844,9.858496823686275e-18,15,1.7451065371796806e-06
p52,1000,tr,Mixed FD,adaptive,4.0,1e-06,random,rand3,106,1.3230773917542464e-08,15,1000,1000.0,True,-,0.40183884796923885,0.032764434814453125,4.1965894300830725e-19,16,7.151818544376797e-07
p52,1000,nm,Mixed FD,adaptive,4.0,1e-06,random,rand4,107,1.2114443004776769e-08,19,1000,,True,-,1.929066222184007,0.052393436431884766,7.086281647937153,20,3.2438888568414797e-07
p52,1000,tr,Mixed FD,adaptive,4.0,1e-06,random,rand4,107,6.933461640796389e-08,15,1000,1000.0,True,-,1.6955925352399344,0.0350193977355957,7.086281647937156,16,2.4605382139834456e-08
p52,1000,nm,Mixed FD,adaptive,4.0,1e-06,random,rand5,108,9.58820719983086e-08,17,1000,,True,-,1.8841740847546555,0.0478670597076416,7.086281647937155,18,2.515653635708998e-06
p52,1000,tr,Mixed FD,adaptive,4.0,1e-06,random,rand5,108,7.009919687412247e-07,16,1000,1000.0,True,-,-4.633416820983358,0.034626007080078125,7.0862816479371595,17,3.7431038773485394e-06
p52,1000,nm,Mixed FD,adaptive,8.0,1e-06,initial,xbar,109,7.862914434875049e-10,11,1000,,True,-,2.00953543501689,0.03163027763366699,3.0446318390780358e-21,12,1.7312068891765957e-06
p52,1000,tr,Mixed FD,adaptive,8.0,1e-06,initial,xbar,109,9.542564283871387e-08,10,1000,1000.0,True,-,1.5378058796239251,0.023629188537597656,7.086281647937155,11,4.5099112306103586e-07
p52,1000,nm,Mixed FD,adaptive,8.0,1e-06,random,rand1,110,1.9657285814072295e-08,17,1000,,True,-,1.904777912585309,0.05442023277282715,8.567862234478934e-19,18,7.2835192255568085e-06
p52,1000,tr,Mixed FD,adaptive,8.0,1e-06,random,rand1,110,5.3368529610293484e-08,15,1000,1000.0,True,-,0.4793411164338104,0.032325029373168945,6.499018612595954e-18,16,1.1305003127105546e-07
p52,1000,nm,Mixed FD,adaptive,8.0,1e-06,random,rand2,111,2.797891852808295e-13,20,1000,,True,-,1.9382420873690787,0.05663728713989258,1.7078838598034906e-28,21,1.6433005178475044e-08
p52,1000,tr,Mixed FD,adaptive,8.0,1e-06,random,rand2,111,2.6429125464836036e-08,15,1000,1000.0,True,-,1.711225370302661,0.03297734260559082,7.086281647937151,16,1.2555999360177664e-08
p52,1000,nm,Mixed FD,adaptive,8.0,1e-06,random,rand3,112,9.332861777296642e-10,14,1000,,True,-,2.0033802746151186,0.04054617881774902,1.9322512165883907e-21,15,1.5796024869598656e-06
p52,1000,tr,Mixed FD,adaptive,8.0,1e-06,random,rand3,112,1.598394340706396e-08,15,1000,1000.0,True,-,0.36469567910524453,0.030478954315185547,6.08487301121812e-19,16,7.845853347598297e-07
p52,1000,nm,Mixed FD,adaptive,8.0,1e-06,random,rand4,113,2.5315073762750415e-11,19,1000,,True,-,1.9887942904397873,0.053936004638671875,7.086281647937155,20,2.5653367919146294e-07
p52,1000,tr,Mixed FD,adaptive,8.0,1e-06,random,rand4,113,6.922518632515362e-08,15,1000,1000.0,True,-,1.6919379015698732,0.03311657905578613,7.0862816479371515,16,2.473174433869443e-08
p52,1000,nm,Mixed FD,adaptive,8.0,1e-06,random,rand5,114,1.915738996315378e-09,17,1000,,True,-,1.908824522772099,0.04869651794433594,7.086281647937155,18,2.2935431615598256e-06
p52,1000,tr,Mixed FD,adaptive,8.0,1e-06,random,rand5,114,6.339992775203087e-07,16,1000,1000.0,True,-,-4.608148080316778,0.03435778617858887,7.0862816479371595,17,3.834972420721799e-06
p52,1000,nm,Mixed FD,adaptive,12.0,1e-06,initial,xbar,115,1.6275178440705633e-08,11,1000,,True,-,2.024156833994047,0.029631853103637695,1.3066567841590686e-18,12,1.7892338781128348e-06
p52,1000,tr,Mixed FD,adaptive,12.0,1e-06,initial,xbar,115,9.575310443061786e-07,9,1000,1000.0,True,-,6.310699751325511,0.019418954849243164,7.086281647937156,10,1.389805564012522e-05
p52,1000,nm,Mixed FD,adaptive,12.0,1e-06,random,rand1,116,1.4067541378811886e-07,17,1000,,True,-,1.8913560834259107,0.0573275089263916,4.385091561306014e-17,18,6.782155374098126e-06
p52,1000,tr,Mixed FD,adaptive,12.0,1e-06,random,rand1,116,5.282328070339084e-08,15,1000,1000.0,True,-,0.4923201448986573,0.0323789119720459,6.57373323634108e-18,16,1.03135110878608e-07
p52,1000,nm,Mixed FD,adaptive,12.0,1e-06,random,rand2,117,3.2507365590062364e-10,20,1000,,True,-,1.9265041102131115,0.05635643005371094,2.3311473565121877e-22,21,1.5124583426981693e-08
p52,1000,tr,Mixed FD,adaptive,12.0,1e-06,random,rand2,117,2.5387268010321954e-08,15,1000,1000.0,True,-,1.7084312812116285,0.033957719802856445,7.0862816479371515,16,1.2957754085591042e-08
p52,1000,nm,Mixed FD,adaptive,12.0,1e-06,random,rand3,118,5.0371114706227754e-08,14,1000,,True,-,2.0195265756858167,0.04451441764831543,5.569264412443326e-18,15,2.3673567064554723e-06
p52,1000,tr,Mixed FD,adaptive,12.0,1e-06,random,rand3,118,1.0785907352702708e-08,15,1000,1000.0,True,-,0.4557818285299147,0.03384876251220703,2.884289441473834e-19,16,6.111967121767335e-07
p52,1000,nm,Mixed FD,adaptive,12.0,1e-06,random,rand4,119,5.71500529532078e-09,19,1000,,True,-,2.0014418544129122,0.05441880226135254,7.086281647937155,20,2.7045148663836795e-07
p52,1000,tr,Mixed FD,adaptive,12.0,1e-06,random,rand4,119,5.8077269185573286e-08,15,1000,1000.0,True,-,1.6771652976737512,0.03148674964904785,7.086281647937153,16,2.6032581517231075e-08
p52,1000,nm,Mixed FD,adaptive,12.0,1e-06,random,rand5,120,1.212395944784633e-08,17,1000,,True,-,1.902991059833525,0.04800772666931152,7.086281647937153,18,2.2757105070914467e-06
p52,1000,tr,Mixed FD,adaptive,12.0,1e-06,random,rand5,120,5.414020309998224e-07,16,1000,1000.0,True,-,-4.626254056411299,0.03742074966430664,7.086281647937156,17,3.6918251643612314e-06
p52,1000,nm,Full FD,scalar,4.0,1e-06,initial,xbar,121,5.8778573153894676e-08,11,1000,,True,-,1.9747853656765118,0.07369232177734375,1.737314795142346e-17,12,2.173205838456385e-06
p52,1000,tr,Full FD,scalar,4.0,1e-06,initial,xbar,121,7.824495837346793e-07,10,1000,1000.0,True,-,1.5613478286571145,0.05469560623168945,7.086281647937158,11,4.308333987735337e-07
p52,1000,nm,Full FD,scalar,4.0,1e-06,random,rand1,122,3.1589066293331265e-07,17,1000,,True,-,1.8903876633494225,0.11013674736022949,2.2472936551036394e-16,18,7.874936460552777e-06
p52,1000,tr,Full FD,scalar,4.0,1e-06,random,rand1,122,5.4367020527723866e-08,15,1000,1000.0,True,-,0.48531368103854927,0.07935404777526855,6.61165500847895e-18,16,1.0526254264704659e-07
p52,1000,nm,Full FD,scalar,4.0,1e-06,random,rand2,123,1.2553746621482603e-09,20,1000,,True,-,1.7787066473042743,0.12107992172241211,3.679937549262494e-21,21,3.3944715232324894e-08
p52,1000,tr,Full FD,scalar,4.0,1e-06,random,rand2,123,2.3819201702873324e-08,15,1000,1000.0,True,-,1.7210343359661797,0.08025217056274414,7.086281647937156,16,1.2621315504408668e-08
p52,1000,nm,Full FD,scalar,4.0,1e-06,random,rand3,124,6.47415563178223e-08,14,1000,,True,-,1.9738057336745813,0.08735036849975586,9.462005255958536e-18,15,1.7102355465089206e-06
p52,1000,tr,Full FD,scalar,4.0,1e-06,random,rand3,124,1.3040365886473857e-08,15,1000,1000.0,True,-,0.4061011383988012,0.08117818832397461,4.0757629984753713e-19,16,7.099415726717272e-07
p52,1000,nm,Full FD,scalar,4.0,1e-06,random,rand4,125,1.1827367123454602e-08,19,1000,,True,-,1.929124555410639,0.11920499801635742,7.086281647937154,20,3.1672573878473616e-07
p52,1000,tr,Full FD,scalar,4.0,1e-06,random,rand4,125,7.76741587514576e-08,15,1000,1000.0,True,-,1.6842112077408222,0.08002090454101562,7.086281647937155,16,2.4629821532762914e-08
p52,1000,nm,Full FD,scalar,4.0,1e-06,random,rand5,126,9.466964087130496e-08,17,1000,,True,-,1.8846122798828049,0.10372424125671387,7.086281647937152,18,2.4845262530947003e-06
p52,1000,tr,Full FD,scalar,4.0,1e-06,random,rand5,126,7.021110970197902e-07,16,1000,1000.0,True,-,-4.7399950220692215,0.08817577362060547,7.08628164793716,17,3.3579439675164313e-06
p52,1000,nm,Full FD,scalar,8.0,1e-06,initial,xbar,127,2.7839885590705037e-08,10,1000,,True,-,2.0028395221389657,0.06754493713378906,3.809811102780526e-18,11,1.0121861088639527e-05
p52,1000,tr,Full FD,scalar,8.0,1e-06,initial,xbar,127,9.398177853011599e-07,22,1000,1000.0,True,-,-10.729315214403833,0.11522912979125977,7.086281647937154,23,6.633269651317446e-07
p52,1000,nm,Full FD,scalar,8.0,1e-06,random,rand1,128,2.3287882858721953e-11,21,1000,,True,-,1.9406604419747417,0.14534997940063477,1.222291063263834e-24,22,2.6859795441749264e-07
p52,1000,tr,Full FD,scalar,8.0,1e-06,random,rand1,128,4.1547678490319185e-09,21,1000,1000.0,True,-,0.5215024498160054,0.10900473594665527,3.9007336661520634e-20,22,4.429905637018359e-08
p52,1000,nm,Full FD,scalar,8.0,1e-06,random,rand2,129,6.061423874251862e-13,34,1000,,True,-,1.9846256162921552,0.22089242935180664,1.8435925874047927e-27,35,4.0794816574649244e-08
p52,1000,tr,Full FD,scalar,8.0,1e-06,random,rand2,129,3.5124570026468127e-07,23,1000,1000.0,True,-,0.9998330503546421,0.1214601993560791,7.086281647937154,24,7.116632359717686e-08
p52,1000,nm,Full FD,scalar,8.0,1e-06,random,rand3,130,2.5854890663915538e-08,20,1000,,True,-,2.252377011418629,0.12287306785583496,1.4929049609918342e-18,21,8.318503049612299e-06
p52,1000,tr,Full FD,scalar,8.0,1e-06,random,rand3,130,6.387417849776659e-08,21,1000,1000.0,True,-,4.225728256392474,0.10857701301574707,3.3079101319924163e-17,22,3.992670434584265e-08
p52,1000,nm,Full FD,scalar,8.0,1e-06,random,rand4,131,2.0449113375889952e-07,28,1000,,True,-,1.9617885166185427,0.17920422554016113,9.683830757923725e-17,29,3.5790629105379e-05
p52,1000,tr,Full FD,scalar,8.0,1e-06,random,rand4,131,8.294820075270805e-07,26,1000,1000.0,True,-,0.3297524820131291,0.13861513137817383,7.086281647937177,27,6.405340216445142e-08
p52,1000,nm,Full FD,scalar,8.0,1e-06,random,rand5,132,8.61821589838671e-07,25,1000,,True,-,-1.5900170586861304,0.1636359691619873,7.08628164793716,26,1.3690622014837828e-07
p52,1000,tr,Full FD,scalar,8.0,1e-06,random,rand5,132,2.153126941038665e-07,20,1000,1000.0,True,-,0.41978733553920045,0.10553240776062012,1.0441924075636104e-16,21,2.0517598284459852e-06
p52,1000,nm,Full FD,scalar,12.0,1e-06,initial,xbar,133,935.6586240734117,1000,1000,,False,MAX,25.802384987586628,6.068336009979248,1652.1574073314227,1001,6.219532146468363e-08
p52,1000,tr,Full FD,scalar,12.0,1e-06,initial,xbar,133,0.0018281900325085212,999,1000,1000.0,False,MAX,,5.976207733154297,7.086281654363428,1001,0.0
p52,1000,nm,Full FD,scalar,12.0,1e-06,random,rand1,134,2923.0618843667185,1000,1000,,False,MAX,0.7456907857283582,5.896434783935547,43763.95335045459,1001,1.9359601314279145e-08
p52,1000,tr,Full FD,scalar,12.0,1e-06,random,rand1,134,8.521117756871844e-07,124,1000,1000.0,True,-,-2.8502070187332604,0.6706781387329102,1.5180657610288787e-15,125,8.684129128948064e-09
p52,1000,nm,Full FD,scalar,12.0,1e-06,random,rand2,135,2892.3315246282737,1000,1000,,False,MAX,22.925646188326773,5.88471794128418,43369.43662508386,1001,1.5524585572123043e-08
p52,1000,tr,Full FD,scalar,12.0,1e-06,random,rand2,135,0.0008225639363250035,999,1000,1000.0,False,MAX,,6.437788248062134,7.0862817251641514,1001,0.0
p52,1000,nm,Full FD,scalar,12.0,1e-06,random,rand3,136,2981.462604258798,1000,1000,,False,MAX,-2.067096907620301,5.872439384460449,44311.52668794254,1001,2.2856736703863216e-08
p52,1000,tr,Full FD,scalar,12.0,1e-06,random,rand3,136,7.288480722481947e-07,89,1000,1000.0,True,-,0.38321183192517105,0.48131775856018066,1.160878617672618e-15,90,4.8625482477408146e-08
p52,1000,nm,Full FD,scalar,12.0,1e-06,random,rand4,137,3016.4233802073395,1000,1000,,False,MAX,-0.832506623097492,5.889803171157837,44579.71817163842,1001,2.2779205794790957e-08
p52,1000,tr,Full FD,scalar,12.0,1e-06,random,rand4,137,0.0005919709655065386,356,1000,1000.0,False,LS,0.3864611306751911,1.9358735084533691,7.0862816523160985,357,4.518280359883027e-16
p52,1000,nm,Full FD,scalar,12.0,1e-06,random,rand5,138,2796.1113594489816,1000,1000,,False,MAX,0.22192225927917827,5.836867570877075,41814.98968890595,1001,2.2633805260513255e-08
p52,1000,tr,Full FD,scalar,12.0,1e-06,random,rand5,138,0.0005145207699510353,999,1000,1000.0,False,MAX,,5.964962482452393,7.086281649324191,1001,0.0
p52,1000,nm,Full FD,adaptive,4.0,1e-06,initial,xbar,139,4.1794440624870993e-08,11,1000,,True,-,1.968433137402756,0.06904458999633789,8.785078492393375e-18,12,1.5543315575801622e-06
p52,1000,tr,Full FD,adaptive,4.0,1e-06,initial,xbar,139,9.378045568346989e-08,10,1000,1000.0,True,-,1.566569850351638,0.05096912384033203,7.086281647937154,11,4.369869673520021e-07
p52,1000,nm,Full FD,adaptive,4.0,1e-06,random,rand1,140,3.1336409928132345e-07,17,1000,,True,-,1.8901032536393307,0.10805869102478027,2.2115144767771995e-16,18,7.81630471764917e-06
p52,1000,tr,Full FD,adaptive,4.0,1e-06,random,rand1,140,5.465955337610265e-08,15,1000,1000.0,True,-,0.485123417694428,0.07644438743591309,6.687991244662057e-18,16,1.0668722501402578e-07
p52,1000,nm,Full FD,adaptive,4.0,1e-06,random,rand2,141,1.3034260426396544e-09,20,1000,,True,-,1.7814541963259682,0.11959266662597656,3.93691803136392e-21,21,3.5176538224515635e-08
p52,1000,tr,Full FD,adaptive,4.0,1e-06,random,rand2,141,2.6759242887396197e-08,15,1000,1000.0,True,-,1.721260731939106,0.07860040664672852,7.086281647937153,16,1.2570975971613919e-08
p52,1000,nm,Full FD,adaptive,4.0,1e-06,random,rand3,142,6.599302388265703e-08,14,1000,,True,-,1.973936492080386,0.09502196311950684,9.831330571538168e-18,15,1.7427396183104138e-06
p52,1000,tr,Full FD,adaptive,4.0,1e-06,random,rand3,142,1.3234537494783585e-08,15,1000,1000.0,True,-,0.401772714581334,0.07848358154296875,4.198996126148229e-19,16,7.152802703730662e-07
p52,1000,nm,Full FD,adaptive,4.0,1e-06,random,rand4,143,1.2115250598523263e-08,19,1000,,True,-,1.9290696245200882,0.12172651290893555,7.086281647937151,20,3.244101501809277e-07
p52,1000,tr,Full FD,adaptive,4.0,1e-06,random,rand4,143,6.936034065520648e-08,15,1000,1000.0,True,-,1.6955861929103004,0.09630823135375977,7.086281647937152,16,2.460639205807006e-08
p52,1000,nm,Full FD,adaptive,4.0,1e-06,random,rand5,144,9.58890129784414e-08,17,1000,,True,-,1.884291153466747,0.11150431632995605,7.086281647937154,18,2.5158545028822118e-06
p52,1000,tr,Full FD,adaptive,4.0,1e-06,random,rand5,144,7.009177529272127e-07,16,1000,1000.0,True,-,-4.633461222800434,0.09331250190734863,7.086281647937162,17,3.7430417786717375e-06
p52,1000,nm,Full FD,adaptive,8.0,1e-06,initial,xbar,145,2.733304031208992e-13,11,1000,,True,-,2.1622935961645404,0.07151556015014648,3.7007437216180716e-28,12,2.3858487079538482e-08
p52,1000,tr,Full FD,adaptive,8.0,1e-06,initial,xbar,145,6.60090923018471e-08,43,1000,1000.0,True,-,0.7619351199697582,0.22154736518859863,7.086281647937153,44,5.90938324033169e-09
p52,1000,nm,Full FD,adaptive,8.0,1e-06,random,rand1,146,2358.290527393421,1000,1000,,False,MAX,-2.0769468533609787,5.882147312164307,38949.79577416231,1001,0.0005969041863599417
p52,1000,tr,Full FD,adaptive,8.0,1e-06,random,rand1,146,6.254201463293201e-09,17,1000,1000.0,True,-,0.5790759339151681,0.08946824073791504,8.703433112553744e-20,18,4.042631885230962e-08
p52,1000,nm,Full FD,adaptive,8.0,1e-06,random,rand2,147,2401.534776057876,1000,1000,,False,MAX,-0.9365976017733483,5.868100643157959,39294.99250781058,1001,0.0011812159765888588
p52,1000,tr,Full FD,adaptive,8.0,1e-06,random,rand2,147,3.576015395139561e-07,46,1000,1000.0,True,-,1.0443118597117085,0.23821544647216797,7.08628164793717,47,1.8126883402475897e-08
p52,1000,nm,Full FD,adaptive,8.0,1e-06,random,rand3,148,2489.5872977170047,1000,1000,,False,MAX,6.18375434820623,5.875001668930054,40402.60771155432,1001,0.0010409607792186265
p52,1000,tr,Full FD,adaptive,8.0,1e-06,random,rand3,148,6.007089522955345e-09,19,1000,1000.0,True,-,0.41556007256007416,0.10367918014526367,7.935688919479837e-20,20,3.5451257440649766e-07
p52,1000,nm,Full FD,adaptive,8.0,1e-06,random,rand4,149,2508.3982055801416,1000,1000,,False,MAX,0.604511636360141,5.881002187728882,40558.76906248183,1001,0.0011184785000117941
p52,1000,tr,Full FD,adaptive,8.0,1e-06,random,rand4,149,6.559701483216934e-07,66,1000,1000.0,True,-,0.6864651467827527,0.34630656242370605,7.0862816479371915,67,2.996902534205977e-08
p52,1000,nm,Full FD,adaptive,8.0,1e-06,random,rand5,150,2236.963832273225,1000,1000,,False,MAX,-1.1822410988865213,5.858705043792725,37254.95497891327,1001,0.0024627604003493635
p52,1000,tr,Full FD,adaptive,8.0,1e-06,random,rand5,150,5.145928973475668e-07,54,1000,1000.0,True,-,2.4986411737471537,0.27707791328430176,7.086281647937153,55,5.313340059659273e-09
p52,1000,nm,Full FD,adaptive,12.0,1e-06,initial,xbar,151,1264.3609549905384,1000,1000,,False,MAX,1.8622436529438804,5.462053298950195,31952.999988292366,1001,1.1791273545374363e-11
p52,1000,tr,Full FD,adaptive,12.0,1e-06,initial,xbar,151,0.004236129429721363,999,1000,1000.0,False,MAX,,5.9741599559783936,7.086281655903516,1001,0.0
p52,1000,nm,Full FD,adaptive,12.0,1e-06,random,rand1,152,2923.1428599480287,1000,1000,,False,MAX,-1.0069607456300451,5.909650564193726,43764.02037902694,1001,6.87132343745947e-12
p52,1000,tr,Full FD,adaptive,12.0,1e-06,random,rand1,152,4.778696188073444e-07,108,1000,1000.0,True,-,17.35431805890535,0.5852329730987549,5.315845859668092e-16,109,5.074710468187551e-09
p52,1000,nm,Full FD,adaptive,12.0,1e-06,random,rand2,153,2892.3292802570822,1000,1000,,False,MAX,1.1690249645248927,6.049098014831543,43369.50148797743,1001,5.6576709533872434e-12
p52,1000,tr,Full FD,adaptive,12.0,1e-06,random,rand2,153,0.0053877864586028956,999,1000,1000.0,False,MAX,,6.590126037597656,7.0862816482358015,1001,0.0
p52,1000,nm,Full FD,adaptive,12.0,1e-06,random,rand3,154,2981.45241787706,1000,1000,,False,MAX,1.593940127592338,5.8705363273620605,44311.59337686116,1001,1.2553112615160153e-11
p52,1000,tr,Full FD,adaptive,12.0,1e-06,random,rand3,154,1.2646175288413485e-07,96,1000,1000.0,True,-,-14.278111921897446,0.5229213237762451,4.077047191331817e-17,97,1.0348271377049655e-08
p52,1000,nm,Full FD,adaptive,12.0,1e-06,random,rand4,155,3016.4439643396095,1000,1000,,False,MAX,1.8973187870477664,5.927067995071411,44579.78709928801,1001,1.1897601185913695e-11
p52,1000,tr,Full FD,adaptive,12.0,1e-06,random,rand4,155,0.005376778335295028,999,1000,1000.0,False,MAX,,6.3467748165130615,7.086281873654999,1001,0.0
p52,1000,nm,Full FD,adaptive,12.0,1e-06,random,rand5,156,2796.0933422855933,1000,1000,,False,MAX,-0.08097540995326416,5.916966199874878,41815.05097457173,1001,1.1190285343410329e-11
p52,1000,tr,Full FD,adaptive,12.0,1e-06,random,rand5,156,0.00334150204823618,999,1000,1000.0,False,MAX,,6.169991731643677,7.086281773641682,1001,0.0
p31,2,nm,Exact,,,1e-06,initial,xbar,1,5.577018880458987e-07,12,1000,,True,-,0.7344373373564915,0.012723684310913086,5.892302726636391e-15,13,1.633836078930924e-07
p31,2,tr,Exact,,,1e-06,initial,xbar,1,7.264481133962953e-07,12,1000,1000.0,True,-,0.9171907339103861,0.009010553359985352,1.399691359079709e-14,13,1.931145566637091e-07
p31,2,nm,Exact,,,1e-06,random,rand1,2,3.242316705233721e-07,13,1000,,True,-,0.3763127386624151,0.017866849899291992,1.6872722523587981e-15,14,9.81376565913146e-08
p31,2,tr,Exact,,,1e-06,random,rand1,2,8.929399136212022e-07,14,1000,1000.0,True,-,0.5063474400604908,0.012671232223510742,1.466719300566253e-14,15,2.6326360740984674e-07
p31,2,nm,Exact,,,1e-06,random,rand2,3,3.7665896232747816e-07,12,1000,,True,-,0.3091873093714234,0.016048669815063477,2.1174743137695435e-15,13,1.1539737157089184e-07
p31,2,tr,Exact,,,1e-06,random,rand2,3,9.714384470618463e-07,11,1000,1000.0,True,-,1.630218542538798,0.010006904602050781,3.6056108905295595e-14,12,2.1127101182364986e-07
p31,2,nm,Exact,,,1e-06,random,rand3,4,7.334640220533351e-07,12,1000,,True,-,0.33737525217983455,0.016113996505737305,8.279692174667138e-15,13,2.2359518621043226e-07
p31,2,tr,Exact,,,1e-06,random,rand3,4,5.845202723491671e-07,13,1000,1000.0,True,-,0.5187688215656396,0.011010408401489258,6.365035572980079e-15,14,1.7186751777219413e-07
p31,2,nm,Exact,,,1e-06,random,rand4,5,9.049166443240803e-07,12,1000,,True,-,3.5848685183214486,0.014364480972290039,3.9908079283569674e-14,13,1.465940159239516e-07
p31,2,tr,Exact,,,1e-06,random,rand4,5,3.6143351822037413e-07,13,1000,1000.0,True,-,0.4125546038616415,0.010821342468261719,1.931851969667813e-15,14,1.1089426205522226e-07
p31,2,nm,Exact,,,1e-06,random,rand5,6,3.47984240964138e-07,13,1000,,True,-,1.1648792804546761,0.017394304275512695,2.961847788960654e-15,14,9.516911977968809e-08
p31,2,tr,Exact,,,1e-06,random,rand5,6,6.119538746877246e-07,13,1000,1000.0,True,-,3.7171262712179063,0.011631965637207031,1.830351162118339e-14,14,8.995984479321725e-08
p31,2,nm,Mixed FD,scalar,4.0,1e-06,initial,xbar,7,7.808647866608486e-07,12,1000,,True,-,2.6740749068263248,0.011384963989257812,2.772610842471546e-14,13,1.6693759026941876e-07
p31,2,tr,Mixed FD,scalar,4.0,1e-06,initial,xbar,7,9.880072679952236e-07,13,1000,1000.0,True,-,2.9149987108676796,0.007960319519042969,4.7618378176887516e-14,14,2.091682446951148e-07
p31,2,nm,Mixed FD,scalar,4.0,1e-06,random,rand1,8,7.058519924168458e-07,13,1000,,True,-,0.4933813543590997,0.011602163314819336,7.473103792825491e-15,14,1.509125056628639e-07
p31,2,tr,Mixed FD,scalar,4.0,1e-06,random,rand1,8,1.761965396789289e-07,14,1000,1000.0,True,-,2.689225042561955,0.026612043380737305,1.515046019394477e-15,15,3.850953798673898e-08
p31,2,nm,Mixed FD,scalar,4.0,1e-06,random,rand2,9,7.838425190771466e-07,12,1000,,True,-,0.438142533318618,0.02930736541748047,8.800813928702355e-15,13,1.6758615720110155e-07
p31,2,tr,Mixed FD,scalar,4.0,1e-06,random,rand2,9,1.5249149434352245e-07,13,1000,1000.0,True,-,2.9707339155677963,0.010236024856567383,1.1339847215293367e-15,14,3.157040611231419e-08
p31,2,nm,Mixed FD,scalar,4.0,1e-06,random,rand3,10,4.897554937088218e-07,13,1000,,True,-,1.409532781457114,0.019100427627563477,5.905798563003876e-15,14,1.0470067165327537e-07
p31,2,tr,Mixed FD,scalar,4.0,1e-06,random,rand3,10,5.831250439342823e-07,14,1000,1000.0,True,-,2.95707410109967,0.010243654251098633,1.6582691572702597e-14,15,1.210183854213539e-07
p31,2,nm,Mixed FD,scalar,4.0,1e-06,random,rand4,11,8.508392693779171e-07,13,1000,,True,-,0.3812463919854393,0.01186990737915039,9.40254800453628e-15,14,1.8190491469366624e-07
p31,2,tr,Mixed FD,scalar,4.0,1e-06,random,rand4,11,2.409339793861508e-07,13,1000,1000.0,True,-,2.7941562974359315,0.009074687957763672,2.8321200025063554e-15,14,5.1550084933534654e-08
p31,2,nm,Mixed FD,scalar,4.0,1e-06,random,rand5,12,6.075892222327049e-07,13,1000,,True,-,1.7416126730123,0.012813806533813477,1.101095069861155e-14,14,1.298906592834115e-07
p31,2,tr,Mixed FD,scalar,4.0,1e-06,random,rand5,12,2.255878047517975e-07,12,1000,1000.0,True,-,3.053074404920393,0.008223772048950195,2.481146823481073e-15,13,4.60427465804744e-08
p31,2,nm,Mixed FD,scalar,8.0,1e-06,initial,xbar,13,7.779774682479198e-07,12,1000,,True,-,2.686717402454812,0.012838125228881836,2.769594439071448e-14,13,1.6632743258343884e-07
p31,2,tr,Mixed FD,scalar,8.0,1e-06,initial,xbar,13,9.606330654536712e-07,13,1000,1000.0,True,-,2.914687624974072,0.008240461349487305,4.501476025779998e-14,14,2.0208953708631734e-07
p31,2,nm,Mixed FD,scalar,8.0,1e-06,random,rand1,14,7.062690686868783e-07,13,1000,,True,-,0.4882974571466486,0.01566481590270996,7.445134334570486e-15,14,1.5099647239310635e-07
p31,2,tr,Mixed FD,scalar,8.0,1e-06,random,rand1,14,1.7234567965735607e-07,14,1000,1000.0,True,-,2.6539020692604263,0.010824203491210938,1.449846521238441e-15,15,3.818765306736064e-08
p31,2,nm,Mixed FD,scalar,8.0,1e-06,random,rand2,15,7.837757697431887e-07,12,1000,,True,-,0.43430853005617037,0.013370275497436523,8.76449468137686e-15,13,1.6756697729499702e-07
p31,2,tr,Mixed FD,scalar,8.0,1e-06,random,rand2,15,1.4717172512927229e-07,13,1000,1000.0,True,-,2.9318640495032873,0.008938789367675781,1.056500020704994e-15,14,3.0863514960404e-08
p31,2,nm,Mixed FD,scalar,8.0,1e-06,random,rand3,16,4.86193964503449e-07,13,1000,,True,-,1.418250120553889,0.013361930847167969,5.861439046673129e-15,14,1.0394559076205296e-07
p31,2,tr,Mixed FD,scalar,8.0,1e-06,random,rand3,16,5.705268094909442e-07,14,1000,1000.0,True,-,2.9179986331547845,0.009010791778564453,1.5877725391203946e-14,15,1.1994934546749685e-07
p31,2,nm,Mixed FD,scalar,8.0,1e-06,random,rand4,17,8.487846699848769e-07,13,1000,,True,-,0.3836515004329307,0.0145111083984375,9.362764036091155e-15,14,1.8146548443201108e-07
p31,2,tr,Mixed FD,scalar,8.0,1e-06,random,rand4,17,2.3660033565729565e-07,13,1000,1000.0,True,-,2.7599304335996706,0.008174419403076172,2.7317409106310378e-15,14,5.127899908622159e-08
p31,2,nm,Mixed FD,scalar,8.0,1e-06,random,rand5,18,6.035977806490865e-07,13,1000,,True,-,1.7601779015360304,0.013497352600097656,1.0996288419057117e-14,14,1.2904589578635947e-07
p31,2,tr,Mixed FD,scalar,8.0,1e-06,random,rand5,18,2.3750698358764944e-07,12,1000,1000.0,True,-,3.0066287599136743,0.008704900741577148,2.7509965767318772e-15,13,4.914867164327961e-08
p31,2,nm,Mixed FD,scalar,12.0,1e-06,initial,xbar,19,7.787473767273373e-07,12,1000,,True,-,2.6849199032337556,0.01216578483581543,2.7726538573306383e-14,13,1.6647482339226785e-07
p31,2,tr,Mixed FD,scalar,12.0,1e-06,initial,xbar,19,9.628529135944677e-07,13,1000,1000.0,True,-,2.9217366597547847,0.0080413818359375,4.522044438360175e-14,14,2.019770210984003e-07
p31,2,nm,Mixed FD,scalar,12.0,1e-06,random,rand1,20,7.060516243491159e-07,13,1000,,True,-,0.4886639882328574,0.013400077819824219,7.442660146442708e-15,14,1.5093436067569912e-07
p31,2,tr,Mixed FD,scalar,12.0,1e-06,random,rand1,20,1.7269501175359773e-07,14,1000,1000.0,True,-,2.6551144428437445,0.008482694625854492,1.4557153129154173e-15,15,3.824673536210762e-08
p31,2,nm,Mixed FD,scalar,12.0,1e-06,random,rand2,21,7.846863602119729e-07,12,1000,,True,-,0.4341697767662862,0.012111663818359375,8.785931870947594e-15,13,1.6778225175442622e-07
p31,2,tr,Mixed FD,scalar,12.0,1e-06,random,rand2,21,1.4488158568694157e-07,13,1000,1000.0,True,-,2.9327205951830693,0.010276556015014648,1.0238365597906023e-15,14,3.033923564638441e-08
p31,2,nm,Mixed FD,scalar,12.0,1e-06,random,rand3,22,4.86766070021596e-07,13,1000,,True,-,1.4190224141993781,0.012557268142700195,5.876360021498683e-15,14,1.0405992284781888e-07
p31,2,tr,Mixed FD,scalar,12.0,1e-06,random,rand3,22,5.71427772887736e-07,14,1000,1000.0,True,-,2.9267151202702055,0.009891271591186523,1.592722798850907e-14,15,1.19816849043236e-07
p31,2,nm,Mixed FD,scalar,12.0,1e-06,random,rand4,23,8.488707281863043e-07,13,1000,,True,-,0.38321499204888604,0.01134800910949707,9.363570946340378e-15,14,1.814789746623249e-07
p31,2,tr,Mixed FD,scalar,12.0,1e-06,random,rand4,23,2.3703768032766698e-07,13,1000,1000.0,True,-,2.7624313292384697,0.010731935501098633,2.74175567233346e-15,14,5.129984291396677e-08
p31,2,nm,Mixed FD,scalar,12.0,1e-06,random,rand5,24,6.037238000506205e-07,13,1000,,True,-,1.759363458119428,0.01318669319152832,1.0998417692908875e-14,14,1.290724679956489e-07
p31,2,tr,Mixed FD,scalar,12.0,1e-06,random,rand5,24,2.3492459267354294e-07,12,1000,1000.0,True,-,3.0146880518526933,0.008178472518920898,2.691290870447566e-15,13,4.842160063737255e-08
p31,2,nm,Mixed FD,adaptive,4.0,1e-06,initial,xbar,25,7.791188625997341e-07,12,1000,,True,-,2.680997709510106,0.01330256462097168,2.7698361944286755e-14,13,1.6656547675514363e-07
p31,2,tr,Mixed FD,adaptive,4.0,1e-06,initial,xbar,25,9.692873287983687e-07,13,1000,1000.0,True,-,2.930088348375972,0.010131120681762695,4.5825022487375325e-14,14,2.0283221424576267e-07
p31,2,nm,Mixed FD,adaptive,4.0,1e-06,random,rand1,26,7.058868542707753e-07,13,1000,,True,-,0.4906848630202729,0.013116121292114258,7.454144538241535e-15,14,1.5091985339132337e-07
p31,2,tr,Mixed FD,adaptive,4.0,1e-06,random,rand1,26,1.73928038179085e-07,14,1000,1000.0,True,-,2.6687966850122704,0.010716915130615234,1.4764643830626214e-15,15,3.83153022685725e-08
p31,2,nm,Mixed FD,adaptive,4.0,1e-06,random,rand2,27,7.836842476384721e-07,12,1000,,True,-,0.43606514518588496,0.011660575866699219,8.778284910470049e-15,13,1.675527854558317e-07
p31,2,tr,Mixed FD,adaptive,4.0,1e-06,random,rand2,27,1.5011388639035725e-07,13,1000,1000.0,True,-,2.948904833845069,0.009417295455932617,1.0990517075764825e-15,14,3.130594874334322e-08
p31,2,nm,Mixed FD,adaptive,4.0,1e-06,random,rand3,28,4.875527014399172e-07,13,1000,,True,-,1.411716859119863,0.012477874755859375,5.86644274317641e-15,14,1.0423383915307052e-07
p31,2,tr,Mixed FD,adaptive,4.0,1e-06,random,rand3,28,5.757754025399355e-07,14,1000,1000.0,True,-,2.9344937933970248,0.008796215057373047,1.6169583991555728e-14,15,1.203898205094714e-07
p31,2,nm,Mixed FD,adaptive,4.0,1e-06,random,rand4,29,8.494047017065832e-07,13,1000,,True,-,0.38232270180995226,0.012785911560058594,9.373398247133383e-15,14,1.816017184882764e-07
p31,2,tr,Mixed FD,adaptive,4.0,1e-06,random,rand4,29,2.3868246914680984e-07,13,1000,1000.0,True,-,2.774182386617859,0.00845193862915039,2.7797852721943375e-15,14,5.145099615180161e-08
p31,2,nm,Mixed FD,adaptive,4.0,1e-06,random,rand5,30,6.052625613821298e-07,13,1000,,True,-,1.7514664312698234,0.012924671173095703,1.0996767146820413e-14,14,1.2939794020097302e-07
p31,2,tr,Mixed FD,adaptive,4.0,1e-06,random,rand5,30,2.3180201290620137e-07,12,1000,1000.0,True,-,3.027885774034666,0.008839845657348633,2.620121673115562e-15,13,4.7674951634190676e-08
p31,2,nm,Mixed FD,adaptive,8.0,1e-06,initial,xbar,31,7.779772799933532e-07,12,1000,,True,-,2.686718006191061,0.011696338653564453,2.7695941736079266e-14,13,1.6632738688427312e-07
p31,2,tr,Mixed FD,adaptive,8.0,1e-06,initial,xbar,31,9.606316786430777e-07,13,1000,1000.0,True,-,2.914686168415601,0.008924007415771484,4.5014630825552083e-14,14,2.020893319208661e-07
p31,2,nm,Mixed FD,adaptive,8.0,1e-06,random,rand1,32,7.062690910781828e-07,13,1000,,True,-,0.4882971706485967,0.012717247009277344,7.445132514779953e-15,14,1.50996473838134e-07
p31,2,tr,Mixed FD,adaptive,8.0,1e-06,random,rand1,32,1.7234529035815898e-07,14,1000,1000.0,True,-,2.6538992857953847,0.010487556457519531,1.4498399901221743e-15,15,3.818759865625564e-08
p31,2,nm,Mixed FD,adaptive,8.0,1e-06,random,rand2,33,7.837757486195702e-07,12,1000,,True,-,0.43430837667153027,0.011303186416625977,8.764492628290938e-15,13,1.6756696884408376e-07
p31,2,tr,Mixed FD,adaptive,8.0,1e-06,random,rand2,33,1.4717166331476272e-07,13,1000,1000.0,True,-,2.9318612478153407,0.008502960205078125,1.0564991474402397e-15,14,3.086352973220082e-08
p31,2,nm,Mixed FD,adaptive,8.0,1e-06,random,rand3,34,4.861941635442398e-07,13,1000,,True,-,1.418258925174389,0.01358938217163086,5.861476402498079e-15,14,1.0394563491610126e-07
p31,2,tr,Mixed FD,adaptive,8.0,1e-06,random,rand3,34,5.705260061772262e-07,14,1000,1000.0,True,-,2.9179963639451403,0.009788274765014648,1.5877680917343393e-14,15,1.1994925725531608e-07
p31,2,nm,Mixed FD,adaptive,8.0,1e-06,random,rand4,35,8.487845863076694e-07,13,1000,,True,-,0.38365162853660906,0.013353109359741211,9.362762500256651e-15,14,1.8146546354989133e-07
p31,2,tr,Mixed FD,adaptive,8.0,1e-06,random,rand4,35,2.366002770773014e-07,13,1000,1000.0,True,-,2.7599283192338997,0.008339881896972656,2.7317395972433514e-15,14,5.127902865131624e-08
p31,2,nm,Mixed FD,adaptive,8.0,1e-06,random,rand5,36,6.03597573375969e-07,13,1000,,True,-,1.7601788818469695,0.015259265899658203,1.0996288671574025e-14,14,1.290458540546015e-07
p31,2,tr,Mixed FD,adaptive,8.0,1e-06,random,rand5,36,2.375079933057911e-07,12,1000,1000.0,True,-,3.006629008151079,0.008468389511108398,2.7510199798242433e-15,13,4.914889293028347e-08
p31,2,nm,Mixed FD,adaptive,12.0,1e-06,initial,xbar,37,7.784878152304349e-07,12,1000,,True,-,2.686889077417319,0.014468908309936523,2.7753551317461587e-14,13,1.663710232546119e-07
p31,2,tr,Mixed FD,adaptive,12.0,1e-06,initial,xbar,37,9.62178537563246e-07,13,1000,1000.0,True,-,2.9192592177285595,0.009150981903076172,4.515857943431567e-14,14,2.0230349023556014e-07
p31,2,nm,Mixed FD,adaptive,12.0,1e-06,random,rand1,38,7.055032182682925e-07,13,1000,,True,-,0.48948933496201236,0.013462066650390625,7.43492408694014e-15,14,1.5082290912890816e-07
p31,2,tr,Mixed FD,adaptive,12.0,1e-06,random,rand1,38,1.7303681414049918e-07,14,1000,1000.0,True,-,2.6557278912410918,0.011768579483032227,1.461524568063435e-15,15,3.8363212270175894e-08
p31,2,nm,Mixed FD,adaptive,12.0,1e-06,random,rand2,39,7.835421497951265e-07,12,1000,,True,-,0.43389348332105376,0.014310359954833984,8.756437539356406e-15,13,1.674646299371918e-07
p31,2,tr,Mixed FD,adaptive,12.0,1e-06,random,rand2,39,1.4812325997360711e-07,13,1000,1000.0,True,-,2.9305572419008694,0.007936239242553711,1.0702566952460553e-15,14,3.114002555929448e-08
p31,2,nm,Mixed FD,adaptive,12.0,1e-06,random,rand3,40,4.912997083938009e-07,13,1000,,True,-,1.5307353692385972,0.015381813049316406,6.410040511425997e-15,14,1.050434115875994e-07
p31,2,tr,Mixed FD,adaptive,12.0,1e-06,random,rand3,40,5.714290228476786e-07,14,1000,1000.0,True,-,2.9208522291406225,0.008987188339233398,1.5927011826520875e-14,15,1.1999564216244338e-07
p31,2,nm,Mixed FD,adaptive,12.0,1e-06,random,rand4,41,8.492507304988639e-07,13,1000,,True,-,0.3854995909053246,0.013534069061279297,9.376834725476256e-15,14,1.815593032162894e-07
p31,2,tr,Mixed FD,adaptive,12.0,1e-06,random,rand4,41,2.3761635927063262e-07,13,1000,1000.0,True,-,2.7581291838013997,0.008008718490600586,2.7553811694795837e-15,14,5.164475459484682e-08
p31,2,nm,Mixed FD,adaptive,12.0,1e-06,random,rand5,42,6.034855208189395e-07,13,1000,,True,-,1.7597647783324337,0.013468742370605469,1.0992518260340786e-14,14,1.2903077715669384e-07
p31,2,tr,Mixed FD,adaptive,12.0,1e-06,random,rand5,42,2.3302273596595484e-07,12,1000,1000.0,True,-,2.9988895683751777,0.011565208435058594,2.648375148654013e-15,13,4.8419400401081814e-08
p31,2,nm,Full FD,scalar,4.0,1e-06,initial,xbar,43,1.1656851627179053e-07,5,1000,,True,-,2.0206804114533137,0.008147716522216797,6.600716268417648e-16,6,9.603922210479358e-05
p31,2,tr,Full FD,scalar,4.0,1e-06,initial,xbar,43,4.274404052552145e-09,6,1000,1000.0,True,-,2.0558997751168895,0.006711721420288086,8.801436357208779e-19,7,1.7300584405620699e-06
p31,2,nm,Full FD,scalar,4.0,1e-06,random,rand1,44,2.7186075685711383e-08,6,1000,,True,-,2.0342560552594295,0.009714365005493164,3.499922123743657e-17,7,1.1397354300067803e-05
p31,2,tr,Full FD,scalar,4.0,1e-06,random,rand1,44,1.1566925389166016e-08,7,1000,1000.0,True,-,2.0406109215166195,0.007388114929199219,6.3548202202587675e-18,8,4.663779225799058e-06
p31,2,nm,Full FD,scalar,4.0,1e-06,random,rand2,45,1.1612152636244487e-07,5,1000,,True,-,2.0208409203047126,0.008625030517578125,6.592327897156327e-16,6,9.73663193093077e-05
p31,2,tr,Full FD,scalar,4.0,1e-06,random,rand2,45,7.03259688996734e-10,7,1000,1000.0,True,-,2.1111102603959857,0.007221221923828125,2.3969132003186526e-20,8,2.8221102253713206e-07
p31,2,nm,Full FD,scalar,4.0,1e-06,random,rand3,46,1.6636305460126653e-07,5,1000,,True,-,2.024716458777427,0.007679939270019531,4.980078955634338e-16,6,0.00020468886990739738
p31,2,tr,Full FD,scalar,4.0,1e-06,random,rand3,46,4.6584256435916635e-07,5,1000,1000.0,True,-,1.9608414286885127,0.005862712860107422,7.414856318228212e-15,6,0.00027768691141032674
p31,2,nm,Full FD,scalar,4.0,1e-06,random,rand4,47,8.106793866469415e-08,7,1000,,True,-,2.0256738037255757,0.010530233383178711,3.210610526365557e-16,8,4.2550163075006994e-05
p31,2,tr,Full FD,scalar,4.0,1e-06,random,rand4,47,2.0590439462893e-08,6,1000,1000.0,True,-,2.0344984220510622,0.006273031234741211,2.0198579162902257e-17,7,8.498045871667713e-06
p31,2,nm,Full FD,scalar,4.0,1e-06,random,rand5,48,1.066652537248339e-08,6,1000,,True,-,2.041191110861631,0.00995635986328125,5.503225938282861e-18,7,4.38328881591703e-06
p31,2,tr,Full FD,scalar,4.0,1e-06,random,rand5,48,1.0908545476982544e-07,6,1000,1000.0,True,-,2.0312902535227284,0.006386518478393555,4.714908939243465e-16,7,0.00012477040660422074
p31,2,nm,Full FD,scalar,8.0,1e-06,initial,xbar,49,1.0575664909188356e-07,5,1000,,True,-,2.013043157415095,0.008464336395263672,5.461812535576638e-16,6,8.262339120191374e-05
p31,2,tr,Full FD,scalar,8.0,1e-06,initial,xbar,49,4.5235030230162813e-10,7,1000,1000.0,True,-,11.869487491879788,0.015694856643676758,9.589250365752374e-21,8,5.44935135996115e-06
p31,2,nm,Full FD,scalar,8.0,1e-06,random,rand1,50,1.2370987277637728e-09,6,1000,,True,-,2.1174787727481106,0.013010501861572266,7.04080434640218e-20,7,9.257543208254317e-06
p31,2,tr,Full FD,scalar,8.0,1e-06,random,rand1,50,3.2909677248616445e-07,7,1000,1000.0,True,-,2.20505369125811,0.009210824966430664,5.295157334683074e-15,8,0.00016569048351977554
p31,2,nm,Full FD,scalar,8.0,1e-06,random,rand2,51,1.8385404629631702e-09,5,1000,,True,-,2.1635568719165486,0.016217947006225586,1.265917097346084e-19,6,1.0062977256832818e-05
p31,2,tr,Full FD,scalar,8.0,1e-06,random,rand2,51,5.080587214220857e-13,7,1000,1000.0,True,-,1.9929806488536252,0.009795665740966797,1.1406437192174023e-26,8,1.9406054853110105e-07
p31,2,nm,Full FD,scalar,8.0,1e-06,random,rand3,52,1.0690195244169541e-12,6,1000,,True,-,2.000915742092881,0.019492387771606445,5.554126196116174e-26,7,2.9480772876930147e-07
p31,2,tr,Full FD,scalar,8.0,1e-06,random,rand3,52,7.465604856289852e-13,6,1000,1000.0,True,-,2.0327277197155937,0.008938789367675781,2.7173108904218795e-26,7,2.28977580832342e-07
p31,2,nm,Full FD,scalar,8.0,1e-06,random,rand4,53,2.5127782882461275e-07,6,1000,,True,-,2.01184478426557,0.012122154235839844,3.0024949345870663e-15,7,0.0001304680651018322
p31,2,tr,Full FD,scalar,8.0,1e-06,random,rand4,53,3.0367744483234805e-09,6,1000,1000.0,True,-,2.03107416008771,0.01085352897644043,4.1475240833742387e-19,7,1.5433259630602685e-05
p31,2,nm,Full FD,scalar,8.0,1e-06,random,rand5,54,3.816192780864439e-11,6,1000,,True,-,2.1234487356232976,0.012350082397460938,6.235503959443507e-23,7,1.592486957550799e-06
p31,2,tr,Full FD,scalar,8.0,1e-06,random,rand5,54,2.70298961420535e-09,7,1000,1000.0,True,-,2.057132330014986,0.011657476425170898,3.2981955811229224e-19,8,1.3020530749630938e-05
p31,2,nm,Full FD,scalar,12.0,1e-06,initial,xbar,55,0.00010931186720735326,1000,1000,,False,MAX,,1.7211101055145264,0.3143832243399909,1001,0.0
p31,2,tr,Full FD,scalar,12.0,1e-06,initial,xbar,55,7.504841327062603e-05,999,1000,1000.0,False,MAX,,1.4593620300292969,0.31438322404260943,1001,0.0
p31,2,nm,Full FD,scalar,12.0,1e-06,random,rand1,56,4.5629444186002155e-10,21,1000,,True,-,5.066953939236132,0.0275881290435791,6.278722382408507e-21,22,9.758845535835602e-07
p31,2,tr,Full FD,scalar,12.0,1e-06,random,rand1,56,8.155520888355859e-05,999,1000,1000.0,False,MAX,,1.1286063194274902,0.31438322435965255,1001,0.0
p31,2,nm,Full FD,scalar,12.0,1e-06,random,rand2,57,9.237612916079478e-07,26,1000,,True,-,0.4798860549955592,0.034358978271484375,2.614382599004868e-14,27,2.9667267041461458e-08
p31,2,tr,Full FD,scalar,12.0,1e-06,random,rand2,57,1.1279437798070344e-10,14,1000,1000.0,True,-,0.9173633768970557,0.013825654983520508,1.6715178856335772e-22,15,8.853375867662804e-08
p31,2,nm,Full FD,scalar,12.0,1e-06,random,rand3,58,3.1949839314439744e-09,9,1000,,True,-,-0.44126477481441895,0.012209177017211914,4.981624286360372e-19,10,2.77195238954664e-06
p31,2,tr,Full FD,scalar,12.0,1e-06,random,rand3,58,8.97252007550249e-09,16,1000,1000.0,True,-,-0.5348899893949134,0.015180110931396484,1.054486644244472e-18,17,2.6089287499046566e-05
p31,2,nm,Full FD,scalar,12.0,1e-06,random,rand4,59,4.09051006070917e-08,12,1000,,True,-,2.599178812416847,0.021080493927001953,4.967132058143196e-17,13,7.183361331188134e-05
p31,2,tr,Full FD,scalar,12.0,1e-06,random,rand4,59,7.87385404469806e-10,21,1000,1000.0,True,-,1.0804905467621386,0.02005600929260254,1.1114708977055862e-20,22,1.0653104963783785e-06
p31,2,nm,Full FD,scalar,12.0,1e-06,random,rand5,60,2.514717289838028e-09,24,1000,,True,-,-0.4188524386843767,0.03958749771118164,8.230902688224281e-20,25,4.45812562939754e-06
p31,2,tr,Full FD,scalar,12.0,1e-06,random,rand5,60,0.00010076915458548117,999,1000,1000.0,False,MAX,,1.515660285949707,0.31438322405270136,1001,0.0
p31,2,nm,Full FD,adaptive,4.0,1e-06,initial,xbar,61,3.3866988231434525e-08,5,1000,,True,-,2.0155534474953094,0.007418632507324219,3.910688809062574e-17,6,9.746063926334443e-05
p31,2,tr,Full FD,adaptive,4.0,1e-06,initial,xbar,61,1.9161553445187777e-09,6,1000,1000.0,True,-,2.0271126631039036,0.006190299987792969,1.7934364235084381e-19,7,1.917056331525334e-06
p31,2,nm,Full FD,adaptive,4.0,1e-06,random,rand1,62,1.1044162796820548e-08,6,1000,,True,-,2.022041187039614,0.008421659469604492,5.649703465384072e-18,7,1.1853935241774429e-05
p31,2,tr,Full FD,adaptive,4.0,1e-06,random,rand1,62,5.111809886388766e-09,7,1000,1000.0,True,-,2.0223751467165143,0.00693821907043457,1.210526162050184e-18,8,4.961107274366366e-06
p31,2,nm,Full FD,adaptive,4.0,1e-06,random,rand2,63,2.7610091683325817e-08,5,1000,,True,-,2.0157795451138893,0.0070781707763671875,3.6599437736978225e-17,6,9.87226375894794e-05
p31,2,tr,Full FD,adaptive,4.0,1e-06,random,rand2,63,3.7600604877585537e-10,7,1000,1000.0,True,-,2.043409160615716,0.00683903694152832,6.912361086586987e-21,8,3.6528902377421714e-07
p31,2,nm,Full FD,adaptive,4.0,1e-06,random,rand3,64,4.1271420844111275e-07,5,1000,,True,-,2.0211253786412002,0.006707191467285156,6.914640178636386e-15,6,0.000206029767942359
p31,2,tr,Full FD,adaptive,4.0,1e-06,random,rand3,64,8.40464062630898e-07,5,1000,1000.0,True,-,1.9568160733318443,0.004946231842041016,3.0154912656847344e-14,6,0.0002788145593843819
p31,2,nm,Full FD,adaptive,4.0,1e-06,random,rand4,65,2.0911281935297934e-08,7,1000,,True,-,2.018530681650036,0.008883476257324219,1.892694321745951e-17,8,4.33116623892198e-05
p31,2,tr,Full FD,adaptive,4.0,1e-06,random,rand4,65,8.64671514400838e-09,6,1000,1000.0,True,-,2.020474423534545,0.005956888198852539,3.479119141966398e-18,7,8.899166323655026e-06
p31,2,nm,Full FD,adaptive,4.0,1e-06,random,rand5,66,4.509864489824951e-09,6,1000,,True,-,2.0221494850230886,0.007750511169433594,9.943522165102897e-19,7,4.677204042537155e-06
p31,2,tr,Full FD,adaptive,4.0,1e-06,random,rand5,66,1.3406200853564027e-07,6,1000,1000.0,True,-,2.026809212771287,0.006226301193237305,5.203761601414078e-16,7,0.0001262147747514446
p31,2,nm,Full FD,adaptive,8.0,1e-06,initial,xbar,67,2.7658244588485146e-10,5,1000,,True,-,2.131107121733667,0.006537437438964844,2.3454754617363164e-21,6,4.389018051118294e-06
p31,2,tr,Full FD,adaptive,8.0,1e-06,initial,xbar,67,1.8886641381224903e-10,7,1000,1000.0,True,-,1.949644490041009,0.006652355194091797,1.579578798922979e-21,8,3.7066441268066168e-06
p31,2,nm,Full FD,adaptive,8.0,1e-06,random,rand1,68,3.2111672069204254e-13,8,1000,,True,-,2.2207717087562306,0.009980440139770508,2.7423578404602288e-27,9,1.1499811815004675e-07
p31,2,tr,Full FD,adaptive,8.0,1e-06,random,rand1,68,4.3914129344554266e-08,8,1000,1000.0,True,-,10.92671305868768,0.008202552795410156,7.669543896111787e-17,9,3.7607978936309735e-05
p31,2,nm,Full FD,adaptive,8.0,1e-06,random,rand2,69,1.1499012916478614e-08,6,1000,,True,-,1.8356611366412623,0.008790016174316406,6.336547110666064e-18,7,2.4665565065880407e-05
p31,2,tr,Full FD,adaptive,8.0,1e-06,random,rand2,69,3.134482404161262e-11,6,1000,1000.0,True,-,1.7655670517724864,0.00577235221862793,1.2743067574659202e-23,7,1.247268406521881e-06
p31,2,nm,Full FD,adaptive,8.0,1e-06,random,rand3,70,2.2206345623918603e-13,8,1000,,True,-,1.8294221215558844,0.010311365127563477,2.3811088496755817e-27,9,1.2307461838191842e-07
p31,2,tr,Full FD,adaptive,8.0,1e-06,random,rand3,70,4.6028855120814456e-10,9,1000,1000.0,True,-,2.8509731655086994,0.008702754974365234,3.420699041327909e-21,10,6.3113099294378414e-06
p31,2,nm,Full FD,adaptive,8.0,1e-06,random,rand4,71,2.4329761886092127e-07,7,1000,,True,-,2.452281859440424,0.00917959213256836,2.0179881959195825e-15,8,0.00011246394491109925
p31,2,tr,Full FD,adaptive,8.0,1e-06,random,rand4,71,2.0422613267667398e-10,7,1000,1000.0,True,-,2.13517392500221,0.006713390350341797,1.4232377734745483e-21,8,2.3566175675815033e-06
p31,2,nm,Full FD,adaptive,8.0,1e-06,random,rand5,72,4.7576600022581917e-07,13,1000,,True,-,2.12413173239853,0.024799346923828125,7.318707870292617e-15,14,9.231019697268467e-05
p31,2,tr,Full FD,adaptive,8.0,1e-06,random,rand5,72,2.7269990980340533e-08,8,1000,1000.0,True,-,15.909639152390984,0.007972240447998047,3.6358686533614634e-17,9,2.597269041900749e-05
p31,2,nm,Full FD,adaptive,12.0,1e-06,initial,xbar,73,9.046486499862976e-09,26,1000,,True,-,9.295949951162385,0.041951894760131836,1.0612448255366298e-18,27,7.9402425771306e-06
p31,2,tr,Full FD,adaptive,12.0,1e-06,initial,xbar,73,2.055386137504615e-05,999,1000,1000.0,False,MAX,,1.1121199131011963,0.3143832240404621,1001,0.0
p31,2,nm,Full FD,adaptive,12.0,1e-06,random,rand1,74,2.4870730776927797e-08,26,1000,,True,-,-0.764681697927416,0.059468746185302734,9.58895181172594e-18,27,1.751333144685417e-05
p31,2,tr,Full FD,adaptive,12.0,1e-06,random,rand1,74,8.422803106885849e-07,21,1000,1000.0,True,-,2965286.1475977534,0.020313262939453125,2.6092787374184207e-14,22,0.00016769566707463664
p31,2,nm,Full FD,adaptive,12.0,1e-06,random,rand2,75,1.9477994878366075e-07,22,1000,,True,-,-38897.155388410065,0.0453031063079834,1.0917596870045378e-15,23,6.897565071584454e-05
p31,2,tr,Full FD,adaptive,12.0,1e-06,random,rand2,75,5.36333933193314e-09,16,1000,1000.0,True,-,-1.0198379470414223,0.016612529754638672,8.958694761477877e-19,17,4.171078053714584e-08
p31,2,nm,Full FD,adaptive,12.0,1e-06,random,rand3,76,5.4197322726681406e-08,21,1000,,True,-,84.27055843223032,0.03133106231689453,7.634957962273768e-17,22,2.5872376456707247e-05
p31,2,tr,Full FD,adaptive,12.0,1e-06,random,rand3,76,4.817143329393073e-08,26,1000,1000.0,True,-,-0.041082804716501185,0.026659727096557617,1.1256239796186138e-16,27,2.9111755409704522e-05
p31,2,nm,Full FD,adaptive,12.0,1e-06,random,rand4,77,2.3711811140891302e-05,1000,1000,,False,MAX,,1.336380958557129,0.3143832240389708,1001,0.0
p31,2,tr,Full FD,adaptive,12.0,1e-06,random,rand4,77,1.4764064086534488e-07,36,1000,1000.0,True,-,-0.35261655283998916,0.035463809967041016,1.0577829455540196e-15,37,5.1616768418271166e-08
p31,2,nm,Full FD,adaptive,12.0,1e-06,random,rand5,78,3.307645768893152e-09,21,1000,,True,-,-9066.018874720688,0.02782154083251953,2.81742430683024e-19,22,2.753408574837588e-06
p31,2,tr,Full FD,adaptive,12.0,1e-06,random,rand5,78,8.443470983249236e-09,42,1000,1000.0,True,-,2.663795120530595,0.03935074806213379,6.936813371263124e-18,43,5.423886807369767e-06
p31,1000,nm,Exact,,,1e-06,initial,xbar,79,7.338506970822153e-07,16,1000,,True,-,1.1617497626293507,0.024869680404663086,1.4353770819274737e-14,17,1.024625461368639e-07
p31,1000,tr,Exact,,,1e-06,initial,xbar,79,5.998101554895188e-07,20,1000,1000.0,True,-,1.0037383076464947,0.02008533477783203,7.778237307561833e-15,21,6.929513650376935e-08
p31,1000,nm,Exact,,,1e-06,random,rand1,80,2.031112561878592e-06,21,1000,,True,-,0.9987860160501818,0.04645895957946777,1.0189713215929967e-13,22,2.6337106828142984e-07
p31,1000,tr,Exact,,,1e-06,random,rand1,80,8.6563042545397e-07,24,1000,1000.0,True,-,0.9940079718150797,0.02346324920654297,1.3724034931173489e-14,25,8.73070341924985e-08
p31,1000,nm,Exact,,,1e-06,random,rand2,81,2.784740471865895e-06,20,1000,,True,-,0.9987780970971547,0.04326009750366211,1.9329656291571107e-13,21,3.6550793884025253e-07
p31,1000,tr,Exact,,,1e-06,random,rand2,81,9.096072007838929e-07,24,1000,1000.0,True,-,0.9964274752949557,0.02547740936279297,1.576334289282713e-14,25,9.655196731553024e-08
p31,1000,nm,Exact,,,1e-06,random,rand3,82,1.693758197117011e-06,21,1000,,True,-,0.9984904146013207,0.04203343391418457,7.297280897883844e-14,22,2.269974621746068e-07
p31,1000,tr,Exact,,,1e-06,random,rand3,82,8.849801493804788e-07,24,1000,1000.0,True,-,0.9979572275809779,0.02595233917236328,1.478761557565382e-14,25,9.273385170408722e-08
p31,1000,nm,Exact,,,1e-06,random,rand4,83,2.967461215493006e-06,20,1000,,True,-,1.0017661178467707,0.04300689697265625,2.2038432990793615e-13,21,3.905121496841741e-07
p31,1000,tr,Exact,,,1e-06,random,rand4,83,6.722590441230126e-07,24,1000,1000.0,True,-,0.9990546228862205,0.024860143661499023,9.445000487555993e-15,25,7.537059102029826e-08
p31,1000,nm,Exact,,,1e-06,random,rand5,84,1.3690394564888735e-06,21,1000,,True,-,0.9987027939976038,0.0443875789642334,4.768380406251601e-14,22,1.8373026688593238e-07
p31,1000,tr,Exact,,,1e-06,random,rand5,84,8.058020541210378e-07,24,1000,1000.0,True,-,0.9936279791004992,0.025870561599731445,1.1975695533237903e-14,25,8.289266021312887e-08
p31,1000,nm,Mixed FD,scalar,4.0,1e-06,initial,xbar,85,1.6621997064685625e-06,16,1000,,True,-,1.1352671446505138,0.02816605567932129,7.16490913316433e-14,17,2.3553749566448337e-07
p31,1000,tr,Mixed FD,scalar,4.0,1e-06,initial,xbar,85,6.465672664798352e-07,21,1000,1000.0,True,-,0.9962392608239438,0.02544236183166504,7.962971917557265e-15,22,6.79557797233829e-08
p31,1000,nm,Mixed FD,scalar,4.0,1e-06,random,rand1,86,4.41992578566996e-06,20,1000,,True,-,0.9978603098737325,0.041222572326660156,4.921613323690133e-13,21,5.949448355333004e-07
p31,1000,tr,Mixed FD,scalar,4.0,1e-06,random,rand1,86,7.149561148415956e-07,25,1000,1000.0,True,-,0.9970672518017734,0.027702808380126953,9.456753662309852e-15,26,7.381801983452616e-08
p31,1000,nm,Mixed FD,scalar,4.0,1e-06,random,rand2,87,4.9169094968207165e-06,20,1000,,True,-,0.9986953431807476,0.04154062271118164,6.048272689043691e-13,21,6.574312809816584e-07
p31,1000,tr,Mixed FD,scalar,4.0,1e-06,random,rand2,87,3.8789523223247104e-07,26,1000,1000.0,True,-,0.9770751464248314,0.026770830154418945,2.7684493067999226e-15,27,4.005310638258518e-08
p31,1000,nm,Mixed FD,scalar,4.0,1e-06,random,rand3,88,2.0545200480177816e-06,22,1000,,True,-,0.9983774770106851,0.04641580581665039,1.065742282619047e-13,23,2.7773086643136916e-07
p31,1000,tr,Mixed FD,scalar,4.0,1e-06,random,rand3,88,7.418567459470137e-07,25,1000,1000.0,True,-,0.9981585451398118,0.027805089950561523,1.0538963508673521e-14,26,8.035150353609315e-08
p31,1000,nm,Mixed FD,scalar,4.0,1e-06,random,rand4,89,5.027778155380145e-06,20,1000,,True,-,1.00179136891764,0.04295039176940918,6.364373502438153e-13,21,6.773412864924253e-07
p31,1000,tr,Mixed FD,scalar,4.0,1e-06,random,rand4,89,4.6522697728715373e-07,26,1000,1000.0,True,-,1.0127733779737627,0.02962207794189453,3.760276296576281e-15,27,4.5018981715522736e-08
p31,1000,nm,Mixed FD,scalar,4.0,1e-06,random,rand5,90,2.8985443329052603e-06,21,1000,,True,-,0.9985138311643333,0.04206132888793945,2.2010960484757458e-13,22,4.062028098217486e-07
p31,1000,tr,Mixed FD,scalar,4.0,1e-06,random,rand5,90,6.724791790629374e-07,25,1000,1000.0,True,-,0.9955175652649547,0.026470661163330078,8.453572713065766e-15,26,7.120452469457008e-08
p31,1000,nm,Mixed FD,scalar,8.0,1e-06,initial,xbar,91,1.6591518675130298e-06,16,1000,,True,-,1.1348166593900295,0.029021024703979492,7.142435426071099e-14,17,2.3515898020097032e-07
p31,1000,tr,Mixed FD,scalar,8.0,1e-06,initial,xbar,91,6.450391498408292e-07,21,1000,1000.0,True,-,0.9962257608538335,0.02504277229309082,7.925224130890995e-15,22,6.779604093766271e-08
p31,1000,nm,Mixed FD,scalar,8.0,1e-06,random,rand1,92,4.408704375917666e-06,20,1000,,True,-,0.9978677166930019,0.04210233688354492,4.896030529721363e-13,21,5.933590823436014e-07
p31,1000,tr,Mixed FD,scalar,8.0,1e-06,random,rand1,92,7.135654326492474e-07,25,1000,1000.0,True,-,0.9970765665858099,0.028324365615844727,9.41855888848314e-15,26,7.366306662858572e-08
p31,1000,nm,Mixed FD,scalar,8.0,1e-06,random,rand2,93,4.904758900236797e-06,20,1000,,True,-,0.9986946000514635,0.043132781982421875,6.01769965914615e-13,21,6.55728611402858e-07
p31,1000,tr,Mixed FD,scalar,8.0,1e-06,random,rand2,93,4.1651670851690344e-07,26,1000,1000.0,True,-,1.0116206033133044,0.029963016510009766,2.970976330994421e-15,27,3.865244891159794e-08
p31,1000,nm,Mixed FD,scalar,8.0,1e-06,random,rand3,94,2.024965115227061e-06,22,1000,,True,-,0.9983746086609713,0.0475766658782959,1.0352099968906987e-13,23,2.737209567046976e-07
p31,1000,tr,Mixed FD,scalar,8.0,1e-06,random,rand3,94,7.403813991148506e-07,25,1000,1000.0,True,-,0.9981494923168283,0.02841043472290039,1.0494288334971912e-14,26,8.016962342514981e-08
p31,1000,nm,Mixed FD,scalar,8.0,1e-06,random,rand4,95,5.015131559502649e-06,20,1000,,True,-,1.0018003691349444,0.04155325889587402,6.331542765943929e-13,21,6.755384795382522e-07
p31,1000,tr,Mixed FD,scalar,8.0,1e-06,random,rand4,95,4.6430756959893157e-07,26,1000,1000.0,True,-,1.0127614027651055,0.02970099449157715,3.745259314252579e-15,27,4.492722058069905e-08
p31,1000,nm,Mixed FD,scalar,8.0,1e-06,random,rand5,96,2.8921520461069776e-06,21,1000,,True,-,0.9985134292266871,0.041966915130615234,2.1910194306732738e-13,22,4.052360640504611e-07
p31,1000,tr,Mixed FD,scalar,8.0,1e-06,random,rand5,96,6.711587906340019e-07,25,1000,1000.0,True,-,0.9955286993768281,0.02892589569091797,8.418271044660198e-15,26,7.1046359160259e-08
p31,1000,nm,Mixed FD,scalar,12.0,1e-06,initial,xbar,97,1.6588734998154225e-06,16,1000,,True,-,1.1348825150471205,0.02819037437438965,7.139364499426011e-14,17,2.351169705735445e-07
p31,1000,tr,Mixed FD,scalar,12.0,1e-06,initial,xbar,97,6.452947727628258e-07,21,1000,1000.0,True,-,0.9960892431571962,0.023647546768188477,7.930760280684472e-15,22,6.782726357066267e-08
p31,1000,nm,Mixed FD,scalar,12.0,1e-06,random,rand1,98,4.411252564762952e-06,20,1000,,True,-,0.9978995883833884,0.04185295104980469,4.90167454143621e-13,21,5.937031665951138e-07
p31,1000,tr,Mixed FD,scalar,12.0,1e-06,random,rand1,98,7.1379288236336e-07,25,1000,1000.0,True,-,0.997057188745545,0.026958465576171875,9.424646433621315e-15,26,7.368797078936598e-08
p31,1000,nm,Mixed FD,scalar,12.0,1e-06,random,rand2,99,4.905159899584443e-06,20,1000,,True,-,0.9987208851723867,0.04220104217529297,6.018368576972717e-13,21,6.557495911826977e-07
p31,1000,tr,Mixed FD,scalar,12.0,1e-06,random,rand2,99,4.166429962808507e-07,26,1000,1000.0,True,-,1.011619692698831,0.0277097225189209,2.9726592698053815e-15,27,3.8662793243215363e-08
p31,1000,nm,Mixed FD,scalar,12.0,1e-06,random,rand3,100,2.0214596193321074e-06,22,1000,,True,-,0.9983245026548463,0.0458984375,1.0316735353982408e-13,23,2.7325939659506927e-07
p31,1000,tr,Mixed FD,scalar,12.0,1e-06,random,rand3,100,7.406270575685532e-07,25,1000,1000.0,True,-,0.9981431624030217,0.029946327209472656,1.0501295188328105e-14,26,8.019802900273601e-08
p31,1000,nm,Mixed FD,scalar,12.0,1e-06,random,rand4,101,5.023707564968281e-06,20,1000,,True,-,1.0018299275672307,0.04605293273925781,6.353301747531072e-13,21,6.767178960565236e-07
p31,1000,tr,Mixed FD,scalar,12.0,1e-06,random,rand4,101,4.6443162050116063e-07,26,1000,1000.0,True,-,1.0127330076690446,0.0293729305267334,3.747382724400692e-15,27,4.4940724408314876e-08
p31,1000,nm,Mixed FD,scalar,12.0,1e-06,random,rand5,102,2.889576137278463e-06,21,1000,,True,-,0.9984480025102411,0.04183030128479004,2.187223224104854e-13,22,4.0489660244538833e-07
p31,1000,tr,Mixed FD,scalar,12.0,1e-06,random,rand5,102,6.713779336116505e-07,25,1000,1000.0,True,-,0.995544132405228,0.027550458908081055,8.423760247283733e-15,26,7.107103173745888e-08
p31,1000,nm,Mixed FD,adaptive,4.0,1e-06,initial,xbar,103,1.6607849959019841e-06,16,1000,,True,-,1.135101384010072,0.02689075469970703,7.154692483240542e-14,17,2.3537381475904355e-07
p31,1000,tr,Mixed FD,adaptive,4.0,1e-06,initial,xbar,103,6.462369260831294e-07,21,1000,1000.0,True,-,0.9962307835375601,0.0263822078704834,7.9549727852609e-15,22,6.792296456179354e-08
p31,1000,nm,Mixed FD,adaptive,4.0,1e-06,random,rand1,104,4.416581125046537e-06,20,1000,,True,-,0.9978633864271053,0.0444941520690918,4.913956723486917e-13,21,5.944693629713994e-07
p31,1000,tr,Mixed FD,adaptive,4.0,1e-06,random,rand1,104,7.145462685249559e-07,25,1000,1000.0,True,-,0.9970698739451149,0.02844858169555664,9.445444891711181e-15,26,7.377205152418967e-08
p31,1000,nm,Mixed FD,adaptive,4.0,1e-06,random,rand2,105,4.913361813409011e-06,20,1000,,True,-,0.9986951041873937,0.04140353202819824,6.039329848483942e-13,21,6.569337187378747e-07
p31,1000,tr,Mixed FD,adaptive,4.0,1e-06,random,rand2,105,3.8765397553643695e-07,26,1000,1000.0,True,-,0.9770748325381372,0.02832627296447754,2.764921286411682e-15,27,4.0027058194254894e-08
p31,1000,nm,Mixed FD,adaptive,4.0,1e-06,random,rand3,106,2.033108554526548e-06,22,1000,,True,-,0.9983752231184189,0.04939007759094238,1.043624506682202e-13,23,2.74838225256303e-07
p31,1000,tr,Mixed FD,adaptive,4.0,1e-06,random,rand3,106,7.414175692352286e-07,25,1000,1000.0,True,-,0.9981559651689282,0.026753664016723633,1.0525637712517044e-14,26,8.02972964829886e-08
p31,1000,nm,Mixed FD,adaptive,4.0,1e-06,random,rand4,107,5.0241603131496254e-06,20,1000,,True,-,1.0017967028783694,0.04338431358337402,6.354963821085748e-13,21,6.768222305916788e-07
p31,1000,tr,Mixed FD,adaptive,4.0,1e-06,random,rand4,107,4.649551696091581e-07,26,1000,1000.0,True,-,1.0127697987925437,0.0301058292388916,3.755831316571632e-15,27,4.499184901711887e-08
p31,1000,nm,Mixed FD,adaptive,4.0,1e-06,random,rand5,108,2.896857836725558e-06,21,1000,,True,-,0.9985138273476026,0.04329419136047363,2.198381914594918e-13,22,4.05936793892976e-07
p31,1000,tr,Mixed FD,adaptive,4.0,1e-06,random,rand5,108,6.720855213920685e-07,25,1000,1000.0,True,-,0.9955205519497429,0.026856660842895508,8.443036964945758e-15,26,7.115731189734355e-08
p31,1000,nm,Mixed FD,adaptive,8.0,1e-06,initial,xbar,109,1.6591519625757892e-06,16,1000,,True,-,1.1348167024314193,0.02751445770263672,7.142436385285355e-14,17,2.3515899680706158e-07
p31,1000,tr,Mixed FD,adaptive,8.0,1e-06,initial,xbar,109,6.450391540901414e-07,21,1000,1000.0,True,-,0.9962257549187377,0.028250694274902344,7.925223839474777e-15,22,6.779603861084055e-08
p31,1000,nm,Mixed FD,adaptive,8.0,1e-06,random,rand1,110,4.408658535548649e-06,20,1000,,True,-,0.9978676806640461,0.043094635009765625,4.895929484166745e-13,21,5.933529777143262e-07
p31,1000,tr,Mixed FD,adaptive,8.0,1e-06,random,rand1,110,7.13565429622175e-07,25,1000,1000.0,True,-,0.9970765670081229,0.028083324432373047,9.418558862529023e-15,26,7.366306703499077e-08
p31,1000,nm,Mixed FD,adaptive,8.0,1e-06,random,rand2,111,4.904764597155247e-06,20,1000,,True,-,0.9986946034917943,0.042592763900756836,6.017713834465604e-13,21,6.557294011901972e-07
p31,1000,tr,Mixed FD,adaptive,8.0,1e-06,random,rand2,111,4.165167076265075e-07,26,1000,1000.0,True,-,1.011620606812119,0.02820110321044922,2.9709762772492577e-15,27,3.865244847271061e-08
p31,1000,nm,Mixed FD,adaptive,8.0,1e-06,random,rand3,112,2.0249543799012107e-06,22,1000,,True,-,0.9983746093845371,0.04651618003845215,1.0351991161757672e-13,23,2.737195311720614e-07
p31,1000,tr,Mixed FD,adaptive,8.0,1e-06,random,rand3,112,7.403814105291151e-07,25,1000,1000.0,True,-,0.9981494955266471,0.029607295989990234,1.0494288559548824e-14,26,8.016962461461054e-08
p31,1000,nm,Mixed FD,adaptive,8.0,1e-06,random,rand4,113,5.015135216989017e-06,20,1000,,True,-,1.0018003765758772,0.041103363037109375,6.331551886131962e-13,21,6.755389608514303e-07
p31,1000,tr,Mixed FD,adaptive,8.0,1e-06,random,rand4,113,4.643075773883608e-07,26,1000,1000.0,True,-,1.0127614114165566,0.02952742576599121,3.745259359736826e-15,27,4.492722064353841e-08
p31,1000,nm,Mixed FD,adaptive,8.0,1e-06,random,rand5,114,2.892164019947312e-06,21,1000,,True,-,0.9985134237962442,0.042508840560913086,2.1910373984300232e-13,22,4.0523770559405283e-07
p31,1000,tr,Mixed FD,adaptive,8.0,1e-06,random,rand5,114,6.711587990376442e-07,25,1000,1000.0,True,-,0.9955286957345445,0.02621603012084961,8.418271204764298e-15,26,7.104635925453092e-08
p31,1000,nm,Mixed FD,adaptive,12.0,1e-06,initial,xbar,115,1.6582794314786707e-06,16,1000,,True,-,1.1346972557390198,0.03413820266723633,7.135959563446357e-14,17,2.3506305797419955e-07
p31,1000,tr,Mixed FD,adaptive,12.0,1e-06,initial,xbar,115,6.452663191174812e-07,21,1000,1000.0,True,-,0.9962008998949862,0.02800130844116211,7.92658249913855e-15,22,6.778615076101257e-08
p31,1000,nm,Mixed FD,adaptive,12.0,1e-06,random,rand1,116,4.315837600293884e-06,20,1000,,True,-,0.997749899424464,0.042344093322753906,4.693937907570434e-13,21,5.810315696648555e-07
p31,1000,tr,Mixed FD,adaptive,12.0,1e-06,random,rand1,116,7.137360525580316e-07,25,1000,1000.0,True,-,0.9970755661623008,0.028483867645263672,9.423086075075965e-15,26,7.368016605057029e-08
p31,1000,nm,Mixed FD,adaptive,12.0,1e-06,random,rand2,117,4.712994739285771e-06,20,1000,,True,-,0.9986736987661559,0.041117191314697266,5.549192587136174e-13,21,6.291695118286088e-07
p31,1000,tr,Mixed FD,adaptive,12.0,1e-06,random,rand2,117,4.165073141452646e-07,26,1000,1000.0,True,-,1.01158768659275,0.029520750045776367,2.970776907200302e-15,27,3.86510053136425e-08
p31,1000,nm,Mixed FD,adaptive,12.0,1e-06,random,rand3,118,2.0180515960634864e-06,22,1000,,True,-,0.9983607862855473,0.04546666145324707,1.0284988119701494e-13,23,2.7287383840015894e-07
p31,1000,tr,Mixed FD,adaptive,12.0,1e-06,random,rand3,118,7.405410313620423e-07,25,1000,1000.0,True,-,0.9981487886536546,0.027901887893676758,1.0498706350573023e-14,26,8.018510279480448e-08
p31,1000,nm,Mixed FD,adaptive,12.0,1e-06,random,rand4,119,5.01945853991496e-06,20,1000,,True,-,1.0018455970758624,0.041318655014038086,6.344253722676759e-13,21,6.7630079757977e-07
p31,1000,tr,Mixed FD,adaptive,12.0,1e-06,random,rand4,119,4.6446607098221217e-07,26,1000,1000.0,True,-,1.01277871259008,0.030374765396118164,3.7472009788690634e-15,27,4.4935384923878015e-08
p31,1000,nm,Mixed FD,adaptive,12.0,1e-06,random,rand5,120,2.953620333932994e-06,21,1000,,True,-,0.9985174449278416,0.04236888885498047,2.2841582335941414e-13,22,4.1363678132808663e-07
p31,1000,tr,Mixed FD,adaptive,12.0,1e-06,random,rand5,120,6.712161098222262e-07,25,1000,1000.0,True,-,0.9955113290269655,0.029179096221923828,8.420060868116425e-15,26,7.105635762643355e-08
p31,1000,nm,Full FD,scalar,4.0,1e-06,initial,xbar,121,8.501013384399869e-08,5,1000,,True,-,1.705060329203275,0.018072843551635742,4.2342860027573865e-16,6,3.7716574810780025e-05
p31,1000,tr,Full FD,scalar,4.0,1e-06,initial,xbar,121,1.5849011692963124e-07,11,1000,1000.0,True,-,0.9183798606934049,0.027375459671020508,5.462114900850192e-16,12,3.3950726930228456e-06
p31,1000,nm,Full FD,scalar,4.0,1e-06,random,rand1,122,2.983080145733288e-07,8,1000,,True,-,1.9522438059616822,0.03591275215148926,4.368826662717426e-15,9,0.0001853800704915201
p31,1000,tr,Full FD,scalar,4.0,1e-06,random,rand1,122,2.603558868038097e-07,12,1000,1000.0,True,-,1.4819709038205968,0.030417919158935547,1.3321628076518354e-15,13,2.4993305095823847e-06
p31,1000,nm,Full FD,scalar,4.0,1e-06,random,rand2,123,8.37840077199488e-10,9,1000,,True,-,2.136961861654197,0.03924298286437988,3.0994579054592114e-20,10,2.764200975567454e-07
p31,1000,tr,Full FD,scalar,4.0,1e-06,random,rand2,123,1.6687862880039952e-07,13,1000,1000.0,True,-,1.08479944592065,0.03610992431640625,4.865392784882498e-16,14,1.77274375636264e-06
p31,1000,nm,Full FD,scalar,4.0,1e-06,random,rand3,124,1.5156430893468175e-08,9,1000,,True,-,2.0372166649014316,0.03673505783081055,1.1149119578888544e-17,10,5.169846920033e-06
p31,1000,tr,Full FD,scalar,4.0,1e-06,random,rand3,124,9.856969518386501e-08,13,1000,1000.0,True,-,1.4040513786029825,0.034339189529418945,1.8745485755117218e-16,14,1.0463964911367578e-06
p31,1000,nm,Full FD,scalar,4.0,1e-06,random,rand4,125,9.819258964693308e-07,9,1000,,True,-,1.9451616350510283,0.0387575626373291,1.695911258477631e-14,10,0.00037270264250640044
p31,1000,tr,Full FD,scalar,4.0,1e-06,random,rand4,125,7.250954366705111e-07,14,1000,1000.0,True,-,2.721741924919757,0.03623628616333008,9.46731145115459e-15,15,7.462072124973634e-06
p31,1000,nm,Full FD,scalar,4.0,1e-06,random,rand5,126,2.7770824710193344e-07,10,1000,,True,-,1.971927117528363,0.03697705268859863,2.439911762982202e-15,11,0.0002093397881945594
p31,1000,tr,Full FD,scalar,4.0,1e-06,random,rand5,126,1.0025131721491096e-07,15,1000,1000.0,True,-,1.6117786984724554,0.03824114799499512,2.0963333871737588e-16,16,5.4780506304490776e-08
p31,1000,nm,Full FD,scalar,8.0,1e-06,initial,xbar,127,5.230993634562451e-09,5,1000,,True,-,2.0023595155470657,0.01796746253967285,1.3883396385361427e-18,6,0.0001371364537611591
p31,1000,tr,Full FD,scalar,8.0,1e-06,initial,xbar,127,1.3346835339936476e-07,11,1000,1000.0,True,-,0.9414827288423807,0.028734683990478516,3.807108036053512e-16,12,2.974245496028006e-06
p31,1000,nm,Full FD,scalar,8.0,1e-06,random,rand1,128,6.042682255686097e-07,9,1000,,True,-,2.5468328989842237,0.03903651237487793,1.5286625621786242e-14,10,0.0002358439590516535
p31,1000,tr,Full FD,scalar,8.0,1e-06,random,rand1,128,7.049021401026061e-07,14,1000,1000.0,True,-,1.3949254840841736,0.035851478576660156,1.1340628149700895e-14,15,3.638485078228805e-06
p31,1000,nm,Full FD,scalar,8.0,1e-06,random,rand2,129,4.2989708885490414e-07,10,1000,,True,-,2.1278474536146166,0.04304027557373047,6.406392978360346e-15,11,0.0002015959156615171
p31,1000,tr,Full FD,scalar,8.0,1e-06,random,rand2,129,1.3273836250195535e-07,19,1000,1000.0,True,-,1.616020626808296,0.050063371658325195,0.5124582887198325,20,1.2846072544561425e-07
p31,1000,nm,Full FD,scalar,8.0,1e-06,random,rand3,130,7.60250109822564e-09,14,1000,,True,-,2.3961106776789536,0.06445550918579102,1.9658005703139517e-18,15,2.05489496785424e-05
p31,1000,tr,Full FD,scalar,8.0,1e-06,random,rand3,130,3.647072186136799e-07,21,1000,1000.0,True,-,0.43816986864802765,0.054007530212402344,1.5373748661595052,22,2.5233657448733025e-07
p31,1000,nm,Full FD,scalar,8.0,1e-06,random,rand4,131,8.73467179546174e-11,11,1000,,True,-,2.2327126353727813,0.0439753532409668,3.0002767493066494e-22,12,2.622431639855457e-06
p31,1000,tr,Full FD,scalar,8.0,1e-06,random,rand4,131,7.202430253727895e-07,17,1000,1000.0,True,-,3.23432689283512,0.04440617561340332,0.9529150488985151,18,2.339911725826234e-06
p31,1000,nm,Full FD,scalar,8.0,1e-06,random,rand5,132,2.3693464443435626e-11,10,1000,,True,-,2.03423366372557,0.04050040245056152,1.5298747735778594e-23,11,2.0830511289937532e-06
p31,1000,tr,Full FD,scalar,8.0,1e-06,random,rand5,132,1.4746096772171046e-07,23,1000,1000.0,True,-,2.076930721322503,0.058910369873046875,1.5373748661594961,24,3.052156739492188e-07
p31,1000,nm,Full FD,scalar,12.0,1e-06,initial,xbar,133,115.16965384217268,1000,1000,,False,MAX,-0.5259648094177394,3.2065868377685547,287.55540872301714,1001,0.2358021978659756
p31,1000,tr,Full FD,scalar,12.0,1e-06,initial,xbar,133,8.251679466158815e-05,999,1000,1000.0,False,MAX,-0.0,2.4176812171936035,0.8403431151533063,1001,3.925231146709438e-17
p31,1000,nm,Full FD,scalar,12.0,1e-06,random,rand1,134,1069.49929437428,1000,1000,,False,MAX,0.26422377946743003,3.3534996509552,7751.448914510074,1001,2.9643880162646342e-08
p31,1000,tr,Full FD,scalar,12.0,1e-06,random,rand1,134,8.202682046083717e-07,130,1000,1000.0,True,-,8.225962468336869,0.3063364028930664,6.51289873596629e-15,131,4.053964616181907e-08
p31,1000,nm,Full FD,scalar,12.0,1e-06,random,rand2,135,990.6877144162086,1000,1000,,False,MAX,-0.031530741233976686,3.297884464263916,7030.334322198669,1001,6.302663171542566e-08
p31,1000,tr,Full FD,scalar,12.0,1e-06,random,rand2,135,6.806563469117517e-07,145,1000,1000.0,True,-,-1.7840377906057883,0.3589954376220703,1.3260286794732314e-14,146,2.576741864850359e-08
p31,1000,nm,Full FD,scalar,12.0,1e-06,random,rand3,136,1072.3452878756907,1000,1000,,False,MAX,-0.04301780738787365,3.3113515377044678,7729.090301219339,1001,3.5416211313266806e-08
p31,1000,tr,Full FD,scalar,12.0,1e-06,random,rand3,136,6.321351306931575e-07,159,1000,1000.0,True,-,2.523234461698654,0.3758227825164795,9.682087246234918e-15,160,5.7969914517224716e-08
p31,1000,nm,Full FD,scalar,12.0,1e-06,random,rand4,137,1118.9862644167283,1000,1000,,False,MAX,-1.0006371617592797,3.3156626224517822,8152.1805090471335,1001,3.68091460326849e-08
p31,1000,tr,Full FD,scalar,12.0,1e-06,random,rand4,137,7.037224669077163e-07,132,1000,1000.0,True,-,-0.923755886876416,0.3153378963470459,6.859822267627921e-15,133,5.1216649002164075e-08
p31,1000,nm,Full FD,scalar,12.0,1e-06,random,rand5,138,893.3426274948918,1000,1000,,False,MAX,-0.9813981359918679,3.3223536014556885,6044.308089748156,1001,7.57627222043034e-08
p31,1000,tr,Full FD,scalar,12.0,1e-06,random,rand5,138,9.60061203240184e-07,108,1000,1000.0,True,-,6.010588561499834,0.2635200023651123,8.640917104086996e-15,109,4.0918775950765706e-08
p31,1000,nm,Full FD,adaptive,4.0,1e-06,initial,xbar,139,4.38555060961276e-08,5,1000,,True,-,1.6990726195254708,0.016222715377807617,1.140986026415656e-16,6,3.8849151013844896e-05
p31,1000,tr,Full FD,adaptive,4.0,1e-06,initial,xbar,139,1.591010010463822e-07,11,1000,1000.0,True,-,0.9189811758566301,0.03652191162109375,5.487634036400508e-16,12,3.4041995975504427e-06
p31,1000,nm,Full FD,adaptive,4.0,1e-06,random,rand1,140,2.0469643233844255e-07,8,1000,,True,-,1.947868892327164,0.041562557220458984,1.3561142529097457e-15,9,0.00018773945703378685
p31,1000,tr,Full FD,adaptive,4.0,1e-06,random,rand1,140,2.606593074624441e-07,12,1000,1000.0,True,-,1.4823372739376481,0.03093552589416504,1.3345401517585668e-15,13,2.500152869333446e-06
p31,1000,nm,Full FD,adaptive,4.0,1e-06,random,rand2,141,7.238202309272273e-10,9,1000,,True,-,2.086046143250529,0.037011146545410156,2.4311583028612247e-20,10,3.404707641792677e-07
p31,1000,tr,Full FD,adaptive,4.0,1e-06,random,rand2,141,1.6660924848213224e-07,13,1000,1000.0,True,-,1.0849478373637025,0.03358578681945801,4.853614776384114e-16,14,1.7705989107465978e-06
p31,1000,nm,Full FD,adaptive,4.0,1e-06,random,rand3,142,1.1100132592838594e-08,9,1000,,True,-,2.0248419911417153,0.03672909736633301,6.0325014489071194e-18,10,5.413461870819428e-06
p31,1000,tr,Full FD,adaptive,4.0,1e-06,random,rand3,142,9.190763299047114e-08,15,1000,1000.0,True,-,1.2054945955637335,0.03798484802246094,1.7724825534715837e-16,16,1.0388916841948714e-07
p31,1000,nm,Full FD,adaptive,4.0,1e-06,random,rand4,143,1.4545340527248378e-10,10,1000,,True,-,2.163577390662939,0.03959059715270996,8.691586672079199e-22,11,6.711044415905441e-08
p31,1000,tr,Full FD,adaptive,4.0,1e-06,random,rand4,143,7.252943387372166e-07,14,1000,1000.0,True,-,2.7229531755040757,0.03504228591918945,9.462725862511695e-15,15,7.4544880652712155e-06
p31,1000,nm,Full FD,adaptive,4.0,1e-06,random,rand5,144,2.7932129835899314e-07,10,1000,,True,-,1.9715977502422146,0.04579472541809082,1.1769451861384304e-15,11,0.00021176368621103915
p31,1000,tr,Full FD,adaptive,4.0,1e-06,random,rand5,144,1.0050293693920231e-07,15,1000,1000.0,True,-,1.611269379095821,0.04153299331665039,2.1148339885025692e-16,16,5.4749584898709154e-08
p31,1000,nm,Full FD,adaptive,8.0,1e-06,initial,xbar,145,2.0548853363668653e-10,5,1000,,True,-,1.822154429656165,0.018978595733642578,1.3448680524731137e-21,6,3.91553740888545e-06
p31,1000,tr,Full FD,adaptive,8.0,1e-06,initial,xbar,145,9.615215677722384e-08,15,1000,1000.0,True,-,1.5063770986737353,0.038513898849487305,2.1027075849088256e-16,16,4.971598317690827e-08
p31,1000,nm,Full FD,adaptive,8.0,1e-06,random,rand1,146,1.097326719967016e-13,276,1000,,True,-,1.8298534514646032,0.9593198299407959,3.62179600133775e-28,277,1.3915204607887945e-07
p31,1000,tr,Full FD,adaptive,8.0,1e-06,random,rand1,146,4.747756828898897e-07,18,1000,1000.0,True,-,1.455513521133825,0.04466509819030762,4.039312696497358e-15,19,3.633348596699154e-06
p31,1000,nm,Full FD,adaptive,8.0,1e-06,random,rand2,147,7.414898496186651e-07,210,1000,,True,-,1.3114158490114798,0.7227106094360352,1.3537792082025908e-14,211,0.00029977919830943996
p31,1000,tr,Full FD,adaptive,8.0,1e-06,random,rand2,147,7.784172298773313e-08,16,1000,1000.0,True,-,1.4506823115321728,0.039222002029418945,1.126745104604184e-16,17,8.620363832425017e-08
p31,1000,nm,Full FD,adaptive,8.0,1e-06,random,rand3,148,3.399137045181487e-08,212,1000,,True,-,2.1472303082893234,0.7275073528289795,3.1799934298360875e-17,213,4.452571331875671e-05
p31,1000,tr,Full FD,adaptive,8.0,1e-06,random,rand3,148,1.4773430903846244e-07,16,1000,1000.0,True,-,1.0974757388146896,0.04051637649536133,5.528295886301022e-16,17,1.8443048843461622e-07
p31,1000,nm,Full FD,adaptive,8.0,1e-06,random,rand4,149,3.0975016026838365e-13,231,1000,,True,-,1.927459538926127,0.7966430187225342,2.2729547869746166e-27,232,1.1350692957314863e-07
p31,1000,tr,Full FD,adaptive,8.0,1e-06,random,rand4,149,1.6148043269434765e-07,16,1000,1000.0,True,-,1.712802435416679,0.03984951972961426,6.90931143419808e-16,17,3.529245318566811e-07
p31,1000,nm,Full FD,adaptive,8.0,1e-06,random,rand5,150,7.470854938241224e-08,199,1000,,True,-,2.341381092841057,0.6762347221374512,1.9717290173855295e-16,200,8.122024692395495e-05
p31,1000,tr,Full FD,adaptive,8.0,1e-06,random,rand5,150,1.540065183111294e-07,19,1000,1000.0,True,-,1.435486321606669,0.04602956771850586,4.456190406764772e-16,20,1.443055705464146e-07
p31,1000,nm,Full FD,adaptive,12.0,1e-06,initial,xbar,151,108.20779969186492,1000,1000,,False,MAX,-0.6033473945131217,3.205244779586792,311.63029852830863,1001,0.18035596094567577
p31,1000,tr,Full FD,adaptive,12.0,1e-06,initial,xbar,151,0.0003820405973120119,738,1000,1000.0,False,LS,-4.31260347396039,1.7973101139068604,0.8403431270082226,739,4.375127671181477e-06
p31,1000,nm,Full FD,adaptive,12.0,1e-06,random,rand1,152,1426.363066657748,1000,1000,,False,MAX,-1.6464811384653475,3.341233968734741,10446.774673971802,1001,5.470901754582104e-12
p31,1000,tr,Full FD,adaptive,12.0,1e-06,random,rand1,152,3.186902027212505e-07,126,1000,1000.0,True,-,1.1577535754272654,0.31059908866882324,1.4677452315380462e-15,127,1.5072112205655434e-08
p31,1000,nm,Full FD,adaptive,12.0,1e-06,random,rand2,153,1284.3678437191238,1000,1000,,False,MAX,-1.0918671842510999,3.3176686763763428,9182.189749485444,1001,3.0996563898240896e-10
p31,1000,tr,Full FD,adaptive,12.0,1e-06,random,rand2,153,7.391499616011232e-07,128,1000,1000.0,True,-,-2.1427111729302903,0.31127476692199707,6.453727632917909e-15,129,3.1697479573705023e-08
p31,1000,nm,Full FD,adaptive,12.0,1e-06,random,rand3,154,1363.8492528993845,1000,1000,,False,MAX,-17.485198116989658,3.3721556663513184,9987.609292403622,1001,7.861863861240241e-09
p31,1000,tr,Full FD,adaptive,12.0,1e-06,random,rand3,154,8.056182486365341e-07,143,1000,1000.0,True,-,-0.8354226370535542,0.34639787673950195,3.61221297080701e-14,144,3.111985585807234e-07
p31,1000,nm,Full FD,adaptive,12.0,1e-06,random,rand4,155,1308.401445147451,1000,1000,,False,MAX,-8.298196787246727,3.3277313709259033,9557.993987335267,1001,1.8334323374714544e-11
p31,1000,tr,Full FD,adaptive,12.0,1e-06,random,rand4,155,8.791223164374536e-07,161,1000,1000.0,True,-,0.14233397753058769,0.38260674476623535,6.6802702698123915e-15,162,2.340999513749794e-08
p31,1000,nm,Full FD,adaptive,12.0,1e-06,random,rand5,156,1278.4037194166751,1000,1000,,False,MAX,-0.9433714614897574,3.3701345920562744,8894.2416881617,1001,2.1231574143701116e-09
p31,1000,tr,Full FD,adaptive,12.0,1e-06,random,rand5,156,3.878062185856661e-07,126,1000,1000.0,True,-,-0.5875828647351772,0.31708312034606934,2.4152310204824683e-15,127,4.5617165357150364e-08
