,n,k,norm_gradient,time,final_score,converges,iterations,conv,path
0,2,4,5.831199119618645e-10,0.014288663864135742,7.3770877158436665,True,10,2.0147173047728337,"[[-1.         -1.        ]
 [-1.25282896  2.05748355]
 [-0.88027434  1.06378437]
 [-0.61532257  0.94613464]
 [-0.40630746  0.96928837]
 [-0.27325009  0.98177479]
 [-0.20568228  0.98810713]
 [-0.17846956  0.99025379]
 [-0.17230131  0.9907074 ]
 [-0.17195295  0.99073252]
 [-0.17195189  0.9907326 ]]"
1,2,8,4.92537668745231e-14,0.07437515258789062,1.3731110131503237e-29,True,39,1.895133809679083,"[[-1.         -1.        ]
 [-0.7974073  -0.53896839]
 [-0.76660991  0.19813679]
 [-0.75177281  0.22140319]
 [-0.65391333  0.33377227]
 [-0.35723957  0.79557915]
 [-0.41864548  1.00703282]
 [-0.33692799  0.97426413]
 [-0.26680939  0.98081225]
 [-0.25004779  1.02366239]
 [-0.13056348  0.94156659]
 [-0.13126463  1.00186184]
 [-0.19171176  0.98984853]
 [-0.19130118  0.98984157]
 [-0.19112717  0.98954113]
 [-0.18728695  0.98702043]
 [-0.18359237  0.99002083]
 [-0.18348797  0.99001522]
 [-0.18338529  0.99001324]
 [-0.18305533  0.98857855]
 [-0.17638325  0.98501301]
 [-0.18275971  0.9898303 ]
 [-0.17945936  0.98833557]
 [-0.17877172  0.98947662]
 [-0.17869626  0.98949429]
 [-0.17857013  0.98989256]
 [-0.1783746   0.98988335]
 [-0.17832198  0.99066331]
 [-0.17813437  0.99065799]
 [-0.17714706  0.99006901]
 [-0.175907    0.98958435]
 [-0.17587754  0.98959675]
 [-0.17585696  0.9912489 ]
 [ 0.6053736   1.03026159]
 [ 1.14170383  0.96149432]
 [ 1.04435181  0.98946831]
 [ 1.00631523  1.00053721]
 [ 1.00005911  1.00003912]
 [ 1.00000001  1.        ]
 [ 1.          1.        ]]"
2,2,12,4.932777241066121e-10,0.3235931396484375,1.5139542429402243e-21,True,153,2.9281051107231773,"[[-1.         -1.        ]
 [ 0.065096   -1.00000001]
 [ 0.065096   -0.99999995]
 [ 0.065096   -0.99999995]
 [ 0.065096   -0.99999993]
 [ 0.06509592 -0.99999985]
 [ 0.06509592 -0.99999983]
 [ 0.06509592  2.2006525 ]
 [ 0.06509592  2.2006525 ]
 [ 0.77930124  2.2006525 ]
 [ 0.77930123  2.20065246]
 [ 0.77930128  0.64791041]
 [ 0.77930129  0.64791042]
 [ 0.7793013   0.64791043]
 [ 0.77930132  0.64791043]
 [ 0.77930135  0.64791045]
 [ 0.77930138  0.64791046]
 [ 0.77930139  0.64791046]
 [ 0.7793014   0.64791047]
 [ 0.77930146  0.64791049]
 [ 0.77930151  0.64791052]
 [ 0.77930174  0.64791067]
 [ 0.77930176  0.64791068]
 [ 0.77930177  0.64791068]
 [ 0.77930178  0.6479107 ]
 [ 0.77930179  0.6479107 ]
 [ 0.77930181  0.64791069]
 [ 0.77930182  0.64791069]
 [ 0.77930183  0.64791069]
 [ 0.77930184  0.64791069]
 [ 0.77930188  0.64791069]
 [ 1.02715072  0.64791069]
 [ 1.02715069  0.64791073]
 [ 1.02714962  0.64791284]
 [ 1.02714855  0.64791496]
 [ 1.02714855  0.64791496]
 [ 1.02714855  0.64791497]
 [ 1.02714855  0.64791498]
 [ 1.02714855  0.64791498]
 [ 1.02714835  0.64791504]
 [ 1.02714835  0.64791505]
 [ 1.02714835  0.64791506]
 [ 1.02714835  0.64791507]
 [ 1.02714835  0.64791508]
 [ 1.0271483   0.64791508]
 [ 1.02714829  0.64791509]
 [ 1.02714829  0.6479151 ]
 [ 1.0271483   1.29329721]
 [ 0.96732304  1.29329721]
 [ 0.98817132  1.2932972 ]
 [ 0.98817137  0.85389155]
 [ 0.9881714   0.85389157]
 [ 0.98817142  0.85389159]
 [ 0.98817139  0.85389169]
 [ 0.98817136  0.85389178]
 [ 0.98817136  0.85389179]
 [ 0.98817138  1.0938328 ]
 [ 0.98817163  1.09383253]
 [ 0.98817163  1.09383251]
 [ 0.98817166  1.09383247]
 [ 0.98817169  1.09383243]
 [ 0.98817171  1.09383239]
 [ 0.98817174  1.09383235]
 [ 1.00084959  0.99008729]
 [ 1.0008496   0.99008731]
 [ 1.0008496   0.99008733]
 [ 1.00084898  0.99008761]
 [ 1.00084837  0.99008788]
 [ 1.00084837  0.99008791]
 [ 1.00006374  0.99008794]
 [ 1.00006375  0.99008795]
 [ 1.00006375  0.99989245]
 [ 1.00006375  1.00006144]
 [ 1.00006375  0.99995852]
 [ 1.00006372  0.99995853]
 [ 1.00006367  0.99995862]
 [ 1.00006364  0.99995861]
 [ 1.00006361  0.99995861]
 [ 1.0000636   0.99995861]
 [ 1.00006359  0.99995862]
 [ 1.00006354  0.99995865]
 [ 1.00006352  0.99995864]
 [ 1.0000635   0.99995863]
 [ 1.00006349  0.99995864]
 [ 1.00006342  0.99995848]
 [ 1.00006338  0.99995848]
 [ 1.00006336  0.9999585 ]
 [ 1.00006335  0.99995851]
 [ 1.00006331  0.9999585 ]
 [ 1.0000633   0.99995849]
 [ 1.0000633   0.99995849]
 [ 1.00006328  0.99995849]
 [ 1.00006324  0.99995853]
 [ 1.00006323  0.99995852]
 [ 1.00006322  0.99995853]
 [ 1.0000632   0.99995853]
 [ 1.00006313  0.99995857]
 [ 1.00006303  0.99995854]
 [ 1.00006303  0.99995854]
 [ 1.00006298  0.99995853]
 [ 1.00006293  0.99995851]
 [ 1.00006292  0.99995851]
 [ 1.00006282  0.99995855]
 [ 1.00006272  0.99995861]
 [ 1.00006269  0.99995862]
 [ 1.00006268  0.99995862]
 [ 1.00006265  0.99995863]
 [ 1.00006239  0.99995919]
 [ 1.00006236  0.9999592 ]
 [ 1.00006234  0.9999592 ]
 [ 1.00006231  0.99995921]
 [ 1.0000623   0.99995922]
 [ 1.00006229  0.99995923]
 [ 1.00006225  0.99995922]
 [ 1.00006223  0.99995922]
 [ 1.00006216  0.99995917]
 [ 1.00006215  0.99995917]
 [ 1.00006212  0.99995919]
 [ 1.00006211  0.99995919]
 [ 1.00006203  0.99995915]
 [ 1.000062    0.99995913]
 [ 1.00006198  0.99995914]
 [ 1.00006195  0.99995915]
 [ 1.00006193  0.99995917]
 [ 1.00006193  1.00002148]
 [ 1.00006175  1.00002148]
 [ 1.00006173  1.00002148]
 [ 1.00006153  1.00002147]
 [ 1.00006056  1.00002178]
 [ 1.00006039  1.00002178]
 [ 1.00006037  1.00002178]
 [ 1.00006035  1.00002155]
 [ 1.00006019  0.99999814]
 [ 1.00006014  0.99999817]
 [ 1.0000601   0.9999982 ]
 [ 1.00006008  0.9999982 ]
 [ 1.00006006  0.99999821]
 [ 1.00006001  0.99999823]
 [ 1.00005998  0.99999825]
 [ 0.99997916  0.99999825]
 [ 0.99997917  0.99999826]
 [ 0.99997919  0.99999826]
 [ 0.99997922  0.99999828]
 [ 1.00000735  0.99999828]
 [ 0.99999723  0.99999828]
 [ 0.99999724  0.99999829]
 [ 0.99999726  0.9999983 ]
 [ 1.00000114  0.9999983 ]
 [ 1.00000095  0.99999997]
 [ 0.99999945  0.99999997]
 [ 0.99999951  0.99999996]
 [ 0.99999971  1.00000045]
 [ 0.99999974  1.00000001]
 [ 1.          1.        ]]"
3,1000,4,3.1025813540833206e-10,0.06488537788391113,7.086281647937153,True,11,1.7305101468275603,"[np.float64(21.473400690740363), np.float64(21.9823445911584), np.float64(42.9293771522137), np.float64(6.49442440115789), np.float64(3.080467977612345), np.float64(0.7169358040150845), np.float64(0.16473724355160393), np.float64(0.05104357745293207), np.float64(0.004626304232584741), np.float64(3.637892859988278e-05), np.float64(8.302168563541675e-09)]"
4,1000,8,2.6698070112066993e-08,0.3696720600128174,3.564778607099257e-18,True,53,2.0198699171014187,"[np.float64(70.96328680361299), np.float64(0.10511924423535117), np.float64(0.484144673454925), np.float64(1.3847061450917229), np.float64(0.04417236815735507), np.float64(0.5937063551238213), np.float64(0.002313837535593863), np.float64(1.2822836436557339), np.float64(1.007068016274066), np.float64(2.108061155037186), np.float64(2.540594359360172), np.float64(0.13406021357691042), np.float64(0.16540455395101028), np.float64(0.3934319661723166), np.float64(0.24678135267640805), np.float64(2.065097394192096), np.float64(0.0018648065373193892), np.float64(0.5592968239341265), np.float64(0.747017056868837), np.float64(0.6275958607657933), np.float64(0.01125577856209791), np.float64(0.2945478953040592), np.float64(0.05328180522819195), np.float64(0.3405654879821903), np.float64(0.0032101656892295264), np.float64(7.214280094496427e-06), np.float64(0.003128636417726186), np.float64(9.46287461345449e-06), np.float64(3.731176104525992e-05), np.float64(0.003500378920113964), np.float64(0.0005204183954453139), np.float64(1.5753349763134254e-05), np.float64(8.517755026398686e-05), np.float64(1.5851829656911515e-05), np.float64(0.005916088289112151), np.float64(0.03935644548740103), np.float64(0.0003484330018114974), np.float64(0.0006601116747465601), np.float64(0.0003330257479782791), np.float64(0.012187428589827057), np.float64(0.0020016716389286435), np.float64(0.0001830083233508409), np.float64(0.0003706412771615963), np.float64(0.00043966478253799993), np.float64(0.010690584395736814), np.float64(0.0044141470855974035), np.float64(0.0019462699326417427), np.float64(0.4621939028859552), np.float64(0.18354164586367644), np.float64(0.355003772304342), np.float64(0.05663744201135768), np.float64(0.0033395996408028326), np.float64(1.0976090938372006e-05)]"
5,1000,12,7072.531235203341,6.142317533493042,127516.43111685103,False,1000,-0.8802873039640842,"[np.float64(1.0649160212944668), np.float64(3.736725954816919e-08), np.float64(4.884213062390992e-10), np.float64(7.244426407800021e-08), np.float64(3.9788093713795485e-10), np.float64(1.0597172532751465e-07), np.float64(4.923177550369412e-08), np.float64(5.496128531570554e-10), np.float64(4.879919760618589e-10), np.float64(9.536102113223798e-08), np.float64(1.2125603935601533e-07), np.float64(6.325908413516602e-08), np.float64(4.884716461854876e-10), np.float64(4.578655524157178e-08), np.float64(4.87684260003699e-10), np.float64(4.88374438018709e-10), np.float64(4.418760240214615e-09), np.float64(6.946369428650643e-08), np.float64(7.969407756446511e-08), np.float64(7.707209731034192e-08), np.float64(9.955315317626438e-08), np.float64(8.772772918737864e-08), np.float64(5.7489987648177834e-08), np.float64(4.333411545915466e-09), np.float64(2.1575170708045228e-08), np.float64(4.394890850253354e-10), np.float64(5.487949294438399e-10), np.float64(0.7056299757242284), np.float64(5.962206449577256e-08), np.float64(7.590342976653134e-08), np.float64(7.674225381711387e-08), np.float64(7.978943449559604e-08), np.float64(8.60982824170398e-08), np.float64(5.574348982163868e-08), np.float64(8.846118057508291e-08), np.float64(1.7593315727504838e-07), np.float64(9.003155394015026e-08), np.float64(1.428841552943321e-07), np.float64(1.9792948155507485e-07), np.float64(7.858435426913164e-08), np.float64(5.686300076828772e-08), np.float64(9.24794586156905e-08), np.float64(5.4877425800732355e-08), np.float64(6.398616862452004e-08), np.float64(8.688873705550958e-08), np.float64(6.586062519544308e-08), np.float64(7.541673030018241e-08), np.float64(5.841373776598666e-08), np.float64(8.191056214935001e-08), np.float64(6.450873287376265e-08), np.float64(6.380359683310779e-08), np.float64(7.401113736194523e-08), np.float64(9.682186559954491e-08), np.float64(8.513119245188647e-08), np.float64(7.403672511880536e-08), np.float64(5.5603170967290926e-08), np.float64(7.27109343316294e-08), np.float64(5.107741491348952e-08), np.float64(6.58911407520269e-08), np.float64(6.920611036951552e-08), np.float64(7.897725652827523e-08), np.float64(1.2007824188618884e-07), np.float64(4.1509922681187166e-08), np.float64(8.950479171201356e-08), np.float64(9.870164545252181e-08), np.float64(1.1656537930863386e-07), np.float64(8.769609335603713e-08), np.float64(6.822110327255656e-08), np.float64(6.42686843418324e-08), np.float64(9.060144757517629e-08), np.float64(5.100610759259756e-08), np.float64(6.501237934115696e-08), np.float64(5.478611751358125e-08), np.float64(4.439182014318316e-08), np.float64(6.860388226374775e-08), np.float64(6.607912930504319e-08), np.float64(5.4424887225744385e-08), np.float64(6.638889259212204e-08), np.float64(1.024911766630991e-07), np.float64(9.434697586017002e-08), np.float64(9.86042164331746e-08), np.float64(9.748269295471964e-08), np.float64(6.745698635009013e-08), np.float64(4.17670914357237e-08), np.float64(6.604863245298172e-08), np.float64(1.2078098159027075e-07), np.float64(5.373695087011743e-08), np.float64(6.650504824703225e-08), np.float64(6.7118416890902e-08), np.float64(9.677463405369719e-08), np.float64(6.768538415467993e-08), np.float64(5.369958351903484e-08), np.float64(9.922477927861597e-08), np.float64(6.709379403597264e-08), np.float64(6.813220395800946e-08), np.float64(6.674246122584787e-08), np.float64(6.635396090472394e-08), np.float64(6.814083596808094e-08), np.float64(9.438134904572057e-08), np.float64(7.009269555858812e-08), np.float64(6.763296049954116e-08), np.float64(6.707552862424164e-08), np.float64(9.243353856090163e-08), np.float64(5.411306535050172e-08), np.float64(5.270128788973414e-08), np.float64(6.705035346064541e-08), np.float64(6.73174685665841e-08), np.float64(5.325023825305568e-08), np.float64(5.314961865651426e-08), np.float64(9.52501451778446e-08), np.float64(9.609912297215457e-08), np.float64(0.18272235954285715), np.float64(6.724490415235518e-08), np.float64(6.569913937774178e-08), np.float64(6.725634324586373e-08), np.float64(2.975581327498207e-08), np.float64(9.301135202016824e-08), np.float64(6.783882096044558e-08), np.float64(6.729299233453847e-08), np.float64(9.585043105472107e-08), np.float64(9.921838174642975e-08), np.float64(9.675648367133875e-08), np.float64(6.85702297269146e-08), np.float64(9.824915342464846e-08), np.float64(6.777142443984327e-08), np.float64(2.9578515902782585e-08), np.float64(2.3104425022094725e-08), np.float64(9.573631600463578e-08), np.float64(9.342546358098972e-08), np.float64(9.563236772599243e-08), np.float64(9.515396148510762e-08), np.float64(6.772034469302876e-08), np.float64(9.771114073981027e-08), np.float64(6.75059360269031e-08), np.float64(6.71515415081147e-08), np.float64(9.799184247528947e-08), np.float64(3.160190163730781e-08), np.float64(6.753913004776827e-08), np.float64(9.646466328230877e-08), np.float64(2.335800583699156e-08), np.float64(4.275631086621103e-08), np.float64(9.796086223594286e-08), np.float64(6.69431973538831e-08), np.float64(6.738815697201347e-08), np.float64(9.967211045933293e-08), np.float64(9.353525691621e-08), np.float64(1.0082231517778963e-07), np.float64(2.980401658893543e-08), np.float64(6.68637220410166e-08), np.float64(6.718512127712454e-08), np.float64(6.89118173204587e-08), np.float64(6.719081658279344e-08), np.float64(9.745672954042706e-08), np.float64(6.666097883133003e-08), np.float64(9.723046771290536e-08), np.float64(6.61071960371234e-08), np.float64(6.756424681462921e-08), np.float64(6.953340908794928e-08), np.float64(7.173481191045761e-08), np.float64(6.697610439524777e-08), np.float64(5.2184316179463035e-08), np.float64(6.956695575581934e-08), np.float64(6.758326910314018e-08), np.float64(6.785119285919961e-08), np.float64(5.172463408931823e-08), np.float64(9.545233181928388e-08), np.float64(6.67539240585758e-08), np.float64(5.240695976027476e-08), np.float64(2.3195134948275126e-08), np.float64(9.533536903827738e-08), np.float64(6.670061416984174e-08), np.float64(9.701528866812412e-08), np.float64(6.699155015936335e-08), np.float64(9.715218903189863e-08), np.float64(9.646739481102086e-08), np.float64(2.6045510309857374e-08), np.float64(9.831110893580083e-08), np.float64(6.799606288056835e-08), np.float64(2.3168381457874845e-08), np.float64(2.6017558072588364e-08), np.float64(2.976702763262013e-08), np.float64(6.825966186506178e-08), np.float64(9.626201456318616e-08), np.float64(4.2841949364965236e-08), np.float64(5.313558017840917e-08), np.float64(6.743164430933755e-08), np.float64(6.778504836891409e-08), np.float64(9.815643887351896e-08), np.float64(9.347467333073013e-08), np.float64(6.89137851902393e-08), np.float64(6.882782834466219e-08), np.float64(6.836665485530851e-08), np.float64(9.532202237676152e-08), np.float64(6.721430575564371e-08), np.float64(9.542681300249854e-08), np.float64(6.749939008878909e-08), np.float64(9.506571889824958e-08), np.float64(1.0269970963227436e-07), np.float64(9.493759170509825e-08), np.float64(9.765808784237473e-08), np.float64(6.859885392979024e-08), np.float64(9.507652417602595e-08), np.float64(9.809889375201716e-08), np.float64(9.288197446874194e-08), np.float64(6.847084094696895e-08), np.float64(1.0179534249864506e-07), np.float64(6.786162323509009e-08), np.float64(2.9927383543783036e-08), np.float64(9.601932395723576e-08), np.float64(2.621763566173464e-08), np.float64(9.441563858900224e-08), np.float64(4.283811754932201e-08), np.float64(5.281068923215053e-08), np.float64(6.76000638189404e-08), np.float64(6.827159565812291e-08), np.float64(9.822922223285348e-08), np.float64(9.843043224978853e-08), np.float64(9.519067349134906e-08), np.float64(9.698265918032884e-08), np.float64(9.331564441765702e-08), np.float64(2.319613693689269e-08), np.float64(9.727602371344535e-08), np.float64(9.896090355940741e-08), np.float64(6.873008272252574e-08), np.float64(6.735081363352045e-08), np.float64(6.649650356826225e-08), np.float64(6.683351329914969e-08), np.float64(6.708635762845854e-08), np.float64(9.683109340081904e-08), np.float64(6.68846497004421e-08), np.float64(6.727639940922748e-08), np.float64(9.475669221454864e-08), np.float64(9.646250039137795e-08), np.float64(6.801309029931677e-08), np.float64(9.666103386757402e-08), np.float64(6.78850559244645e-08), np.float64(6.690023905839853e-08), np.float64(6.68884898081683e-08), np.float64(6.748168941464012e-08), np.float64(9.745850056022011e-08), np.float64(1.7698538783269357), np.float64(9.458282278242466e-08), np.float64(9.448358949127471e-08), np.float64(6.645497448150252e-08), np.float64(6.831285678093684e-08), np.float64(6.77559950098242e-08), np.float64(6.76309199369566e-08), np.float64(6.717786215447121e-08), np.float64(6.167868064443778e-08), np.float64(5.808832578051519e-08), np.float64(9.583367081447426e-08), np.float64(6.600149989192393e-08), np.float64(9.601350408191963e-08), np.float64(6.751545546195205e-08), np.float64(2.3207905123097394e-08), np.float64(3.16457273296675e-08), np.float64(5.686602584607144e-08), np.float64(7.389698844237501e-08), np.float64(2.3447045490366427e-08), np.float64(9.896207895229081e-08), np.float64(6.714902587022766e-08), np.float64(2.3295227174895043e-08), np.float64(6.828644599453608e-08), np.float64(4.644122927346981e-08), np.float64(6.708385743685546e-08), np.float64(6.615638269780919e-08), np.float64(9.56710707656333e-08), np.float64(3.9073271577452614e-08), np.float64(6.599671047955264e-08), np.float64(5.2894365827610036e-08), np.float64(6.76888522383709e-08), np.float64(4.882574457050718e-08), np.float64(4.273687965642565e-08), np.float64(6.793659926731543e-08), np.float64(9.767532653800024e-08), np.float64(9.859764903200346e-08), np.float64(2.60266001252786e-08), np.float64(6.686480969715203e-08), np.float64(9.451114109208818e-08), np.float64(2.987493638346101e-08), np.float64(5.876544186265039e-08), np.float64(2.3488642663293407e-08), np.float64(9.832204685504248e-08), np.float64(9.764964872475385e-08), np.float64(9.306139149442215e-08), np.float64(9.449124968929085e-08), np.float64(5.364063384461093e-08), np.float64(6.734170014440364e-08), np.float64(2.3256743103638897e-08), np.float64(9.347317726872425e-08), np.float64(9.827880170964191e-08), np.float64(9.844766659512334e-08), np.float64(6.360982920962161e-08), np.float64(2.3148089214897048e-08), np.float64(6.849460161105087e-08), np.float64(6.769117265437064e-08), np.float64(9.62809298711987e-08), np.float64(9.787772307305332e-08), np.float64(2.6092661711803583e-08), np.float64(9.410803894448352e-08), np.float64(9.969556208466032e-08), np.float64(9.476956016834158e-08), np.float64(6.264245843330184e-08), np.float64(6.796160978535526e-08), np.float64(7.341625585893863e-08), np.float64(6.637744562270712e-08), np.float64(6.684622931065473e-08), np.float64(5.2415993548191854e-08), np.float64(5.61745604956865e-08), np.float64(6.682087983904107e-08), np.float64(4.7354236925593285e-08), np.float64(9.784071835465913e-08), np.float64(6.788324103567789e-08), np.float64(1.7563374330373325), np.float64(2.3237540934405857e-08), np.float64(6.735457178919626e-08), np.float64(6.754569036070596e-08), np.float64(2.7833513213988895e-08), np.float64(3.1767960745416506e-08), np.float64(6.761589775384513e-08), np.float64(4.8748311330184663e-08), np.float64(6.771095439114605e-08), np.float64(9.773040250827324e-08), np.float64(4.237428738171507e-08), np.float64(9.626812744469067e-08), np.float64(2.5887638455794464e-08), np.float64(6.800623358935376e-08), np.float64(4.834605096182775e-08), np.float64(5.7932690793770305e-08), np.float64(6.691283774831221e-08), np.float64(3.8742820474215896e-08), np.float64(4.222911566115931e-08), np.float64(6.772092353401494e-08), np.float64(2.5114245071380295e-08), np.float64(5.39564011858035e-08), np.float64(6.683888235464284e-08), np.float64(9.34136635030261e-08), np.float64(5.366123225502188e-08), np.float64(6.693606988080368e-08), np.float64(4.288912357837196e-08), np.float64(5.2967843140231494e-08), np.float64(5.586755682637203e-08), np.float64(9.558078288999642e-08), np.float64(4.403473648373987e-08), np.float64(6.706746500118509e-08), np.float64(5.2793711314722205e-08), np.float64(5.150526706825364e-08), np.float64(2.313150622033981e-08), np.float64(4.130618705734857e-08), np.float64(5.239874956415907e-08), np.float64(7.519876346200328e-08), np.float64(6.80233647832908e-08), np.float64(8.298593657252779e-08), np.float64(2.3285352616299044e-08), np.float64(5.2439374612114584e-08), np.float64(6.651831815056421e-08), np.float64(6.810741753407106e-08), np.float64(6.889320100086546e-08), np.float64(9.776276721223914e-08), np.float64(6.762028382725747e-08), np.float64(6.702532480933153e-08), np.float64(2.3203165145687697e-08), np.float64(5.794596380217326e-08), np.float64(2.6834609094708586e-08), np.float64(7.544038911469972e-08), np.float64(6.804073261600413e-08), np.float64(6.593720554302011e-08), np.float64(9.732207923466223e-08), np.float64(9.514637100038456e-08), np.float64(8.680248482210177e-08), np.float64(6.668578327686796e-08), np.float64(9.906706475233352e-08), np.float64(7.747538603086206e-08), np.float64(9.632948373128033e-08), np.float64(2.609892940332062e-08), np.float64(6.798145617674064e-08), np.float64(1.0194386105301329e-07), np.float64(7.387438558853266e-08), np.float64(5.269292731270039e-08), np.float64(2.3471310818994517e-08), np.float64(3.1520521294008184e-08), np.float64(2.9888634662450875e-08), np.float64(4.8886265364054655e-08), np.float64(5.6397343132755095e-08), np.float64(5.6176687191475765e-08), np.float64(4.5497792808090443e-08), np.float64(9.38748252516088e-08), np.float64(4.279354188663622e-08), np.float64(3.051669638029906e-08), np.float64(6.794182909548682e-08), np.float64(4.3235618536162996e-08), np.float64(6.7291027690412e-08), np.float64(6.3388151697154e-08), np.float64(3.94675921363967e-08), np.float64(5.121527551409397e-08), np.float64(3.994466114811756e-08), np.float64(9.489290833119494e-08), np.float64(9.634837448638328e-08), np.float64(9.773451583147653e-08), np.float64(4.275599825802844e-08), np.float64(5.2651051395150875e-08), np.float64(2.6995000328103305e-08), np.float64(2.6075738698123844e-08), np.float64(4.716100954074299e-08), np.float64(6.670190961683516e-08), np.float64(2.3183705775405866e-08), np.float64(6.717845111999884e-08), np.float64(5.4365617081486904e-08), np.float64(9.965997288738436e-08), np.float64(6.819508090993908e-08), np.float64(9.706224570805307e-08), np.float64(2.9979112784882324e-08), np.float64(3.279791861265665e-08), np.float64(9.778426805295427e-08), np.float64(3.1808987793444603e-08), np.float64(4.9422005277647304e-08), np.float64(7.82325383347199e-08), np.float64(9.513120900407898e-08), np.float64(2.50601062002591e-08), np.float64(9.59975723761414e-08), np.float64(5.454751932632833e-08), np.float64(8.496489552994022e-08), np.float64(2.6120567764032285e-08), np.float64(9.451282483709004e-08), np.float64(6.72413605031269e-08), np.float64(5.249098245088568e-08), np.float64(2.879776568491707e-08), np.float64(6.792555984716932e-08), np.float64(3.457939696606658e-08), np.float64(7.029031064636087e-08), np.float64(6.654684275231558e-08), np.float64(1.7590825250972755), np.float64(4.649782809365007e-08), np.float64(1.0030652181317794e-07), np.float64(4.285747134809945e-08), np.float64(5.047256334997331e-08), np.float64(1.136603652552153), np.float64(1.2021090603749479e-08), np.float64(4.134903416621276e-08), np.float64(1.857898820947609e-08), np.float64(1.2019288842815525e-08), np.float64(4.316041867077728e-08), np.float64(6.811928653653048e-08), np.float64(6.609323531217841e-08), np.float64(3.475714501864822e-08), np.float64(1.2570439649301168e-08), np.float64(9.21387349656473e-08), np.float64(6.166447087710094e-08), np.float64(9.762341716142707e-08), np.float64(2.9181266239106086e-08), np.float64(9.939907736333087e-08), np.float64(7.109526991630309e-09), np.float64(1.2062448220459645e-08), np.float64(1.2083407371713378e-08), np.float64(1.2070367772908422e-08), np.float64(6.696431664503262e-08), np.float64(6.661205997152469e-08), np.float64(1.3088060628549044e-08), np.float64(9.737973872238254e-08), np.float64(4.308061807079286e-08), np.float64(4.303827713526416e-08), np.float64(1.2510419173067087e-08), np.float64(2.980054110878074e-07), np.float64(6.19360123626289e-08), np.float64(6.810726788510507e-08), np.float64(2.6025505767066024e-08), np.float64(1.8563146751839036e-08), np.float64(4.005106662497771e-08), np.float64(5.638034755514135e-08), np.float64(6.647391629569496e-08), np.float64(3.466243421839047e-08), np.float64(1.6443709450738185e-08), np.float64(2.925744188250009e-08), np.float64(1.74290226011989e-08), np.float64(1.2547601599392033e-08), np.float64(6.113954400985485e-08), np.float64(1.755163198149201e-08), np.float64(3.1647183130259e-08), np.float64(3.2244077367276545e-08), np.float64(5.56399369000046e-08), np.float64(8.541363217630777e-08), np.float64(5.44923386550096e-08), np.float64(9.633639887519721e-08), np.float64(4.252551923466726e-08), np.float64(1.1552879563701347e-08), np.float64(4.908430672888506e-08), np.float64(2.900430074031525e-08), np.float64(1.005870386866146e-07), np.float64(1.7580064283102796e-08), np.float64(4.2683473053316556e-08), np.float64(1.1293126767958922e-08), np.float64(4.040527122074625e-08), np.float64(1.2068841547963985e-08), np.float64(6.702731015017276e-08), np.float64(1.864224580223871e-08), np.float64(1.8137938850209575e-07), np.float64(1.2577949258027713e-08), np.float64(4.260624256925547e-08), np.float64(5.192650314070114e-08), np.float64(6.803241522608982e-08), np.float64(9.782458803274409e-08), np.float64(2.913963446766132e-08), np.float64(4.6372780523179625e-08), np.float64(1.0209442790681496e-07), np.float64(8.48987615719205e-09), np.float64(1.7565464950111432e-08), np.float64(6.853816132591468e-08), np.float64(6.742040346203913e-08), np.float64(2.975315474597191e-08), np.float64(2.3233856640185078e-08), np.float64(2.32329817955359e-08), np.float64(3.2467554907251696e-08), np.float64(6.785796294426846e-08), np.float64(6.741016128286786e-08), np.float64(1.3115930143475724e-08), np.float64(3.495801999220356e-08), np.float64(4.283401458203594e-08), np.float64(8.617282460743268e-08), np.float64(1.82572703642971e-08), np.float64(5.286417232621756e-08), np.float64(1.2536434699747258e-08), np.float64(6.784914170054222e-08), np.float64(1.2066405737617028e-08), np.float64(4.266644610040071e-08), np.float64(9.517233525130153e-08), np.float64(6.740707836146342e-08), np.float64(6.720233182697777e-08), np.float64(1.9571012118955435e-08), np.float64(0.7618754588979741), np.float64(5.1229838307641795e-08), np.float64(6.593653996475254e-08), np.float64(2.5903510179342588e-08), np.float64(4.982210086634384e-08), np.float64(6.774727204850259e-08), np.float64(6.755446288688118e-08), np.float64(1.0039768883432214e-07), np.float64(2.315456913667341e-08), np.float64(2.9736839084555516e-08), np.float64(9.54128011380156e-08), np.float64(8.319674248538055e-08), np.float64(9.74562565594853e-08), np.float64(5.195862626053647e-08), np.float64(6.659832398639679e-08), np.float64(2.677837500987869e-08), np.float64(6.741307071037626e-08), np.float64(5.3358815770531915e-08), np.float64(9.797827990488396e-08), np.float64(2.2904029258329115e-08), np.float64(2.693113008027269e-08), np.float64(2.968740797559252e-08), np.float64(9.690185107991918e-08), np.float64(6.88401194293967e-08), np.float64(5.650999614570867e-08), np.float64(2.3238554158732718e-08), np.float64(9.703692100592995e-08), np.float64(6.711938282352314e-08), np.float64(4.3218705737635797e-08), np.float64(6.781769940692228e-08), np.float64(1.0044829841703881e-07), np.float64(9.338888318232142e-08), np.float64(0.2262730905184511), np.float64(1.0179672041111514e-07), np.float64(3.171930914033813e-08), np.float64(4.274637744683346e-08), np.float64(8.658562671109535e-08), np.float64(6.778517473292058e-08), np.float64(6.325316250291289e-08), np.float64(3.944669577568887e-08), np.float64(6.726769550809869e-08), np.float64(6.825824354039443e-08), np.float64(3.1856377653996404e-08), np.float64(2.8877495614044204e-08), np.float64(4.68413344781857e-08), np.float64(6.772616134500092e-08), np.float64(5.0329221691116596e-08), np.float64(3.4525357461905335e-08), np.float64(3.1778803412768674e-08), np.float64(4.833875122677444e-08), np.float64(9.839309310008456e-09), np.float64(5.606693055602374e-08), np.float64(8.558157059910825e-08), np.float64(1.924003761462419e-08), np.float64(3.259266316554751e-08), np.float64(6.729031864377308e-08), np.float64(4.1061560700360814e-08), np.float64(6.263553449437467e-08), np.float64(9.629682959224419e-08), np.float64(9.422417919800536e-08), np.float64(6.40582345452963e-08), np.float64(4.291343642442855e-08), np.float64(5.283637250897775e-08), np.float64(6.783483719681241e-08), np.float64(4.340252872936845e-08), np.float64(9.298557278155694e-08), np.float64(1.5430485176598745e-08), np.float64(6.718422405336848e-08), np.float64(3.000018408662182e-08), np.float64(4.304286969346026e-08), np.float64(8.770251965285543e-08), np.float64(4.042865042003323e-08), np.float64(9.813123269403767e-09), np.float64(9.630421419718175e-08), np.float64(4.3084847946683004e-08), np.float64(3.0632075170733625e-08), np.float64(4.4763056147190186e-09), np.float64(2.982662168077872e-08), np.float64(6.713116971995286e-08), np.float64(2.9529089770430703e-09), np.float64(2.3378186241451988e-08), np.float64(2.3200057664770966e-08), np.float64(2.0894778829360275e-08), np.float64(7.52218768600277e-08), np.float64(2.3094615626147086e-08), np.float64(9.665814214940002e-08), np.float64(2.952124484700212e-09), np.float64(3.482080798150154e-08), np.float64(6.068658104326368e-08), np.float64(8.675904096698892e-08), np.float64(3.132121970080719e-08), np.float64(9.799772345806042e-09), np.float64(2.972602126409157e-08), np.float64(0.10956107845336413), np.float64(6.768263675730108e-08), np.float64(6.727451435965694e-08), np.float64(6.714169028928553e-08), np.float64(6.788420352050399e-08), np.float64(7.951701064281707e-09), np.float64(2.9832329340039194e-08), np.float64(2.680159290480404e-08), np.float64(5.8134486330802054e-09), np.float64(2.7118924345381984e-08), np.float64(4.285561057826468e-08), np.float64(2.963447221417958e-08), np.float64(2.4081142891957128e-08), np.float64(6.700284434373056e-08), np.float64(3.426909837721309e-08), np.float64(7.948878956797687e-09), np.float64(2.9780777109306524e-08), np.float64(6.701364048024255e-08), np.float64(9.186315962950786e-08), np.float64(4.514333686984385e-08), np.float64(5.075729309942918e-08), np.float64(1.135263023854835e-08), np.float64(2.9805825593710396e-08), np.float64(2.5043127149354744e-08), np.float64(9.757461002184783e-08), np.float64(9.567603412929138e-08), np.float64(5.282449873098819e-08), np.float64(3.10250057456831e-08), np.float64(4.7240419045141975e-08), np.float64(6.616643346552659e-08), np.float64(7.613670090204686e-08), np.float64(6.613104049281756e-08), np.float64(4.263514172390953e-08), np.float64(4.266447311437255e-08), np.float64(7.686608131499291e-09), np.float64(8.526231745795158e-09), np.float64(0.0647396001138636), np.float64(7.1573343690468385e-09), np.float64(4.639431919483102e-09), np.float64(6.573436963631354e-08), np.float64(6.785937039340875e-09), np.float64(9.937308360878537e-08), np.float64(6.789025083394205e-08), np.float64(4.809543853038048e-09), np.float64(3.0021493753373546e-08), np.float64(4.812540244920025e-09), np.float64(2.7552238084859974e-09), np.float64(4.4809898368443556e-09), np.float64(4.640311388860611e-09), np.float64(3.522869857638987e-09), np.float64(4.4712094015149224e-08), np.float64(2.030379142548995e-08), np.float64(4.2577179957340095e-08), np.float64(1.4718991534653198e-08), np.float64(4.476551276762272e-09), np.float64(9.642295555317301e-08), np.float64(1.3213580848483827e-08), np.float64(6.713650138115398e-08), np.float64(7.579736054083304e-09), np.float64(4.6365942490154095e-09), np.float64(2.9719454923072033e-08), np.float64(1.5121981007438977e-07), np.float64(6.644770515338142e-08), np.float64(4.4088233697562855e-08), np.float64(4.64209186551829e-09), np.float64(7.168506773683719e-09), np.float64(4.638931221998014e-09), np.float64(6.741334634320235e-08), np.float64(9.353504302992628e-08), np.float64(9.38682195788688e-08), np.float64(6.309830330903136e-08), np.float64(2.279787382226504e-09), np.float64(8.901727266385113e-08), np.float64(2.2778691332248487e-08), np.float64(1.4717849397332061e-08), np.float64(4.480874209341551e-09), np.float64(3.5241734797142654e-09), np.float64(4.580715846308173e-08), np.float64(5.645196044025749e-08), np.float64(6.874368640823895e-08), np.float64(6.696729952892929e-08), np.float64(2.321468731059127e-08), np.float64(9.609987421996351e-08), np.float64(6.21210267837153e-08), np.float64(9.654618170527271e-08), np.float64(9.815973142625073e-08), np.float64(9.462091003559946e-08), np.float64(3.431565673020409e-09), np.float64(9.904692390656663e-08), np.float64(6.742770803144431e-08), np.float64(4.28657002457155e-08), np.float64(8.82692789921826e-08), np.float64(4.793967913357132e-08), np.float64(6.783083700562094e-09), np.float64(6.778730502110752e-08), np.float64(9.576109348649881e-08), np.float64(1.471657398920645e-08), np.float64(6.759158548826761e-08), np.float64(7.583959463667978e-09), np.float64(2.3330495065736172e-08), np.float64(6.151153039206772e-09), np.float64(4.4784351780625425e-09), np.float64(6.7780639037107e-09), np.float64(2.322857273219184e-08), np.float64(4.075250327572472e-08), np.float64(3.4284574411996672e-09), np.float64(1.4640696232770718e-08), np.float64(9.684089585220963e-08), np.float64(1.4093394569455938e-08), np.float64(1.2679606746679508e-08), np.float64(4.8143257330861175e-09), np.float64(6.860623203967076e-08), np.float64(3.178639377722664e-08), np.float64(4.638291775223515e-09), np.float64(4.3733302632538644e-08), np.float64(4.480394499119748e-09), np.float64(6.714680679190977e-08), np.float64(6.142235353977232e-09), np.float64(2.83846445973615e-09), np.float64(5.2753278923740686e-08), np.float64(4.6366844609178774e-09), np.float64(4.640033356233815e-09), np.float64(2.325621243486348e-08), np.float64(6.583200561239349e-08), np.float64(1.6933805763771988e-07), np.float64(4.498661574146956e-08), np.float64(8.152137477604183e-08), np.float64(2.9693558157548964e-08), np.float64(0.023023478263455133), np.float64(6.511283088769625e-08), np.float64(6.696518510416729e-08), np.float64(6.733436410809883e-08), np.float64(4.368352429561174e-09), np.float64(6.743605584155469e-08), np.float64(6.715109921066319e-08), np.float64(1.482895221507406e-07), np.float64(6.70348448356837e-08), np.float64(5.724749392412254e-09), np.float64(6.658190754219224e-08), np.float64(4.361920530960425e-09), np.float64(6.794148180266452e-08), np.float64(3.173781630725734e-08), np.float64(5.235445746360624e-08), np.float64(1.0114211881364922e-07), np.float64(2.7066863339261027e-08), np.float64(3.091414245434326e-08), np.float64(1.6595568722355067e-08), np.float64(3.293653421870314e-08), np.float64(8.735381838703865e-09), np.float64(4.365277450099236e-09), np.float64(1.863228347134181e-08), np.float64(9.741175555466545e-08), np.float64(2.3266065649610074e-08), np.float64(9.673931768660524e-08), np.float64(1.8534033386954445e-08), np.float64(8.322310916772974e-09), np.float64(4.482266590827181e-09), np.float64(9.322575328780736e-08), np.float64(4.3624897884346306e-09), np.float64(8.288161842590403e-09), np.float64(9.5031940261306e-08), np.float64(6.76269030913074e-08), np.float64(2.0982230207953192e-08), np.float64(3.857056254570647e-08), np.float64(8.736787773543675e-09), np.float64(6.888498375222951e-08), np.float64(2.1043019834624842e-08), np.float64(6.833723628274835e-08), np.float64(4.366846624674587e-09), np.float64(9.940581349057465e-08), np.float64(9.269058198041791e-08), np.float64(1.0964103085754338e-07), np.float64(4.3716816370475483e-08), np.float64(3.290546171278788e-08), np.float64(5.932943114127298e-09), np.float64(4.359279755262436e-09), np.float64(1.6608973870221117e-08), np.float64(9.683071389738315e-08), np.float64(1.853839861305134e-08), np.float64(9.423396576722699e-08), np.float64(4.364041876011354e-09), np.float64(1.850396527826129e-08), np.float64(4.366479897849209e-09), np.float64(4.485579671357412e-09), np.float64(9.338429761688059e-08), np.float64(5.546852043281665e-08), np.float64(9.527621248439008e-08), np.float64(7.317934431591374e-08), np.float64(3.1669281923990567e-08), np.float64(6.715565187296869e-08), np.float64(5.535505664564077e-09), np.float64(8.302123393576984e-09), np.float64(5.929174366714737e-09), np.float64(1.569388690013347e-08), np.float64(8.30990866649581e-09), np.float64(5.726948595713588e-09), np.float64(8.30405167991287e-09), np.float64(6.73748662864052e-08), np.float64(7.89001537952921e-09), np.float64(2.36864953802664e-08), np.float64(2.218720518634758e-08), np.float64(9.546246111238482e-08), np.float64(7.888015507083196e-09), np.float64(9.670570450244004e-08), np.float64(4.151470886031839e-07), np.float64(6.655791823316264e-08), np.float64(5.9237990969257984e-09), np.float64(5.716348649920802e-09), np.float64(8.314648426977335e-09), np.float64(1.852118226392064e-08), np.float64(4.483824574261682e-09), np.float64(3.4615661432190784e-08), np.float64(3.167547817974379e-08), np.float64(5.105176004008918e-08), np.float64(7.891870102406266e-09), np.float64(4.2533762125321445e-09), np.float64(5.3473909814392315e-08), np.float64(7.290866800377912e-08), np.float64(6.710426433852618e-08), np.float64(1.0416306735288284e-07), np.float64(4.371975278047829e-08), np.float64(1.8637905969556568e-08), np.float64(2.3185599592267864e-08), np.float64(9.888006361214067e-08), np.float64(1.0611463162526653e-07), np.float64(4.2699125482941255e-08), np.float64(1.8549615601048816e-08), np.float64(5.726556212033955e-09), np.float64(8.312983425928753e-09), np.float64(2.1013622856826277e-08), np.float64(8.74172670358809e-09), np.float64(2.983645524094661e-08), np.float64(6.730667091192613e-08), np.float64(1.6559014015437153e-08), np.float64(6.158858037180284e-08), np.float64(5.720381504538696e-09), np.float64(2.608901723390821e-08), np.float64(1.2803493766201533e-07), np.float64(6.694692737907697e-08), np.float64(4.266019812762232e-08), np.float64(5.2330697030549706e-08), np.float64(9.683162718739877e-08), np.float64(6.776726304774116e-08), np.float64(6.999464559660847e-08), np.float64(4.491688305444559e-08), np.float64(1.8495454235806604e-08), np.float64(4.146803605787832e-09), np.float64(2.9035356568107684e-08), np.float64(9.59910399057901e-08), np.float64(6.127526862888535e-08), np.float64(4.248075539876244e-09), np.float64(5.714124710406753e-09), np.float64(6.806302190937694e-08), np.float64(9.460960266278402e-08), np.float64(1.865457724231742e-08), np.float64(6.709034257741774e-08), np.float64(2.6177789142141883e-08), np.float64(5.525016942941643e-09), np.float64(4.490430736800471e-09), np.float64(5.580842503431401e-08), np.float64(1.0658635602965683e-07), np.float64(1.8481897321297735e-08), np.float64(1.6536889802862894e-08), np.float64(8.760856800579679e-09), np.float64(7.55041878847996e-09), np.float64(2.080399655852543e-08), np.float64(2.0815667583743693e-08), np.float64(5.930027140714371e-09), np.float64(4.2410262656596414e-08), np.float64(2.3066263164820817e-08), np.float64(7.90153529798418e-09), np.float64(9.210601637301133e-09), np.float64(5.719070293126902e-09), np.float64(5.9164039438758304e-08), np.float64(1.8483466270793694e-08), np.float64(5.537353566496169e-09), np.float64(4.2774736274236564e-08), np.float64(3.2052386374300046e-08), np.float64(9.820299225990317e-08), np.float64(7.896233475934952e-09), np.float64(6.862185789018377e-08), np.float64(1.6560361512520158e-08), np.float64(1.6598686040542892e-08), np.float64(2.082762324635595e-08), np.float64(4.250795837504299e-09), np.float64(2.1035856395305665e-08), np.float64(7.542992083994303e-09), np.float64(8.737282785641655e-09), np.float64(2.0853114087170617e-08), np.float64(2.0986648856318667e-08), np.float64(6.641508807732933e-08), np.float64(1.8486355414585363e-08), np.float64(6.605480216841714e-08), np.float64(6.734818342016183e-08), np.float64(2.084121040922801e-08), np.float64(2.047389009545717e-08), np.float64(2.092469748960828e-08), np.float64(4.364014671250115e-09), np.float64(8.31718063813815e-09), np.float64(6.731390938021827e-08), np.float64(2.101555083420167e-08), np.float64(5.719795045735246e-09), np.float64(1.8582333610363952e-08), np.float64(3.182754047287588e-08), np.float64(5.684869146121011e-08), np.float64(6.68905153777403e-08), np.float64(4.484142283705242e-09), np.float64(5.717943692372965e-09), np.float64(4.1429344336647505e-09), np.float64(6.82917727246701e-08), np.float64(2.858640596911274e-09), np.float64(8.744951832517998e-09), np.float64(2.3235584231689448e-08), np.float64(4.280244210855839e-08), np.float64(6.053484249255982e-08), np.float64(2.321855509293764e-08), np.float64(3.0324391096277587e-07), np.float64(6.673763835569338e-08), np.float64(9.697581577559212e-08), np.float64(2.5130978337304823e-08), np.float64(5.530880721659515e-09), np.float64(8.76407924660986e-09), np.float64(4.02012969244074e-08), np.float64(8.461787238688522e-08), np.float64(6.797697981875102e-08), np.float64(2.3526185215525215e-08), np.float64(5.726387773576836e-09), np.float64(3.948299907343215e-08), np.float64(2.611056008842476e-08), np.float64(7.898714266818892e-09), np.float64(1.8469555195450897e-08), np.float64(2.1026655036175513e-08), np.float64(2.3544478930745924e-08), np.float64(5.5242394373187684e-09), np.float64(1.6622123958723854e-08), np.float64(2.096330539668441e-08), np.float64(2.0814824401613192e-08), np.float64(6.926802515095073e-08), np.float64(2.103823709051126e-08), np.float64(5.659104046318415e-08), np.float64(6.699593826063846e-08), np.float64(4.3590768972746575e-09), np.float64(7.458989984231025e-08), np.float64(9.469207792645139e-08), np.float64(8.73669233222426e-09), np.float64(6.654159735616987e-08), np.float64(5.7156513847955884e-09), np.float64(6.693707797396719e-08), np.float64(2.9799664371838452e-08), np.float64(1.659862699503953e-08), np.float64(6.623435826118622e-08), np.float64(6.794485653401647e-08), np.float64(9.639495236917318e-08), np.float64(6.548426444106795e-08), np.float64(5.933684097543391e-09), np.float64(7.891084240097545e-09), np.float64(8.638086085556725e-08), np.float64(4.27457398589511e-08), np.float64(4.3647925379928826e-09), np.float64(5.7238833205735184e-09), np.float64(1.8551686047523116e-08), np.float64(1.8908913956945547e-08), np.float64(4.25045494780917e-09), np.float64(2.31618951473728e-08), np.float64(1.6675746997612362e-08), np.float64(1.6605357769785773e-08), np.float64(6.694047898386603e-08), np.float64(9.475590391376482e-08), np.float64(6.818654420956993e-08), np.float64(9.725494044531164e-08), np.float64(1.851538251197809e-08), np.float64(3.196721391923766e-08), np.float64(8.30889883351541e-09), np.float64(5.025065692405371e-08), np.float64(6.672423885031057e-08), np.float64(2.0868075429341138e-08), np.float64(4.365614575088156e-09), np.float64(3.1509852895421e-08), np.float64(5.5310411162208024e-09)]"
6,10000,4,3.1025813540833206e-10,0.29169774055480957,7.086281647937153,True,11,1.7305101468199928,"[np.float64(48.28637396648666), np.float64(53.11896615180751), np.float64(135.75324004649065), np.float64(20.503570922636637), np.float64(9.67208049761188), np.float64(2.0855172765474395), np.float64(0.1836225387537169), np.float64(0.0510437959288718), np.float64(0.004626304232674247), np.float64(3.637892859988319e-05), np.float64(8.3021685635684e-09)]"
7,10000,8,6.454566507658804e-10,2.548084020614624,9.558221622005727e-22,True,79,2.338006289179695,"[np.float64(225.28054159641493), np.float64(0.3355703920043231), np.float64(1.5429443069218423), np.float64(4.436828335457487), np.float64(0.14047729230569267), np.float64(1.8847114458865846), np.float64(0.007342031720946213), np.float64(4.0967916854664415), np.float64(1.0070680162740875), np.float64(2.108061155037294), np.float64(8.841451483391511), np.float64(0.027673161054539683), np.float64(0.007444967750135136), np.float64(0.16951633431677213), np.float64(4.1503271892117415e-05), np.float64(7.665440872583532e-05), np.float64(0.16269963757984265), np.float64(2.357829835727829), np.float64(0.008640759012099451), np.float64(0.5011668656015585), np.float64(0.024467695464680403), np.float64(4.405106231106346), np.float64(0.1021417100931655), np.float64(0.008361789556179316), np.float64(0.004237735902214898), np.float64(0.0068539227305189744), np.float64(0.0206322926595492), np.float64(0.8961249784697597), np.float64(0.003969656308649711), np.float64(0.4831848268676406), np.float64(0.29877781175324736), np.float64(0.048419565528541805), np.float64(0.013432789584212271), np.float64(0.05450129635788564), np.float64(0.02101939575304227), np.float64(0.012882508240603238), np.float64(0.14826558365494003), np.float64(0.012081587925335256), np.float64(0.011792707341903009), np.float64(0.0037485120449097143), np.float64(0.02763174935795492), np.float64(0.005190310656781743), np.float64(0.00047416098116909443), np.float64(8.568650237711826e-05), np.float64(0.07399069819017917), np.float64(0.04802429522577473), np.float64(6.644215885128056e-05), np.float64(0.1546739170660014), np.float64(0.11358759125865167), np.float64(0.00022061577880387682), np.float64(0.00037710824535845444), np.float64(0.6724405514377966), np.float64(0.0018362844904897407), np.float64(0.0018235620395970797), np.float64(0.05749554327062171), np.float64(4.3574954941757004e-05), np.float64(0.41092436944699057), np.float64(4.7334687901716626e-05), np.float64(4.7332386789441716e-05), np.float64(4.733004181241261e-05), np.float64(0.0005684786739922975), np.float64(0.00017821043584169223), np.float64(6.868822943374974e-05), np.float64(8.757759856294115e-05), np.float64(5.8598172921130394e-05), np.float64(5.859532196903072e-05), np.float64(0.00030898987116113994), np.float64(0.0003089203801174661), np.float64(0.8217228794895625), np.float64(0.06688705904082798), np.float64(0.035965308621446625), np.float64(0.022264351890384528), np.float64(0.21228444234686736), np.float64(1.3506271152160654), np.float64(0.25824900064236134), np.float64(0.13155159578958953), np.float64(0.02495550951372771), np.float64(0.001273753740509491), np.float64(1.2139255185135687e-06)]"
8,10000,12,22397.150350405365,26.056403636932373,1279791.6057931758,False,1000,0.00959597218487791,"[np.float64(1.0649160212944668), np.float64(1.1618394268487785e-07), np.float64(1.5456395887606269e-09), np.float64(2.2557906999358002e-07), np.float64(1.2588546851219656e-09), np.float64(3.1730109529389144e-07), np.float64(1.4458619296332306e-07), np.float64(1.7389908535407678e-09), np.float64(1.5441349066666899e-09), np.float64(3.1388055820597116e-07), np.float64(3.929798351614067e-07), np.float64(1.6237932338924728e-07), np.float64(1.5457454315354357e-09), np.float64(1.4838603853734417e-07), np.float64(1.5426786600504559e-09), np.float64(1.54553484322012e-09), np.float64(1.3923944178545039e-08), np.float64(1.9941565304098475e-07), np.float64(2.279980163437416e-07), np.float64(2.2709483072380795e-07), np.float64(3.151974877509243e-07), np.float64(2.6422375621311374e-07), np.float64(1.7081264513098882e-07), np.float64(1.3681119479250322e-08), np.float64(6.850011184470182e-08), np.float64(1.3911071221515151e-09), np.float64(1.7351850133137767e-09), np.float64(0.7056299757242284), np.float64(1.712444678784737e-07), np.float64(2.0174917225147652e-07), np.float64(2.0206624517015173e-07), np.float64(2.2803136476142289e-07), np.float64(2.628673862308993e-07), np.float64(1.78931976876406e-07), np.float64(2.644681721825807e-07), np.float64(6.692942476166117e-07), np.float64(2.6419662435876163e-07), np.float64(5.184833326626637e-07), np.float64(7.733669967924573e-07), np.float64(1.8381245709190858e-07), np.float64(1.4735942566648202e-07), np.float64(2.6582438506383373e-07), np.float64(1.7867432735720078e-07), np.float64(1.9756312939047951e-07), np.float64(2.306364690998966e-07), np.float64(1.9727624026847723e-07), np.float64(2.6038016704058736e-07), np.float64(1.4749934410609362e-07), np.float64(2.040959677412187e-07), np.float64(1.9773299405079643e-07), np.float64(1.7798571267099293e-07), np.float64(2.599613758476018e-07), np.float64(3.143454899243992e-07), np.float64(2.2995491924784416e-07), np.float64(2.599686618523219e-07), np.float64(1.950094175698487e-07), np.float64(2.595941995699207e-07), np.float64(1.476566376659422e-07), np.float64(1.9819947630666502e-07), np.float64(1.9268112844607705e-07), np.float64(3.092970556260764e-07), np.float64(5.126980421200609e-07), np.float64(1.2871922321598357e-07), np.float64(2.3160969905730055e-07), np.float64(3.149475740823665e-07), np.float64(5.118867642065212e-07), np.float64(1.8787925972810732e-07), np.float64(2.2424553371226234e-07), np.float64(1.6276655710963208e-07), np.float64(1.8926208666469633e-07), np.float64(1.0754689867408096e-07), np.float64(1.4055644862384137e-07), np.float64(1.9951215589933546e-07), np.float64(1.8611668743919468e-07), np.float64(2.5848914017956806e-07), np.float64(1.6348987631044818e-07), np.float64(1.7852559374657235e-07), np.float64(1.7891895659237147e-07), np.float64(3.149784874856308e-07), np.float64(5.072576990792412e-07), np.float64(3.148810041416695e-07), np.float64(1.7851246626040652e-07), np.float64(1.641012940817138e-07), np.float64(1.514097633392817e-07), np.float64(1.5161731061279526e-07), np.float64(3.9047457658724615e-07), np.float64(1.9903457994897888e-07), np.float64(2.5747804299230317e-07), np.float64(1.9871146238949436e-07), np.float64(3.849242020972812e-07), np.float64(1.8052492742333884e-07), np.float64(1.990240601060686e-07), np.float64(3.0508394648503277e-07), np.float64(1.380857599214346e-07), np.float64(2.3461824084402332e-07), np.float64(1.9900270373485834e-07), np.float64(1.936999516633833e-07), np.float64(2.1222395633680852e-07), np.float64(2.3670371555746126e-07), np.float64(1.4370856606515107e-07), np.float64(1.6501769714564132e-07), np.float64(1.4629509180159216e-07), np.float64(1.7810262801565898e-07), np.float64(1.9883426415714073e-07), np.float64(1.2998849078169462e-07), np.float64(1.3644753377872417e-07), np.float64(1.208941400654413e-07), np.float64(0.18272239778362265), np.float64(1.6624831627261097e-07), np.float64(1.811046239515386e-07), np.float64(2.565484871995272e-07), np.float64(3.137491756104195e-07), np.float64(1.3763445347121894e-07), np.float64(4.949779023699063e-07), np.float64(9.314017456309105e-08), np.float64(3.0302636825209224e-07), np.float64(2.563304253528363e-07), np.float64(2.685559554408774e-07), np.float64(1.8057755645335924e-07), np.float64(1.9801071342049408e-07), np.float64(1.5475385964216027e-07), np.float64(1.6670822446948564e-07), np.float64(1.2651468147694046e-07), np.float64(3.8257272418742843e-07), np.float64(2.2383515862987878e-07), np.float64(2.2322319121681989e-07), np.float64(1.9999728867610705e-07), np.float64(1.4693510775906432e-07), np.float64(1.997456091835679e-07), np.float64(7.341335825124845e-07), np.float64(8.491682312967348e-08), np.float64(2.400103340286151e-07), np.float64(1.9959686268983177e-07), np.float64(2.550073357600911e-07), np.float64(2.5545899502477047e-07), np.float64(1.4793776372297248e-07), np.float64(1.5744121086776125e-07), np.float64(1.4864775994131202e-07), np.float64(2.398547231263067e-07), np.float64(1.8815197086801027e-07), np.float64(1.0333986246311018e-07), np.float64(2.002829994235554e-07), np.float64(2.2171600371478867e-07), np.float64(2.2328455477368164e-07), np.float64(1.9989390326715556e-07), np.float64(7.838682402445558e-08), np.float64(1.6859849367076965e-07), np.float64(1.999115427954038e-07), np.float64(2.9932542348828674e-07), np.float64(1.4199841665308292e-07), np.float64(2.2257089490471007e-07), np.float64(1.581406024247873e-07), np.float64(7.049793678598931e-08), np.float64(8.876602682073107e-08), np.float64(2.538648928101601e-07), np.float64(2.155309925886e-07), np.float64(2.0006947393328392e-07), np.float64(3.124413839601159e-07), np.float64(6.395369036564208e-08), np.float64(1.8291150300738678e-07), np.float64(3.0957155166635844e-07), np.float64(3.6607492781388074e-07), np.float64(2.5385725867237875e-07), np.float64(2.9832532005388095e-07), np.float64(1.694505607794514e-07), np.float64(7.569549195167137e-08), np.float64(9.387927516957935e-08), np.float64(2.974018205268398e-07), np.float64(8.241124848409903e-08), np.float64(3.644052632448459e-07), np.float64(2.6938391384652277e-07), np.float64(3.778037982688307e-07), np.float64(1.837372409806043e-07), np.float64(2.969218155251929e-07), np.float64(1.5183730500435998e-07), np.float64(1.5287097165149943e-07), np.float64(2.0055545117545153e-07), np.float64(1.7092600976197004e-07), np.float64(2.1086578231436432e-07), np.float64(2.0199031451759129e-07), np.float64(8.902605058337216e-08), np.float64(7.045576976964538e-08), np.float64(2.2221733111975131e-07), np.float64(2.008215441406514e-07), np.float64(1.1803390901256666e-07), np.float64(2.2238735732318501e-07), np.float64(1.7174645523068468e-07), np.float64(2.0019636205927192e-07), np.float64(2.2573383227711374e-07), np.float64(2.0046332287978696e-07), np.float64(2.0056029459819955e-07), np.float64(2.2250240213135823e-07), np.float64(2.004894750150333e-07), np.float64(1.4787738033502347e-07), np.float64(1.417366114345624e-07), np.float64(2.0068973842242e-07), np.float64(1.8374579839220412e-07), np.float64(2.881326585585445e-07), np.float64(1.8496404355431534e-07), np.float64(1.7222874402949072e-07), np.float64(2.5177666737620897e-07), np.float64(2.0157296478689552e-07), np.float64(4.814913100676413e-07), np.float64(1.627449737795686e-07), np.float64(1.8434940444082389e-07), np.float64(2.224473599644719e-07), np.float64(2.225234480595518e-07), np.float64(1.4898611420054455e-07), np.float64(1.7033637390987787e-07), np.float64(1.5495369655691147e-07), np.float64(2.0065403195961477e-07), np.float64(1.6350773993642035e-07), np.float64(3.132721264289221e-07), np.float64(1.564059848851175e-07), np.float64(1.2077645357027539e-07), np.float64(2.919707713448923e-07), np.float64(1.6416498961053923e-07), np.float64(2.920521670735983e-07), np.float64(8.602441605677826e-08), np.float64(1.643228787260431e-07), np.float64(2.219164336514167e-07), np.float64(1.856722988181606e-07), np.float64(8.516331315290483e-08), np.float64(2.0133573495994544e-07), np.float64(8.308243184293596e-08), np.float64(2.2186352226705254e-07), np.float64(1.8673306641961388e-07), np.float64(1.5816612312277323e-07), np.float64(8.184080406553012e-08), np.float64(1.4085235707322742e-07), np.float64(1.859913583456632e-07), np.float64(1.8642361497209734e-07), np.float64(2.2116300856265525e-07), np.float64(2.495855988100581e-07), np.float64(1.6628118853020247e-07), np.float64(2.2164323114439044e-07), np.float64(2.018612311758788e-07), np.float64(1.867281687348598e-07), np.float64(2.474675669621154e-07), np.float64(2.8949041864890396e-07), np.float64(2.4917340854760265e-07), np.float64(9.311997817441654e-08), np.float64(1.8697532626344446e-07), np.float64(7.554156427660232e-08), np.float64(2.4951512628771224e-07), np.float64(8.951710154011923e-08), np.float64(3.515826552990553e-07), np.float64(7.30202644393164e-08), np.float64(1.5981759060243517e-07), np.float64(2.096608187715958e-07), np.float64(2.49179460204953e-07), np.float64(1.8698929101386662e-07), np.float64(2.0136808420075715e-07), np.float64(1.6630176988282346e-07), np.float64(1.8715757986638648e-07), np.float64(1.7630285028959773e-07), np.float64(2.5156816652008055e-07), np.float64(1.5838866604032672e-07), np.float64(1.8745312468948713e-07), np.float64(2.5166374924852567e-07), np.float64(8.951832061282666e-08), np.float64(2.0212990932696783e-07), np.float64(7.542548438119454e-08), np.float64(2.214513940845791e-07), np.float64(1.8747379111325602e-07), np.float64(2.2152271294441474e-07), np.float64(9.731595503667518e-08), np.float64(3.1268229890573094e-07), np.float64(1.6808899262942506e-07), np.float64(1.8770595427323768e-07), np.float64(4.596140256084492e-07), np.float64(2.2140840481306227e-07), np.float64(1.886788236667177e-07), np.float64(1.50321076827618e-07), np.float64(1.7183189460901022e-07), np.float64(2.026099000297237e-07), np.float64(2.8616192881309305e-07), np.float64(2.2113698607179105e-07), np.float64(7.533643376239097e-08), np.float64(1.8741374095977004e-07), np.float64(1.7014273873281822e-07), np.float64(1.7819026668930572e-07), np.float64(2.4739734641019605e-07), np.float64(2.0088604224865037e-07), np.float64(1.7740562287132056e-07), np.float64(1.6985660040881523e-07), np.float64(2.0335535510840373e-07), np.float64(1.6908003933067736e-07), np.float64(1.777125043941612e-07), np.float64(1.7822090853855893e-07), np.float64(1.7899636986409345e-07), np.float64(1.7881514551936243e-07), np.float64(2.8324348786400435e-07), np.float64(1.5108983706947878e-07), np.float64(1.7839434653409595e-07), np.float64(1.778717866471838e-07), np.float64(2.8395199264578583e-07), np.float64(1.5855660288585106e-07), np.float64(7.299856082808692e-08), np.float64(1.6449189448745063e-07), np.float64(1.7093437382580338e-07), np.float64(2.2133394964975483e-07), np.float64(1.8940477732162509e-07), np.float64(7.790260189384366e-08), np.float64(2.4156238057055986e-07), np.float64(2.774718142882427e-07), np.float64(7.085008583118495e-08), np.float64(2.204343118034593e-07), np.float64(2.7822444474634904e-07), np.float64(2.033474525015528e-07), np.float64(1.7984498580040787e-07), np.float64(1.8961942497231767e-07), np.float64(2.0306913604042734e-07), np.float64(1.8987681875670594e-07), np.float64(1.7235024973832332e-07), np.float64(1.899522133809591e-07), np.float64(1.7150622872117656e-07), np.float64(8.72939152875691e-08), np.float64(1.9025733548167286e-07), np.float64(1.8046769108598003e-07), np.float64(2.205288013741478e-07), np.float64(2.8079851856222246e-07), np.float64(1.8015295698628809e-07), np.float64(1.5139386726844825e-07), np.float64(2.0332656040093505e-07), np.float64(2.194015771986387e-07), np.float64(1.8042041586863482e-07), np.float64(1.9038290999079414e-07), np.float64(2.2078737404185125e-07), np.float64(8.755002462072842e-08), np.float64(2.803263357494602e-07), np.float64(1.6311504469308782e-07), np.float64(8.771321016734751e-08), np.float64(1.7153988445155124e-07), np.float64(1.673660124564264e-07), np.float64(3.105141923763822e-07), np.float64(7.766610791883643e-08), np.float64(2.7955644056841337e-07), np.float64(1.587756900999901e-07), np.float64(2.44240913203987e-07), np.float64(1.5198292720285586e-07), np.float64(1.7387081801818096e-07), np.float64(1.7331937884300413e-07), np.float64(1.735937014746954e-07), np.float64(1.8983394657554406e-07), np.float64(2.79941723044625e-07), np.float64(2.4418349496264985e-07), np.float64(2.0378461943007337e-07), np.float64(1.6053468462503108e-07), np.float64(7.118125642158273e-08), np.float64(2.0337450508350134e-07), np.float64(1.649144208146516e-07), np.float64(2.436340607566292e-07), np.float64(1.4585677440680555e-07), np.float64(2.206764912221872e-07), np.float64(2.778491020034966e-07), np.float64(2.607815898704918e-07), np.float64(2.2086055302929286e-07), np.float64(2.202117407629901e-07), np.float64(2.700281251156755e-07), np.float64(1.412548142980284e-07), np.float64(2.0297892624326374e-07), np.float64(1.9042741530756016e-07), np.float64(1.9229173537809007e-07), np.float64(1.7604965530896939e-07), np.float64(2.426787817506453e-07), np.float64(1.8427394151391132e-07), np.float64(1.750150306472668e-07), np.float64(1.8312960624721146e-07), np.float64(1.464829643484077e-07), np.float64(7.31063417773748e-08), np.float64(1.8387868447826058e-07), np.float64(2.0349268352354653e-07), np.float64(3.589369442179281e-07), np.float64(1.9219079723322775e-07), np.float64(1.7654877114550874e-07), np.float64(2.014260884741323e-07), np.float64(9.666471787280598e-08), np.float64(7.775427401398148e-08), np.float64(9.396711701683336e-08), np.float64(1.7170459518126518e-07), np.float64(2.419641398168375e-07), np.float64(3.10364959374955e-07), np.float64(2.1918586722092952e-07), np.float64(8.450436449134815e-08), np.float64(2.1963528224266844e-07), np.float64(2.0386720173237846e-07), np.float64(2.2006755856429038e-07), np.float64(2.425339529180297e-07), np.float64(1.7794006074756745e-07), np.float64(2.1920801167818828e-07), np.float64(2.410024001604069e-07), np.float64(2.738758696286354e-07), np.float64(2.0440279527025503e-07), np.float64(1.0468714643855916e-07), np.float64(9.341305701492025e-08), np.float64(2.3696520801813235e-07), np.float64(9.659673751593104e-08), np.float64(2.0365498345762405e-07), np.float64(1.8504033321497044e-07), np.float64(1.9373879483313804e-07), np.float64(7.512164345770203e-08), np.float64(8.1964738359821e-08), np.float64(2.721967021528827e-07), np.float64(1.733417890817623e-07), np.float64(1.928229681484418e-07), np.float64(1.9377734740389315e-07), np.float64(2.4119541539432937e-07), np.float64(2.7233583532702115e-07), np.float64(7.9974659423341e-08), np.float64(1.8522268870197628e-07), np.float64(1.929058018133609e-07), np.float64(2.1969475392755088e-07), np.float64(1.236485199771505e-07), np.float64(2.1905803940755976e-07), np.float64(2.1942570791492565e-07), np.float64(2.7119827308005354e-07), np.float64(1.860577256851726e-07), np.float64(2.0420016388565542e-07), np.float64(2.1906360625608475e-07), np.float64(7.141674552437336e-08), np.float64(2.7070018363461946e-07), np.float64(2.0518230140584286e-07), np.float64(2.16132595608184e-07), np.float64(1.7269738174447383e-07), np.float64(2.676840542490473e-07), np.float64(2.1852241234252778e-07), np.float64(1.4906023589442306e-07), np.float64(2.0471492672867697e-07), np.float64(1.9296491118806307e-07), np.float64(1.9392594835984872e-07), np.float64(7.307806366430838e-08), np.float64(2.0504701673205e-07), np.float64(1.87229511953719e-07), np.float64(1.8624532806091033e-07), np.float64(2.68827240150214e-07), np.float64(7.834337418025619e-08), np.float64(1.8127478316473165e-07), np.float64(1.5426950237845722e-07), np.float64(2.3894124361346213e-07), np.float64(2.049541964859651e-07), np.float64(1.7675696264629857e-07), np.float64(2.183747757540948e-07), np.float64(1.7709836962658177e-07), np.float64(2.3813223697711517e-07), np.float64(1.875164717817605e-07), np.float64(2.0568924662681272e-07), np.float64(2.0445594635218222e-07), np.float64(2.1909040050292762e-07), np.float64(1.9440317612172798e-07), np.float64(2.3744652116306584e-07), np.float64(1.7001715978294959e-07), np.float64(2.1893542775915707e-07), np.float64(2.0465100974113732e-07), np.float64(2.6772111568391816e-07), np.float64(1.5521191984233186e-07), np.float64(1.696699884175498e-07), np.float64(1.5978161005439435e-07), np.float64(1.7035886900993935e-07), np.float64(2.1809198295635052e-07), np.float64(2.0495395663023798e-07), np.float64(2.18424896791479e-07), np.float64(2.6654729873280034e-07), np.float64(1.9409889778457728e-07), np.float64(1.892586744398968e-07), np.float64(8.017382251426149e-08), np.float64(1.8094216649033972e-07), np.float64(2.3754542488415983e-07), np.float64(2.1852849596513674e-07), np.float64(1.962102355626118e-07), np.float64(2.1811602597913092e-07), np.float64(2.0557353862244314e-07), np.float64(9.936927331583948e-08), np.float64(1.902369264045635e-07), np.float64(2.0583992992646516e-07), np.float64(1.7528475693353392e-07), np.float64(1.8808167044067622e-07), np.float64(1.8148769240778425e-07), np.float64(7.668210258877842e-08), np.float64(8.602303648392661e-08), np.float64(1.8399830782813655e-07), np.float64(2.0537505116080052e-07), np.float64(1.8826212255448538e-07), np.float64(1.7996591272449717e-07), np.float64(2.3632006305570264e-07), np.float64(9.122017623064388e-08), np.float64(1.8872155082543704e-07), np.float64(2.632903985899648e-07), np.float64(2.850941594730127e-07), np.float64(1.1646697299086218e-07), np.float64(1.838944776274597e-07), np.float64(2.0564548790942177e-07), np.float64(1.975897080754645e-07), np.float64(1.967542821811455e-07), np.float64(2.0667278602484655e-07), np.float64(1.9688383592243224e-07), np.float64(2.1816512902089007e-07), np.float64(2.0703506794117532e-07), np.float64(3.818864799152657e-07), np.float64(1.9734304411077682e-07), np.float64(2.362508852746954e-07), np.float64(2.353666764241174e-07), np.float64(2.6218542151694824e-07), np.float64(2.1813728839780135e-07), np.float64(3.038397159502084e-07), np.float64(2.0636757857528664e-07), np.float64(2.355176948579105e-07), np.float64(2.6122358932748523e-07), np.float64(2.3449792326954057e-07), np.float64(1.9140516388329188e-07), np.float64(3.031171113959132e-07), np.float64(2.1750651391905298e-07), np.float64(1.9750852522691986e-07), np.float64(1.7303543600406944e-07), np.float64(1.541377530840045e-07), np.float64(9.896509091203033e-08), np.float64(2.3329480970836062e-07), np.float64(1.978563603132815e-07), np.float64(1.9898991080612727e-07), np.float64(7.794719137319824e-08), np.float64(8.804582365305776e-08), np.float64(2.0660366804537635e-07), np.float64(9.364396440608721e-08), np.float64(1.974796571040942e-07), np.float64(1.9228350643475402e-07), np.float64(2.3494943037555024e-07), np.float64(1.874530283458086e-07), np.float64(2.0625831801965493e-07), np.float64(1.9217312561526582e-07), np.float64(9.593606536458984e-08), np.float64(1.7892683392223756e-07), np.float64(1.0413066338334541e-07), np.float64(1.5675976841110986e-07), np.float64(2.174274105022203e-07), np.float64(7.457515414647227e-08), np.float64(2.0706021158466439e-07), np.float64(2.0660405335280716e-07), np.float64(2.0731776301435678e-07), np.float64(2.1762583639940892e-07), np.float64(1.5679733510330866e-07), np.float64(2.0696904819755441e-07), np.float64(2.3376784084177685e-07), np.float64(2.063854925019499e-07), np.float64(2.0034227125325273e-07), np.float64(2.332624431838466e-07), np.float64(1.9329339513072184e-07), np.float64(1.987461729854263e-07), np.float64(1.622757469278622e-07), np.float64(1.627628469370711e-07), np.float64(2.1792919971158955e-07), np.float64(1.8859117176813374e-07), np.float64(2.0679633902166536e-07), np.float64(9.34907029557265e-08), np.float64(2.067551671420984e-07), np.float64(2.3339533067365246e-07), np.float64(2.1754460791284956e-07), np.float64(8.999195262106452e-08), np.float64(1.936248548654969e-07), np.float64(1.929611270962968e-07), np.float64(2.1738117918766478e-07), np.float64(2.316318091634373e-07), np.float64(8.218255713545642e-08), np.float64(2.0755846360438728e-07), np.float64(2.3226247817848263e-07), np.float64(2.1706703894390503e-07), np.float64(1.6266510349734213e-07), np.float64(1.8913754607798286e-07), np.float64(2.339139410777403e-07), np.float64(2.18143978997941e-07), np.float64(2.166025604833237e-07), np.float64(2.183178150676295e-07), np.float64(1.37980059348387e-07), np.float64(1.903114172992018e-07), np.float64(2.3125268212909642e-07), np.float64(1.8662455653565617e-07), np.float64(2.1699673187082067e-07), np.float64(2.153731022945889e-07), np.float64(2.177815577662319e-07), np.float64(1.5419041271419025e-07), np.float64(2.3207553761095863e-07), np.float64(2.538705073730484e-07), np.float64(1.0127710878472929e-07), np.float64(2.0899735883304373e-07), np.float64(1.581537547146398e-07), np.float64(2.534010714436905e-07), np.float64(2.0032192909125514e-07), np.float64(2.1683003313613892e-07), np.float64(1.9440580269082024e-07), np.float64(9.030335958856098e-08), np.float64(2.076638350470898e-07), np.float64(8.077114696322217e-08), np.float64(1.887595808608089e-07), np.float64(1.9530232878885836e-07), np.float64(1.8405038315668394e-07), np.float64(1.619583217576463e-07), np.float64(1.9535344930371627e-07), np.float64(2.071165504881428e-07), np.float64(1.031303951911681e-07), np.float64(1.7630032511996392e-07), np.float64(2.0749825623222877e-07), np.float64(1.883500616886721e-07), np.float64(8.212739282149126e-08), np.float64(1.5731894868294327e-07), np.float64(2.1638023908131424e-07), np.float64(1.5500475543977997e-07), np.float64(7.441694141612761e-08), np.float64(1.966515446731072e-07), np.float64(8.359363000995369e-08), np.float64(2.5136880187844236e-07), np.float64(2.0081075755829054e-07), np.float64(2.511120165069817e-07), np.float64(1.95666842695133e-07), np.float64(2.172072633011794e-07), np.float64(2.1685667364837188e-07), np.float64(2.170330388320524e-07), np.float64(2.014331022484308e-07), np.float64(1.6827019373746574e-07), np.float64(2.0778291006646918e-07), np.float64(2.0623867219077903e-07), np.float64(2.302615332838208e-07), np.float64(2.165062001974461e-07), np.float64(2.304622964212379e-07), np.float64(2.826495741338862e-07), np.float64(2.0162133823837335e-07), np.float64(1.9534601382160828e-07), np.float64(1.9595993920014103e-07), np.float64(2.0760371325639322e-07), np.float64(2.1598122472452956e-07), np.float64(2.0067361647190707e-07), np.float64(9.76497552191491e-08), np.float64(2.0133702464793373e-07), np.float64(1.982951605761811e-07), np.float64(2.1733097967606258e-07), np.float64(2.022680147541175e-07), np.float64(1.7600535127487982e-07), np.float64(2.2165544100288194e-07), np.float64(1.5315365315537378e-07), np.float64(2.2921059371738305e-07), np.float64(2.4751939682348815e-07), np.float64(1.754133470058177e-07), np.float64(1.9072301569114927e-07), np.float64(1.946340515276437e-07), np.float64(2.076979019382808e-07), np.float64(1.9755369256000945e-07), np.float64(2.0825239125030283e-07), np.float64(1.996551942899407e-07), np.float64(1.6816219864887943e-07), np.float64(1.9513428923347253e-07), np.float64(1.5378513390533727e-07), np.float64(2.2723520607099665e-07), np.float64(1.6329344650289215e-07), np.float64(1.9790260759923748e-07), np.float64(1.9824783610697455e-07), np.float64(8.68132705239211e-08), np.float64(8.120613362657317e-08), np.float64(1.5943233119004926e-07), np.float64(2.077031010132029e-07), np.float64(2.2655192158266746e-07), np.float64(2.1576506150272097e-07), np.float64(2.0309698585937727e-07), np.float64(2.4553366688569964e-07), np.float64(9.724452387391413e-08), np.float64(2.0306899606121964e-07), np.float64(1.9749532720327806e-07), np.float64(1.9949397258817267e-07), np.float64(2.091826927567665e-07), np.float64(1.9958861078474579e-07), np.float64(2.0303296134661327e-07), np.float64(2.0868448404261367e-07), np.float64(2.2683532343836807e-07), np.float64(9.53209209581294e-08), np.float64(8.125121443105444e-08), np.float64(1.98985753976632e-07), np.float64(1.9747144061401812e-07), np.float64(2.0644954364668616e-07), np.float64(2.0775348837041118e-07), np.float64(2.096077332160997e-07), np.float64(1.9833529025256852e-07), np.float64(3.0501482249605603e-07), np.float64(2.039994531720504e-07), np.float64(2.1597175146794604e-07), np.float64(2.087980908063317e-07), np.float64(1.6261128718712947e-07), np.float64(1.7447228482143426e-07), np.float64(2.0883732704865154e-07), np.float64(2.7150297520473793e-07), np.float64(2.0230201915500454e-07), np.float64(1.3205309770988498e-07), np.float64(1.7350976361707834e-07), np.float64(2.0857717490131193e-07), np.float64(7.338410143851268e-08), np.float64(1.989029504930528e-07), np.float64(9.517889359575787e-08), np.float64(2.2652373228779679e-07), np.float64(1.9620356798612917e-07), np.float64(2.0839861910326153e-07), np.float64(1.992675487269017e-07), np.float64(8.354128768248775e-08), np.float64(2.1540526370059868e-07), np.float64(2.259611227618408e-07), np.float64(1.9953105857776714e-07), np.float64(3.0232259216858185e-07), np.float64(1.9479759123450387e-07), np.float64(2.263155579138522e-07), np.float64(1.977915993648638e-07), np.float64(2.2596133554161777e-07), np.float64(7.12686743505719e-08), np.float64(1.6326598830860805e-07), np.float64(7.330627064523907e-08), np.float64(1.928078472701424e-07), np.float64(2.2435519427141624e-07), np.float64(2.0456077478450164e-07), np.float64(2.1518830281481747e-07), np.float64(1.6737536141281198e-07), np.float64(4.0213415140328624e-07), np.float64(2.2556054921187086e-07), np.float64(9.186098061900702e-08), np.float64(2.2428739542401213e-07), np.float64(2.0887402772147512e-07), np.float64(2.1571907533343175e-07), np.float64(2.045591317982668e-07), np.float64(2.0077969162783042e-07), np.float64(2.24005549766155e-07), np.float64(2.2411312418887891e-07), np.float64(2.2432925104043122e-07), np.float64(9.177221359882622e-08), np.float64(2.0113486938971351e-07), np.float64(2.15988178301272e-07), np.float64(1.9608418127070558e-07), np.float64(1.5843189337143388e-07), np.float64(2.03359945588682e-07), np.float64(1.9865532699270305e-07), np.float64(1.9972227430563774e-07), np.float64(1.7867446612447533e-07), np.float64(2.0073627728172033e-07), np.float64(2.0892872055838616e-07), np.float64(2.0578075363850478e-07), np.float64(2.098404590635116e-07), np.float64(2.148000231984191e-07), np.float64(2.0219699119114607e-07), np.float64(2.2366299596985812e-07), np.float64(2.0778517578946213e-07), np.float64(2.0880329970663485e-07), np.float64(1.724648615198209e-07), np.float64(2.0308508598700812e-07), np.float64(2.035908540370317e-07), np.float64(2.098343637200171e-07), np.float64(2.057064185366126e-07), np.float64(2.2301250184245773e-07), np.float64(2.0609465196794e-07), np.float64(2.0133558133947917e-07), np.float64(1.630105612538793e-07), np.float64(2.110865281096645e-07), np.float64(1.5971760938746253e-07), np.float64(2.0588436922845213e-07), np.float64(2.0092570094384162e-07), np.float64(2.0425031910077263e-07), np.float64(2.0198949461217008e-07), np.float64(2.069883746594533e-07), np.float64(2.0710374216730461e-07), np.float64(8.251733080416578e-08), np.float64(2.0169561687939653e-07), np.float64(1.6007472835821076e-07), np.float64(2.0085763944515094e-07), np.float64(2.0521729027964223e-07), np.float64(2.0680275699215006e-07), np.float64(2.0334586326301835e-07), np.float64(2.1107546204581605e-07), np.float64(2.0881894600129853e-07), np.float64(1.7080648597244437e-07), np.float64(2.0426492331197393e-07), np.float64(2.075466750088612e-07), np.float64(1.6443074771336996e-07), np.float64(2.1055789314636137e-07), np.float64(1.6713496535282403e-07), np.float64(2.0985974637456364e-07), np.float64(2.017184268173992e-07), np.float64(2.036922037346326e-07), np.float64(2.101696187041453e-07), np.float64(2.0610637634865503e-07), np.float64(2.1034923227953307e-07), np.float64(7.23912635591228e-08), np.float64(2.0190564550337044e-07), np.float64(2.026996351580964e-07), np.float64(2.155690944998371e-07), np.float64(1.666621264160346e-07), np.float64(2.11367927064064e-07), np.float64(2.2938168800670055e-07), np.float64(2.103522841154649e-07), np.float64(2.0717500673988656e-07), np.float64(2.1436243305227075e-07), np.float64(1.7481468904862626e-07), np.float64(1.6212233833407658e-07), np.float64(2.0736712070152393e-07), np.float64(2.1029499700679117e-07), np.float64(2.0389669591606457e-07), np.float64(2.3105694792363678e-07), np.float64(2.08433073421628e-07), np.float64(1.666676990603701e-07), np.float64(2.0448622872681782e-07), np.float64(2.1352145157978886e-07), np.float64(8.466745207916443e-08), np.float64(2.148888430479217e-07), np.float64(2.0268358062767246e-07), np.float64(9.329306983990667e-08), np.float64(7.33821648826788e-08), np.float64(2.0616276956845247e-07), np.float64(2.0680703503030512e-07), np.float64(9.378939762111037e-08), np.float64(2.2059052334151409e-07), np.float64(1.6348712897905934e-07), np.float64(7.327324170190682e-08), np.float64(7.250744091099783e-08), np.float64(2.0501563270942025e-07), np.float64(2.0938653417691387e-07), np.float64(2.0937491571576128e-07), np.float64(2.0819060171199014e-07), np.float64(2.100451792312845e-07), np.float64(2.2018719594055674e-07), np.float64(2.0822854761128041e-07), np.float64(1.8062689320786165e-07), np.float64(7.334503285648779e-08), np.float64(2.205526480892546e-07), np.float64(2.423184049781609e-07), np.float64(1.6273970516269637e-07), np.float64(2.2786456162195576e-07), np.float64(2.1769176731258021e-07), np.float64(2.4094343654138763e-07), np.float64(2.2735711231261845e-07), np.float64(1.6632412960700495e-07), np.float64(2.0642226360730414e-07), np.float64(2.17951094113946e-07), np.float64(2.1341603131351256e-07), np.float64(2.058457895990467e-07), np.float64(1.6287307379312478e-07), np.float64(1.627920274189358e-07), np.float64(2.1345619660644557e-07), np.float64(1.6148084355378194e-07), np.float64(2.1327807674498162e-07), np.float64(2.1206917895285677e-07), np.float64(2.0789693702505834e-07), np.float64(2.1523330280759363e-07), np.float64(2.0876642782518984e-07), np.float64(2.0565583478037935e-07), np.float64(2.1706508338718204e-07), np.float64(7.368895452094294e-08), np.float64(2.1166846399072084e-07), np.float64(1.3818797871384304e-07), np.float64(2.1768125305708157e-07), np.float64(1.3545986550838357e-07), np.float64(2.1415493152779326e-07), np.float64(2.0989778667192014e-07), np.float64(2.0796906164227553e-07), np.float64(2.1773136767091755e-07), np.float64(1.6434571322302105e-07), np.float64(2.1694077560145948e-07), np.float64(6.638448543685619e-08), np.float64(2.088165530788749e-07), np.float64(7.462892982778758e-08), np.float64(9.379535296974116e-08), np.float64(1.635840036612598e-07), np.float64(9.38068728679312e-08), np.float64(2.1764854234202052e-07), np.float64(1.6040518007289108e-07), np.float64(1.6345909337573048e-07), np.float64(2.227890670965468e-07), np.float64(1.647194550792568e-07), np.float64(2.0874699483020795e-07), np.float64(7.312008695171448e-08), np.float64(2.102285793196517e-07), np.float64(2.1587641294037466e-07), np.float64(1.6307723790405744e-07), np.float64(7.338086381528956e-08), np.float64(1.6804909606785867e-07), np.float64(1.655033443069949e-07), np.float64(2.1313992060391386e-07), np.float64(1.6297908725126988e-07), np.float64(1.634739639791095e-07), np.float64(8.246918255942885e-08), np.float64(1.616996435184574e-07), np.float64(7.322040330570276e-08), np.float64(2.133331040058393e-07), np.float64(2.1947968651335726e-07), np.float64(1.6429732245378166e-07), np.float64(2.1906069008556755e-07), np.float64(2.116129272199845e-07), np.float64(2.164679859374338e-07), np.float64(9.506502555499116e-08), np.float64(2.098505610998787e-07), np.float64(2.2002702980755998e-07), np.float64(2.1582963464496796e-07), np.float64(2.1452660423789317e-07), np.float64(2.0938670162901055e-07), np.float64(1.6291069176276718e-07), np.float64(2.150790873982767e-07), np.float64(2.0738886378014705e-07), np.float64(2.2389572187786098e-07), np.float64(2.107258280207207e-07), np.float64(8.164983243074505e-08), np.float64(2.1205662986332942e-07), np.float64(2.0975514018511732e-07), np.float64(2.1314645118655653e-07), np.float64(2.1009768063280043e-07), np.float64(2.1317488802814586e-07), np.float64(1.6520809684427902e-07), np.float64(2.1040817480367178e-07), np.float64(2.125342110478321e-07), np.float64(2.1079471827913165e-07), np.float64(7.294594962071768e-08), np.float64(1.643643754999817e-07), np.float64(1.6542821512043745e-07), np.float64(1.662254754876977e-07), np.float64(2.1250807306963626e-07), np.float64(2.1061235197477487e-07), np.float64(2.1279339928887506e-07), np.float64(1.6554368804375782e-07), np.float64(2.1242821959791272e-07), np.float64(2.1179572636146452e-07), np.float64(2.1085072601397517e-07), np.float64(9.353155822367347e-08), np.float64(1.1004027049490053e-07), np.float64(2.1126138104569182e-07), np.float64(2.1597654031492667e-07), np.float64(2.1381148961529154e-07), np.float64(1.6525724657338612e-07), np.float64(2.119302594238554e-07), np.float64(2.12231151150414e-07), np.float64(1.664930312124113e-07), np.float64(2.1296486821342128e-07), np.float64(2.119140606739697e-07), np.float64(2.1146198105407935e-07), np.float64(1.6484081692551437e-07), np.float64(2.1392839209946957e-07), np.float64(2.1263375558853724e-07), np.float64(2.1257674057001638e-07), np.float64(7.339873795434471e-08), np.float64(2.1175442402195314e-07), np.float64(7.347574005884714e-08), np.float64(2.1219286849788213e-07), np.float64(2.119378166371598e-07), np.float64(2.1118898653552904e-07), np.float64(2.1305671934413687e-07), np.float64(2.1224537151140485e-07), np.float64(2.1378111812150214e-07), np.float64(2.129441199059352e-07), np.float64(2.1233362068763805e-07), np.float64(1.6477896219652969e-07), np.float64(2.1209415463975112e-07), np.float64(2.10882772370255e-07), np.float64(2.1375741998741072e-07), np.float64(2.1339649414844e-07), np.float64(2.131384947096637e-07), np.float64(7.355856560498689e-08), np.float64(2.1227398904939766e-07), np.float64(2.1102120600476758e-07), np.float64(2.1253029765731544e-07), np.float64(1.6464521162357263e-07), np.float64(2.1299392765906716e-07), np.float64(2.119562887294118e-07), np.float64(2.1241673539686147e-07), np.float64(2.1256816117891316e-07), np.float64(9.409849128568114e-08), np.float64(2.1219150346641646e-07), np.float64(1.0054272024977294e-07), np.float64(1.6489053347746635e-07), np.float64(2.1274682209489263e-07), np.float64(1.6514298632808957e-07), np.float64(1.6517117274265758e-07), np.float64(2.1012915742768986e-07), np.float64(1.6561907090545192e-07), np.float64(1.6524944536485243e-07), np.float64(2.118037035150382e-07), np.float64(2.1252509777115874e-07), np.float64(2.1314651986719294e-07), np.float64(2.1231885099767262e-07), np.float64(2.1218770227416206e-07), np.float64(1.6607157536886943e-07), np.float64(2.1170649689464245e-07), np.float64(8.236619240158144e-08), np.float64(1.6473042217177885e-07), np.float64(1.65489548845026e-07), np.float64(1.6541069225338487e-07), np.float64(2.12760864348927e-07), np.float64(2.1226428229493064e-07), np.float64(9.421146604798453e-08), np.float64(2.1234705259197504e-07), np.float64(2.1258249569631194e-07), np.float64(2.1175012422163483e-07), np.float64(1.6421237997095033e-07), np.float64(2.121854956765054e-07), np.float64(2.1172501237371593e-07), np.float64(2.135072615217766e-07), np.float64(2.080939637366037e-07), np.float64(2.1249528776724658e-07), np.float64(2.117341502626701e-07), np.float64(1.6407478189628973e-07), np.float64(1.648222381515961e-07), np.float64(1.3516909912418517e-07), np.float64(1.6478078859988107e-07), np.float64(1.6509431184717308e-07)]"
9,100000,4,3.1025813540833206e-10,3.100996255874634,7.086281647937153,True,11,1.7305101467443158,"[np.float64(145.03876601410602), np.float64(161.88154767656934), np.float64(429.28900496932135), np.float64(64.82734872992967), np.float64(30.563830307475868), np.float64(6.5347713003416406), np.float64(0.31544573224591027), np.float64(0.05104598063684016), np.float64(0.004626304233569321), np.float64(3.637892859988725e-05), np.float64(8.30216856383564e-09)]"
10,100000,8,5.2284304493279495e-08,23.516411781311035,6.117232856881851e-18,True,72,1.5869926980637754,"[np.float64(712.6757087918714), np.float64(1.0621590336682964), np.float64(4.882979400790035), np.float64(14.048693582641585), np.float64(0.44447787920507176), np.float64(5.962267791341715), np.float64(0.02322544480293012), np.float64(12.968354168024035), np.float64(1.0070680162743162), np.float64(2.108061155038376), np.float64(26.088099126443442), np.float64(0.028342282642620512), np.float64(0.007569256589974459), np.float64(0.1745916084674988), np.float64(4.305467211815141e-05), np.float64(7.951870159989838e-05), np.float64(0.16445817964695103), np.float64(3.996282363274902), np.float64(0.11714011999438599), np.float64(0.13217618793125932), np.float64(12.505352183056432), np.float64(0.03645204945124908), np.float64(0.0030456687129870783), np.float64(0.007247514257808229), np.float64(0.05640025424044094), np.float64(0.0015499883449868184), np.float64(0.01114347586855728), np.float64(0.11611832530412891), np.float64(0.0028858704832326015), np.float64(0.026438274858991705), np.float64(0.006273401484174824), np.float64(0.010372216069603915), np.float64(0.014921812386177827), np.float64(0.00617745009563559), np.float64(0.06770158613954046), np.float64(0.02421774726895418), np.float64(0.695274506565279), np.float64(0.06356281673161188), np.float64(0.010618898493948103), np.float64(0.15527587830462208), np.float64(0.0002091256301271474), np.float64(0.0002154370782059078), np.float64(0.0076543003123126785), np.float64(0.007575232478054436), np.float64(0.007498175184781745), np.float64(0.8169032603524631), np.float64(0.5109823225991988), np.float64(1.3007320162213913), np.float64(0.0001624568094273796), np.float64(0.00010693665355233207), np.float64(6.544049839654079e-05), np.float64(0.00016813963277614389), np.float64(0.00016294355194909136), np.float64(0.00010249077694517188), np.float64(0.40922925782001285), np.float64(0.2940960928919747), np.float64(8.727532484232105e-05), np.float64(8.726356768998958e-05), np.float64(0.3246991110781123), np.float64(8.799114765308766e-05), np.float64(8.79807430628625e-05), np.float64(0.0026495397801246053), np.float64(0.2171415500037287), np.float64(8.62917191099084e-05), np.float64(7.684381898208329e-05), np.float64(1.4519540817049024), np.float64(0.32816925247798895), np.float64(0.3497740592111499), np.float64(0.1293372888512329), np.float64(0.04639532775141254), np.float64(0.0017421618311835663), np.float64(9.528218625901761e-06)]"
11,100000,12,70831.71484917117,255.69673943519592,12799753.579650814,False,1000,-3.775202398849245,"[np.float64(1.0649160212944668), np.float64(3.6677332653074866e-07), np.float64(4.888094250104251e-09), np.float64(7.122242420985285e-07), np.float64(3.981051858417695e-09), np.float64(9.975869737184985e-07), np.float64(4.535627431342206e-07), np.float64(5.499476174339566e-09), np.float64(4.8832895698334786e-09), np.float64(9.96390390109608e-07), np.float64(1.2456863122292424e-06), np.float64(5.000203736365602e-07), np.float64(4.888412097907436e-09), np.float64(4.70359962530798e-07), np.float64(4.878531803255178e-09), np.float64(4.887776749257371e-09), np.float64(4.401572464193456e-08), np.float64(6.238433947843754e-07), np.float64(7.129534276760177e-07), np.float64(7.126651399627133e-07), np.float64(9.968629374473012e-07), np.float64(8.312608388089111e-07), np.float64(5.365590091548352e-07), np.float64(4.325643045834935e-08), np.float64(2.1670265028210968e-07), np.float64(4.399484369757814e-09), np.float64(5.487055548186418e-09), np.float64(0.7056299757242284), np.float64(5.357456857702335e-07), np.float64(6.245932332666498e-07), np.float64(6.246956911965185e-07), np.float64(7.12964092990144e-07), np.float64(8.28228680879181e-07), np.float64(5.666655179759351e-07), np.float64(8.313385293526193e-07), np.float64(2.148948098612873e-06), np.float64(8.286987465294147e-07), np.float64(1.6591913121750133e-06), np.float64(2.4874285582341882e-06), np.float64(5.566886076118751e-07), np.float64(4.54454392757477e-07), np.float64(8.317235947006136e-07), np.float64(5.666165804111995e-07), np.float64(6.232180944803332e-07), np.float64(7.138826678079039e-07), np.float64(6.202586921662441e-07), np.float64(8.299995862512314e-07), np.float64(4.529845185335494e-07), np.float64(6.253906000366877e-07), np.float64(6.232719632146392e-07), np.float64(5.547603657225306e-07), np.float64(8.298208250714548e-07), np.float64(9.965938093386669e-07), np.float64(7.135816102355117e-07), np.float64(8.298231076169058e-07), np.float64(6.224132679611432e-07), np.float64(8.2970587152318e-07), np.float64(4.623183816078234e-07), np.float64(6.234556377117501e-07), np.float64(6.004093043308186e-07), np.float64(9.949559207930918e-07), np.float64(1.6574873346684708e-06), np.float64(4.0623181296964654e-07), np.float64(7.141165887146416e-07), np.float64(9.968407949485682e-07), np.float64(1.6572367895187437e-06), np.float64(5.580131993928885e-07), np.float64(7.117622243218766e-07), np.float64(5.001178214943496e-07), np.float64(5.585116730277452e-07), np.float64(3.181406284036464e-07), np.float64(4.18391172315128e-07), np.float64(6.386242378312042e-07), np.float64(6.011050638785886e-07), np.float64(8.294082618842875e-07), np.float64(5.003536978167911e-07), np.float64(5.665373600680525e-07), np.float64(5.550288935839731e-07), np.float64(9.931170678365294e-07), np.float64(1.6557175445972783e-06), np.float64(9.967058741062614e-07), np.float64(5.054897976114576e-07), np.float64(5.005254605557858e-07), np.float64(4.846046161393274e-07), np.float64(4.5585276830034415e-07), np.float64(1.2392261022324461e-06), np.float64(6.384752631329169e-07), np.float64(8.290461521673573e-07), np.float64(6.236185578503187e-07), np.float64(1.243168293731792e-06), np.float64(5.555486424315065e-07), np.float64(6.236826925185946e-07), np.float64(9.937113057555779e-07), np.float64(4.240458823032134e-07), np.float64(7.150979502978552e-07), np.float64(6.23640334959767e-07), np.float64(5.599684955072787e-07), np.float64(6.280548288593818e-07), np.float64(7.157848898531997e-07), np.float64(4.1946058638603975e-07), np.float64(5.008549611747794e-07), np.float64(4.5408450573065055e-07), np.float64(5.664042818243432e-07), np.float64(6.236221524681844e-07), np.float64(3.9180998800302165e-07), np.float64(3.885103925286065e-07), np.float64(3.5876135752674773e-07), np.float64(0.18272239778362265), np.float64(5.012617623813104e-07), np.float64(5.55737284607499e-07), np.float64(8.287578980559071e-07), np.float64(9.964057541896213e-07), np.float64(3.8892883463528e-07), np.float64(1.65199670946037e-06), np.float64(2.9171157197945833e-07), np.float64(9.930243736069754e-07), np.float64(8.286904212474314e-07), np.float64(8.326004882294454e-07), np.float64(5.55565714908947e-07), np.float64(5.615053758319991e-07), np.float64(4.975106511484093e-07), np.float64(5.014427539429368e-07), np.float64(4.138557527010937e-07), np.float64(1.2425848440559606e-06), np.float64(7.11592286268049e-07), np.float64(7.114407267525437e-07), np.float64(6.240294040637396e-07), np.float64(4.206003400896397e-07), np.float64(6.239132900177363e-07), np.float64(2.4755109033869866e-06), np.float64(2.6299345812755877e-07), np.float64(7.169658729271712e-07), np.float64(6.23865653241767e-07), np.float64(8.283296524262597e-07), np.float64(8.284212533186794e-07), np.float64(4.209516624586566e-07), np.float64(4.5779710648239074e-07), np.float64(4.21201705512837e-07), np.float64(7.168330055130612e-07), np.float64(5.089459543044433e-07), np.float64(3.317536874411416e-07), np.float64(6.240855114143005e-07), np.float64(7.06136470435894e-07), np.float64(7.11500651164358e-07), np.float64(6.239607505785377e-07), np.float64(2.455354832707825e-07), np.float64(5.020460858620415e-07), np.float64(6.239664018534906e-07), np.float64(9.919012097385069e-07), np.float64(4.526925608135441e-07), np.float64(7.11236298880741e-07), np.float64(4.580636749958873e-07), np.float64(2.1466312357605283e-07), np.float64(2.773102052383826e-07), np.float64(8.279786247848879e-07), np.float64(7.090239540439534e-07), np.float64(6.240880350174979e-07), np.float64(9.959946341241616e-07), np.float64(1.951688759247195e-07), np.float64(5.563286731972268e-07), np.float64(9.857097154306745e-07), np.float64(1.237461605159438e-06), np.float64(8.279286669770245e-07), np.float64(9.915998357835304e-07), np.float64(5.023328391704295e-07), np.float64(2.3432340347554487e-07), np.float64(3.045210619407394e-07), np.float64(9.9137964405341e-07), np.float64(2.6662001632482024e-07), np.float64(1.236897023208713e-06), np.float64(8.328678525675265e-07), np.float64(1.2409818704212315e-06), np.float64(5.566007082389764e-07), np.float64(9.912357223829185e-07), np.float64(4.22314542149739e-07), np.float64(4.226872830992555e-07), np.float64(6.241729690733545e-07), np.float64(5.028324667060622e-07), np.float64(5.661663647800277e-07), np.float64(5.1425019108624e-07), np.float64(2.774093828490302e-07), np.float64(2.2035945353176313e-07), np.float64(7.11125703964216e-07), np.float64(6.242584877622488e-07), np.float64(3.577873493079428e-07), np.float64(7.111788532330011e-07), np.float64(5.031119494156938e-07), np.float64(6.240576813944565e-07), np.float64(6.327475530896056e-07), np.float64(6.241433415267521e-07), np.float64(6.241744938088152e-07), np.float64(7.111741225612104e-07), np.float64(6.241517416013335e-07), np.float64(3.926704302343486e-07), np.float64(3.6631071588487843e-07), np.float64(6.242160988473731e-07), np.float64(5.566035017111285e-07), np.float64(9.697745966599208e-07), np.float64(5.570697208178098e-07), np.float64(5.032767603712058e-07), np.float64(8.27293060264688e-07), np.float64(6.245361182824818e-07), np.float64(1.6480057147992394e-06), np.float64(4.5964804475177135e-07), np.float64(5.568344838226044e-07), np.float64(7.112383019493001e-07), np.float64(7.112213892499677e-07), np.float64(3.9311067432294615e-07), np.float64(4.979575988323617e-07), np.float64(4.234449517306213e-07), np.float64(6.242045883525127e-07), np.float64(4.599441624779e-07), np.float64(9.962554536853316e-07), np.float64(4.2397855037416743e-07), np.float64(3.9212525866690505e-07), np.float64(9.897065120931856e-07), np.float64(4.6020370479296847e-07), np.float64(9.89730527493374e-07), np.float64(2.633532018144148e-07), np.float64(4.6023457068238006e-07), np.float64(7.109909473264849e-07), np.float64(5.573052834779967e-07), np.float64(2.717734126258264e-07), np.float64(6.243885590013953e-07), np.float64(2.506320500039616e-07), np.float64(7.110151595464129e-07), np.float64(5.576281714106378e-07), np.float64(4.246542007214759e-07), np.float64(2.5803592903859686e-07), np.float64(4.184905486530438e-07), np.float64(5.573488046734408e-07), np.float64(5.574932007755011e-07), np.float64(7.107561466580039e-07), np.float64(8.267241589006951e-07), np.float64(4.6093736732913766e-07), np.float64(7.109464512213236e-07), np.float64(6.246291546239617e-07), np.float64(5.576264999571864e-07), np.float64(8.194426594581333e-07), np.float64(9.889775974489333e-07), np.float64(8.265044463673324e-07), np.float64(2.933472591805866e-07), np.float64(5.577407229818266e-07), np.float64(2.4115416631883896e-07), np.float64(8.266075311682765e-07), np.float64(2.77551596791e-07), np.float64(1.2331800116881776e-06), np.float64(2.3031922346626464e-07), np.float64(4.991372624011302e-07), np.float64(7.073024448719075e-07), np.float64(8.265539381645031e-07), np.float64(5.577139942742124e-07), np.float64(6.244344589625739e-07), np.float64(4.590434906830817e-07), np.float64(5.577704403756715e-07), np.float64(5.046854671765485e-07), np.float64(7.208367582192772e-07), np.float64(4.939981121520268e-07), np.float64(5.578382773249327e-07), np.float64(7.209504283704974e-07), np.float64(2.775677849414385e-07), np.float64(6.246805491206905e-07), np.float64(2.411178294811813e-07), np.float64(7.109273374566435e-07), np.float64(5.578452223039764e-07), np.float64(7.108680932599785e-07), np.float64(3.1117113136055104e-07), np.float64(9.960700451558206e-07), np.float64(4.615671991828784e-07), np.float64(5.579546842934957e-07), np.float64(1.6155303934874485e-06), np.float64(7.108732139540744e-07), np.float64(5.582513172349891e-07), np.float64(4.553973730948651e-07), np.float64(5.52784831284215e-07), np.float64(6.248360263263105e-07), np.float64(9.880657692227654e-07), np.float64(7.107887247308062e-07), np.float64(2.410899878709469e-07), np.float64(5.578250128802758e-07), np.float64(4.623697658336463e-07), np.float64(5.053759476941575e-07), np.float64(8.25970674031014e-07), np.float64(6.242791449360151e-07), np.float64(5.050717268710969e-07), np.float64(4.6223917943708057e-07), np.float64(6.250781145448787e-07), np.float64(4.6197977067575185e-07), np.float64(5.051796002178191e-07), np.float64(5.053586711420911e-07), np.float64(5.0563266773688e-07), np.float64(5.055685418667795e-07), np.float64(9.871669920550306e-07), np.float64(4.5565170925693986e-07), np.float64(5.054198622269587e-07), np.float64(5.052356546634967e-07), np.float64(9.874279330361807e-07), np.float64(4.940519195987941e-07), np.float64(2.3031237507601516e-07), np.float64(4.2702752829326934e-07), np.float64(4.6263630905868723e-07), np.float64(7.108906993810729e-07), np.float64(5.58497094322431e-07), np.float64(2.529674363943575e-07), np.float64(6.385655245230223e-07), np.float64(9.666607197581304e-07), np.float64(2.2049842980182483e-07), np.float64(7.105703944139099e-07), np.float64(8.358160655466423e-07), np.float64(6.250755121560172e-07), np.float64(5.059336731973432e-07), np.float64(5.586012538300629e-07), np.float64(6.25020526695424e-07), np.float64(5.58688679637285e-07), np.float64(4.631612831962674e-07), np.float64(5.587143078730053e-07), np.float64(4.628225661884365e-07), np.float64(2.6377067607167704e-07), np.float64(5.588181172423383e-07), np.float64(5.06183398965319e-07), np.float64(7.106404304811745e-07), np.float64(9.86468184395831e-07), np.float64(5.060712734122358e-07), np.float64(4.557783109293893e-07), np.float64(6.250687159206667e-07), np.float64(7.102914340439429e-07), np.float64(5.061385079398901e-07), np.float64(5.588295376161283e-07), np.float64(7.106392250715538e-07), np.float64(2.638555451760801e-07), np.float64(9.8639139307363e-07), np.float64(3.9867980278484145e-07), np.float64(2.6390973674144265e-07), np.float64(5.526940669605061e-07), np.float64(4.281428294892952e-07), np.float64(9.953914438474031e-07), np.float64(2.5288018972825386e-07), np.float64(9.86172869875408e-07), np.float64(4.940941411473796e-07), np.float64(8.250784026382362e-07), np.float64(4.5597431487782196e-07), np.float64(4.6372926048014476e-07), np.float64(4.634974862179489e-07), np.float64(4.636507234614754e-07), np.float64(5.586427230077367e-07), np.float64(8.363420727313542e-07), np.float64(8.250136220584783e-07), np.float64(6.252178349991412e-07), np.float64(4.993388497992981e-07), np.float64(2.2060506374183505e-07), np.float64(7.054234104398248e-07), np.float64(3.994193705066944e-07), np.float64(8.24851170169892e-07), np.float64(4.202012600622383e-07), np.float64(7.106047512202056e-07), np.float64(9.85690208078385e-07), np.float64(7.240635581866937e-07), np.float64(7.107026758674525e-07), np.float64(7.105012845677028e-07), np.float64(5.907283242325014e-07), np.float64(3.9022454693923654e-07), np.float64(6.249556900962033e-07), np.float64(5.588446700092705e-07), np.float64(5.594826862305658e-07), np.float64(4.645253116321921e-07), np.float64(8.246172963450146e-07), np.float64(6.190974746404152e-07), np.float64(4.641341885328445e-07), np.float64(5.071384776773282e-07), np.float64(4.203955822182642e-07), np.float64(2.3033351496986904e-07), np.float64(5.07381515096954e-07), np.float64(6.251227103208608e-07), np.float64(1.2354400730195987e-06), np.float64(5.594479709852818e-07), np.float64(4.647399333208491e-07), np.float64(7.049051948457172e-07), np.float64(3.1095047701976175e-07), np.float64(2.350099678234412e-07), np.float64(2.580886690822284e-07), np.float64(4.298802515629216e-07), np.float64(8.244072654196386e-07), np.float64(9.953448054983781e-07), np.float64(7.101839965754512e-07), np.float64(2.7155229274561226e-07), np.float64(7.103228292884201e-07), np.float64(6.253156018894996e-07), np.float64(7.104158528746677e-07), np.float64(8.245746540729064e-07), np.float64(4.652954202608663e-07), np.float64(7.102315725025975e-07), np.float64(8.24077635458994e-07), np.float64(9.844622389890877e-07), np.float64(6.254195344343658e-07), np.float64(3.193265820687481e-07), np.float64(2.9344061500668597e-07), np.float64(8.097840377149918e-07), np.float64(3.1096503023176003e-07), np.float64(6.251755302512488e-07), np.float64(5.078036280612403e-07), np.float64(5.599816517724502e-07), np.float64(2.4103694427827105e-07), np.float64(2.580754533198682e-07), np.float64(9.840540638062343e-07), np.float64(4.3055969926600956e-07), np.float64(5.596341610494707e-07), np.float64(5.600262402941313e-07), np.float64(8.241341036432437e-07), np.float64(9.840925581640812e-07), np.float64(2.460472190753705e-07), np.float64(5.078980170898827e-07), np.float64(5.597252699533466e-07), np.float64(7.103411571275195e-07), np.float64(4.2347237109720353e-07), np.float64(7.101037165946105e-07), np.float64(7.102579924928284e-07), np.float64(9.8383601994887e-07), np.float64(5.081752114598001e-07), np.float64(6.253533387363768e-07), np.float64(7.101462090245201e-07), np.float64(2.206812861597273e-07), np.float64(9.836411348946924e-07), np.float64(6.256746988448033e-07), np.float64(6.996742723305253e-07), np.float64(4.0267432457287645e-07), np.float64(7.266178689690911e-07), np.float64(7.100202031557889e-07), np.float64(4.21300472503023e-07), np.float64(6.255215849112361e-07), np.float64(5.56820998890127e-07), np.float64(5.600463982091415e-07), np.float64(2.3033771254964658e-07), np.float64(6.256303469582104e-07), np.float64(5.086054053994132e-07), np.float64(5.082160064204342e-07), np.float64(9.831273136732142e-07), np.float64(2.3519231030325626e-07), np.float64(4.665557059637775e-07), np.float64(4.5671581398219705e-07), np.float64(8.235250176679672e-07), np.float64(6.255999317627398e-07), np.float64(4.319003029174471e-07), np.float64(7.099339915044106e-07), np.float64(4.320629224424602e-07), np.float64(8.232427647292563e-07), np.float64(5.086832159083868e-07), np.float64(6.258411285160499e-07), np.float64(6.25436844605136e-07), np.float64(7.101951863993646e-07), np.float64(5.602117944022021e-07), np.float64(8.230925432416246e-07), np.float64(5.522232287053675e-07), np.float64(7.101066477197763e-07), np.float64(6.255006381922641e-07), np.float64(9.828831469789092e-07), np.float64(4.5703497328236674e-07), np.float64(5.521164412247938e-07), np.float64(4.944181190605659e-07), np.float64(5.523602435916062e-07), np.float64(7.098470558067889e-07), np.float64(6.255998217145303e-07), np.float64(7.099086238632154e-07), np.float64(9.825640357230267e-07), np.float64(5.601375514741184e-07), np.float64(5.093558506634119e-07), np.float64(2.4609810821108774e-07), np.float64(6.181497231295024e-07), np.float64(8.231210805288122e-07), np.float64(7.099812590190383e-07), np.float64(5.608414359162982e-07), np.float64(7.098952035203675e-07), np.float64(6.258030779507366e-07), np.float64(3.305388455731769e-07), np.float64(5.097201437280622e-07), np.float64(6.258906368871439e-07), np.float64(4.0381151625215986e-07), np.float64(5.089196906291367e-07), np.float64(4.338578154892403e-07), np.float64(2.525799023706149e-07), np.float64(2.4108412430429517e-07), np.float64(4.6762060305603585e-07), np.float64(6.257378723209098e-07), np.float64(5.066652914563847e-07), np.float64(6.178287863274966e-07), np.float64(8.227203699309851e-07), np.float64(2.781215356203445e-07), np.float64(5.091565186661751e-07), np.float64(9.815699109396087e-07), np.float64(8.380805803126793e-07), np.float64(3.9084250651575535e-07), np.float64(4.6757975792451627e-07), np.float64(6.221449685330981e-07), np.float64(5.61325500436094e-07), np.float64(5.610631934158451e-07), np.float64(6.261650051708972e-07), np.float64(5.611086385869491e-07), np.float64(7.099102603230114e-07), np.float64(6.262846737505277e-07), np.float64(1.6217038256669146e-06), np.float64(5.612387208322249e-07), np.float64(8.227004699130573e-07), np.float64(8.224469920748835e-07), np.float64(9.813318684924686e-07), np.float64(7.099017050132574e-07), np.float64(1.2205713363467844e-06), np.float64(6.260997103159205e-07), np.float64(8.225381549938875e-07), np.float64(9.810753306877277e-07), np.float64(8.222946292403494e-07), np.float64(5.101850890701257e-07), np.float64(1.2203916250928382e-06), np.float64(7.097081039323924e-07), np.float64(5.612968975873305e-07), np.float64(4.4309093833265286e-07), np.float64(4.5280196807936865e-07), np.float64(3.304175936183389e-07), np.float64(8.218564020859782e-07), np.float64(5.614505888900046e-07), np.float64(5.618510559313245e-07), np.float64(2.257252106944564e-07), np.float64(2.523069710547833e-07), np.float64(6.261421639641736e-07), np.float64(2.9351429773502365e-07), np.float64(5.61317948598176e-07), np.float64(5.104596661899137e-07), np.float64(8.223276185600508e-07), np.float64(4.6899068254904904e-07), np.float64(6.260282961625865e-07), np.float64(5.10418097414869e-07), np.float64(3.107426959684335e-07), np.float64(3.822419756445954e-07), np.float64(3.021169237601659e-07), np.float64(4.575628858024691e-07), np.float64(7.096430605950326e-07), np.float64(2.408534402088005e-07), np.float64(6.262929546669193e-07), np.float64(6.261422911014265e-07), np.float64(6.263781200934048e-07), np.float64(7.097446504606654e-07), np.float64(4.5757575740753334e-07), np.float64(6.262628208314266e-07), np.float64(8.219908033698888e-07), np.float64(6.26105583675766e-07), np.float64(5.623314103787661e-07), np.float64(8.218951525199586e-07), np.float64(5.108686821032572e-07), np.float64(5.617335943133563e-07), np.float64(4.999295055326277e-07), np.float64(5.001162045923107e-07), np.float64(7.097969644200502e-07), np.float64(4.6944675156047903e-07), np.float64(6.262057332085314e-07), np.float64(2.934821694032106e-07), np.float64(6.262629386063649e-07), np.float64(8.2198078088008e-07), np.float64(7.096381438080888e-07), np.float64(2.6467601502389253e-07), np.float64(5.109941860475932e-07), np.float64(5.107430570482879e-07), np.float64(7.095880606242286e-07), np.float64(8.214338176956716e-07), np.float64(2.5814480988930586e-07), np.float64(6.264578280174051e-07), np.float64(8.215639255029671e-07), np.float64(7.095326976331809e-07), np.float64(5.000844025247724e-07), np.float64(4.6966648292287834e-07), np.float64(8.220802598702144e-07), np.float64(7.098628742155475e-07), np.float64(7.045468623887493e-07), np.float64(7.099163140768126e-07), np.float64(4.51447909206953e-07), np.float64(4.701404358265477e-07), np.float64(8.21278987564835e-07), np.float64(4.3603152886739425e-07), np.float64(7.09511191777382e-07), np.float64(7.042103182460961e-07), np.float64(7.097107866047581e-07), np.float64(4.231659558455075e-07), np.float64(8.215590526524397e-07), np.float64(9.791430045721481e-07), np.float64(3.5264603237462153e-07), np.float64(6.269360023927453e-07), np.float64(4.5804230259515656e-07), np.float64(9.790213950152136e-07), np.float64(5.62292979665782e-07), np.float64(7.09500977770021e-07), np.float64(5.112905811491677e-07), np.float64(2.647820578237068e-07), np.float64(6.264927162253948e-07), np.float64(2.463073223571567e-07), np.float64(4.369495648017262e-07), np.float64(5.116043985275015e-07), np.float64(3.8468575213890724e-07), np.float64(4.997981387123666e-07), np.float64(5.116793874074176e-07), np.float64(6.263468824292883e-07), np.float64(2.8674600881914854e-07), np.float64(6.168068252981748e-07), np.float64(6.264378197897782e-07), np.float64(4.3679537933262514e-07), np.float64(2.581272531661832e-07), np.float64(4.5775472957801436e-07), np.float64(7.093636458486461e-07), np.float64(4.2344008244309137e-07), np.float64(2.4081834259603705e-07), np.float64(5.121486818047183e-07), np.float64(2.7127038876182614e-07), np.float64(9.7855525772031e-07), np.float64(5.625295696745244e-07), np.float64(9.7843138273942e-07), np.float64(5.117436299494569e-07), np.float64(7.095755455545609e-07), np.float64(7.094274914538532e-07), np.float64(7.095222333112191e-07), np.float64(5.627520333934813e-07), np.float64(5.517194735972258e-07), np.float64(6.265321647283924e-07), np.float64(6.260571392051983e-07), np.float64(8.210483774139936e-07), np.float64(7.093612579935568e-07), np.float64(8.211527195504897e-07), np.float64(1.2153964922960158e-06), np.float64(5.627571845307631e-07), np.float64(5.07057238759298e-07), np.float64(5.118834911603895e-07), np.float64(6.264727587704016e-07), np.float64(7.092011731896205e-07), np.float64(5.62418336343929e-07), np.float64(3.300261438837733e-07), np.float64(5.626865174677978e-07), np.float64(5.127820018869218e-07), np.float64(7.095725885744544e-07), np.float64(5.629891957227338e-07), np.float64(6.16686602979764e-07), np.float64(9.712303278170869e-07), np.float64(3.946874340009065e-07), np.float64(8.207062590882722e-07), np.float64(9.775734466847363e-07), np.float64(6.165178712366316e-07), np.float64(4.378013079895494e-07), np.float64(4.7190671809659236e-07), np.float64(6.265039463719751e-07), np.float64(5.125233885212843e-07), np.float64(6.266879884053661e-07), np.float64(5.563601904235516e-07), np.float64(5.516547922046757e-07), np.float64(4.721132569683716e-07), np.float64(3.9491164163219586e-07), np.float64(8.202047614614995e-07), np.float64(5.002606796816994e-07), np.float64(5.126302969441416e-07), np.float64(5.104597019288067e-07), np.float64(3.0238278287848086e-07), np.float64(2.464364100235545e-07), np.float64(4.5853643180482604e-07), np.float64(6.265410524756723e-07), np.float64(8.199676750412671e-07), np.float64(7.091353406699376e-07), np.float64(5.633186221937618e-07), np.float64(9.770144924661669e-07), np.float64(3.2994472525162097e-07), np.float64(5.633085314518374e-07), np.float64(5.124732027312169e-07), np.float64(5.1324674801646e-07), np.float64(6.26997716044978e-07), np.float64(5.132835403609254e-07), np.float64(5.632644433145985e-07), np.float64(6.268316766539316e-07), np.float64(8.200940332104917e-07), np.float64(3.1055345946572835e-07), np.float64(2.4646523022869155e-07), np.float64(5.130217619657588e-07), np.float64(4.731087953979616e-07), np.float64(6.260911683202153e-07), np.float64(6.264869637953304e-07), np.float64(6.271043020896991e-07), np.float64(5.127974908382759e-07), np.float64(9.841738207089204e-07), np.float64(5.636135126176475e-07), np.float64(7.091982247973352e-07), np.float64(6.268695077135402e-07), np.float64(5.000384272088076e-07), np.float64(6.162507460816811e-07), np.float64(6.26882577637529e-07), np.float64(1.2127794857915568e-06), np.float64(5.630013513881645e-07), np.float64(3.8696683794779243e-07), np.float64(6.159789297905174e-07), np.float64(6.267959595166991e-07), np.float64(2.3043511664055896e-07), np.float64(5.130172818380946e-07), np.float64(3.1050989517234133e-07), np.float64(8.200078707791235e-07), np.float64(5.073881709436473e-07), np.float64(6.26771902656038e-07), np.float64(5.131587509975186e-07), np.float64(2.7123876846986613e-07), np.float64(7.090259178996801e-07), np.float64(8.198526305683906e-07), np.float64(5.132611334270982e-07), np.float64(8.440964424091136e-07), np.float64(4.3959161941870933e-07), np.float64(8.19902336686777e-07), np.float64(4.732425162683984e-07), np.float64(8.198046002650378e-07), np.float64(2.0467151051001332e-07), np.float64(5.002516860585569e-07), np.float64(2.3041034254807903e-07), np.float64(4.356092791155999e-07), np.float64(8.194114717568233e-07), np.float64(5.638168942950493e-07), np.float64(7.089600026049864e-07), np.float64(5.514153528150524e-07), np.float64(7.861857445325541e-07), np.float64(8.197422861564194e-07), np.float64(2.653174153619404e-07), np.float64(8.193929109994823e-07), np.float64(6.268947421109344e-07), np.float64(7.091620891193185e-07), np.float64(5.638473666210438e-07), np.float64(5.137754216599815e-07), np.float64(8.192676875002482e-07), np.float64(8.192971072142674e-07), np.float64(8.194043368353336e-07), np.float64(2.6528669458320636e-07), np.float64(5.115877987090892e-07), np.float64(7.09243993522164e-07), np.float64(4.132649024835649e-07), np.float64(4.2472971275744575e-07), np.float64(5.633823277153011e-07), np.float64(4.4133696633511277e-07), np.float64(4.740032086225052e-07), np.float64(6.987022889562163e-07), np.float64(4.744560383359505e-07), np.float64(6.26912967248172e-07), np.float64(5.642917091464804e-07), np.float64(6.272174076743475e-07), np.float64(7.088422141726229e-07), np.float64(5.143309465494737e-07), np.float64(8.191740600919868e-07), np.float64(6.265327904488328e-07), np.float64(6.268711485023648e-07), np.float64(6.15721354744818e-07), np.float64(5.146531534920345e-07), np.float64(5.148529422043475e-07), np.float64(6.272153370686016e-07), np.float64(5.6423352908226e-07), np.float64(8.189966916535191e-07), np.float64(5.644062233997469e-07), np.float64(4.7473461017622654e-07), np.float64(5.001683497059635e-07), np.float64(6.276353568798425e-07), np.float64(4.2518779993316976e-07), np.float64(5.643294719710962e-07), np.float64(4.7451149996090834e-07), np.float64(5.15086524595674e-07), np.float64(4.750122746631709e-07), np.float64(5.647021621683627e-07), np.float64(5.647444596746063e-07), np.float64(2.582516775591743e-07), np.float64(4.7486268807712443e-07), np.float64(4.2532207692820053e-07), np.float64(4.423326169100418e-07), np.float64(5.154982259697015e-07), np.float64(5.64634151475994e-07), np.float64(5.147560828726288e-07), np.float64(6.276669228698807e-07), np.float64(6.268763288655462e-07), np.float64(6.152228388257467e-07), np.float64(5.151198342559108e-07), np.float64(5.649380202721143e-07), np.float64(5.006613182000067e-07), np.float64(6.274577636961149e-07), np.float64(5.513423993825897e-07), np.float64(6.271884561597161e-07), np.float64(4.159677547177745e-07), np.float64(5.125985673968695e-07), np.float64(6.273275445164966e-07), np.float64(5.644104736920775e-07), np.float64(6.27352409664776e-07), np.float64(2.1267553518003434e-07), np.float64(4.749272442661873e-07), np.float64(5.145011436735743e-07), np.float64(7.091164175808409e-07), np.float64(5.511992462757689e-07), np.float64(6.277300216448236e-07), np.float64(9.730806707355886e-07), np.float64(6.273887653723523e-07), np.float64(5.648015827345156e-07), np.float64(7.087096706936844e-07), np.float64(6.977251674292828e-07), np.float64(4.594020323957433e-07), np.float64(5.64872080377303e-07), np.float64(6.273695603461628e-07), np.float64(5.149738982248713e-07), np.float64(9.735352079215615e-07), np.float64(6.267478649388361e-07), np.float64(5.51200899513891e-07), np.float64(4.7605469055392e-07), np.float64(7.084148812961179e-07), np.float64(3.01809114411343e-07), np.float64(7.088690390325424e-07), np.float64(4.43164710082794e-07), np.float64(2.7880845111524644e-07), np.float64(2.3043453150725416e-07), np.float64(5.158753151717639e-07), np.float64(5.646667107062074e-07), np.float64(2.9356088748726775e-07), np.float64(8.183884886487088e-07), np.float64(5.003238084596702e-07), np.float64(2.30413004189423e-07), np.float64(2.1271510809505158e-07), np.float64(4.76282302503115e-07), np.float64(6.270655952960772e-07), np.float64(6.27061747209821e-07), np.float64(5.651748721255279e-07), np.float64(6.272858339128233e-07), np.float64(8.182799310851015e-07), np.float64(5.651888511649974e-07), np.float64(8.084843038259439e-07), np.float64(2.304227094555099e-07), np.float64(8.183301369664783e-07), np.float64(1.2065809375657735e-06), np.float64(4.59645712110268e-07), np.float64(9.727824439846487e-07), np.float64(8.176601688951917e-07), np.float64(1.2063790817786747e-06), np.float64(9.726637041653775e-07), np.float64(5.510970792934359e-07), np.float64(5.137167916976154e-07), np.float64(8.176810648327009e-07), np.float64(7.083830822254997e-07), np.float64(4.766156293288849e-07), np.float64(4.5969294881663644e-07), np.float64(4.5966423965333827e-07), np.float64(7.084360574548245e-07), np.float64(4.2585321508763846e-07), np.float64(7.083823774306201e-07), np.float64(6.279664301518905e-07), np.float64(5.165707678247807e-07), np.float64(7.08932661402894e-07), np.float64(5.653872087578221e-07), np.float64(4.765581976680211e-07), np.float64(8.173971161001738e-07), np.float64(2.405806498563837e-07), np.float64(6.278312188671105e-07), np.float64(4.926375522958398e-07), np.float64(8.176091164469339e-07), np.float64(4.166824607890124e-07), np.float64(7.086059789958278e-07), np.float64(6.27271805109223e-07), np.float64(6.192907537987955e-07), np.float64(8.175742724402724e-07), np.float64(5.006049879154244e-07), np.float64(8.173640499265755e-07), np.float64(2.1628437295356143e-07), np.float64(5.169141063182173e-07), np.float64(2.6430331522555255e-07), np.float64(2.9356282176921625e-07), np.float64(4.599453177050084e-07), np.float64(2.7896514445271e-07), np.float64(8.17552186699673e-07), np.float64(3.537385552810336e-07), np.float64(4.5990087583837085e-07), np.float64(9.716059598980047e-07), np.float64(5.007561488671803e-07), np.float64(5.654109870114205e-07), np.float64(2.2122603704494232e-07), np.float64(5.175135527785157e-07), np.float64(8.170821963901879e-07), np.float64(4.597652943754034e-07), np.float64(2.3044728307398215e-07), np.float64(6.144629088390523e-07), np.float64(5.508498858077505e-07), np.float64(7.083407621978665e-07), np.float64(4.2644667684382335e-07), np.float64(4.2663605357368296e-07), np.float64(2.5822165212922245e-07), np.float64(3.7450664087668775e-07), np.float64(2.2125921407036066e-07), np.float64(7.083989150900628e-07), np.float64(9.707940635296387e-07), np.float64(5.005890721317758e-07), np.float64(9.706409188025947e-07), np.float64(6.277771573141162e-07), np.float64(8.172868993214845e-07), np.float64(3.292708095701153e-07), np.float64(6.27220630525225e-07), np.float64(9.709763795968557e-07), np.float64(8.170698064977107e-07), np.float64(8.167748470616359e-07), np.float64(5.171721000450528e-07), np.float64(4.2642054218870204e-07), np.float64(8.168718695947985e-07), np.float64(4.187268187573517e-07), np.float64(1.203016346037586e-06), np.float64(5.660826612024304e-07), np.float64(2.0381308947555924e-07), np.float64(7.079746238705165e-07), np.float64(5.17293947196706e-07), np.float64(7.083426955162385e-07), np.float64(5.658491319479861e-07), np.float64(7.083920998004279e-07), np.float64(5.008887343863695e-07), np.float64(5.175590874445958e-07), np.float64(6.281588563007474e-07), np.float64(5.177437319751582e-07), np.float64(1.9186973548424215e-07), np.float64(4.2695493866470054e-07), np.float64(5.009613790804676e-07), np.float64(6.140027122824508e-07), np.float64(6.280794297122139e-07), np.float64(4.787180042077791e-07), np.float64(7.081956541496995e-07), np.float64(5.50861976696646e-07), np.float64(7.081268728985786e-07), np.float64(5.665126954829814e-07), np.float64(4.4695894952752923e-07), np.float64(2.438511201352161e-07), np.float64(4.197262789916894e-07), np.float64(5.179065360599374e-07), np.float64(9.700664801241587e-07), np.float64(9.695867485612514e-07), np.float64(4.6054301568851925e-07), np.float64(7.079776829090377e-07), np.float64(7.080677800593743e-07), np.float64(6.956866990376511e-07), np.float64(7.082471629829556e-07), np.float64(5.182004707220139e-07), np.float64(5.180157605483657e-07), np.float64(5.506511596679681e-07), np.float64(9.695540273505395e-07), np.float64(5.667647230034524e-07), np.float64(9.693152121603384e-07), np.float64(2.3043987290218022e-07), np.float64(7.079250036086011e-07), np.float64(2.2135637861293208e-07), np.float64(5.666612902605686e-07), np.float64(3.987625536131836e-07), np.float64(9.689478800031903e-07), np.float64(7.082972937465504e-07), np.float64(5.666873647142894e-07), np.float64(5.673247837027258e-07), np.float64(7.082629261878303e-07), np.float64(1.200635588264603e-06), np.float64(4.604668030207825e-07), np.float64(5.185239300473771e-07), np.float64(6.276016727639004e-07), np.float64(9.692060533883312e-07), np.float64(6.284902446269985e-07), np.float64(6.284533347876483e-07), np.float64(2.304967851393355e-07), np.float64(4.217517727309384e-07), np.float64(7.076498160444363e-07), np.float64(7.080517671297387e-07), np.float64(5.007420705148589e-07), np.float64(4.802217668289566e-07), np.float64(6.280084373398018e-07), np.float64(5.188039192971177e-07), np.float64(1.2000082891730654e-06), np.float64(3.7556048696958313e-07), np.float64(8.15775342709878e-07), np.float64(3.308306745156017e-07), np.float64(4.6064731803569153e-07), np.float64(7.084196297155792e-07), np.float64(5.190666693778805e-07), np.float64(2.791208896051502e-07), np.float64(2.0553184091315927e-07), np.float64(5.668981460941726e-07), np.float64(5.007917429381623e-07), np.float64(5.504825112179752e-07), np.float64(2.5832320230318567e-07), np.float64(4.80659479042654e-07), np.float64(2.662028477293245e-07), np.float64(6.279292619018755e-07), np.float64(2.404809606252121e-07), np.float64(7.076120419505521e-07), np.float64(6.281584142072964e-07), np.float64(2.5774414401250234e-07), np.float64(6.284349063094872e-07), np.float64(8.155297129192163e-07), np.float64(6.944861396802876e-07), np.float64(2.274883824266103e-07), np.float64(5.192120367565777e-07), np.float64(7.025824119146862e-07), np.float64(7.078703024765021e-07), np.float64(5.676297947775279e-07), np.float64(2.5826900486852607e-07), np.float64(5.192055581626452e-07), np.float64(5.007975920293912e-07), np.float64(6.285324072794467e-07), np.float64(8.156138480634438e-07), np.float64(5.187821720981452e-07), np.float64(2.131533566720405e-07), np.float64(6.286146589218276e-07), np.float64(5.009418096908535e-07), np.float64(3.6266856514233673e-07), np.float64(2.8502344119168073e-07), np.float64(7.077461169047783e-07)]"
