,n,k,norm_gradient,time,final_score,converges,iterations,conv,path
0,2,4,8.06616300661373e-09,0.007643699645996094,7.377087715843669,True,7,1.607106951938176,"[[-1.         -1.        ]
 [-0.62417521 -0.78124635]
 [-0.54980382  1.71878152]
 [-0.20138645  1.10985791]
 [-0.18378956  0.98474796]
 [-0.17304768  0.9906477 ]
 [-0.17196256  0.99071319]
 [-0.17195189  0.9907326 ]]"
1,2,8,5.764380201071485e-07,0.03512883186340332,7.377087715843705,True,33,4.766785973122607,"[[-1.         -1.        ]
 [-0.31655138 -0.60218996]
 [-0.5118963   2.27390952]
 [-0.93241456  1.8200697 ]
 [-0.67113619  1.7551656 ]
 [-0.47227656  0.77067085]
 [-0.41294985  0.80963679]
 [-0.3018628   0.89792768]
 [-0.15864261  1.05829753]
 [-0.15766971  0.95690838]
 [-0.16807332  1.02008491]
 [-0.16727404  0.98558404]
 [-0.17004805  0.99422904]
 [-0.17019294  0.99273002]
 [-0.17075225  0.98992473]
 [-0.17145255  0.99150493]
 [-0.17156121  0.99066781]
 [-0.17156638  0.99081335]
 [-0.17157947  0.99072647]
 [-0.17158326  0.990754  ]
 [-0.17210345  0.99075825]
 [-0.17209735  0.99068745]
 [-0.1719803   0.99079621]
 [-0.17196378  0.99070611]
 [-0.17196128  0.99074154]
 [-0.17195545  0.99072448]
 [-0.17195469  0.99073591]
 [-0.17195286  0.99072966]
 [-0.17195273  0.99073481]
 [-0.17195208  0.99073075]
 [-0.17195199  0.99073279]
 [-0.17195195  0.99073244]
 [-0.171952    0.9907327 ]
 [-0.171952    0.99073263]]"
2,2,12,1.709520148818109e-08,0.033882856369018555,1.4294964642259246e-18,True,32,-21.135953908239372,"[[-1.         -1.        ]
 [-0.99999988 -0.99999993]
 [ 1.26455053  0.31837714]
 [ 1.26455047  0.31837713]
 [ 1.26455046  0.31837714]
 [ 1.2645504   0.31837717]
 [ 1.26455037  0.31837718]
 [ 1.26455036  0.31837719]
 [ 1.2645503   0.31837719]
 [-0.60265952  1.23173041]
 [ 0.55227726  0.8772775 ]
 [ 1.07675039  0.99966109]
 [ 0.91689791  0.99904908]
 [ 1.03125267  1.00074904]
 [ 1.0312524   1.00074904]
 [ 0.97313938  1.00002399]
 [ 1.01612264  1.00040196]
 [ 1.01612248  1.00040211]
 [ 1.01612229  1.0004023 ]
 [ 1.01612218  1.00040241]
 [ 1.01612208  1.00040249]
 [ 0.98727339  1.00001194]
 [ 0.99997413  1.000116  ]
 [ 1.00004551  1.00003155]
 [ 0.99996695  1.00001705]
 [ 1.00002344  1.00001   ]
 [ 1.00002342  0.99999928]
 [ 0.99998322  0.99999928]
 [ 1.00000057  0.99999961]
 [ 1.00000042  0.99999961]
 [ 1.          0.99999963]
 [ 1.          1.00000008]
 [ 1.          1.        ]]"
3,1000,4,1.4353318865013097e-07,0.06546735763549805,7.086281647937154,True,13,1.3425942905454396,"[np.float64(14.625534068232225), np.float64(16.17837043875008), np.float64(44.75257519743554), np.float64(7.324517618431602), np.float64(3.8712912142568445), np.float64(1.0725694512088415), np.float64(0.07685691922777999), np.float64(0.07398397182664776), np.float64(0.001164064725370975), np.float64(0.009050073260675315), np.float64(0.0004382291363238673), np.float64(6.76080128147255e-06), np.float64(2.498135335881886e-08)]"
4,1000,8,9.846844737720267e-07,0.21512365341186523,7.086281647937162,True,42,-2.4783025052694327,"[np.float64(71.31623333828051), np.float64(9.153409194046688), np.float64(1.0649425971627333), np.float64(0.7556807670706034), np.float64(0.21355930165334935), np.float64(0.21383679775036085), np.float64(0.15107252150484657), np.float64(0.003327159428394871), np.float64(0.003364404963459394), np.float64(0.0014009650970407466), np.float64(0.0007411089897979755), np.float64(0.001339923725121991), np.float64(0.0007860450800220512), np.float64(0.0002450837015998772), np.float64(0.00029054739315479924), np.float64(0.00237128732718399), np.float64(0.0007910577738254682), np.float64(0.006285904161545923), np.float64(0.00036240522101673106), np.float64(0.0001882298279657951), np.float64(0.00011571848458195893), np.float64(0.00014600713679047584), np.float64(0.00010207126863099759), np.float64(3.4056232199066724e-05), np.float64(0.00012088408267090542), np.float64(0.0003141710739130488), np.float64(8.977338138600459e-05), np.float64(3.1246264557663915e-05), np.float64(1.995924292850049e-05), np.float64(0.000817742701538045), np.float64(2.9438920764688007e-05), np.float64(0.00020770759379494682), np.float64(2.603883137287937e-05), np.float64(2.845151969558607e-05), np.float64(1.0272445450334575e-05), np.float64(2.3081377120914944e-06), np.float64(1.690113749163036e-06), np.float64(8.541860810675922e-08), np.float64(3.747744094805019e-07), np.float64(4.9006009307995277e-08), np.float64(1.1460524941453409e-07), np.float64(1.3957961059647153e-08)]"
5,1000,12,0.0027618269031882857,6.052719354629517,7.086281647981585,False,999,-2.838372798209356,"[np.float64(4.980857771044759e-07), np.float64(71.3135275658222), np.float64(15.638594750756171), np.float64(6.150407760370244e-08), np.float64(8.77728407335784e-08), np.float64(9.297606419343671), np.float64(2.4085422542336374), np.float64(1.1250791527378357), np.float64(9.119473403739161e-08), np.float64(2.673126073254775e-07), np.float64(9.109003902166982e-08), np.float64(2.7170840362053794e-07), np.float64(0.6531991086650009), np.float64(2.117209912581551e-07), np.float64(0.24602301951979264), np.float64(0.23735393016639345), np.float64(1.8573476233400317e-07), np.float64(3.9789694496510147e-07), np.float64(2.5393202991597613e-07), np.float64(0.23318895218231755), np.float64(7.234535669146689e-07), np.float64(1.6210285498019548e-07), np.float64(1.411345185894485e-07), np.float64(2.0045014177015818e-07), np.float64(0.14063917911407628), np.float64(0.06094982342422066), np.float64(8.441721167952102e-06), np.float64(0.04219426543302917), np.float64(0.029386746626518998), np.float64(2.655494166076988e-08), np.float64(0.022904082160722858), np.float64(3.497513891931059e-08), np.float64(1.3574835317118635e-07), np.float64(0.011190603550680757), np.float64(0.010300409660054419), np.float64(0.007507370577569328), np.float64(0.006868819752785508), np.float64(3.940386058781601e-08), np.float64(0.005189805139613908), np.float64(7.709257931747257e-09), np.float64(0.004686606444907485), np.float64(0.0036601077590119086), np.float64(9.511068114582345e-10), np.float64(0.0032689897696666806), np.float64(0.0026196499955035064), np.float64(3.620133159655708e-07), np.float64(0.001391752639616865), np.float64(6.971782550730616e-11), np.float64(9.07534597683223e-09), np.float64(3.8597325576196584e-08), np.float64(0.001389829538751984), np.float64(2.9853509266880083e-10), np.float64(0.0010104048590642409), np.float64(0.0009738045310232556), np.float64(4.210878066226932e-08), np.float64(2.09477645567367e-10), np.float64(5.59485090452581e-11), np.float64(0.0007306001549203469), np.float64(0.0007313850027919852), np.float64(3.7158437091343035e-11), np.float64(0.0005453627795764461), np.float64(1.1316745733264936e-09), np.float64(0.0005478970160662227), np.float64(0.00041022092141334107), np.float64(6.004977387869125e-12), np.float64(5.165854282577905e-12), np.float64(5.755858078566798e-09), np.float64(0.0004585004604326703), np.float64(0.0005222400494777124), np.float64(6.322546817691832e-08), np.float64(0.00043621264324148216), np.float64(0.0004432958090650208), np.float64(2.440507338434054e-08), np.float64(0.0003364397313242312), np.float64(0.0003687910663151601), np.float64(1.718636310068129e-11), np.float64(3.662177169482511e-08), np.float64(3.679309883897297e-11), np.float64(8.815093969473161e-12), np.float64(1.9649639666108736e-08), np.float64(0.0002553333291515501), np.float64(3.6362090840593392e-12), np.float64(3.4916955197044442e-12), np.float64(3.084720095897968e-08), np.float64(5.949865068938663e-10), np.float64(1.059974726658154e-06), np.float64(0.0003039785212773313), np.float64(0.00034100199139581447), np.float64(1.3181745970208821e-08), np.float64(0.0002849835875987537), np.float64(0.00028122730956138124), np.float64(7.129309735398184e-11), np.float64(2.4166603781882848e-11), np.float64(0.00021245800316729496), np.float64(0.00021434625454811492), np.float64(2.7619502952451427e-07), np.float64(2.150105346670454e-08), np.float64(4.257432083634425e-09), np.float64(1.2176320791128333e-08), np.float64(9.905151709955174e-12), np.float64(6.560087704205653e-10), np.float64(0.00016923579646693177), np.float64(5.811191082447509e-12), np.float64(3.5821903485149573e-07), np.float64(0.00015583430988474318), np.float64(5.9569334233441655e-12), np.float64(0.0001249050215550505), np.float64(0.0001337259416754657), np.float64(2.632867501906106e-12), np.float64(6.1049921162397524e-12), np.float64(4.006233515344453e-10), np.float64(0.00016988663273515779), np.float64(0.0001391918188602636), np.float64(1.4744743982450492e-08), np.float64(0.00014349273321017075), np.float64(0.00011224628331555188), np.float64(9.768761395434482e-05), np.float64(3.498389470466567e-11), np.float64(8.012417717866091e-05), np.float64(6.965547483185821e-12), np.float64(3.768668065674069e-12), np.float64(8.184681110715478e-05), np.float64(2.1128193221916463e-11), np.float64(0.0001326495489636752), np.float64(9.365162867256482e-08), np.float64(8.938645554371183e-05), np.float64(8.980389454723767e-05), np.float64(1.3881410639374056e-12), np.float64(7.16248781948185e-05), np.float64(0.00010989562161083955), np.float64(3.253710809438744e-12), np.float64(5.9316531565447915e-05), np.float64(7.653298045758202e-13), np.float64(9.534874519008e-10), np.float64(2.0589313543654894e-10), np.float64(2.592689300433983e-05), np.float64(0.00016299188332407648), np.float64(5.426521228179472e-11), np.float64(5.380887196193987e-10), np.float64(3.7854487147496684e-10), np.float64(2.508869789288016e-09), np.float64(8.392407319814486e-05), np.float64(1.3698895803147036e-12), np.float64(3.851181615361814e-05), np.float64(6.343577346820225e-05), np.float64(3.4739676766021994e-05), np.float64(5.674807228706862e-13), np.float64(1.768204305205792e-05), np.float64(2.1963132724611844e-14), np.float64(4.501672043604838e-11), np.float64(3.734065180706327e-12), np.float64(1.513788260689923e-05), np.float64(0.0001514715465948073), np.float64(1.0360489140194563e-12), np.float64(3.102770082358089e-05), np.float64(2.2527828636056428e-13), np.float64(3.443084611139187e-05), np.float64(2.922252853672341e-13), np.float64(5.838575804144761e-06), np.float64(4.6375396546205495e-05), np.float64(5.211594874331989e-06), np.float64(9.103849110861399e-14), np.float64(1.933613644727763e-14), np.float64(4.198416834626694e-12), np.float64(9.493538116891051e-14), np.float64(8.397291036902176e-14), np.float64(9.238896857051836e-15), np.float64(1.1762023144864909e-05), np.float64(1.0640918982360653e-10), np.float64(1.0841030805522448e-14), np.float64(1.3600232051658168e-15), np.float64(3.7970508152972466e-07), np.float64(2.52076261619239e-11), np.float64(3.5450325712474368e-12), np.float64(2.825314607693127e-12), np.float64(1.584207840779769e-11), np.float64(1.3619484285589667e-06), np.float64(5.882197440571292e-13), np.float64(8.864321479625025e-06), np.float64(6.952558951114293e-14), np.float64(2.4470413384263712e-12), np.float64(2.5294814525766606e-06), np.float64(8.157396561693709e-13), np.float64(1.2298110629351264e-13), np.float64(7.151326258400545e-10), np.float64(3.7307965685591157e-07), np.float64(4.074511476392561e-13), np.float64(1.7074411011839895e-13), np.float64(2.498001805406602e-16), np.float64(9.034216024827073e-15), np.float64(2.6945869884091664e-12), np.float64(2.0124844762686573e-11), np.float64(6.938893903907228e-16), np.float64(6.106226635438361e-16), np.float64(2.1627720853411843e-14), np.float64(2.3465798870361164e-13), np.float64(1.1102230246251565e-16), np.float64(1.3573878851961056e-12), np.float64(7.446857014299587e-12), np.float64(3.8660039757380884e-15), np.float64(2.217739966384275e-14), np.float64(1.647213324196644e-14), np.float64(3.457172592677336e-12), np.float64(1.1443916996305594e-16), np.float64(2.7755575615628914e-17), np.float64(1.3877787807814457e-16), np.float64(3.3306690738754696e-16), np.float64(2.7755575615628914e-17), np.float64(2.7755575615628914e-17), np.float64(2.7755575615628914e-17), np.float64(2.7755575615628914e-17), np.float64(2.7755575615628914e-17), np.float64(2.7755575615628914e-17), np.float64(2.7755575615628914e-17), np.float64(1.3877787807814457e-16), np.float64(3.3306690738754696e-16), np.float64(2.7755575615628914e-17), np.float64(2.7755575615628914e-17), np.float64(2.7755575615628914e-17), np.float64(2.7755575615628914e-17), np.float64(2.7755575615628914e-17), np.float64(2.7755575615628914e-17), np.float64(2.7755575615628914e-17), np.float64(1.3877787807814457e-16), np.float64(3.3306690738754696e-16), np.float64(2.7755575615628914e-17), np.float64(2.7755575615628914e-17), np.float64(2.7755575615628914e-17), np.float64(2.7755575615628914e-17), np.float64(2.7755575615628914e-17), np.float64(2.7755575615628914e-17), np.float64(2.7755575615628914e-17), np.float64(1.3877787807814457e-16), np.float64(3.3306690738754696e-16), np.float64(2.7755575615628914e-17), np.float64(2.7755575615628914e-17), np.float64(2.7755575615628914e-17), np.float64(2.7755575615628914e-17), np.float64(2.7755575615628914e-17), np.float64(2.7755575615628914e-17), np.float64(2.7755575615628914e-17), np.float64(1.3877787807814457e-16), np.float64(3.3306690738754696e-16), np.float64(2.7755575615628914e-17), np.float64(2.7755575615628914e-17), np.float64(2.7755575615628914e-17), np.float64(2.7755575615628914e-17), np.float64(2.7755575615628914e-17), np.float64(2.7755575615628914e-17), np.float64(2.7755575615628914e-17), np.float64(1.3877787807814457e-16), np.float64(3.3306690738754696e-16), np.float64(2.7755575615628914e-17), np.float64(2.7755575615628914e-17), np.float64(2.7755575615628914e-17), np.float64(2.7755575615628914e-17), np.float64(2.7755575615628914e-17), np.float64(2.7755575615628914e-17), np.float64(2.7755575615628914e-17), np.float64(1.3877787807814457e-16), np.float64(3.3306690738754696e-16), np.float64(2.7755575615628914e-17), np.float64(2.7755575615628914e-17), np.float64(2.7755575615628914e-17), np.float64(2.7755575615628914e-17), np.float64(2.7755575615628914e-17), np.float64(2.7755575615628914e-17), np.float64(2.7755575615628914e-17), np.float64(1.3877787807814457e-16), np.float64(3.3306690738754696e-16), np.float64(2.7755575615628914e-17), np.float64(2.7755575615628914e-17), np.float64(2.7755575615628914e-17), np.float64(2.7755575615628914e-17), np.float64(2.7755575615628914e-17), np.float64(2.7755575615628914e-17), np.float64(2.7755575615628914e-17), np.float64(1.3877787807814457e-16), np.float64(3.3306690738754696e-16), np.float64(2.7755575615628914e-17), np.float64(2.7755575615628914e-17), np.float64(2.7755575615628914e-17), np.float64(2.7755575615628914e-17), np.float64(2.7755575615628914e-17), np.float64(2.7755575615628914e-17), np.float64(2.7755575615628914e-17), np.float64(1.3877787807814457e-16), np.float64(3.3306690738754696e-16), np.float64(2.7755575615628914e-17), np.float64(2.7755575615628914e-17), np.float64(2.7755575615628914e-17), np.float64(2.7755575615628914e-17), np.float64(2.7755575615628914e-17), np.float64(2.7755575615628914e-17), np.float64(2.7755575615628914e-17), np.float64(1.3877787807814457e-16), np.float64(3.3306690738754696e-16), np.float64(2.7755575615628914e-17), np.float64(2.7755575615628914e-17), np.float64(2.7755575615628914e-17), np.float64(2.7755575615628914e-17), np.float64(2.7755575615628914e-17), np.float64(2.7755575615628914e-17), np.float64(2.7755575615628914e-17), np.float64(1.3877787807814457e-16), np.float64(3.3306690738754696e-16), np.float64(2.7755575615628914e-17), np.float64(2.7755575615628914e-17), np.float64(2.7755575615628914e-17), np.float64(2.7755575615628914e-17), np.float64(2.7755575615628914e-17), np.float64(2.7755575615628914e-17), np.float64(2.7755575615628914e-17), np.float64(1.3877787807814457e-16), np.float64(3.3306690738754696e-16), np.float64(2.7755575615628914e-17), np.float64(2.7755575615628914e-17), np.float64(2.7755575615628914e-17), np.float64(2.7755575615628914e-17), np.float64(2.7755575615628914e-17), np.float64(2.7755575615628914e-17), np.float64(2.7755575615628914e-17), np.float64(1.3877787807814457e-16), np.float64(3.3306690738754696e-16), np.float64(2.7755575615628914e-17), np.float64(2.7755575615628914e-17), np.float64(2.7755575615628914e-17), np.float64(2.7755575615628914e-17), np.float64(2.7755575615628914e-17), np.float64(2.7755575615628914e-17), np.float64(2.7755575615628914e-17), np.float64(1.3877787807814457e-16), np.float64(3.3306690738754696e-16), np.float64(2.7755575615628914e-17), np.float64(2.7755575615628914e-17), np.float64(2.7755575615628914e-17), np.float64(2.7755575615628914e-17), np.float64(2.7755575615628914e-17), np.float64(2.7755575615628914e-17), np.float64(2.7755575615628914e-17), np.float64(1.3877787807814457e-16), np.float64(3.3306690738754696e-16), np.float64(2.7755575615628914e-17), np.float64(2.7755575615628914e-17), np.float64(2.7755575615628914e-17), np.float64(2.7755575615628914e-17), np.float64(2.7755575615628914e-17), np.float64(2.7755575615628914e-17), np.float64(2.7755575615628914e-17), np.float64(1.3877787807814457e-16), np.float64(3.3306690738754696e-16), np.float64(2.7755575615628914e-17), np.float64(2.7755575615628914e-17), np.float64(2.7755575615628914e-17), np.float64(2.7755575615628914e-17), np.float64(2.7755575615628914e-17), np.float64(2.7755575615628914e-17), np.float64(2.7755575615628914e-17), np.float64(1.3877787807814457e-16), np.float64(3.3306690738754696e-16), np.float64(2.7755575615628914e-17), np.float64(2.7755575615628914e-17), np.float64(2.7755575615628914e-17), np.float64(2.7755575615628914e-17), np.float64(2.7755575615628914e-17), np.float64(2.7755575615628914e-17), np.float64(2.7755575615628914e-17), np.float64(1.3877787807814457e-16), np.float64(3.3306690738754696e-16), np.float64(2.7755575615628914e-17), np.float64(2.7755575615628914e-17), np.float64(2.7755575615628914e-17), np.float64(2.7755575615628914e-17), np.float64(2.7755575615628914e-17), np.float64(2.7755575615628914e-17), np.float64(2.7755575615628914e-17), np.float64(1.3877787807814457e-16), np.float64(3.3306690738754696e-16), np.float64(2.7755575615628914e-17), np.float64(2.7755575615628914e-17), np.float64(2.7755575615628914e-17), np.float64(2.7755575615628914e-17), np.float64(2.7755575615628914e-17), np.float64(2.7755575615628914e-17), np.float64(2.7755575615628914e-17), np.float64(1.3877787807814457e-16), np.float64(3.3306690738754696e-16), np.float64(2.7755575615628914e-17), np.float64(2.7755575615628914e-17), np.float64(2.7755575615628914e-17), np.float64(2.7755575615628914e-17), np.float64(2.7755575615628914e-17), np.float64(2.7755575615628914e-17), np.float64(2.7755575615628914e-17), np.float64(1.3877787807814457e-16), np.float64(3.3306690738754696e-16), np.float64(2.7755575615628914e-17), np.float64(2.7755575615628914e-17), np.float64(2.7755575615628914e-17), np.float64(2.7755575615628914e-17), np.float64(2.7755575615628914e-17), np.float64(2.7755575615628914e-17), np.float64(2.7755575615628914e-17), np.float64(1.3877787807814457e-16), np.float64(3.3306690738754696e-16), np.float64(2.7755575615628914e-17), np.float64(2.7755575615628914e-17), np.float64(2.7755575615628914e-17), np.float64(2.7755575615628914e-17), np.float64(2.7755575615628914e-17), np.float64(2.7755575615628914e-17), np.float64(2.7755575615628914e-17), np.float64(1.3877787807814457e-16), np.float64(3.3306690738754696e-16), np.float64(2.7755575615628914e-17), np.float64(2.7755575615628914e-17), np.float64(2.7755575615628914e-17), np.float64(2.7755575615628914e-17), np.float64(2.7755575615628914e-17), np.float64(2.7755575615628914e-17), np.float64(2.7755575615628914e-17), np.float64(1.3877787807814457e-16), np.float64(3.3306690738754696e-16), np.float64(2.7755575615628914e-17), np.float64(2.7755575615628914e-17), np.float64(2.7755575615628914e-17), np.float64(2.7755575615628914e-17), np.float64(2.7755575615628914e-17), np.float64(2.7755575615628914e-17), np.float64(2.7755575615628914e-17), np.float64(1.3877787807814457e-16), np.float64(3.3306690738754696e-16), np.float64(2.7755575615628914e-17), np.float64(2.7755575615628914e-17), np.float64(2.7755575615628914e-17), np.float64(2.7755575615628914e-17), np.float64(2.7755575615628914e-17), np.float64(2.7755575615628914e-17), np.float64(2.7755575615628914e-17), np.float64(1.3877787807814457e-16), np.float64(3.3306690738754696e-16), np.float64(2.7755575615628914e-17), np.float64(2.7755575615628914e-17), np.float64(2.7755575615628914e-17), np.float64(2.7755575615628914e-17), np.float64(2.7755575615628914e-17), np.float64(2.7755575615628914e-17), np.float64(2.7755575615628914e-17), np.float64(1.3877787807814457e-16), np.float64(3.3306690738754696e-16), np.float64(2.7755575615628914e-17), np.float64(2.7755575615628914e-17), np.float64(2.7755575615628914e-17), np.float64(2.7755575615628914e-17), np.float64(2.7755575615628914e-17), np.float64(2.7755575615628914e-17), np.float64(2.7755575615628914e-17), np.float64(1.3877787807814457e-16), np.float64(3.3306690738754696e-16), np.float64(2.7755575615628914e-17), np.float64(2.7755575615628914e-17), np.float64(2.7755575615628914e-17), np.float64(2.7755575615628914e-17), np.float64(2.7755575615628914e-17), np.float64(2.7755575615628914e-17), np.float64(2.7755575615628914e-17), np.float64(1.3877787807814457e-16), np.float64(3.3306690738754696e-16), np.float64(2.7755575615628914e-17), np.float64(2.7755575615628914e-17), np.float64(2.7755575615628914e-17), np.float64(2.7755575615628914e-17), np.float64(2.7755575615628914e-17), np.float64(2.7755575615628914e-17), np.float64(2.7755575615628914e-17), np.float64(1.3877787807814457e-16), np.float64(3.3306690738754696e-16), np.float64(2.7755575615628914e-17), np.float64(2.7755575615628914e-17), np.float64(2.7755575615628914e-17), np.float64(2.7755575615628914e-17), np.float64(2.7755575615628914e-17), np.float64(2.7755575615628914e-17), np.float64(2.7755575615628914e-17), np.float64(1.3877787807814457e-16), np.float64(3.3306690738754696e-16), np.float64(2.7755575615628914e-17), np.float64(2.7755575615628914e-17), np.float64(2.7755575615628914e-17), np.float64(2.7755575615628914e-17), np.float64(2.7755575615628914e-17), np.float64(2.7755575615628914e-17), np.float64(2.7755575615628914e-17), np.float64(1.3877787807814457e-16), np.float64(3.3306690738754696e-16), np.float64(2.7755575615628914e-17), np.float64(2.7755575615628914e-17), np.float64(2.7755575615628914e-17), np.float64(2.7755575615628914e-17), np.float64(2.7755575615628914e-17), np.float64(2.7755575615628914e-17), np.float64(2.7755575615628914e-17), np.float64(1.3877787807814457e-16), np.float64(3.3306690738754696e-16), np.float64(2.7755575615628914e-17), np.float64(2.7755575615628914e-17), np.float64(2.7755575615628914e-17), np.float64(2.7755575615628914e-17), np.float64(2.7755575615628914e-17), np.float64(2.7755575615628914e-17), np.float64(2.7755575615628914e-17), np.float64(1.3877787807814457e-16), np.float64(3.3306690738754696e-16), np.float64(2.7755575615628914e-17), np.float64(2.7755575615628914e-17), np.float64(2.7755575615628914e-17), np.float64(2.7755575615628914e-17), np.float64(2.7755575615628914e-17), np.float64(2.7755575615628914e-17), np.float64(2.7755575615628914e-17), np.float64(1.3877787807814457e-16), np.float64(3.3306690738754696e-16), np.float64(2.7755575615628914e-17), np.float64(2.7755575615628914e-17), np.float64(2.7755575615628914e-17), np.float64(2.7755575615628914e-17), np.float64(2.7755575615628914e-17), np.float64(2.7755575615628914e-17), np.float64(2.7755575615628914e-17), np.float64(1.3877787807814457e-16), np.float64(3.3306690738754696e-16), np.float64(2.7755575615628914e-17), np.float64(2.7755575615628914e-17), np.float64(2.7755575615628914e-17), np.float64(2.7755575615628914e-17), np.float64(2.7755575615628914e-17), np.float64(2.7755575615628914e-17), np.float64(2.7755575615628914e-17), np.float64(1.3877787807814457e-16), np.float64(3.3306690738754696e-16), np.float64(2.7755575615628914e-17), np.float64(2.7755575615628914e-17), np.float64(2.7755575615628914e-17), np.float64(2.7755575615628914e-17), np.float64(2.7755575615628914e-17), np.float64(2.7755575615628914e-17), np.float64(2.7755575615628914e-17), np.float64(1.3877787807814457e-16), np.float64(3.3306690738754696e-16), np.float64(2.7755575615628914e-17), np.float64(2.7755575615628914e-17), np.float64(2.7755575615628914e-17), np.float64(2.7755575615628914e-17), np.float64(2.7755575615628914e-17), np.float64(2.7755575615628914e-17), np.float64(2.7755575615628914e-17), np.float64(1.3877787807814457e-16), np.float64(3.3306690738754696e-16), np.float64(2.7755575615628914e-17), np.float64(2.7755575615628914e-17), np.float64(2.7755575615628914e-17), np.float64(2.7755575615628914e-17), np.float64(2.7755575615628914e-17), np.float64(2.7755575615628914e-17), np.float64(2.7755575615628914e-17), np.float64(1.3877787807814457e-16), np.float64(3.3306690738754696e-16), np.float64(2.7755575615628914e-17), np.float64(2.7755575615628914e-17), np.float64(2.7755575615628914e-17), np.float64(2.7755575615628914e-17), np.float64(2.7755575615628914e-17), np.float64(2.7755575615628914e-17), np.float64(2.7755575615628914e-17), np.float64(1.3877787807814457e-16), np.float64(3.3306690738754696e-16), np.float64(2.7755575615628914e-17), np.float64(2.7755575615628914e-17), np.float64(2.7755575615628914e-17), np.float64(2.7755575615628914e-17), np.float64(2.7755575615628914e-17), np.float64(2.7755575615628914e-17), np.float64(2.7755575615628914e-17), np.float64(1.3877787807814457e-16), np.float64(3.3306690738754696e-16), np.float64(2.7755575615628914e-17), np.float64(2.7755575615628914e-17), np.float64(2.7755575615628914e-17), np.float64(2.7755575615628914e-17), np.float64(2.7755575615628914e-17), np.float64(2.7755575615628914e-17), np.float64(2.7755575615628914e-17), np.float64(1.3877787807814457e-16), np.float64(3.3306690738754696e-16), np.float64(2.7755575615628914e-17), np.float64(2.7755575615628914e-17), np.float64(2.7755575615628914e-17), np.float64(2.7755575615628914e-17), np.float64(2.7755575615628914e-17), np.float64(2.7755575615628914e-17), np.float64(2.7755575615628914e-17), np.float64(1.3877787807814457e-16), np.float64(3.3306690738754696e-16), np.float64(2.7755575615628914e-17), np.float64(2.7755575615628914e-17), np.float64(2.7755575615628914e-17), np.float64(2.7755575615628914e-17), np.float64(2.7755575615628914e-17), np.float64(2.7755575615628914e-17), np.float64(2.7755575615628914e-17), np.float64(1.3877787807814457e-16), np.float64(3.3306690738754696e-16), np.float64(2.7755575615628914e-17), np.float64(2.7755575615628914e-17), np.float64(2.7755575615628914e-17), np.float64(2.7755575615628914e-17), np.float64(2.7755575615628914e-17), np.float64(2.7755575615628914e-17), np.float64(2.7755575615628914e-17), np.float64(1.3877787807814457e-16), np.float64(3.3306690738754696e-16), np.float64(2.7755575615628914e-17), np.float64(2.7755575615628914e-17), np.float64(2.7755575615628914e-17), np.float64(2.7755575615628914e-17), np.float64(2.7755575615628914e-17), np.float64(2.7755575615628914e-17), np.float64(2.7755575615628914e-17), np.float64(1.3877787807814457e-16), np.float64(3.3306690738754696e-16), np.float64(2.7755575615628914e-17), np.float64(2.7755575615628914e-17), np.float64(2.7755575615628914e-17), np.float64(2.7755575615628914e-17), np.float64(2.7755575615628914e-17), np.float64(2.7755575615628914e-17), np.float64(2.7755575615628914e-17), np.float64(1.3877787807814457e-16), np.float64(3.3306690738754696e-16), np.float64(2.7755575615628914e-17), np.float64(2.7755575615628914e-17), np.float64(2.7755575615628914e-17), np.float64(2.7755575615628914e-17), np.float64(2.7755575615628914e-17), np.float64(2.7755575615628914e-17), np.float64(2.7755575615628914e-17), np.float64(1.3877787807814457e-16), np.float64(3.3306690738754696e-16), np.float64(2.7755575615628914e-17), np.float64(2.7755575615628914e-17), np.float64(2.7755575615628914e-17), np.float64(2.7755575615628914e-17), np.float64(2.7755575615628914e-17), np.float64(2.7755575615628914e-17), np.float64(2.7755575615628914e-17), np.float64(1.3877787807814457e-16), np.float64(3.3306690738754696e-16), np.float64(2.7755575615628914e-17), np.float64(2.7755575615628914e-17), np.float64(2.7755575615628914e-17), np.float64(2.7755575615628914e-17), np.float64(2.7755575615628914e-17), np.float64(2.7755575615628914e-17), np.float64(2.7755575615628914e-17), np.float64(1.3877787807814457e-16), np.float64(3.3306690738754696e-16), np.float64(2.7755575615628914e-17), np.float64(2.7755575615628914e-17), np.float64(2.7755575615628914e-17), np.float64(2.7755575615628914e-17), np.float64(2.7755575615628914e-17), np.float64(2.7755575615628914e-17), np.float64(2.7755575615628914e-17), np.float64(1.3877787807814457e-16), np.float64(3.3306690738754696e-16), np.float64(2.7755575615628914e-17), np.float64(2.7755575615628914e-17), np.float64(2.7755575615628914e-17), np.float64(2.7755575615628914e-17), np.float64(2.7755575615628914e-17), np.float64(2.7755575615628914e-17), np.float64(2.7755575615628914e-17), np.float64(1.3877787807814457e-16), np.float64(3.3306690738754696e-16), np.float64(2.7755575615628914e-17), np.float64(2.7755575615628914e-17), np.float64(2.7755575615628914e-17), np.float64(2.7755575615628914e-17), np.float64(2.7755575615628914e-17), np.float64(2.7755575615628914e-17), np.float64(2.7755575615628914e-17), np.float64(1.3877787807814457e-16), np.float64(3.3306690738754696e-16), np.float64(2.7755575615628914e-17), np.float64(2.7755575615628914e-17), np.float64(2.7755575615628914e-17), np.float64(2.7755575615628914e-17), np.float64(2.7755575615628914e-17), np.float64(2.7755575615628914e-17), np.float64(2.7755575615628914e-17), np.float64(1.3877787807814457e-16), np.float64(3.3306690738754696e-16), np.float64(2.7755575615628914e-17), np.float64(2.7755575615628914e-17), np.float64(2.7755575615628914e-17), np.float64(2.7755575615628914e-17), np.float64(2.7755575615628914e-17), np.float64(2.7755575615628914e-17), np.float64(2.7755575615628914e-17), np.float64(1.3877787807814457e-16), np.float64(3.3306690738754696e-16), np.float64(2.7755575615628914e-17), np.float64(2.7755575615628914e-17), np.float64(2.7755575615628914e-17), np.float64(2.7755575615628914e-17), np.float64(2.7755575615628914e-17), np.float64(2.7755575615628914e-17), np.float64(2.7755575615628914e-17), np.float64(1.3877787807814457e-16), np.float64(3.3306690738754696e-16), np.float64(2.7755575615628914e-17), np.float64(2.7755575615628914e-17), np.float64(2.7755575615628914e-17), np.float64(2.7755575615628914e-17), np.float64(2.7755575615628914e-17), np.float64(2.7755575615628914e-17), np.float64(2.7755575615628914e-17), np.float64(1.3877787807814457e-16), np.float64(3.3306690738754696e-16), np.float64(2.7755575615628914e-17), np.float64(2.7755575615628914e-17), np.float64(2.7755575615628914e-17), np.float64(2.7755575615628914e-17), np.float64(2.7755575615628914e-17), np.float64(2.7755575615628914e-17), np.float64(2.7755575615628914e-17), np.float64(1.3877787807814457e-16), np.float64(3.3306690738754696e-16), np.float64(2.7755575615628914e-17), np.float64(2.7755575615628914e-17), np.float64(2.7755575615628914e-17), np.float64(2.7755575615628914e-17), np.float64(2.7755575615628914e-17), np.float64(2.7755575615628914e-17), np.float64(2.7755575615628914e-17), np.float64(1.3877787807814457e-16), np.float64(3.3306690738754696e-16), np.float64(2.7755575615628914e-17), np.float64(2.7755575615628914e-17), np.float64(2.7755575615628914e-17), np.float64(2.7755575615628914e-17), np.float64(2.7755575615628914e-17), np.float64(2.7755575615628914e-17), np.float64(2.7755575615628914e-17), np.float64(1.3877787807814457e-16), np.float64(3.3306690738754696e-16), np.float64(2.7755575615628914e-17), np.float64(2.7755575615628914e-17), np.float64(2.7755575615628914e-17), np.float64(2.7755575615628914e-17), np.float64(2.7755575615628914e-17), np.float64(2.7755575615628914e-17), np.float64(2.7755575615628914e-17), np.float64(1.3877787807814457e-16), np.float64(3.3306690738754696e-16), np.float64(2.7755575615628914e-17), np.float64(2.7755575615628914e-17), np.float64(2.7755575615628914e-17), np.float64(2.7755575615628914e-17), np.float64(2.7755575615628914e-17), np.float64(2.7755575615628914e-17), np.float64(2.7755575615628914e-17), np.float64(1.3877787807814457e-16), np.float64(3.3306690738754696e-16), np.float64(2.7755575615628914e-17), np.float64(2.7755575615628914e-17), np.float64(2.7755575615628914e-17), np.float64(2.7755575615628914e-17), np.float64(2.7755575615628914e-17), np.float64(2.7755575615628914e-17), np.float64(2.7755575615628914e-17), np.float64(1.3877787807814457e-16), np.float64(3.3306690738754696e-16), np.float64(2.7755575615628914e-17), np.float64(2.7755575615628914e-17), np.float64(2.7755575615628914e-17), np.float64(2.7755575615628914e-17), np.float64(2.7755575615628914e-17), np.float64(2.7755575615628914e-17), np.float64(2.7755575615628914e-17), np.float64(1.3877787807814457e-16), np.float64(3.3306690738754696e-16), np.float64(2.7755575615628914e-17), np.float64(2.7755575615628914e-17), np.float64(2.7755575615628914e-17), np.float64(2.7755575615628914e-17), np.float64(2.7755575615628914e-17), np.float64(2.7755575615628914e-17), np.float64(2.7755575615628914e-17), np.float64(1.3877787807814457e-16), np.float64(3.3306690738754696e-16), np.float64(2.7755575615628914e-17), np.float64(2.7755575615628914e-17), np.float64(2.7755575615628914e-17), np.float64(2.7755575615628914e-17), np.float64(2.7755575615628914e-17), np.float64(2.7755575615628914e-17), np.float64(2.7755575615628914e-17), np.float64(1.3877787807814457e-16), np.float64(3.3306690738754696e-16), np.float64(2.7755575615628914e-17), np.float64(2.7755575615628914e-17), np.float64(2.7755575615628914e-17), np.float64(2.7755575615628914e-17), np.float64(2.7755575615628914e-17), np.float64(2.7755575615628914e-17), np.float64(2.7755575615628914e-17), np.float64(1.3877787807814457e-16), np.float64(3.3306690738754696e-16), np.float64(2.7755575615628914e-17), np.float64(2.7755575615628914e-17), np.float64(2.7755575615628914e-17), np.float64(2.7755575615628914e-17), np.float64(2.7755575615628914e-17), np.float64(2.7755575615628914e-17), np.float64(2.7755575615628914e-17), np.float64(1.3877787807814457e-16), np.float64(3.3306690738754696e-16), np.float64(2.7755575615628914e-17), np.float64(2.7755575615628914e-17), np.float64(2.7755575615628914e-17), np.float64(2.7755575615628914e-17), np.float64(2.7755575615628914e-17), np.float64(2.7755575615628914e-17), np.float64(2.7755575615628914e-17), np.float64(1.3877787807814457e-16), np.float64(3.3306690738754696e-16), np.float64(2.7755575615628914e-17), np.float64(2.7755575615628914e-17), np.float64(2.7755575615628914e-17), np.float64(2.7755575615628914e-17), np.float64(2.7755575615628914e-17), np.float64(2.7755575615628914e-17), np.float64(2.7755575615628914e-17), np.float64(1.3877787807814457e-16), np.float64(3.3306690738754696e-16), np.float64(2.7755575615628914e-17), np.float64(2.7755575615628914e-17), np.float64(2.7755575615628914e-17), np.float64(2.7755575615628914e-17), np.float64(2.7755575615628914e-17), np.float64(2.7755575615628914e-17), np.float64(2.7755575615628914e-17), np.float64(1.3877787807814457e-16), np.float64(3.3306690738754696e-16), np.float64(2.7755575615628914e-17), np.float64(2.7755575615628914e-17), np.float64(2.7755575615628914e-17), np.float64(2.7755575615628914e-17), np.float64(2.7755575615628914e-17), np.float64(2.7755575615628914e-17), np.float64(2.7755575615628914e-17), np.float64(1.3877787807814457e-16), np.float64(3.3306690738754696e-16), np.float64(2.7755575615628914e-17), np.float64(2.7755575615628914e-17), np.float64(2.7755575615628914e-17), np.float64(2.7755575615628914e-17), np.float64(2.7755575615628914e-17), np.float64(2.7755575615628914e-17), np.float64(2.7755575615628914e-17), np.float64(1.3877787807814457e-16), np.float64(3.3306690738754696e-16), np.float64(2.7755575615628914e-17), np.float64(2.7755575615628914e-17), np.float64(2.7755575615628914e-17), np.float64(2.7755575615628914e-17), np.float64(2.7755575615628914e-17), np.float64(2.7755575615628914e-17), np.float64(2.7755575615628914e-17), np.float64(1.3877787807814457e-16), np.float64(3.3306690738754696e-16), np.float64(2.7755575615628914e-17), np.float64(2.7755575615628914e-17), np.float64(2.7755575615628914e-17), np.float64(2.7755575615628914e-17), np.float64(2.7755575615628914e-17), np.float64(2.7755575615628914e-17), np.float64(2.7755575615628914e-17), np.float64(1.3877787807814457e-16), np.float64(3.3306690738754696e-16), np.float64(2.7755575615628914e-17), np.float64(2.7755575615628914e-17), np.float64(2.7755575615628914e-17), np.float64(2.7755575615628914e-17), np.float64(2.7755575615628914e-17), np.float64(2.7755575615628914e-17), np.float64(2.7755575615628914e-17), np.float64(1.3877787807814457e-16), np.float64(3.3306690738754696e-16), np.float64(2.7755575615628914e-17), np.float64(2.7755575615628914e-17), np.float64(2.7755575615628914e-17), np.float64(2.7755575615628914e-17), np.float64(2.7755575615628914e-17), np.float64(2.7755575615628914e-17), np.float64(2.7755575615628914e-17), np.float64(1.3877787807814457e-16), np.float64(3.3306690738754696e-16), np.float64(2.7755575615628914e-17), np.float64(2.7755575615628914e-17), np.float64(2.7755575615628914e-17), np.float64(2.7755575615628914e-17), np.float64(2.7755575615628914e-17), np.float64(2.7755575615628914e-17), np.float64(2.7755575615628914e-17), np.float64(1.3877787807814457e-16), np.float64(3.3306690738754696e-16), np.float64(2.7755575615628914e-17), np.float64(2.7755575615628914e-17), np.float64(2.7755575615628914e-17), np.float64(2.7755575615628914e-17), np.float64(2.7755575615628914e-17), np.float64(2.7755575615628914e-17), np.float64(2.7755575615628914e-17), np.float64(1.3877787807814457e-16), np.float64(3.3306690738754696e-16), np.float64(2.7755575615628914e-17), np.float64(2.7755575615628914e-17), np.float64(2.7755575615628914e-17), np.float64(2.7755575615628914e-17), np.float64(2.7755575615628914e-17), np.float64(2.7755575615628914e-17), np.float64(2.7755575615628914e-17), np.float64(1.3877787807814457e-16), np.float64(3.3306690738754696e-16), np.float64(2.7755575615628914e-17), np.float64(2.7755575615628914e-17), np.float64(2.7755575615628914e-17), np.float64(2.7755575615628914e-17), np.float64(2.7755575615628914e-17), np.float64(2.7755575615628914e-17), np.float64(2.7755575615628914e-17), np.float64(1.3877787807814457e-16), np.float64(3.3306690738754696e-16), np.float64(2.7755575615628914e-17), np.float64(2.7755575615628914e-17), np.float64(2.7755575615628914e-17), np.float64(2.7755575615628914e-17), np.float64(2.7755575615628914e-17), np.float64(2.7755575615628914e-17), np.float64(2.7755575615628914e-17), np.float64(1.3877787807814457e-16), np.float64(3.3306690738754696e-16), np.float64(2.7755575615628914e-17), np.float64(2.7755575615628914e-17), np.float64(2.7755575615628914e-17), np.float64(2.7755575615628914e-17), np.float64(2.7755575615628914e-17), np.float64(2.7755575615628914e-17), np.float64(2.7755575615628914e-17), np.float64(1.3877787807814457e-16), np.float64(3.3306690738754696e-16), np.float64(2.7755575615628914e-17), np.float64(2.7755575615628914e-17), np.float64(2.7755575615628914e-17), np.float64(2.7755575615628914e-17), np.float64(2.7755575615628914e-17), np.float64(2.7755575615628914e-17), np.float64(2.7755575615628914e-17), np.float64(1.3877787807814457e-16), np.float64(3.3306690738754696e-16), np.float64(2.7755575615628914e-17), np.float64(2.7755575615628914e-17), np.float64(2.7755575615628914e-17), np.float64(2.7755575615628914e-17), np.float64(2.7755575615628914e-17), np.float64(2.7755575615628914e-17), np.float64(2.7755575615628914e-17), np.float64(1.3877787807814457e-16), np.float64(3.3306690738754696e-16), np.float64(2.7755575615628914e-17), np.float64(2.7755575615628914e-17), np.float64(2.7755575615628914e-17), np.float64(2.7755575615628914e-17), np.float64(2.7755575615628914e-17), np.float64(2.7755575615628914e-17), np.float64(2.7755575615628914e-17), np.float64(1.3877787807814457e-16), np.float64(3.3306690738754696e-16), np.float64(2.7755575615628914e-17), np.float64(2.7755575615628914e-17), np.float64(2.7755575615628914e-17), np.float64(2.7755575615628914e-17), np.float64(2.7755575615628914e-17), np.float64(2.7755575615628914e-17), np.float64(2.7755575615628914e-17), np.float64(1.3877787807814457e-16), np.float64(3.3306690738754696e-16), np.float64(2.7755575615628914e-17)]"
6,10000,4,2.053475973466324e-07,0.28304529190063477,7.086281647937156,True,13,-15.069464587346637,"[np.float64(46.28176131898696), np.float64(51.17758842530503), np.float64(141.45001713625143), np.float64(23.14880539725405), np.float64(12.18635411783317), np.float64(3.3535001493305976), np.float64(0.23060787347562775), np.float64(0.0730114724797443), np.float64(0.007339873183185715), np.float64(0.003658913986714577), np.float64(4.59220812017196e-05), np.float64(8.071649476569714e-05), np.float64(1.6437532079374694e-08)]"
7,10000,8,3.1930016095247664e-07,0.9040277004241943,7.086281647937193,True,39,-0.9798308558198536,"[np.float64(225.71853022827023), np.float64(29.087817547196945), np.float64(3.482223712571304), np.float64(0.7675929513704343), np.float64(0.3222949819599201), np.float64(0.19493707809661734), np.float64(0.19531508447018542), np.float64(0.02963675577817927), np.float64(0.07480022036916602), np.float64(0.0018589242705237888), np.float64(0.0047626540088905375), np.float64(0.0004190645366496559), np.float64(0.0003705031445456568), np.float64(0.0003553147474766894), np.float64(0.013369278527285009), np.float64(0.0015255526178926347), np.float64(0.0004980257591265079), np.float64(0.00013008577906608944), np.float64(0.0016414810827016318), np.float64(0.000468783719962708), np.float64(5.9017525064144366e-05), np.float64(0.0019535951230289076), np.float64(2.5604973055982822e-05), np.float64(0.0007223582520687593), np.float64(1.4401449374490816e-05), np.float64(0.00012128500632288411), np.float64(3.2254719848888403e-05), np.float64(8.366170067111423e-06), np.float64(7.927645059055363e-07), np.float64(4.481039599869251e-08), np.float64(1.5884913562665546e-06), np.float64(1.0012420656610526e-07), np.float64(7.268893986908051e-08), np.float64(5.014181608030264e-08), np.float64(5.0949760632864504e-08), np.float64(4.1521088428249025e-08), np.float64(2.2434763771575516e-08), np.float64(4.6230567081926766e-07), np.float64(2.3846459716650196e-08)]"
8,10000,12,0.0027687196227277797,28.72293996810913,7.086281648304498,False,999,-0.9767498229542642,"[np.float64(1.5761785901430856e-06), np.float64(1.576665764042681e-06), np.float64(225.70996069818395), np.float64(49.404891566165475), np.float64(1.9207554709765446e-07), np.float64(3.3658602837355907e-07), np.float64(29.411134933086498), np.float64(7.601994177971716), np.float64(3.5384324180647027), np.float64(2.0577938145714727), np.float64(3.4232052186435813e-06), np.float64(0.742354048084926), np.float64(0.7227922589515149), np.float64(8.167487194557317e-07), np.float64(0.7056257304132159), np.float64(3.187440221971632e-07), np.float64(0.6902520263736514), np.float64(0.6781003992473839), np.float64(0.4030240163601322), np.float64(2.66104655978123e-07), np.float64(0.08839867044075397), np.float64(1.4890651437469422e-06), np.float64(0.025274140043468174), np.float64(0.010951513248296373), np.float64(1.5706563856153308e-08), np.float64(0.010031549086894041), np.float64(3.070524023943503e-08), np.float64(0.0072160245198567815), np.float64(0.006676372116080216), np.float64(0.004991447135342876), np.float64(0.004549640697009951), np.float64(1.616651997740424e-08), np.float64(3.95508737957299e-09), np.float64(0.003521986530074688), np.float64(3.6284350411841563e-10), np.float64(7.180168172916561e-10), np.float64(0.003159013757364501), np.float64(1.009757464531369e-07), np.float64(0.002522454412773491), np.float64(0.0022521491004109918), np.float64(0.0018276321456843405), np.float64(1.7959520931472477e-09), np.float64(0.0009717369708137948), np.float64(9.07494805189496e-11), np.float64(8.886313172085149e-11), np.float64(5.4715523361514485e-11), np.float64(1.9853183761481318e-11), np.float64(3.802670906260151e-09), np.float64(3.086866185984899e-11), np.float64(9.160082151629612e-11), np.float64(0.0009665272762907383), np.float64(5.110237658739349e-08), np.float64(3.260418802679756e-08), np.float64(1.5342901827424473e-09), np.float64(2.3827193072378506e-10), np.float64(0.0007127490540365732), np.float64(0.0006952650742158255), np.float64(1.0512639949724542e-10), np.float64(1.114370053458817e-08), np.float64(4.172371242926019e-09), np.float64(2.135746287005713e-09), np.float64(0.000531423914350599), np.float64(0.0005700430027348098), np.float64(0.0006804151224843019), np.float64(1.9047648675224043e-10), np.float64(1.0461709924129989e-10), np.float64(0.0005520274690251818), np.float64(1.7571494863244977e-11), np.float64(4.417960983436723e-09), np.float64(6.973570015947742e-12), np.float64(0.0005004229899789536), np.float64(0.0004184199979691942), np.float64(1.1249310788560708e-07), np.float64(8.22242267513403e-08), np.float64(0.00043252460256419645), np.float64(0.0003245863717618955), np.float64(0.0003327326884057672), np.float64(0.0002465389361576175), np.float64(0.0002888142073782269), np.float64(5.974121075546336e-12), np.float64(1.3444015741747963e-09), np.float64(0.0003167868388839725), np.float64(2.273790749885085e-11), np.float64(2.1400128914582685e-11), np.float64(0.0002727759627612072), np.float64(8.295090975734372e-12), np.float64(0.00025171077955791484), np.float64(3.676778352611224e-10), np.float64(2.3077461036899975e-07), np.float64(0.00019855104320002493), np.float64(3.4812681623852884e-12), np.float64(0.00021075608384387123), np.float64(0.0002834679431998352), np.float64(2.3840389911806194e-11), np.float64(0.00023182880843344812), np.float64(2.7039979572198217e-09), np.float64(5.648016481224389e-12), np.float64(4.2395186614232576e-08), np.float64(0.0002053066221296805), np.float64(0.0001832537566916598), np.float64(8.819625325916404e-09), np.float64(0.00016738605871527204), np.float64(1.6053883267694217e-11), np.float64(0.00013659721715746377), np.float64(3.916832929113535e-11), np.float64(0.00014158924081117766), np.float64(4.2295150992042016e-09), np.float64(6.263152761133944e-08), np.float64(9.933013538403475e-05), np.float64(0.00012395808215059817), np.float64(1.398263690511523e-09), np.float64(1.3343619242078722e-10), np.float64(7.909446258311274e-05), np.float64(9.278185897790225e-13), np.float64(4.4860814086760014e-11), np.float64(8.120307114413694e-05), np.float64(2.030870436356303e-12), np.float64(0.00010672755905754624), np.float64(0.00016799702846659198), np.float64(0.00012815358540637078), np.float64(7.0238054183571e-05), np.float64(7.620529112591323e-05), np.float64(9.867586008717521e-05), np.float64(3.64099395000606e-10), np.float64(7.950519765400969e-05), np.float64(0.0001490682911811593), np.float64(8.216836411253261e-10), np.float64(5.7127008143286965e-05), np.float64(7.797632563448296e-11), np.float64(7.112736979016168e-05), np.float64(4.156837214130436e-05), np.float64(2.873345129088911e-13), np.float64(1.111058543575014e-09), np.float64(6.509064809521399e-05), np.float64(7.993586515020717e-11), np.float64(1.5057044382771276e-11), np.float64(8.557654884896071e-10), np.float64(7.655920250190356e-05), np.float64(5.071398156010364e-05), np.float64(6.770144316944675e-05), np.float64(3.040897215405991e-08), np.float64(6.559260068349909e-09), np.float64(4.923877337382673e-05), np.float64(2.2644978017435503e-05), np.float64(9.602549941402469e-05), np.float64(3.5918429728319556e-05), np.float64(1.8999575483441736e-05), np.float64(1.4259860008283262e-05), np.float64(5.0804860045959516e-06), np.float64(3.622191269977372e-12), np.float64(1.490261993083221e-05), np.float64(8.61471765569848e-06), np.float64(1.4476374067701887e-13), np.float64(5.419498892332594e-05), np.float64(7.553147714743231e-12), np.float64(4.909722048370782e-14), np.float64(2.43047574055462e-15), np.float64(2.310614576386963e-11), np.float64(8.865283792745554e-14), np.float64(7.236176128160397e-14), np.float64(8.473940876308739e-14), np.float64(1.4334244424934072e-13), np.float64(1.8097619369964686e-06), np.float64(3.951780968257856e-13), np.float64(8.669607026720262e-11), np.float64(3.282260425661835e-12), np.float64(6.805160571524798e-14), np.float64(1.6111189779571727e-13), np.float64(8.154796526240104e-09), np.float64(1.565869609679572e-14), np.float64(2.4428501885795583e-14), np.float64(1.112550832757978e-12), np.float64(9.85426963765924e-12), np.float64(8.212836835363742e-15), np.float64(7.762641867935371e-07), np.float64(1.202497329056788e-12), np.float64(1.6865184620169753e-05), np.float64(1.215356313746804e-13), np.float64(1.3497573805957765e-14), np.float64(7.039663171300413e-06), np.float64(1.417147858922033e-13), np.float64(3.722729448388448e-14), np.float64(3.346875046938296e-11), np.float64(1.5781388081218137e-11), np.float64(1.6260247907013222e-12), np.float64(1.1658270991417079e-12), np.float64(5.117875266520903e-16), np.float64(9.030804472748919e-15), np.float64(4.6747245318131586e-14), np.float64(9.382698339492659e-15), np.float64(0.0), np.float64(0.0), np.float64(0.0), np.float64(0.0), np.float64(0.0), np.float64(0.0), np.float64(0.0), np.float64(0.0), np.float64(0.0), np.float64(0.0), np.float64(0.0), np.float64(0.0), np.float64(0.0), np.float64(0.0), np.float64(0.0), np.float64(0.0), np.float64(0.0), np.float64(0.0), np.float64(0.0), np.float64(0.0), np.float64(0.0), np.float64(0.0), np.float64(0.0), np.float64(0.0), np.float64(0.0), np.float64(0.0), np.float64(0.0), np.float64(0.0), np.float64(0.0), np.float64(0.0), np.float64(0.0), np.float64(0.0), np.float64(0.0), np.float64(0.0), np.float64(0.0), np.float64(0.0), np.float64(0.0), np.float64(0.0), np.float64(0.0), np.float64(0.0), np.float64(0.0), np.float64(0.0), np.float64(0.0), np.float64(0.0), np.float64(0.0), np.float64(0.0), np.float64(0.0), np.float64(0.0), np.float64(0.0), np.float64(0.0), np.float64(0.0), np.float64(0.0), np.float64(0.0), np.float64(0.0), np.float64(0.0), np.float64(0.0), np.float64(0.0), np.float64(0.0), np.float64(0.0), np.float64(0.0), np.float64(0.0), np.float64(0.0), np.float64(0.0), np.float64(0.0), np.float64(0.0), np.float64(0.0), np.float64(0.0), np.float64(0.0), np.float64(0.0), np.float64(0.0), np.float64(0.0), np.float64(0.0), np.float64(0.0), np.float64(0.0), np.float64(0.0), np.float64(0.0), np.float64(0.0), np.float64(0.0), np.float64(0.0), np.float64(0.0), np.float64(0.0), np.float64(0.0), np.float64(0.0), np.float64(0.0), np.float64(0.0), np.float64(0.0), np.float64(0.0), np.float64(0.0), np.float64(0.0), np.float64(0.0), np.float64(0.0), np.float64(0.0), np.float64(0.0), np.float64(0.0), np.float64(0.0), np.float64(0.0), np.float64(0.0), np.float64(0.0), np.float64(0.0), np.float64(0.0), np.float64(0.0), np.float64(0.0), np.float64(0.0), np.float64(0.0), np.float64(0.0), np.float64(0.0), np.float64(0.0), np.float64(0.0), np.float64(0.0), np.float64(0.0), np.float64(0.0), np.float64(0.0), np.float64(0.0), np.float64(0.0), np.float64(0.0), np.float64(0.0), np.float64(0.0), np.float64(0.0), np.float64(0.0), np.float64(0.0), np.float64(0.0), np.float64(0.0), np.float64(0.0), np.float64(0.0), np.float64(0.0), np.float64(0.0), np.float64(0.0), np.float64(0.0), np.float64(0.0), np.float64(0.0), np.float64(0.0), np.float64(0.0), np.float64(0.0), np.float64(0.0), np.float64(0.0), np.float64(0.0), np.float64(0.0), np.float64(0.0), np.float64(0.0), np.float64(0.0), np.float64(0.0), np.float64(0.0), np.float64(0.0), np.float64(0.0), np.float64(0.0), np.float64(0.0), np.float64(0.0), np.float64(0.0), np.float64(0.0), np.float64(0.0), np.float64(0.0), np.float64(0.0), np.float64(0.0), np.float64(0.0), np.float64(0.0), np.float64(0.0), np.float64(0.0), np.float64(0.0), np.float64(0.0), np.float64(0.0), np.float64(0.0), np.float64(0.0), np.float64(0.0), np.float64(0.0), np.float64(0.0), np.float64(0.0), np.float64(0.0), np.float64(0.0), np.float64(0.0), np.float64(0.0), np.float64(0.0), np.float64(0.0), np.float64(0.0), np.float64(0.0), np.float64(0.0), np.float64(0.0), np.float64(0.0), np.float64(0.0), np.float64(0.0), np.float64(0.0), np.float64(0.0), np.float64(0.0), np.float64(0.0), np.float64(0.0), np.float64(0.0), np.float64(0.0), np.float64(0.0), np.float64(0.0), np.float64(0.0), np.float64(0.0), np.float64(0.0), np.float64(0.0), np.float64(0.0), np.float64(0.0), np.float64(0.0), np.float64(0.0), np.float64(0.0), np.float64(0.0), np.float64(0.0), np.float64(0.0), np.float64(0.0), np.float64(0.0), np.float64(0.0), np.float64(0.0), np.float64(0.0), np.float64(0.0), np.float64(0.0), np.float64(0.0), np.float64(0.0), np.float64(0.0), np.float64(0.0), np.float64(0.0), np.float64(0.0), np.float64(0.0), np.float64(0.0), np.float64(0.0), np.float64(0.0), np.float64(0.0), np.float64(0.0), np.float64(0.0), np.float64(0.0), np.float64(0.0), np.float64(0.0), np.float64(0.0), np.float64(0.0), np.float64(0.0), np.float64(0.0), np.float64(0.0), np.float64(0.0), np.float64(0.0), np.float64(0.0), np.float64(0.0), np.float64(0.0), np.float64(0.0), np.float64(0.0), np.float64(0.0), np.float64(0.0), np.float64(0.0), np.float64(0.0), np.float64(0.0), np.float64(0.0), np.float64(0.0), np.float64(0.0), np.float64(0.0), np.float64(0.0), np.float64(0.0), np.float64(0.0), np.float64(0.0), np.float64(0.0), np.float64(0.0), np.float64(0.0), np.float64(0.0), np.float64(0.0), np.float64(0.0), np.float64(0.0), np.float64(0.0), np.float64(0.0), np.float64(0.0), np.float64(0.0), np.float64(0.0), np.float64(0.0), np.float64(0.0), np.float64(0.0), np.float64(0.0), np.float64(0.0), np.float64(0.0), np.float64(0.0), np.float64(0.0), np.float64(0.0), np.float64(0.0), np.float64(0.0), np.float64(0.0), np.float64(0.0), np.float64(0.0), np.float64(0.0), np.float64(0.0), np.float64(0.0), np.float64(0.0), np.float64(0.0), np.float64(0.0), np.float64(0.0), np.float64(0.0), np.float64(0.0), np.float64(0.0), np.float64(0.0), np.float64(0.0), np.float64(0.0), np.float64(0.0), np.float64(0.0), np.float64(0.0), np.float64(0.0), np.float64(0.0), np.float64(0.0), np.float64(0.0), np.float64(0.0), np.float64(0.0), np.float64(0.0), np.float64(0.0), np.float64(0.0), np.float64(0.0), np.float64(0.0), np.float64(0.0), np.float64(0.0), np.float64(0.0), np.float64(0.0), np.float64(0.0), np.float64(0.0), np.float64(0.0), np.float64(0.0), np.float64(0.0), np.float64(0.0), np.float64(0.0), np.float64(0.0), np.float64(0.0), np.float64(0.0), np.float64(0.0), np.float64(0.0), np.float64(0.0), np.float64(0.0), np.float64(0.0), np.float64(0.0), np.float64(0.0), np.float64(0.0), np.float64(0.0), np.float64(0.0), np.float64(0.0), np.float64(0.0), np.float64(0.0), np.float64(0.0), np.float64(0.0), np.float64(0.0), np.float64(0.0), np.float64(0.0), np.float64(0.0), np.float64(0.0), np.float64(0.0), np.float64(0.0), np.float64(0.0), np.float64(0.0), np.float64(0.0), np.float64(0.0), np.float64(0.0), np.float64(0.0), np.float64(0.0), np.float64(0.0), np.float64(0.0), np.float64(0.0), np.float64(0.0), np.float64(0.0), np.float64(0.0), np.float64(0.0), np.float64(0.0), np.float64(0.0), np.float64(0.0), np.float64(0.0), np.float64(0.0), np.float64(0.0), np.float64(0.0), np.float64(0.0), np.float64(0.0), np.float64(0.0), np.float64(0.0), np.float64(0.0), np.float64(0.0), np.float64(0.0), np.float64(0.0), np.float64(0.0), np.float64(0.0), np.float64(0.0), np.float64(0.0), np.float64(0.0), np.float64(0.0), np.float64(0.0), np.float64(0.0), np.float64(0.0), np.float64(0.0), np.float64(0.0), np.float64(0.0), np.float64(0.0), np.float64(0.0), np.float64(0.0), np.float64(0.0), np.float64(0.0), np.float64(0.0), np.float64(0.0), np.float64(0.0), np.float64(0.0), np.float64(0.0), np.float64(0.0), np.float64(0.0), np.float64(0.0), np.float64(0.0), np.float64(0.0), np.float64(0.0), np.float64(0.0), np.float64(0.0), np.float64(0.0), np.float64(0.0), np.float64(0.0), np.float64(0.0), np.float64(0.0), np.float64(0.0), np.float64(0.0), np.float64(0.0), np.float64(0.0), np.float64(0.0), np.float64(0.0), np.float64(0.0), np.float64(0.0), np.float64(0.0), np.float64(0.0), np.float64(0.0), np.float64(0.0), np.float64(0.0), np.float64(0.0), np.float64(0.0), np.float64(0.0), np.float64(0.0), np.float64(0.0), np.float64(0.0), np.float64(0.0), np.float64(0.0), np.float64(0.0), np.float64(0.0), np.float64(0.0), np.float64(0.0), np.float64(0.0), np.float64(0.0), np.float64(0.0), np.float64(0.0), np.float64(0.0), np.float64(0.0), np.float64(0.0), np.float64(0.0), np.float64(0.0), np.float64(0.0), np.float64(0.0), np.float64(0.0), np.float64(0.0), np.float64(0.0), np.float64(0.0), np.float64(0.0), np.float64(0.0), np.float64(0.0), np.float64(0.0), np.float64(0.0), np.float64(0.0), np.float64(0.0), np.float64(0.0), np.float64(0.0), np.float64(0.0), np.float64(0.0), np.float64(0.0), np.float64(0.0), np.float64(0.0), np.float64(0.0), np.float64(0.0), np.float64(0.0), np.float64(0.0), np.float64(0.0), np.float64(0.0), np.float64(0.0), np.float64(0.0), np.float64(0.0), np.float64(0.0), np.float64(0.0), np.float64(0.0), np.float64(0.0), np.float64(0.0), np.float64(0.0), np.float64(0.0), np.float64(0.0), np.float64(0.0), np.float64(0.0), np.float64(0.0), np.float64(0.0), np.float64(0.0), np.float64(0.0), np.float64(0.0), np.float64(0.0), np.float64(0.0), np.float64(0.0), np.float64(0.0), np.float64(0.0), np.float64(0.0), np.float64(0.0), np.float64(0.0), np.float64(0.0), np.float64(0.0), np.float64(0.0), np.float64(0.0), np.float64(0.0), np.float64(0.0), np.float64(0.0), np.float64(0.0), np.float64(0.0), np.float64(0.0), np.float64(0.0), np.float64(0.0), np.float64(0.0), np.float64(0.0), np.float64(0.0), np.float64(0.0), np.float64(0.0), np.float64(0.0), np.float64(0.0), np.float64(0.0), np.float64(0.0), np.float64(0.0), np.float64(0.0), np.float64(0.0), np.float64(0.0), np.float64(0.0), np.float64(0.0), np.float64(0.0), np.float64(0.0), np.float64(0.0), np.float64(0.0), np.float64(0.0), np.float64(0.0), np.float64(0.0), np.float64(0.0), np.float64(0.0), np.float64(0.0), np.float64(0.0), np.float64(0.0), np.float64(0.0), np.float64(0.0), np.float64(0.0), np.float64(0.0), np.float64(0.0), np.float64(0.0), np.float64(0.0), np.float64(0.0), np.float64(0.0), np.float64(0.0), np.float64(0.0), np.float64(0.0), np.float64(0.0), np.float64(0.0), np.float64(0.0), np.float64(0.0), np.float64(0.0), np.float64(0.0), np.float64(0.0), np.float64(0.0), np.float64(0.0), np.float64(0.0), np.float64(0.0), np.float64(0.0), np.float64(0.0), np.float64(0.0), np.float64(0.0), np.float64(0.0), np.float64(0.0), np.float64(0.0), np.float64(0.0), np.float64(0.0), np.float64(0.0), np.float64(0.0), np.float64(0.0), np.float64(0.0), np.float64(0.0), np.float64(0.0), np.float64(0.0), np.float64(0.0), np.float64(0.0), np.float64(0.0), np.float64(0.0), np.float64(0.0), np.float64(0.0), np.float64(0.0), np.float64(0.0), np.float64(0.0), np.float64(0.0), np.float64(0.0), np.float64(0.0), np.float64(0.0), np.float64(0.0), np.float64(0.0), np.float64(0.0), np.float64(0.0), np.float64(0.0), np.float64(0.0), np.float64(0.0), np.float64(0.0), np.float64(0.0), np.float64(0.0), np.float64(0.0), np.float64(0.0), np.float64(0.0), np.float64(0.0), np.float64(0.0), np.float64(0.0), np.float64(0.0), np.float64(0.0), np.float64(0.0), np.float64(0.0), np.float64(0.0), np.float64(0.0), np.float64(0.0), np.float64(0.0), np.float64(0.0), np.float64(0.0), np.float64(0.0), np.float64(0.0), np.float64(0.0), np.float64(0.0), np.float64(0.0), np.float64(0.0), np.float64(0.0), np.float64(0.0), np.float64(0.0), np.float64(0.0), np.float64(0.0), np.float64(0.0), np.float64(0.0), np.float64(0.0), np.float64(0.0), np.float64(0.0), np.float64(0.0), np.float64(0.0), np.float64(0.0), np.float64(0.0), np.float64(0.0), np.float64(0.0), np.float64(0.0), np.float64(0.0), np.float64(0.0), np.float64(0.0), np.float64(0.0), np.float64(0.0), np.float64(0.0), np.float64(0.0), np.float64(0.0), np.float64(0.0), np.float64(0.0), np.float64(0.0), np.float64(0.0), np.float64(0.0), np.float64(0.0), np.float64(0.0), np.float64(0.0), np.float64(0.0), np.float64(0.0), np.float64(0.0), np.float64(0.0), np.float64(0.0), np.float64(0.0), np.float64(0.0), np.float64(0.0), np.float64(0.0), np.float64(0.0), np.float64(0.0), np.float64(0.0), np.float64(0.0), np.float64(0.0), np.float64(0.0), np.float64(0.0), np.float64(0.0), np.float64(0.0), np.float64(0.0), np.float64(0.0), np.float64(0.0), np.float64(0.0), np.float64(0.0), np.float64(0.0), np.float64(0.0), np.float64(0.0), np.float64(0.0), np.float64(0.0), np.float64(0.0), np.float64(0.0), np.float64(0.0), np.float64(0.0), np.float64(0.0), np.float64(0.0), np.float64(0.0), np.float64(0.0), np.float64(0.0), np.float64(0.0), np.float64(0.0), np.float64(0.0), np.float64(0.0), np.float64(0.0), np.float64(0.0), np.float64(0.0), np.float64(0.0), np.float64(0.0), np.float64(0.0), np.float64(0.0), np.float64(0.0), np.float64(0.0), np.float64(0.0), np.float64(0.0), np.float64(0.0), np.float64(0.0), np.float64(0.0), np.float64(0.0), np.float64(0.0), np.float64(0.0), np.float64(0.0), np.float64(0.0), np.float64(0.0), np.float64(0.0), np.float64(0.0), np.float64(0.0), np.float64(0.0), np.float64(0.0), np.float64(0.0), np.float64(0.0), np.float64(0.0), np.float64(0.0), np.float64(0.0), np.float64(0.0), np.float64(0.0), np.float64(0.0), np.float64(0.0), np.float64(0.0), np.float64(0.0), np.float64(0.0), np.float64(0.0), np.float64(0.0), np.float64(0.0), np.float64(0.0), np.float64(0.0), np.float64(0.0), np.float64(0.0), np.float64(0.0), np.float64(0.0), np.float64(0.0), np.float64(0.0), np.float64(0.0), np.float64(0.0), np.float64(0.0), np.float64(0.0), np.float64(0.0), np.float64(0.0), np.float64(0.0), np.float64(0.0), np.float64(0.0), np.float64(0.0), np.float64(0.0), np.float64(0.0), np.float64(0.0), np.float64(0.0), np.float64(0.0), np.float64(0.0), np.float64(0.0), np.float64(0.0), np.float64(0.0), np.float64(0.0), np.float64(0.0), np.float64(0.0), np.float64(0.0), np.float64(0.0), np.float64(0.0), np.float64(0.0), np.float64(0.0), np.float64(0.0), np.float64(0.0), np.float64(0.0), np.float64(0.0), np.float64(0.0), np.float64(0.0), np.float64(0.0), np.float64(0.0), np.float64(0.0), np.float64(0.0), np.float64(0.0), np.float64(0.0), np.float64(0.0), np.float64(0.0), np.float64(0.0), np.float64(0.0), np.float64(0.0), np.float64(0.0), np.float64(0.0), np.float64(0.0), np.float64(0.0), np.float64(0.0), np.float64(0.0), np.float64(0.0), np.float64(0.0), np.float64(0.0), np.float64(0.0), np.float64(0.0), np.float64(0.0), np.float64(0.0), np.float64(0.0), np.float64(0.0), np.float64(0.0), np.float64(0.0), np.float64(0.0), np.float64(0.0), np.float64(0.0), np.float64(0.0), np.float64(0.0), np.float64(0.0), np.float64(0.0), np.float64(0.0), np.float64(0.0), np.float64(0.0), np.float64(0.0), np.float64(0.0), np.float64(0.0), np.float64(0.0), np.float64(0.0), np.float64(0.0), np.float64(0.0)]"
9,100000,4,8.033805243129367e-07,3.1088836193084717,7.086281647937155,True,12,1.6529947397938671,"[np.float64(146.36582085410222), np.float64(161.84314318402446), np.float64(447.2001567307216), np.float64(73.16746032391646), np.float64(38.48832868124969), np.float64(10.575049038536857), np.float64(0.7228836675753745), np.float64(0.07269531965482505), np.float64(0.0013485105081617538), np.float64(0.009217574749357678), np.float64(0.0004527150198643154), np.float64(3.107413161619069e-06)]"
10,100000,8,5.22365321079811e-07,10.794119596481323,7.086281647937205,True,44,0.6488233309633845,"[np.float64(713.8468690110737), np.float64(92.02910713757353), np.float64(11.624595554570377), np.float64(1.025041078190261), np.float64(0.17164584687911175), np.float64(0.5534002858691941), np.float64(0.08321408507132644), np.float64(0.07380395385891367), np.float64(0.005545166263914312), np.float64(0.013978678292549285), np.float64(0.0005884268337630903), np.float64(0.0002520693897862243), np.float64(0.0042388514357835265), np.float64(0.00018072253695453324), np.float64(0.0001440984452417503), np.float64(2.9816503342527987e-05), np.float64(0.0016236142148528289), np.float64(7.592402807634705e-05), np.float64(8.816130144480458e-05), np.float64(2.944060722198038e-05), np.float64(0.00052695737543172), np.float64(4.6171624764647917e-05), np.float64(7.496874182651113e-06), np.float64(0.00021503928067304027), np.float64(8.196825124400342e-06), np.float64(3.048444095149069e-06), np.float64(9.481601665736637e-05), np.float64(6.530371925327171e-06), np.float64(6.377259687381145e-06), np.float64(1.8988201472082834e-05), np.float64(3.820107939564974e-06), np.float64(2.0946682342999466e-07), np.float64(5.929219364382826e-06), np.float64(1.2399543399532202e-06), np.float64(4.5267014470569797e-07), np.float64(3.702587041427283e-07), np.float64(9.57263055381974e-08), np.float64(9.23567341525847e-08), np.float64(5.1805460673145826e-08), np.float64(3.3981371799260694e-08), np.float64(1.433606085780861e-08), np.float64(3.577800466295741e-07), np.float64(2.507178019085566e-08), np.float64(4.468517269235939e-09)]"
11,100000,12,0.0013414389423645312,266.0982267856598,7.086281648010349,False,999,-1.0,"[np.float64(4.984659886668486e-06), np.float64(713.8197707077107), np.float64(5.4090514926209525e-06), np.float64(3.6071656014909958e-06), np.float64(5.412781462895257e-06), np.float64(3.6074854494342753e-06), np.float64(156.22977951688256), np.float64(93.01028498454438), np.float64(1.999740444470618e-06), np.float64(24.019287043500114), np.float64(0.04116463360033428), np.float64(2.3466170824287452e-06), np.float64(4.691555025747208e-06), np.float64(11.101942787815162), np.float64(1.3166096888272084e-06), np.float64(1.316529158553254e-06), np.float64(6.459132895611951), np.float64(2.318174177685765), np.float64(5.111274281330637e-06), np.float64(2.530144202864913e-06), np.float64(5.064722381785559e-06), np.float64(2.5264123109129864e-06), np.float64(2.522652962871427e-06), np.float64(2.259369908227809), np.float64(9.875023615645561e-06), np.float64(2.4744664062242364e-06), np.float64(2.2041405157827882), np.float64(5.122792752280007e-06), np.float64(2.1491550352228925), np.float64(2.097854577858931), np.float64(5.093221351884488e-07), np.float64(2.04842187188124), np.float64(1.0121059994260242e-06), np.float64(1.4612755089710244e-06), np.float64(2.004396424077667), np.float64(1.1650585755926192e-06), np.float64(2.6694218661486184e-06), np.float64(1.1847057055040792e-06), np.float64(1.9680348040119557), np.float64(1.9452314766750551), np.float64(1.1668357206561428), np.float64(0.2662223877505394), np.float64(2.0547947052881256e-07), np.float64(0.07300153293580983), np.float64(3.415606718101083e-08), np.float64(0.03054028382165998), np.float64(1.4086292621483948e-07), np.float64(4.740154196115889e-07), np.float64(0.014517730071425669), np.float64(4.0480647144550964e-08), np.float64(9.319079565381179e-07), np.float64(0.007120710519773683), np.float64(0.003565149160918485), np.float64(0.00184894725874403), np.float64(7.235626005597001e-09), np.float64(1.681221330563952e-10), np.float64(0.001735541653567833), np.float64(0.0013489894422643804), np.float64(1.495593479409094e-09), np.float64(7.085806036352364e-11), np.float64(0.001259412652122372), np.float64(3.969041846722484e-08), np.float64(3.9541057792653355e-07), np.float64(3.330464404494622e-08), np.float64(2.0438271642331243e-06), np.float64(0.0009914701084373944), np.float64(5.253716167249814e-11), np.float64(4.841787554656399e-11), np.float64(2.0244226268794562e-11), np.float64(0.0009319772858206945), np.float64(3.583673760205506e-08), np.float64(0.0007501894568653967), np.float64(0.000702986213663136), np.float64(0.0005473058384869417), np.float64(0.000532226221833278), np.float64(0.0004246722147537174), np.float64(0.000435726603754296), np.float64(9.906757629176585e-09), np.float64(2.239038808648963e-11), np.float64(0.0003207159506554719), np.float64(3.339255542599532e-12), np.float64(0.00034334962302695), np.float64(8.339156361382663e-10), np.float64(0.00024686461281451475), np.float64(0.0005004961413839379), np.float64(1.501042056899156e-08), np.float64(0.0003608572059895746), np.float64(0.0003446060037693478), np.float64(0.00027798487809272115), np.float64(0.00026187608597958497), np.float64(6.0836041846566e-10), np.float64(7.94333789399663e-10), np.float64(2.6843130580937967e-11), np.float64(0.00021744116293070568), np.float64(2.808175397865546e-12), np.float64(2.9357766339732915e-12), np.float64(0.0002178496068093134), np.float64(4.2455166309556746e-09), np.float64(0.00017349607322504415), np.float64(9.177551135745232e-08), np.float64(7.043341386039579e-12), np.float64(4.422852756211034e-12), np.float64(4.369474286863051e-12), np.float64(0.000167958869199398), np.float64(0.00012872365253955992), np.float64(1.3754826127246363e-12), np.float64(0.0002790625111530306), np.float64(0.0001925880020455534), np.float64(3.243333046058033e-10), np.float64(0.00018135707606220918), np.float64(0.00014316532024340962), np.float64(1.5395304134024928e-10), np.float64(5.935589349424629e-11), np.float64(7.039224005999773e-05), np.float64(0.00024815280450175614), np.float64(1.7652309776388473e-07), np.float64(4.858250426158366e-09), np.float64(1.676261673169242e-10), np.float64(0.0001173560398118476), np.float64(2.5440664206245844e-11), np.float64(6.573015110439227e-05), np.float64(3.4880123707737722e-12), np.float64(3.6935982492001375e-12), np.float64(4.367023551568072e-12), np.float64(8.394255984095846e-10), np.float64(6.39059062970235e-05), np.float64(0.00012115673656012746), np.float64(1.6388187893900615e-08), np.float64(8.238431810854615e-05), np.float64(3.462055365827387e-05), np.float64(0.00010184230487826663), np.float64(6.998194728892427e-10), np.float64(5.386931931701655e-05), np.float64(2.5343287915422248e-08), np.float64(4.800787943531445e-09), np.float64(2.806486748742734e-05), np.float64(1.3857418082126757e-10), np.float64(6.725951370553854e-13), np.float64(2.173056874682381e-12), np.float64(2.0573501424991276e-08), np.float64(4.874844966790404e-06), np.float64(6.220191838710692e-12), np.float64(2.229537160542891e-05), np.float64(1.45499632273786e-05), np.float64(1.994739232636186e-05), np.float64(9.698095894828227e-05), np.float64(4.834923302635128e-05), np.float64(6.134329303883164e-05), np.float64(2.817459317151786e-05), np.float64(1.6246572977943978e-05), np.float64(2.51133149114085e-13), np.float64(1.1794468525721278e-05), np.float64(1.4457884705873457e-05), np.float64(2.5639451043807637e-12), np.float64(5.5692358898908214e-05), np.float64(3.5250502375801925e-09), np.float64(2.2620483652220864e-10), np.float64(6.845576674015467e-14), np.float64(1.2099022102242395e-05), np.float64(7.240614334948575e-12), np.float64(7.240691604375856e-12), np.float64(3.4257349508145106e-12), np.float64(9.048285297512234e-14), np.float64(2.606054579205245e-12), np.float64(4.339776530889116e-12), np.float64(2.008267929401061e-12), np.float64(4.130217109404373e-14), np.float64(1.1102230246251565e-16), np.float64(1.3770826295019607e-11), np.float64(8.985300795253003e-14), np.float64(2.873772996748555e-05), np.float64(1.67847996837149e-13), np.float64(1.986520070946804e-05), np.float64(1.7400999258377066e-13), np.float64(1.280647720979005e-12), np.float64(1.0550562002433883e-05), np.float64(1.696128141759266e-05), np.float64(2.940660931537968e-06), np.float64(4.824196932564313e-06), np.float64(1.1935584852076306e-12), np.float64(1.594436429147036e-16), np.float64(5.4146141466791534e-15), np.float64(7.443726592945137e-13), np.float64(2.4938349938228196e-15), np.float64(1.8047613517656023e-14), np.float64(7.407617348960748e-14), np.float64(8.326672684688674e-17), np.float64(2.237726045655905e-16), np.float64(8.326672684688674e-17), np.float64(1.3877787807814457e-16), np.float64(1.6653345369377348e-16), np.float64(1.3877787807814457e-16), np.float64(1.6653345369377348e-16), np.float64(1.3877787807814457e-16), np.float64(8.326672684688674e-17), np.float64(1.3877787807814457e-16), np.float64(1.6653345369377348e-16), np.float64(1.3877787807814457e-16), np.float64(1.6653345369377348e-16), np.float64(1.3877787807814457e-16), np.float64(8.326672684688674e-17), np.float64(1.3877787807814457e-16), np.float64(1.6653345369377348e-16), np.float64(1.3877787807814457e-16), np.float64(1.6653345369377348e-16), np.float64(1.3877787807814457e-16), np.float64(8.326672684688674e-17), np.float64(1.3877787807814457e-16), np.float64(1.6653345369377348e-16), np.float64(1.3877787807814457e-16), np.float64(1.6653345369377348e-16), np.float64(1.3877787807814457e-16), np.float64(8.326672684688674e-17), np.float64(1.3877787807814457e-16), np.float64(1.6653345369377348e-16), np.float64(1.3877787807814457e-16), np.float64(1.6653345369377348e-16), np.float64(1.3877787807814457e-16), np.float64(8.326672684688674e-17), np.float64(1.3877787807814457e-16), np.float64(1.6653345369377348e-16), np.float64(1.3877787807814457e-16), np.float64(1.6653345369377348e-16), np.float64(1.3877787807814457e-16), np.float64(8.326672684688674e-17), np.float64(1.3877787807814457e-16), np.float64(1.6653345369377348e-16), np.float64(1.3877787807814457e-16), np.float64(1.6653345369377348e-16), np.float64(1.3877787807814457e-16), np.float64(8.326672684688674e-17), np.float64(1.3877787807814457e-16), np.float64(1.6653345369377348e-16), np.float64(1.3877787807814457e-16), np.float64(1.6653345369377348e-16), np.float64(1.3877787807814457e-16), np.float64(8.326672684688674e-17), np.float64(1.3877787807814457e-16), np.float64(1.6653345369377348e-16), np.float64(1.3877787807814457e-16), np.float64(1.6653345369377348e-16), np.float64(1.3877787807814457e-16), np.float64(8.326672684688674e-17), np.float64(1.3877787807814457e-16), np.float64(1.6653345369377348e-16), np.float64(1.3877787807814457e-16), np.float64(1.6653345369377348e-16), np.float64(1.3877787807814457e-16), np.float64(8.326672684688674e-17), np.float64(1.3877787807814457e-16), np.float64(1.6653345369377348e-16), np.float64(1.3877787807814457e-16), np.float64(1.6653345369377348e-16), np.float64(1.3877787807814457e-16), np.float64(8.326672684688674e-17), np.float64(1.3877787807814457e-16), np.float64(1.6653345369377348e-16), np.float64(1.3877787807814457e-16), np.float64(1.6653345369377348e-16), np.float64(1.3877787807814457e-16), np.float64(8.326672684688674e-17), np.float64(1.3877787807814457e-16), np.float64(1.6653345369377348e-16), np.float64(1.3877787807814457e-16), np.float64(1.6653345369377348e-16), np.float64(1.3877787807814457e-16), np.float64(8.326672684688674e-17), np.float64(1.3877787807814457e-16), np.float64(1.6653345369377348e-16), np.float64(1.3877787807814457e-16), np.float64(1.6653345369377348e-16), np.float64(1.3877787807814457e-16), np.float64(8.326672684688674e-17), np.float64(1.3877787807814457e-16), np.float64(1.6653345369377348e-16), np.float64(1.3877787807814457e-16), np.float64(1.6653345369377348e-16), np.float64(1.3877787807814457e-16), np.float64(8.326672684688674e-17), np.float64(1.3877787807814457e-16), np.float64(1.6653345369377348e-16), np.float64(1.3877787807814457e-16), np.float64(1.6653345369377348e-16), np.float64(1.3877787807814457e-16), np.float64(8.326672684688674e-17), np.float64(1.3877787807814457e-16), np.float64(1.6653345369377348e-16), np.float64(1.3877787807814457e-16), np.float64(1.6653345369377348e-16), np.float64(1.3877787807814457e-16), np.float64(8.326672684688674e-17), np.float64(1.3877787807814457e-16), np.float64(1.6653345369377348e-16), np.float64(1.3877787807814457e-16), np.float64(1.6653345369377348e-16), np.float64(1.3877787807814457e-16), np.float64(8.326672684688674e-17), np.float64(1.3877787807814457e-16), np.float64(1.6653345369377348e-16), np.float64(1.3877787807814457e-16), np.float64(1.6653345369377348e-16), np.float64(1.3877787807814457e-16), np.float64(8.326672684688674e-17), np.float64(1.3877787807814457e-16), np.float64(1.6653345369377348e-16), np.float64(1.3877787807814457e-16), np.float64(1.6653345369377348e-16), np.float64(1.3877787807814457e-16), np.float64(8.326672684688674e-17), np.float64(1.3877787807814457e-16), np.float64(1.6653345369377348e-16), np.float64(1.3877787807814457e-16), np.float64(1.6653345369377348e-16), np.float64(1.3877787807814457e-16), np.float64(8.326672684688674e-17), np.float64(1.3877787807814457e-16), np.float64(1.6653345369377348e-16), np.float64(1.3877787807814457e-16), np.float64(1.6653345369377348e-16), np.float64(1.3877787807814457e-16), np.float64(8.326672684688674e-17), np.float64(1.3877787807814457e-16), np.float64(1.6653345369377348e-16), np.float64(1.3877787807814457e-16), np.float64(1.6653345369377348e-16), np.float64(1.3877787807814457e-16), np.float64(8.326672684688674e-17), np.float64(1.3877787807814457e-16), np.float64(1.6653345369377348e-16), np.float64(1.3877787807814457e-16), np.float64(1.6653345369377348e-16), np.float64(1.3877787807814457e-16), np.float64(8.326672684688674e-17), np.float64(1.3877787807814457e-16), np.float64(1.6653345369377348e-16), np.float64(1.3877787807814457e-16), np.float64(1.6653345369377348e-16), np.float64(1.3877787807814457e-16), np.float64(8.326672684688674e-17), np.float64(1.3877787807814457e-16), np.float64(1.6653345369377348e-16), np.float64(1.3877787807814457e-16), np.float64(1.6653345369377348e-16), np.float64(1.3877787807814457e-16), np.float64(8.326672684688674e-17), np.float64(1.3877787807814457e-16), np.float64(1.6653345369377348e-16), np.float64(1.3877787807814457e-16), np.float64(1.6653345369377348e-16), np.float64(1.3877787807814457e-16), np.float64(8.326672684688674e-17), np.float64(1.3877787807814457e-16), np.float64(1.6653345369377348e-16), np.float64(1.3877787807814457e-16), np.float64(1.6653345369377348e-16), np.float64(1.3877787807814457e-16), np.float64(8.326672684688674e-17), np.float64(1.3877787807814457e-16), np.float64(1.6653345369377348e-16), np.float64(1.3877787807814457e-16), np.float64(1.6653345369377348e-16), np.float64(1.3877787807814457e-16), np.float64(8.326672684688674e-17), np.float64(1.3877787807814457e-16), np.float64(1.6653345369377348e-16), np.float64(1.3877787807814457e-16), np.float64(1.6653345369377348e-16), np.float64(1.3877787807814457e-16), np.float64(8.326672684688674e-17), np.float64(1.3877787807814457e-16), np.float64(1.6653345369377348e-16), np.float64(1.3877787807814457e-16), np.float64(1.6653345369377348e-16), np.float64(1.3877787807814457e-16), np.float64(8.326672684688674e-17), np.float64(1.3877787807814457e-16), np.float64(1.6653345369377348e-16), np.float64(1.3877787807814457e-16), np.float64(1.6653345369377348e-16), np.float64(1.3877787807814457e-16), np.float64(8.326672684688674e-17), np.float64(1.3877787807814457e-16), np.float64(1.6653345369377348e-16), np.float64(1.3877787807814457e-16), np.float64(1.6653345369377348e-16), np.float64(1.3877787807814457e-16), np.float64(8.326672684688674e-17), np.float64(1.3877787807814457e-16), np.float64(1.6653345369377348e-16), np.float64(1.3877787807814457e-16), np.float64(1.6653345369377348e-16), np.float64(1.3877787807814457e-16), np.float64(8.326672684688674e-17), np.float64(1.3877787807814457e-16), np.float64(1.6653345369377348e-16), np.float64(1.3877787807814457e-16), np.float64(1.6653345369377348e-16), np.float64(1.3877787807814457e-16), np.float64(8.326672684688674e-17), np.float64(1.3877787807814457e-16), np.float64(1.6653345369377348e-16), np.float64(1.3877787807814457e-16), np.float64(1.6653345369377348e-16), np.float64(1.3877787807814457e-16), np.float64(8.326672684688674e-17), np.float64(1.3877787807814457e-16), np.float64(1.6653345369377348e-16), np.float64(1.3877787807814457e-16), np.float64(1.6653345369377348e-16), np.float64(1.3877787807814457e-16), np.float64(8.326672684688674e-17), np.float64(1.3877787807814457e-16), np.float64(1.6653345369377348e-16), np.float64(1.3877787807814457e-16), np.float64(1.6653345369377348e-16), np.float64(1.3877787807814457e-16), np.float64(8.326672684688674e-17), np.float64(1.3877787807814457e-16), np.float64(1.6653345369377348e-16), np.float64(1.3877787807814457e-16), np.float64(1.6653345369377348e-16), np.float64(1.3877787807814457e-16), np.float64(8.326672684688674e-17), np.float64(1.3877787807814457e-16), np.float64(1.6653345369377348e-16), np.float64(1.3877787807814457e-16), np.float64(1.6653345369377348e-16), np.float64(1.3877787807814457e-16), np.float64(8.326672684688674e-17), np.float64(1.3877787807814457e-16), np.float64(1.6653345369377348e-16), np.float64(1.3877787807814457e-16), np.float64(1.6653345369377348e-16), np.float64(1.3877787807814457e-16), np.float64(8.326672684688674e-17), np.float64(1.3877787807814457e-16), np.float64(1.6653345369377348e-16), np.float64(1.3877787807814457e-16), np.float64(1.6653345369377348e-16), np.float64(1.3877787807814457e-16), np.float64(8.326672684688674e-17), np.float64(1.3877787807814457e-16), np.float64(1.6653345369377348e-16), np.float64(1.3877787807814457e-16), np.float64(1.6653345369377348e-16), np.float64(1.3877787807814457e-16), np.float64(8.326672684688674e-17), np.float64(1.3877787807814457e-16), np.float64(1.6653345369377348e-16), np.float64(1.3877787807814457e-16), np.float64(1.6653345369377348e-16), np.float64(1.3877787807814457e-16), np.float64(8.326672684688674e-17), np.float64(1.3877787807814457e-16), np.float64(1.6653345369377348e-16), np.float64(1.3877787807814457e-16), np.float64(1.6653345369377348e-16), np.float64(1.3877787807814457e-16), np.float64(8.326672684688674e-17), np.float64(1.3877787807814457e-16), np.float64(1.6653345369377348e-16), np.float64(1.3877787807814457e-16), np.float64(1.6653345369377348e-16), np.float64(1.3877787807814457e-16), np.float64(8.326672684688674e-17), np.float64(1.3877787807814457e-16), np.float64(1.6653345369377348e-16), np.float64(1.3877787807814457e-16), np.float64(1.6653345369377348e-16), np.float64(1.3877787807814457e-16), np.float64(8.326672684688674e-17), np.float64(1.3877787807814457e-16), np.float64(1.6653345369377348e-16), np.float64(1.3877787807814457e-16), np.float64(1.6653345369377348e-16), np.float64(1.3877787807814457e-16), np.float64(8.326672684688674e-17), np.float64(1.3877787807814457e-16), np.float64(1.6653345369377348e-16), np.float64(1.3877787807814457e-16), np.float64(1.6653345369377348e-16), np.float64(1.3877787807814457e-16), np.float64(8.326672684688674e-17), np.float64(1.3877787807814457e-16), np.float64(1.6653345369377348e-16), np.float64(1.3877787807814457e-16), np.float64(1.6653345369377348e-16), np.float64(1.3877787807814457e-16), np.float64(8.326672684688674e-17), np.float64(1.3877787807814457e-16), np.float64(1.6653345369377348e-16), np.float64(1.3877787807814457e-16), np.float64(1.6653345369377348e-16), np.float64(1.3877787807814457e-16), np.float64(8.326672684688674e-17), np.float64(1.3877787807814457e-16), np.float64(1.6653345369377348e-16), np.float64(1.3877787807814457e-16), np.float64(1.6653345369377348e-16), np.float64(1.3877787807814457e-16), np.float64(8.326672684688674e-17), np.float64(1.3877787807814457e-16), np.float64(1.6653345369377348e-16), np.float64(1.3877787807814457e-16), np.float64(1.6653345369377348e-16), np.float64(1.3877787807814457e-16), np.float64(8.326672684688674e-17), np.float64(1.3877787807814457e-16), np.float64(1.6653345369377348e-16), np.float64(1.3877787807814457e-16), np.float64(1.6653345369377348e-16), np.float64(1.3877787807814457e-16), np.float64(8.326672684688674e-17), np.float64(1.3877787807814457e-16), np.float64(1.6653345369377348e-16), np.float64(1.3877787807814457e-16), np.float64(1.6653345369377348e-16), np.float64(1.3877787807814457e-16), np.float64(8.326672684688674e-17), np.float64(1.3877787807814457e-16), np.float64(1.6653345369377348e-16), np.float64(1.3877787807814457e-16), np.float64(1.6653345369377348e-16), np.float64(1.3877787807814457e-16), np.float64(8.326672684688674e-17), np.float64(1.3877787807814457e-16), np.float64(1.6653345369377348e-16), np.float64(1.3877787807814457e-16), np.float64(1.6653345369377348e-16), np.float64(1.3877787807814457e-16), np.float64(8.326672684688674e-17), np.float64(1.3877787807814457e-16), np.float64(1.6653345369377348e-16), np.float64(1.3877787807814457e-16), np.float64(1.6653345369377348e-16), np.float64(1.3877787807814457e-16), np.float64(8.326672684688674e-17), np.float64(1.3877787807814457e-16), np.float64(1.6653345369377348e-16), np.float64(1.3877787807814457e-16), np.float64(1.6653345369377348e-16), np.float64(1.3877787807814457e-16), np.float64(8.326672684688674e-17), np.float64(1.3877787807814457e-16), np.float64(1.6653345369377348e-16), np.float64(1.3877787807814457e-16), np.float64(1.6653345369377348e-16), np.float64(1.3877787807814457e-16), np.float64(8.326672684688674e-17), np.float64(1.3877787807814457e-16), np.float64(1.6653345369377348e-16), np.float64(1.3877787807814457e-16), np.float64(1.6653345369377348e-16), np.float64(1.3877787807814457e-16), np.float64(8.326672684688674e-17), np.float64(1.3877787807814457e-16), np.float64(1.6653345369377348e-16), np.float64(1.3877787807814457e-16), np.float64(1.6653345369377348e-16), np.float64(1.3877787807814457e-16), np.float64(8.326672684688674e-17), np.float64(1.3877787807814457e-16), np.float64(1.6653345369377348e-16), np.float64(1.3877787807814457e-16), np.float64(1.6653345369377348e-16), np.float64(1.3877787807814457e-16), np.float64(8.326672684688674e-17), np.float64(1.3877787807814457e-16), np.float64(1.6653345369377348e-16), np.float64(1.3877787807814457e-16), np.float64(1.6653345369377348e-16), np.float64(1.3877787807814457e-16), np.float64(8.326672684688674e-17), np.float64(1.3877787807814457e-16), np.float64(1.6653345369377348e-16), np.float64(1.3877787807814457e-16), np.float64(1.6653345369377348e-16), np.float64(1.3877787807814457e-16), np.float64(8.326672684688674e-17), np.float64(1.3877787807814457e-16), np.float64(1.6653345369377348e-16), np.float64(1.3877787807814457e-16), np.float64(1.6653345369377348e-16), np.float64(1.3877787807814457e-16), np.float64(8.326672684688674e-17), np.float64(1.3877787807814457e-16), np.float64(1.6653345369377348e-16), np.float64(1.3877787807814457e-16), np.float64(1.6653345369377348e-16), np.float64(1.3877787807814457e-16), np.float64(8.326672684688674e-17), np.float64(1.3877787807814457e-16), np.float64(1.6653345369377348e-16), np.float64(1.3877787807814457e-16), np.float64(1.6653345369377348e-16), np.float64(1.3877787807814457e-16), np.float64(8.326672684688674e-17), np.float64(1.3877787807814457e-16), np.float64(1.6653345369377348e-16), np.float64(1.3877787807814457e-16), np.float64(1.6653345369377348e-16), np.float64(1.3877787807814457e-16), np.float64(8.326672684688674e-17), np.float64(1.3877787807814457e-16), np.float64(1.6653345369377348e-16), np.float64(1.3877787807814457e-16), np.float64(1.6653345369377348e-16), np.float64(1.3877787807814457e-16), np.float64(8.326672684688674e-17), np.float64(1.3877787807814457e-16), np.float64(1.6653345369377348e-16), np.float64(1.3877787807814457e-16), np.float64(1.6653345369377348e-16), np.float64(1.3877787807814457e-16), np.float64(8.326672684688674e-17), np.float64(1.3877787807814457e-16), np.float64(1.6653345369377348e-16), np.float64(1.3877787807814457e-16), np.float64(1.6653345369377348e-16), np.float64(1.3877787807814457e-16), np.float64(8.326672684688674e-17), np.float64(1.3877787807814457e-16), np.float64(1.6653345369377348e-16), np.float64(1.3877787807814457e-16), np.float64(1.6653345369377348e-16), np.float64(1.3877787807814457e-16), np.float64(8.326672684688674e-17), np.float64(1.3877787807814457e-16), np.float64(1.6653345369377348e-16), np.float64(1.3877787807814457e-16), np.float64(1.6653345369377348e-16), np.float64(1.3877787807814457e-16), np.float64(8.326672684688674e-17), np.float64(1.3877787807814457e-16), np.float64(1.6653345369377348e-16), np.float64(1.3877787807814457e-16), np.float64(1.6653345369377348e-16), np.float64(1.3877787807814457e-16), np.float64(8.326672684688674e-17), np.float64(1.3877787807814457e-16), np.float64(1.6653345369377348e-16), np.float64(1.3877787807814457e-16), np.float64(1.6653345369377348e-16), np.float64(1.3877787807814457e-16), np.float64(8.326672684688674e-17), np.float64(1.3877787807814457e-16), np.float64(1.6653345369377348e-16), np.float64(1.3877787807814457e-16), np.float64(1.6653345369377348e-16), np.float64(1.3877787807814457e-16), np.float64(8.326672684688674e-17), np.float64(1.3877787807814457e-16), np.float64(1.6653345369377348e-16), np.float64(1.3877787807814457e-16), np.float64(1.6653345369377348e-16), np.float64(1.3877787807814457e-16), np.float64(8.326672684688674e-17), np.float64(1.3877787807814457e-16), np.float64(1.6653345369377348e-16), np.float64(1.3877787807814457e-16), np.float64(1.6653345369377348e-16), np.float64(1.3877787807814457e-16), np.float64(8.326672684688674e-17), np.float64(1.3877787807814457e-16), np.float64(1.6653345369377348e-16), np.float64(1.3877787807814457e-16), np.float64(1.6653345369377348e-16), np.float64(1.3877787807814457e-16), np.float64(8.326672684688674e-17), np.float64(1.3877787807814457e-16), np.float64(1.6653345369377348e-16), np.float64(1.3877787807814457e-16), np.float64(1.6653345369377348e-16), np.float64(1.3877787807814457e-16), np.float64(8.326672684688674e-17), np.float64(1.3877787807814457e-16), np.float64(1.6653345369377348e-16), np.float64(1.3877787807814457e-16), np.float64(1.6653345369377348e-16), np.float64(1.3877787807814457e-16), np.float64(8.326672684688674e-17), np.float64(1.3877787807814457e-16), np.float64(1.6653345369377348e-16), np.float64(1.3877787807814457e-16), np.float64(1.6653345369377348e-16), np.float64(1.3877787807814457e-16), np.float64(8.326672684688674e-17), np.float64(1.3877787807814457e-16), np.float64(1.6653345369377348e-16), np.float64(1.3877787807814457e-16), np.float64(1.6653345369377348e-16), np.float64(1.3877787807814457e-16), np.float64(8.326672684688674e-17), np.float64(1.3877787807814457e-16), np.float64(1.6653345369377348e-16), np.float64(1.3877787807814457e-16), np.float64(1.6653345369377348e-16), np.float64(1.3877787807814457e-16), np.float64(8.326672684688674e-17), np.float64(1.3877787807814457e-16), np.float64(1.6653345369377348e-16), np.float64(1.3877787807814457e-16), np.float64(1.6653345369377348e-16), np.float64(1.3877787807814457e-16), np.float64(8.326672684688674e-17), np.float64(1.3877787807814457e-16), np.float64(1.6653345369377348e-16), np.float64(1.3877787807814457e-16), np.float64(1.6653345369377348e-16), np.float64(1.3877787807814457e-16), np.float64(8.326672684688674e-17), np.float64(1.3877787807814457e-16), np.float64(1.6653345369377348e-16), np.float64(1.3877787807814457e-16), np.float64(1.6653345369377348e-16), np.float64(1.3877787807814457e-16), np.float64(8.326672684688674e-17), np.float64(1.3877787807814457e-16), np.float64(1.6653345369377348e-16), np.float64(1.3877787807814457e-16), np.float64(1.6653345369377348e-16), np.float64(1.3877787807814457e-16), np.float64(8.326672684688674e-17), np.float64(1.3877787807814457e-16), np.float64(1.6653345369377348e-16), np.float64(1.3877787807814457e-16), np.float64(1.6653345369377348e-16), np.float64(1.3877787807814457e-16), np.float64(8.326672684688674e-17), np.float64(1.3877787807814457e-16), np.float64(1.6653345369377348e-16), np.float64(1.3877787807814457e-16), np.float64(1.6653345369377348e-16), np.float64(1.3877787807814457e-16), np.float64(8.326672684688674e-17), np.float64(1.3877787807814457e-16), np.float64(1.6653345369377348e-16), np.float64(1.3877787807814457e-16), np.float64(1.6653345369377348e-16), np.float64(1.3877787807814457e-16), np.float64(8.326672684688674e-17), np.float64(1.3877787807814457e-16), np.float64(1.6653345369377348e-16), np.float64(1.3877787807814457e-16), np.float64(1.6653345369377348e-16), np.float64(1.3877787807814457e-16), np.float64(8.326672684688674e-17), np.float64(1.3877787807814457e-16), np.float64(1.6653345369377348e-16), np.float64(1.3877787807814457e-16), np.float64(1.6653345369377348e-16), np.float64(1.3877787807814457e-16), np.float64(8.326672684688674e-17), np.float64(1.3877787807814457e-16), np.float64(1.6653345369377348e-16), np.float64(1.3877787807814457e-16), np.float64(1.6653345369377348e-16), np.float64(1.3877787807814457e-16), np.float64(8.326672684688674e-17), np.float64(1.3877787807814457e-16), np.float64(1.6653345369377348e-16), np.float64(1.3877787807814457e-16), np.float64(1.6653345369377348e-16), np.float64(1.3877787807814457e-16), np.float64(8.326672684688674e-17), np.float64(1.3877787807814457e-16), np.float64(1.6653345369377348e-16), np.float64(1.3877787807814457e-16), np.float64(1.6653345369377348e-16), np.float64(1.3877787807814457e-16), np.float64(8.326672684688674e-17), np.float64(1.3877787807814457e-16), np.float64(1.6653345369377348e-16), np.float64(1.3877787807814457e-16), np.float64(1.6653345369377348e-16), np.float64(1.3877787807814457e-16), np.float64(8.326672684688674e-17), np.float64(1.3877787807814457e-16), np.float64(1.6653345369377348e-16), np.float64(1.3877787807814457e-16), np.float64(1.6653345369377348e-16), np.float64(1.3877787807814457e-16), np.float64(8.326672684688674e-17), np.float64(1.3877787807814457e-16), np.float64(1.6653345369377348e-16), np.float64(1.3877787807814457e-16), np.float64(1.6653345369377348e-16), np.float64(1.3877787807814457e-16), np.float64(8.326672684688674e-17), np.float64(1.3877787807814457e-16), np.float64(1.6653345369377348e-16), np.float64(1.3877787807814457e-16), np.float64(1.6653345369377348e-16), np.float64(1.3877787807814457e-16), np.float64(8.326672684688674e-17), np.float64(1.3877787807814457e-16), np.float64(1.6653345369377348e-16), np.float64(1.3877787807814457e-16), np.float64(1.6653345369377348e-16), np.float64(1.3877787807814457e-16), np.float64(8.326672684688674e-17), np.float64(1.3877787807814457e-16), np.float64(1.6653345369377348e-16), np.float64(1.3877787807814457e-16), np.float64(1.6653345369377348e-16), np.float64(1.3877787807814457e-16), np.float64(8.326672684688674e-17), np.float64(1.3877787807814457e-16), np.float64(1.6653345369377348e-16), np.float64(1.3877787807814457e-16), np.float64(1.6653345369377348e-16), np.float64(1.3877787807814457e-16), np.float64(8.326672684688674e-17), np.float64(1.3877787807814457e-16), np.float64(1.6653345369377348e-16), np.float64(1.3877787807814457e-16), np.float64(1.6653345369377348e-16), np.float64(1.3877787807814457e-16), np.float64(8.326672684688674e-17), np.float64(1.3877787807814457e-16), np.float64(1.6653345369377348e-16), np.float64(1.3877787807814457e-16), np.float64(1.6653345369377348e-16), np.float64(1.3877787807814457e-16), np.float64(8.326672684688674e-17), np.float64(1.3877787807814457e-16), np.float64(1.6653345369377348e-16), np.float64(1.3877787807814457e-16), np.float64(1.6653345369377348e-16), np.float64(1.3877787807814457e-16), np.float64(8.326672684688674e-17), np.float64(1.3877787807814457e-16), np.float64(1.6653345369377348e-16), np.float64(1.3877787807814457e-16), np.float64(1.6653345369377348e-16), np.float64(1.3877787807814457e-16), np.float64(8.326672684688674e-17), np.float64(1.3877787807814457e-16), np.float64(1.6653345369377348e-16), np.float64(1.3877787807814457e-16), np.float64(1.6653345369377348e-16), np.float64(1.3877787807814457e-16), np.float64(8.326672684688674e-17), np.float64(1.3877787807814457e-16), np.float64(1.6653345369377348e-16), np.float64(1.3877787807814457e-16), np.float64(1.6653345369377348e-16), np.float64(1.3877787807814457e-16), np.float64(8.326672684688674e-17), np.float64(1.3877787807814457e-16), np.float64(1.6653345369377348e-16), np.float64(1.3877787807814457e-16), np.float64(1.6653345369377348e-16), np.float64(1.3877787807814457e-16), np.float64(8.326672684688674e-17), np.float64(1.3877787807814457e-16), np.float64(1.6653345369377348e-16), np.float64(1.3877787807814457e-16), np.float64(1.6653345369377348e-16), np.float64(1.3877787807814457e-16), np.float64(8.326672684688674e-17), np.float64(1.3877787807814457e-16), np.float64(1.6653345369377348e-16), np.float64(1.3877787807814457e-16), np.float64(1.6653345369377348e-16), np.float64(1.3877787807814457e-16), np.float64(8.326672684688674e-17), np.float64(1.3877787807814457e-16), np.float64(1.6653345369377348e-16), np.float64(1.3877787807814457e-16), np.float64(1.6653345369377348e-16), np.float64(1.3877787807814457e-16), np.float64(8.326672684688674e-17), np.float64(1.3877787807814457e-16), np.float64(1.6653345369377348e-16), np.float64(1.3877787807814457e-16), np.float64(1.6653345369377348e-16), np.float64(1.3877787807814457e-16), np.float64(8.326672684688674e-17), np.float64(1.3877787807814457e-16), np.float64(1.6653345369377348e-16), np.float64(1.3877787807814457e-16), np.float64(1.6653345369377348e-16), np.float64(1.3877787807814457e-16), np.float64(8.326672684688674e-17), np.float64(1.3877787807814457e-16), np.float64(1.6653345369377348e-16), np.float64(1.3877787807814457e-16), np.float64(1.6653345369377348e-16), np.float64(1.3877787807814457e-16), np.float64(8.326672684688674e-17), np.float64(1.3877787807814457e-16), np.float64(1.6653345369377348e-16), np.float64(1.3877787807814457e-16), np.float64(1.6653345369377348e-16), np.float64(1.3877787807814457e-16), np.float64(8.326672684688674e-17), np.float64(1.3877787807814457e-16), np.float64(1.6653345369377348e-16), np.float64(1.3877787807814457e-16), np.float64(1.6653345369377348e-16), np.float64(1.3877787807814457e-16), np.float64(8.326672684688674e-17), np.float64(1.3877787807814457e-16), np.float64(1.6653345369377348e-16), np.float64(1.3877787807814457e-16), np.float64(1.6653345369377348e-16), np.float64(1.3877787807814457e-16), np.float64(8.326672684688674e-17), np.float64(1.3877787807814457e-16), np.float64(1.6653345369377348e-16), np.float64(1.3877787807814457e-16), np.float64(1.6653345369377348e-16), np.float64(1.3877787807814457e-16), np.float64(8.326672684688674e-17), np.float64(1.3877787807814457e-16), np.float64(1.6653345369377348e-16), np.float64(1.3877787807814457e-16), np.float64(1.6653345369377348e-16), np.float64(1.3877787807814457e-16), np.float64(8.326672684688674e-17), np.float64(1.3877787807814457e-16), np.float64(1.6653345369377348e-16), np.float64(1.3877787807814457e-16), np.float64(1.6653345369377348e-16), np.float64(1.3877787807814457e-16), np.float64(8.326672684688674e-17), np.float64(1.3877787807814457e-16), np.float64(1.6653345369377348e-16), np.float64(1.3877787807814457e-16), np.float64(1.6653345369377348e-16), np.float64(1.3877787807814457e-16), np.float64(8.326672684688674e-17), np.float64(1.3877787807814457e-16), np.float64(1.6653345369377348e-16), np.float64(1.3877787807814457e-16), np.float64(1.6653345369377348e-16), np.float64(1.3877787807814457e-16), np.float64(8.326672684688674e-17), np.float64(1.3877787807814457e-16), np.float64(1.6653345369377348e-16), np.float64(1.3877787807814457e-16), np.float64(1.6653345369377348e-16), np.float64(1.3877787807814457e-16), np.float64(8.326672684688674e-17), np.float64(1.3877787807814457e-16), np.float64(1.6653345369377348e-16), np.float64(1.3877787807814457e-16), np.float64(1.6653345369377348e-16), np.float64(1.3877787807814457e-16), np.float64(8.326672684688674e-17), np.float64(1.3877787807814457e-16), np.float64(1.6653345369377348e-16), np.float64(1.3877787807814457e-16), np.float64(1.6653345369377348e-16), np.float64(1.3877787807814457e-16), np.float64(8.326672684688674e-17), np.float64(1.3877787807814457e-16), np.float64(1.6653345369377348e-16), np.float64(1.3877787807814457e-16), np.float64(1.6653345369377348e-16), np.float64(1.3877787807814457e-16), np.float64(8.326672684688674e-17), np.float64(1.3877787807814457e-16), np.float64(1.6653345369377348e-16), np.float64(1.3877787807814457e-16), np.float64(1.6653345369377348e-16), np.float64(1.3877787807814457e-16), np.float64(8.326672684688674e-17), np.float64(1.3877787807814457e-16), np.float64(1.6653345369377348e-16), np.float64(1.3877787807814457e-16), np.float64(1.6653345369377348e-16), np.float64(1.3877787807814457e-16), np.float64(8.326672684688674e-17), np.float64(1.3877787807814457e-16), np.float64(1.6653345369377348e-16), np.float64(1.3877787807814457e-16), np.float64(1.6653345369377348e-16), np.float64(1.3877787807814457e-16), np.float64(8.326672684688674e-17), np.float64(1.3877787807814457e-16), np.float64(1.6653345369377348e-16), np.float64(1.3877787807814457e-16), np.float64(1.6653345369377348e-16), np.float64(1.3877787807814457e-16), np.float64(8.326672684688674e-17), np.float64(1.3877787807814457e-16), np.float64(1.6653345369377348e-16), np.float64(1.3877787807814457e-16), np.float64(1.6653345369377348e-16), np.float64(1.3877787807814457e-16), np.float64(8.326672684688674e-17), np.float64(1.3877787807814457e-16), np.float64(1.6653345369377348e-16), np.float64(1.3877787807814457e-16), np.float64(1.6653345369377348e-16), np.float64(1.3877787807814457e-16), np.float64(8.326672684688674e-17), np.float64(1.3877787807814457e-16)]"
