,n,k,norm_gradient,time,final_score,iterations,converges,conv,paths
0,2,4,3.28901083570399e-08,0.017177772521972657,5.901670172674936,8.8,True,1.9115378296608376,"[array([[-1.5996328 , -0.76022539],
       [-1.21111384, -0.69367895],
       [-0.85795727, -0.56878299],
       [-0.73747978,  0.98835596],
       [-0.50011671,  0.99702595],
       [-0.3271596 ,  0.99453673],
       [-0.23086949,  0.98608337],
       [-0.18746934,  0.98861205],
       [-0.17432483,  0.99181242],
       [-0.17199899,  0.99072835],
       [-0.1719519 ,  0.9907326 ]]), array([[-1.02365334, -0.29381177],
       [-0.69367029, -0.13411287],
       [-0.53127845,  0.70220957],
       [-0.32417459,  0.83241366],
       [-0.23210531,  0.97625025],
       [-0.19110979,  0.99395964],
       [-0.1744127 ,  0.99053959],
       [-0.17200455,  0.99069231],
       [-0.17195191,  0.9907326 ]]), array([[-0.69052661, -0.05081016],
       [-0.35899116,  0.351473  ],
       [-0.28060135,  0.85494456],
       [-0.22550562,  0.98578185],
       [-0.18540451,  0.98941274],
       [-0.17334539,  0.99090443],
       [-0.17196885,  0.99073131],
       [-0.17195189,  0.9907326 ]]), array([[-1.57400677, -0.19162456],
       [-1.20791117, -0.14035123],
       [-0.88204691, -0.05065868],
       [-0.56499603,  0.14242686],
       [-0.28899746,  0.63140966],
       [-0.24881931,  0.94089468],
       [-0.20793258,  0.99437881],
       [-0.1840884 ,  0.98471033],
       [-0.17309794,  0.99064409],
       [-0.17196362,  0.99071154],
       [-0.17195189,  0.9907326 ]]), array([[-0.98119634, -1.43899706],
       [-0.60987801, -1.2531587 ],
       [ 0.67718911,  2.13648613],
       [ 1.16927105,  1.51185055],
       [ 1.01081188,  1.43234618],
       [ 1.02823153,  0.98349615],
       [ 1.00158027,  0.98717778],
       [ 1.00003214,  0.999937  ],
       [ 1.00000001,  1.        ],
       [ 1.        ,  1.        ]])]"
1,2,8,8.186401686414722e-08,0.013092231750488282,1.4754175431687364,12.4,True,14.266767459047003,"[array([[-1.5996328 , -0.76022539],
       [-1.22007943, -0.6952146 ],
       [-0.9076937 , -0.58687409],
       [-0.76487456, -0.4786192 ],
       [ 0.2505112 ,  1.31581539],
       [ 0.8050072 ,  0.78917759],
       [ 1.07828132,  0.91005213],
       [ 1.01475183,  0.92678396],
       [ 1.00115367,  0.99364887],
       [ 1.00000734,  1.00002026],
       [ 1.        ,  1.        ]]), array([[-1.02365334, -0.29381177],
       [-0.49679693, -0.23622024],
       [ 0.00545288,  1.8477106 ],
       [ 0.09932883,  0.30141007],
       [-0.17821681,  1.05708604],
       [-0.16818741,  0.93947568],
       [-0.17599266,  1.03374283],
       [-0.17390265,  1.00936914],
       [-0.17251209,  0.99382865],
       [-0.17230862,  0.99158221],
       [-0.17203215,  0.9900199 ],
       [-0.17205315,  0.99076624],
       [-0.17200682,  0.99070711],
       [-0.17199303,  0.99072854],
       [-0.17199178,  0.99072899],
       [-0.17193578,  0.99073495],
       [-0.1719582 ,  0.99072809],
       [-0.17195667,  0.99073218],
       [-0.17195005,  0.99073287],
       [-0.17195291,  0.99073273],
       [-0.17195204,  0.99073213],
       [-0.17195202,  0.99073291],
       [-0.171952  ,  0.99073247],
       [-0.17195196,  0.99073268],
       [-0.17195195,  0.99073263]]), array([[-0.69052661, -0.05081016],
       [ 0.73673751,  1.6810237 ],
       [ 1.08164994,  1.14261116],
       [ 0.99860752,  1.1109724 ],
       [ 0.99282856,  0.98870689],
       [ 1.00103558,  0.99209409],
       [ 1.00000472,  0.99998313],
       [ 1.        ,  1.        ]]), array([[-1.57400677, -0.19162456],
       [-1.23176828, -0.20952049],
       [-0.77869767, -0.08483091],
       [ 1.31027785,  1.7723356 ],
       [ 1.08323044,  1.69111892],
       [ 1.01784604,  1.17693387],
       [ 1.00442342,  1.02315251],
       [ 1.00005766,  0.99921042],
       [ 1.00000015,  1.00000008],
       [ 1.        ,  1.        ]]), array([[-0.98119634, -1.43899706],
       [-0.64925566, -1.27286653],
       [-0.34163361, -0.64940332],
       [-0.48168255,  2.29896253],
       [-0.37654064,  0.85857181],
       [ 0.48622878,  1.50895001],
       [ 1.15988345,  0.93260191],
       [ 1.02598104,  0.94438509],
       [ 0.9978449 ,  0.95921943],
       [ 1.00566286,  0.99629389],
       [ 0.99995474,  0.99720478],
       [ 1.00000168,  0.99999557],
       [ 1.        ,  1.        ]])]"
2,2,12,4.773138299648308e-07,0.049899625778198245,5.355712948190024e-15,46.4,True,3.3851750538156877,"[array([[-1.5996328 , -0.76022539],
       [ 0.95997852, -0.32189156],
       [ 0.95997851, -0.32189154],
       [-0.55058629,  2.66772875],
       [-0.55058628,  2.66772819],
       [-0.52571884,  0.30995126],
       [ 0.41086596,  1.91515169],
       [ 0.81785258,  0.80742185],
       [ 1.12774421,  0.93662009],
       [ 0.94623295,  0.95592432],
       [ 0.99947839,  0.95592433],
       [ 1.00225562,  1.01035087],
       [ 1.0022556 ,  1.01035085],
       [ 0.99548719,  1.00271044],
       [ 0.99548731,  1.00271042],
       [ 0.99548771,  1.00271037],
       [ 1.00310383,  1.00158689],
       [ 1.0031038 ,  1.00158687],
       [ 1.00310379,  1.00158687],
       [ 0.99771088,  1.00084474],
       [ 0.9977109 ,  1.00084474],
       [ 0.99771138,  1.0008447 ],
       [ 0.99771147,  1.00084469],
       [ 0.99771148,  1.00084469],
       [ 1.00160481,  1.00050545],
       [ 1.00160479,  1.00050545],
       [ 0.99883162,  1.00026103],
       [ 0.99883292,  1.00026097],
       [ 1.00082664,  1.00016214],
       [ 0.99940255,  1.00007958],
       [ 0.99940257,  1.00007958],
       [ 1.00042538,  1.00005271],
       [ 0.99969364,  1.00002375],
       [ 0.99969366,  1.00002375],
       [ 1.00021871,  1.00001747],
       [ 1.00021869,  1.00001747],
       [ 0.99984282,  1.00000681],
       [ 1.00011241,  1.00000595],
       [ 0.99991932,  1.00000181],
       [ 1.00005774,  1.00000211],
       [ 0.99995859,  1.0000004 ],
       [ 1.00002966,  1.00000078],
       [ 0.99997873,  1.00000004],
       [ 0.99997877,  1.00000003],
       [ 1.00001521,  1.00000031],
       [ 0.9999891 ,  0.99999996],
       [ 0.99998928,  0.99999978],
       [ 0.99998929,  0.99999979],
       [ 1.00000768,  1.00000002],
       [ 1.        ,  0.99999996],
       [ 1.        ,  0.99999997]]), array([[-1.02365334, -0.29381177],
       [ 0.92878063,  0.65042223],
       [ 1.15102931,  1.09606267],
       [ 1.15102929,  1.09606266],
       [ 1.15102926,  1.09606266],
       [ 1.15102922,  1.09606265],
       [ 0.92380923,  1.06557342],
       [ 0.92380931,  1.0655734 ],
       [ 1.02857731,  1.0406802 ],
       [ 0.97490015,  1.02198403],
       [ 1.01480361,  1.01299597],
       [ 1.01480359,  1.01299597],
       [ 1.01480356,  1.01299596],
       [ 0.98820249,  1.00700465],
       [ 0.98820252,  1.00700464],
       [ 1.00772878,  1.00413495],
       [ 0.99413845,  1.00219879],
       [ 1.00401519,  1.00131921],
       [ 0.99703287,  1.00068238],
       [ 1.00207699,  1.00042385],
       [ 0.99848695,  1.00020891],
       [ 1.00107112,  1.0001379 ],
       [ 0.99922572,  1.00006268],
       [ 0.99922575,  1.00006268],
       [ 0.99922577,  1.00006268],
       [ 0.99922581,  1.00006268],
       [ 1.0005511 ,  1.00004567],
       [ 1.00055108,  1.00004567],
       [ 0.99960318,  1.00001809],
       [ 0.9996032 ,  1.00001809],
       [ 1.00028338,  1.00001553],
       [ 0.99979639,  1.00000484],
       [ 0.99979641,  1.00000484],
       [ 1.00014559,  1.00000548],
       [ 0.99989553,  1.00000109],
       [ 1.00007478,  1.00000203],
       [ 0.99994637,  1.00000012],
       [ 0.99994656,  1.00000012],
       [ 0.99994658,  1.00000012],
       [ 0.99999999,  1.00000051],
       [ 1.        ,  1.00000034],
       [ 1.        ,  0.99999992],
       [ 1.00000001,  1.00000006],
       [ 1.        ,  1.00000003]]), array([[-0.69052661, -0.05081016],
       [-0.69052661, -0.05081015],
       [ 0.73682061,  1.68323258],
       [ 0.73682063,  1.68323255],
       [ 1.11128284,  1.09446449],
       [ 0.85624051,  1.04685099],
       [ 1.02181445,  1.03180505],
       [ 0.98156666,  1.01727635],
       [ 1.01139564,  1.01012804],
       [ 0.99109748,  1.00547447],
       [ 1.00594401,  1.00321765],
       [ 0.99553951,  1.00171414],
       [ 0.99553971,  1.00171416],
       [ 1.00308318,  1.0010259 ],
       [ 1.00308309,  1.00102589],
       [ 0.9977356 ,  1.0005316 ],
       [ 1.00159219,  1.0003293 ],
       [ 1.0015921 ,  1.00032929],
       [ 0.99884334,  1.00016278],
       [ 1.00082063,  1.00010703],
       [ 1.00082061,  1.00010703],
       [ 1.00082059,  1.00010703],
       [ 0.99940771,  1.00004879],
       [ 1.00042212,  1.0000354 ],
       [ 1.00042143,  1.00003538],
       [ 0.99969686,  1.00001409],
       [ 1.00021655,  1.00001201],
       [ 0.99984443,  1.00000379],
       [ 0.99984445,  1.00000379],
       [ 1.00011129,  1.00000423],
       [ 1.00011127,  1.00000423],
       [ 1.00011125,  1.00000423],
       [ 0.99992018,  1.00000086],
       [ 1.00005714,  1.00000156],
       [ 1.00005704,  1.00000156],
       [ 1.00005686,  1.00000156],
       [ 0.99995923,  1.0000001 ],
       [ 0.99996607,  0.99999733],
       [ 1.00002434,  0.99999896],
       [ 1.00002432,  0.99999896],
       [ 1.00002097,  0.99999897],
       [ 0.99998498,  0.99999914],
       [ 0.99998509,  0.99999914],
       [ 1.00001069,  0.99999972],
       [ 0.99999234,  0.9999997 ],
       [ 0.99999251,  1.00000007],
       [ 0.99999253,  1.00000007],
       [ 0.99999254,  1.00000007],
       [ 0.99999275,  1.00000007],
       [ 1.00000402,  1.00000013],
       [ 0.99999995,  1.00000006],
       [ 1.        ,  1.        ]]), array([[-1.57400677, -0.19162456],
       [ 0.6027888 ,  0.11315095],
       [ 0.6027888 ,  0.11315096],
       [ 0.91877672,  1.2494919 ],
       [ 1.0765233 ,  1.09232557],
       [ 1.07652328,  1.09232557],
       [ 1.07652327,  1.09232556],
       [ 1.0765232 ,  1.09232554],
       [ 1.07652318,  1.09232554],
       [ 1.07652317,  1.09232554],
       [ 1.07652315,  1.09232553],
       [ 0.91414915,  1.04785216],
       [ 1.03006117,  1.03030096],
       [ 1.03006115,  1.03030096],
       [ 0.97374916,  1.01621461],
       [ 1.01551646,  1.0096972 ],
       [ 1.01551642,  1.00969719],
       [ 0.98765686,  1.00516217],
       [ 1.00809436,  1.0030989 ],
       [ 1.00809434,  1.0030989 ],
       [ 0.99386455,  1.00161644],
       [ 1.00420665,  1.00099561],
       [ 1.00420663,  1.00099561],
       [ 1.00420661,  1.00099561],
       [ 0.99689278,  1.00049919],
       [ 1.00217635,  1.00032291],
       [ 0.99841565,  1.00015101],
       [ 0.99842136,  1.00015091],
       [ 0.99842138,  1.00015091],
       [ 1.00111786,  1.00010617],
       [ 0.99919193,  1.00004429],
       [ 0.99919195,  1.00004429],
       [ 0.99919196,  1.00004429],
       [ 0.99919215,  1.00004426],
       [ 1.00057529,  1.0000358 ],
       [ 0.99958588,  1.00001224],
       [ 0.9998347 ,  1.00001233],
       [ 0.99983473,  1.00001233],
       [ 0.99983476,  1.00001233],
       [ 0.9998348 ,  1.00001233],
       [ 0.99983482,  1.00001233],
       [ 1.00011806,  1.00000915],
       [ 1.00011801,  1.00000915],
       [ 1.000118  ,  1.00000915],
       [ 0.99991529,  1.00000352],
       [ 0.99991547,  1.00000352],
       [ 0.9999155 ,  1.00000352],
       [ 0.99999998,  1.00000329],
       [ 0.99999995,  0.99999997],
       [ 1.00000003,  0.99999998],
       [ 1.        ,  1.        ]]), array([[-0.98119634, -1.43899706],
       [ 1.39718397, -0.24851899],
       [ 1.39718388, -0.24851893],
       [ 0.7772066 , -0.24851893],
       [ 0.45038452,  1.94745293],
       [ 0.87424762,  0.76654809],
       [ 1.11950808,  0.93084556],
       [ 1.11950805,  0.93084557],
       [ 1.11950803,  0.93084557],
       [ 0.95284992,  0.95175223],
       [ 0.95284993,  0.95175224],
       [ 1.02460072,  0.97283821],
       [ 0.97974655,  0.98490312],
       [ 1.0128956 ,  0.99170511],
       [ 1.01289557,  0.99170511],
       [ 1.01289551,  0.99170512],
       [ 0.99009855,  0.99524721],
       [ 1.00672516,  0.99745429],
       [ 0.99501106,  0.99849379],
       [ 0.9950112 ,  0.9984938 ],
       [ 1.00348422,  0.9992218 ],
       [ 1.00348421,  0.9992218 ],
       [ 0.99746005,  0.99951871],
       [ 1.00179758,  0.99976444],
       [ 0.99870053,  0.99984395],
       [ 0.99870086,  0.99984396],
       [ 0.99870107,  0.99984397],
       [ 1.00000106,  0.99984398],
       [ 1.00000186,  1.00003459],
       [ 0.99999973,  1.00003444],
       [ 0.99999973,  0.99999885],
       [ 0.99999975,  0.99999885],
       [ 1.00000049,  0.9999997 ],
       [ 0.99999982,  0.9999998 ],
       [ 0.9999999 ,  0.99999989],
       [ 1.00000004,  0.99999993],
       [ 0.99999998,  0.99999996],
       [ 1.00000003,  0.99999999],
       [ 1.        ,  0.99999999]])]"
3,1000,4,4.055837977281994e-07,0.07111854553222656,7.086281647937153,13.6,True,1.4656971320255807,"[[np.float64(8.880001889697349), np.float64(11.227897356928544), np.float64(14.373214090281731), np.float64(33.83906102378206), np.float64(0.8025502005597325), np.float64(0.6464973981903659), np.float64(0.11063910544354232), np.float64(0.2239198163839565), np.float64(0.013390454083014444), np.float64(0.050242140334597576), np.float64(0.01839816213241855), np.float64(0.012439446696220416), np.float64(0.0007709257099838913), np.float64(3.886076273643164e-06), np.float64(1.7991816522926723e-08)], [np.float64(8.852775405054842), np.float64(11.182949310669446), np.float64(14.28596843905075), np.float64(33.29748648580762), np.float64(1.2089081044758005), np.float64(0.1664236566686601), np.float64(0.19020581894546504), np.float64(0.0271463405791309), np.float64(0.046544086004915025), np.float64(0.02640125856122322), np.float64(0.006205444257652301), np.float64(0.00518645336143807), np.float64(0.00014273381000945218), np.float64(2.271343741817123e-06)], [np.float64(8.889442022602708), np.float64(11.187837584908316), np.float64(14.24410940514164), np.float64(32.137715728738264), np.float64(3.0117859862740923), np.float64(0.4871037771609716), np.float64(0.20822244682798577), np.float64(0.03006319133842089), np.float64(0.06086225511688336), np.float64(0.03349205388079756), np.float64(0.00870151240124635), np.float64(0.007047476640802256), np.float64(0.00025778164949616687), np.float64(1.8766695785469981e-06)], [np.float64(8.98580204468694), np.float64(11.211630275681694), np.float64(14.229179913628286), np.float64(32.36955513211387), np.float64(2.6705612639755154), np.float64(0.4454772508774137), np.float64(0.4456515046520279), np.float64(0.1122878433321473), np.float64(0.03295862284921282), np.float64(0.008499123878019106), np.float64(0.0003289318487928556), np.float64(8.381784759507164e-06), np.float64(9.809017106840758e-09)], [np.float64(8.613180878359199), np.float64(11.141411259331186), np.float64(14.485695888446921), np.float64(36.06943575285158), np.float64(2.145460799612597), np.float64(0.41873181122356185), np.float64(0.168331601850907), np.float64(0.01618362048153075), np.float64(0.024433682889154932), np.float64(0.013884775635395561), np.float64(0.0010264681865155617), np.float64(8.678125147679367e-06)]]"
4,1000,8,3.9426768101849317e-07,0.20037126541137695,4.251768988762338,38.0,True,2.2797437765548083,"[[np.float64(8.389661132612236), np.float64(15.523255397199264), np.float64(2.884780593704043), np.float64(1.8679746814678078), np.float64(2.593427981409629), np.float64(0.8299334870555317), np.float64(0.6638974716058903), np.float64(2.301704926233847), np.float64(0.5045765106022929), np.float64(37.332584817716686), np.float64(3.2523394073046257), np.float64(0.9668995135914185), np.float64(0.700626794421654), np.float64(0.12678723858430416), np.float64(0.020662322342793936), np.float64(0.05270187182825573), np.float64(0.005044235190883962), np.float64(0.020306186903366486), np.float64(0.001840108433467089), np.float64(0.002906845733144301), np.float64(0.00014370049933396675), np.float64(0.0007019953849052102), np.float64(0.00011702224754537236), np.float64(8.979354724734154e-06), np.float64(0.00031892901107648605), np.float64(4.7063433440733846e-05), np.float64(3.2798452530578393e-06), np.float64(4.9246159462369315e-06), np.float64(1.3796492603029522e-06), np.float64(1.2959822007442321e-06), np.float64(5.319395587664243e-05), np.float64(9.983645801763354e-07), np.float64(1.478652010377689e-07), np.float64(2.399317352614047e-05), np.float64(5.969802504209527e-07), np.float64(1.058784252928292e-06), np.float64(8.205728542088931e-07), np.float64(7.14062271947634e-07), np.float64(8.258023408338498e-06), np.float64(7.913303734834931e-07), np.float64(6.779116857091505e-07), np.float64(3.2312371997455073e-07), np.float64(1.6822988428328633e-07), np.float64(1.1340316542082233e-07), np.float64(1.7985400482979742e-07), np.float64(7.525948689032569e-07), np.float64(1.9954131803945883e-07), np.float64(1.6099978051667336e-07), np.float64(6.450327351673333e-08), np.float64(6.664989188474505e-07), np.float64(4.162841323502181e-08), np.float64(1.9486796402871063e-07), np.float64(1.6088833253339017e-08)], [np.float64(8.877692786894055), np.float64(22.01052477993284), np.float64(45.23822487459467), np.float64(4.374014441388961), np.float64(2.4273840804152935), np.float64(0.49177536085839535), np.float64(0.04587498855644483), np.float64(0.21576891774810159), np.float64(0.034089966970397075), np.float64(0.08372511156706518), np.float64(0.004426143634307273), np.float64(0.0014414076028892988), np.float64(0.003892588314114891), np.float64(0.00036722299639646187), np.float64(0.0003250636539574643), np.float64(0.00014051903216581033), np.float64(0.003970555455319253), np.float64(0.00031501239966466214), np.float64(0.00015238826848745305), np.float64(0.00011158489096136187), np.float64(0.00016024311097097383), np.float64(0.0015210637399849078), np.float64(0.00014269599390314916), np.float64(0.0008828046201948778), np.float64(2.4620613709524075e-05), np.float64(0.00019517887588874368), np.float64(4.380648926697914e-05), np.float64(2.7583975789461067e-05), np.float64(0.00016686900608854), np.float64(2.0777124649102043e-05), np.float64(1.3734599015938197e-05), np.float64(3.1673608482551435e-06), np.float64(8.192182455904208e-08), np.float64(2.240856847275984e-08), np.float64(1.8338105338657985e-08), np.float64(6.44984446320969e-09), np.float64(3.742252863471762e-07), np.float64(2.2057223166634888e-08), np.float64(6.55603140925528e-09)], [np.float64(9.11827047439189), np.float64(10.630079130370676), np.float64(6.7658325251831), np.float64(1.8076426179624787), np.float64(49.89691020146224), np.float64(5.817130920541987), np.float64(3.4430837893321127), np.float64(1.003531928410152), np.float64(0.08194505667483865), np.float64(0.15934706997588013), np.float64(0.012441015730696682), np.float64(0.02713924957303119), np.float64(0.0006788117403993127), np.float64(0.001213677727510439), np.float64(0.0005214984274839911), np.float64(0.00016714846119637102), np.float64(0.3145177129708752), np.float64(0.8910364699855757), np.float64(0.33329021657268987), np.float64(0.09324771144326251), np.float64(0.2273501889068433), np.float64(0.03995128355810961), np.float64(0.002433392477165434), np.float64(0.0019191540480434984), np.float64(6.990364501588887e-06), np.float64(9.059749563079532e-07)], [np.float64(9.049591397004395), np.float64(14.256157016032665), np.float64(5.459937607151585), np.float64(49.250492482593714), np.float64(5.710811928322242), np.float64(3.1311633241031926), np.float64(0.861763272137483), np.float64(0.21755078408480205), np.float64(0.20292110419371506), np.float64(0.12468249032983125), np.float64(0.016180846216043297), np.float64(0.024776196467418025), np.float64(0.04021666471231589), np.float64(0.0007933293374946618), np.float64(0.9851666499800006), np.float64(0.16060809464918555), np.float64(0.038815577493615507), np.float64(0.009387108206285917), np.float64(0.002775448207313724), np.float64(0.0042579991177261805), np.float64(0.00015429971417479872), np.float64(8.489194835091384e-05), np.float64(1.3890596573121442e-07)], [np.float64(10.346521867371107), np.float64(46.84587607913052), np.float64(22.63317473991284), np.float64(3.5919944346081523), np.float64(0.3555447029847653), np.float64(4.382989064722584), np.float64(5.65208785471813), np.float64(1.3078153723198425), np.float64(0.9978658218389398), np.float64(0.35282061306499973), np.float64(0.20729145479233183), np.float64(0.029884160830809265), np.float64(0.05945282022401008), np.float64(0.003409305460863792), np.float64(0.007058449154998326), np.float64(0.014797598351043915), np.float64(0.001864130536260553), np.float64(0.00017121584257124347), np.float64(0.00010218369479275381), np.float64(0.00016222058945029313), np.float64(8.215982514188311e-05), np.float64(4.381176320330231e-05), np.float64(6.195233221783708e-05), np.float64(4.2348297309916746e-05), np.float64(1.0432082792558282e-05), np.float64(0.0004864968992891457), np.float64(2.2388582604678788e-05), np.float64(0.00012118296319882518), np.float64(1.5013808331022907e-05), np.float64(7.583756221201294e-06), np.float64(2.582048557453097e-06), np.float64(2.3648887405857586e-05), np.float64(5.649035072572535e-07), np.float64(7.307002704068964e-07), np.float64(1.9522266041593655e-06), np.float64(6.321072324846265e-07), np.float64(1.2866618056282108e-06), np.float64(4.429254155601869e-07), np.float64(9.071778955034022e-08), np.float64(4.911682663386465e-08), np.float64(6.558767261884085e-08), np.float64(3.2051519978488084e-06), np.float64(3.709538658221162e-07), np.float64(2.986196819806369e-07), np.float64(4.5416203026353396e-07), np.float64(1.0174169022083557e-07), np.float64(6.293414304161763e-08), np.float64(2.9190995403823737e-08), np.float64(9.324263641645287e-09)]]"
5,1000,12,0.0035889991566670997,4.302049160003662,7.08628172202948,702.4,False,0.5605652059308908,"[[np.float64(2.2524892203895673e-07), np.float64(39.3527013369237), np.float64(7.979962233780103e-09), np.float64(22.98356886648765), np.float64(3.593446191033385e-07), np.float64(6.035684604327153), np.float64(19.989546853255124), np.float64(5.163759117021529), np.float64(3.726246085157251), np.float64(2.651085485303311e-08), np.float64(3.227083275472772e-08), np.float64(2.5979442835305795), np.float64(8.59092281792166e-11), np.float64(1.2078383027249189), np.float64(0.7281292819676005), np.float64(2.3384355715082413e-08), np.float64(0.3305224435126145), np.float64(7.666761603165996e-07), np.float64(3.042841090324421e-07), np.float64(0.10304504672788214), np.float64(9.955022573853042e-06), np.float64(0.0473915655904909), np.float64(1.3345659897433657e-08), np.float64(2.678458310321947e-08), np.float64(0.02375083534165094), np.float64(7.964660746110898e-07), np.float64(0.012481319326037498), np.float64(0.01218128083242043), np.float64(8.74158717281342e-10), np.float64(0.00935406776488358), np.float64(6.589124169537022e-08), np.float64(2.399781092036235e-08), np.float64(3.998221274642374e-08), np.float64(1.3440111008940278e-07), np.float64(0.00932043598543372), np.float64(0.007097922030879821), np.float64(0.007216658346330183), np.float64(0.00906876220906257), np.float64(0.007537945382819968), np.float64(4.4385756482353625e-08), np.float64(0.007005154196050252), np.float64(0.005761322403264372), np.float64(5.3189029177013595e-11), np.float64(0.005489736861213451), np.float64(0.004432721879693091), np.float64(0.004311790673898501), np.float64(5.539206299865059e-08), np.float64(0.0034400720622480957), np.float64(5.322765937872363e-11), np.float64(2.6720039628341395e-11), np.float64(0.0034346605157592517), np.float64(1.429541127771648e-07), np.float64(0.0026829308741902168), np.float64(0.0027937360340683295), np.float64(0.0035111947296795703), np.float64(1.405838619521833e-07), np.float64(0.0029239919687579327), np.float64(0.002796323269356413), np.float64(1.2317963821270972e-10), np.float64(2.2901573131560427e-06), np.float64(0.002269279713197668), np.float64(1.1615760829775274e-06), np.float64(0.0022263463171668923), np.float64(0.001770229085167092), np.float64(0.0017844097877150638), np.float64(2.9487601912508685e-11), np.float64(6.06831123020157e-11), np.float64(0.001385252514987291), np.float64(0.0014799297737302791), np.float64(0.0018187137152456017), np.float64(5.951631148149945e-07), np.float64(0.001517533820490615), np.float64(2.4698434453056857e-06), np.float64(2.4479390526214045e-11), np.float64(1.8475319978634236e-09), np.float64(3.833813791105337e-11), np.float64(2.447882769271823e-11), np.float64(0.0014642201426365484), np.float64(0.0011837142147119776), np.float64(0.0011968176096334635), np.float64(0.0009373452224308321), np.float64(1.1439013893210436e-11), np.float64(6.54458482081556e-10), np.float64(3.4929808696184983e-11), np.float64(9.48413433064623e-08), np.float64(0.0009779490697446667), np.float64(2.5947794132210447e-11), np.float64(1.2497795935345496e-06), np.float64(0.0012312758694380873), np.float64(0.0010265903001830756), np.float64(2.7730316713331836e-09), np.float64(1.4843167331210364e-09), np.float64(1.7581083313948356e-11), np.float64(0.0009849328636800097), np.float64(5.1264997100179865e-11), np.float64(1.520697738378133e-06), np.float64(7.50765335894567e-11), np.float64(2.243566959533793e-11), np.float64(9.118542638948388e-09), np.float64(4.436424998772535e-06), np.float64(2.266162411473621e-09), np.float64(0.0008001681201418048), np.float64(1.6360293983430067e-11), np.float64(3.3830216281466805e-11), np.float64(5.352447403187757e-10), np.float64(5.1922205800131445e-08), np.float64(2.2183407812219955e-06), np.float64(4.800912515403405e-09), np.float64(4.4088923238640545e-06), np.float64(0.000787397323167439), np.float64(0.0006195606183128607), np.float64(3.825219371711766e-09), np.float64(0.0005959408408901043), np.float64(1.9169745407166533e-11), np.float64(7.347610712489464e-11), np.float64(0.0008123116020829531), np.float64(0.0006841464687834305), np.float64(3.592724010880666e-11), np.float64(0.0006363658279152862), np.float64(1.562628379695902e-11), np.float64(0.00053398838021418), np.float64(5.8893941806941e-07), np.float64(2.167959922618893e-11), np.float64(9.021900797791066e-10), np.float64(6.733265079331212e-06), np.float64(9.361839528876385e-10), np.float64(0.0005219996289078813), np.float64(0.00041111928338860294), np.float64(2.3508276243109232e-12), np.float64(0.0004248232109138339), np.float64(0.0005585643191783638), np.float64(0.0004621703192968703), np.float64(1.23327443603693e-11), np.float64(0.0004444239052067791), np.float64(6.287218014521328e-11), np.float64(2.048901437059641e-11), np.float64(0.00036605423428325966), np.float64(4.653592110396208e-12), np.float64(1.686115659996656e-11), np.float64(0.00032431172636391653), np.float64(8.283239993706019e-12), np.float64(0.00028580613827938723), np.float64(1.191888702957743e-11), np.float64(0.000292319700502556), np.float64(3.260572214332648e-11), np.float64(0.0002216852693680903), np.float64(0.00022808214630383615), np.float64(2.154410857209134e-08), np.float64(2.2661182367688792e-12), np.float64(0.00017001421572014367), np.float64(0.00017211396431852707), np.float64(0.0002363929200484041), np.float64(0.0001956656196856906), np.float64(1.0469337901560202e-12), np.float64(0.00019114853290100396), np.float64(7.851271949329273e-12), np.float64(1.5792920068070577e-11), np.float64(3.625678784122097e-08), np.float64(0.00015738759976561108), np.float64(0.00016317309790541277), np.float64(1.617253439215383e-09), np.float64(1.156760823726706e-11), np.float64(1.1523750115282941e-11), np.float64(8.008073878573189e-10), np.float64(3.0599037317852793e-10), np.float64(4.244776904895644e-10), np.float64(0.00021421545520843604), np.float64(0.00018011804190288982), np.float64(8.906746536859669e-05), np.float64(0.00016649762184163224), np.float64(3.697197954736004e-11), np.float64(4.682365851500679e-12), np.float64(0.00014083278922136873), np.float64(0.00013715669879985426), np.float64(6.205445498646293e-12), np.float64(8.948051297064207e-11), np.float64(0.00011610215376524414), np.float64(0.00010198963483062741), np.float64(0.00018676611625407857), np.float64(0.00012896790064651702), np.float64(0.00013574574829383797), np.float64(9.309613990994459e-12), np.float64(6.3177282910003616e-12), np.float64(4.686761027297043e-11), np.float64(8.496382629008774e-05), np.float64(6.423060145737286e-13), np.float64(6.605890740739989e-13), np.float64(6.573240911078706e-05), np.float64(8.271530374481542e-05), np.float64(2.609025558045322e-06), np.float64(8.0789436895447e-09), np.float64(0.00013571800794772145), np.float64(7.024755572464713e-10), np.float64(6.050357780209986e-12), np.float64(9.990454943931502e-05), np.float64(1.1999775276940432e-06), np.float64(1.2785536408249683e-12), np.float64(1.2585997024614122e-08), np.float64(1.9338661489828186e-12), np.float64(1.2785658926916411e-12), np.float64(5.133760517533139e-05), np.float64(4.988483681630786e-05), np.float64(3.20604770710406e-11), np.float64(8.692668064990745e-13), np.float64(7.507433866719378e-05), np.float64(4.557033809749281e-10), np.float64(5.9613121154742055e-05), np.float64(1.820856132875555e-05), np.float64(0.0008818055353764011), np.float64(1.586659523383159e-10), np.float64(3.132371958488263e-09), np.float64(0.00015533537191895927), np.float64(8.01365092380161e-05), np.float64(2.7471480671815084e-10), np.float64(4.2079250014828096e-05), np.float64(6.428906999405601e-05), np.float64(4.5420041308049756e-05), np.float64(3.024685208467557e-05), np.float64(6.836090451375931e-13), np.float64(2.581445930246669e-12), np.float64(2.768423493728032e-12), np.float64(2.580468086717307e-12), np.float64(5.692489852700625e-05), np.float64(2.8027788600415656e-05), np.float64(1.7788701216475952e-11), np.float64(2.100723568918948e-13), np.float64(5.5693683785502155e-05), np.float64(1.3132497733966977e-13), np.float64(1.5792698537672638e-12), np.float64(1.4857612342296115e-05), np.float64(1.0499928385853243e-13), np.float64(4.7286411001825685e-15), np.float64(2.180005672187562e-15), np.float64(3.959217347043825e-06), np.float64(3.08229977237681e-06), np.float64(6.89516985527854e-11), np.float64(9.7535399897874e-12), np.float64(1.5343354752258774e-13), np.float64(2.9840801048237756e-11), np.float64(4.963115192011862e-13), np.float64(1.0703134021404373e-12), np.float64(1.7857084043040646e-14), np.float64(1.9655024203208258e-13), np.float64(2.0154829293996907e-15), np.float64(6.909371108834614e-13), np.float64(8.705172900422965e-11), np.float64(1.7989745877551962e-14), np.float64(4.1948216371004616e-14), np.float64(2.4727398543802776e-15), np.float64(5.1856783778297347e-11), np.float64(1.3599540793488727e-11), np.float64(8.374854354240671e-14), np.float64(3.950355671475076e-12), np.float64(6.876481248875704e-14), np.float64(1.7607516861451986e-12), np.float64(3.398266864676051e-13), np.float64(1.7960276113799865e-13), np.float64(2.2194438606886152e-11), np.float64(1.5510991645156504e-12), np.float64(9.159171736003042e-15), np.float64(1.2535722072634353e-14), np.float64(5.179685524260552e-13), np.float64(4.2898529575736455e-14), np.float64(5.087681048627601e-16), np.float64(8.326672684688674e-17), np.float64(1.3877787807814457e-16), np.float64(1.3877787807814457e-16), np.float64(1.3877787807814457e-16), np.float64(1.3877787807814457e-16), np.float64(1.3877787807814457e-16), np.float64(1.3877787807814457e-16), np.float64(1.3877787807814457e-16), np.float64(1.3877787807814457e-16), np.float64(1.3877787807814457e-16), np.float64(1.3877787807814457e-16), np.float64(1.3877787807814457e-16), np.float64(1.3877787807814457e-16), np.float64(1.3877787807814457e-16), np.float64(1.3877787807814457e-16), np.float64(1.3877787807814457e-16), np.float64(1.3877787807814457e-16), np.float64(1.3877787807814457e-16), np.float64(1.3877787807814457e-16), np.float64(1.3877787807814457e-16), np.float64(1.3877787807814457e-16), np.float64(1.3877787807814457e-16), np.float64(1.3877787807814457e-16), np.float64(1.3877787807814457e-16), np.float64(1.3877787807814457e-16), np.float64(1.3877787807814457e-16), np.float64(1.3877787807814457e-16), np.float64(1.3877787807814457e-16), np.float64(1.3877787807814457e-16), np.float64(1.3877787807814457e-16), np.float64(1.3877787807814457e-16), np.float64(1.3877787807814457e-16), np.float64(1.3877787807814457e-16), np.float64(1.3877787807814457e-16), np.float64(1.3877787807814457e-16), np.float64(1.3877787807814457e-16), np.float64(1.3877787807814457e-16), np.float64(1.3877787807814457e-16), np.float64(1.3877787807814457e-16), np.float64(1.3877787807814457e-16), np.float64(1.3877787807814457e-16), np.float64(1.3877787807814457e-16), np.float64(1.3877787807814457e-16), np.float64(1.3877787807814457e-16), np.float64(1.3877787807814457e-16), np.float64(1.3877787807814457e-16), np.float64(1.3877787807814457e-16), np.float64(1.3877787807814457e-16), np.float64(1.3877787807814457e-16), np.float64(1.3877787807814457e-16), np.float64(1.3877787807814457e-16), np.float64(1.3877787807814457e-16), np.float64(1.3877787807814457e-16), np.float64(1.3877787807814457e-16), np.float64(1.3877787807814457e-16), np.float64(1.3877787807814457e-16), np.float64(1.3877787807814457e-16), np.float64(1.3877787807814457e-16), np.float64(1.3877787807814457e-16), np.float64(1.3877787807814457e-16), np.float64(1.3877787807814457e-16), np.float64(1.3877787807814457e-16), np.float64(1.3877787807814457e-16), np.float64(1.3877787807814457e-16), np.float64(1.3877787807814457e-16), np.float64(1.3877787807814457e-16), np.float64(1.3877787807814457e-16), np.float64(1.3877787807814457e-16), np.float64(1.3877787807814457e-16), np.float64(1.3877787807814457e-16), np.float64(1.3877787807814457e-16), np.float64(1.3877787807814457e-16), np.float64(1.3877787807814457e-16), np.float64(1.3877787807814457e-16), np.float64(1.3877787807814457e-16), np.float64(1.3877787807814457e-16), np.float64(1.3877787807814457e-16), np.float64(1.3877787807814457e-16), np.float64(1.3877787807814457e-16), np.float64(1.3877787807814457e-16), np.float64(1.3877787807814457e-16), np.float64(1.3877787807814457e-16), np.float64(1.3877787807814457e-16), np.float64(1.3877787807814457e-16), np.float64(1.3877787807814457e-16), np.float64(1.3877787807814457e-16), np.float64(1.3877787807814457e-16), np.float64(1.3877787807814457e-16), np.float64(1.3877787807814457e-16), np.float64(1.3877787807814457e-16), np.float64(1.3877787807814457e-16), np.float64(1.3877787807814457e-16), np.float64(1.3877787807814457e-16), np.float64(1.3877787807814457e-16), np.float64(1.3877787807814457e-16), np.float64(1.3877787807814457e-16), np.float64(1.3877787807814457e-16), np.float64(1.3877787807814457e-16), np.float64(1.3877787807814457e-16), np.float64(1.3877787807814457e-16), np.float64(1.3877787807814457e-16), np.float64(1.3877787807814457e-16), np.float64(1.3877787807814457e-16), np.float64(1.3877787807814457e-16), np.float64(1.3877787807814457e-16), np.float64(1.3877787807814457e-16), np.float64(1.3877787807814457e-16), np.float64(1.3877787807814457e-16), np.float64(1.3877787807814457e-16), np.float64(1.3877787807814457e-16), np.float64(1.3877787807814457e-16), np.float64(1.3877787807814457e-16), np.float64(1.3877787807814457e-16), np.float64(1.3877787807814457e-16), np.float64(1.3877787807814457e-16), np.float64(1.3877787807814457e-16), np.float64(1.3877787807814457e-16), np.float64(1.3877787807814457e-16), np.float64(1.3877787807814457e-16), np.float64(1.3877787807814457e-16), np.float64(1.3877787807814457e-16), np.float64(1.3877787807814457e-16), np.float64(1.3877787807814457e-16), np.float64(1.3877787807814457e-16), np.float64(1.3877787807814457e-16), np.float64(1.3877787807814457e-16), np.float64(1.3877787807814457e-16), np.float64(1.3877787807814457e-16), np.float64(1.3877787807814457e-16), np.float64(1.3877787807814457e-16), np.float64(1.3877787807814457e-16), np.float64(1.3877787807814457e-16), np.float64(1.3877787807814457e-16), np.float64(1.3877787807814457e-16), np.float64(1.3877787807814457e-16), np.float64(1.3877787807814457e-16), np.float64(1.3877787807814457e-16), np.float64(1.3877787807814457e-16), np.float64(1.3877787807814457e-16), np.float64(1.3877787807814457e-16), np.float64(1.3877787807814457e-16), np.float64(1.3877787807814457e-16), np.float64(1.3877787807814457e-16), np.float64(1.3877787807814457e-16), np.float64(1.3877787807814457e-16), np.float64(1.3877787807814457e-16), np.float64(1.3877787807814457e-16), np.float64(1.3877787807814457e-16), np.float64(1.3877787807814457e-16), np.float64(1.3877787807814457e-16), np.float64(1.3877787807814457e-16), np.float64(1.3877787807814457e-16), np.float64(1.3877787807814457e-16), np.float64(1.3877787807814457e-16), np.float64(1.3877787807814457e-16), np.float64(1.3877787807814457e-16), np.float64(1.3877787807814457e-16), np.float64(1.3877787807814457e-16), np.float64(1.3877787807814457e-16), np.float64(1.3877787807814457e-16), np.float64(1.3877787807814457e-16), np.float64(1.3877787807814457e-16), np.float64(1.3877787807814457e-16), np.float64(1.3877787807814457e-16), np.float64(1.3877787807814457e-16), np.float64(1.3877787807814457e-16), np.float64(1.3877787807814457e-16), np.float64(1.3877787807814457e-16), np.float64(1.3877787807814457e-16), np.float64(1.3877787807814457e-16), np.float64(1.3877787807814457e-16), np.float64(1.3877787807814457e-16), np.float64(1.3877787807814457e-16), np.float64(1.3877787807814457e-16), np.float64(1.3877787807814457e-16), np.float64(1.3877787807814457e-16), np.float64(1.3877787807814457e-16), np.float64(1.3877787807814457e-16), np.float64(1.3877787807814457e-16), np.float64(1.3877787807814457e-16), np.float64(1.3877787807814457e-16), np.float64(1.3877787807814457e-16), np.float64(1.3877787807814457e-16), np.float64(1.3877787807814457e-16), np.float64(1.3877787807814457e-16), np.float64(1.3877787807814457e-16), np.float64(1.3877787807814457e-16), np.float64(1.3877787807814457e-16), np.float64(1.3877787807814457e-16), np.float64(1.3877787807814457e-16), np.float64(1.3877787807814457e-16), np.float64(1.3877787807814457e-16), np.float64(1.3877787807814457e-16), np.float64(1.3877787807814457e-16), np.float64(1.3877787807814457e-16), np.float64(1.3877787807814457e-16), np.float64(1.3877787807814457e-16), np.float64(1.3877787807814457e-16), np.float64(1.3877787807814457e-16), np.float64(1.3877787807814457e-16), np.float64(1.3877787807814457e-16), np.float64(1.3877787807814457e-16), np.float64(1.3877787807814457e-16), np.float64(1.3877787807814457e-16), np.float64(1.3877787807814457e-16), np.float64(1.3877787807814457e-16), np.float64(1.3877787807814457e-16), np.float64(1.3877787807814457e-16), np.float64(1.3877787807814457e-16), np.float64(1.3877787807814457e-16), np.float64(1.3877787807814457e-16), np.float64(1.3877787807814457e-16), np.float64(1.3877787807814457e-16), np.float64(1.3877787807814457e-16), np.float64(1.3877787807814457e-16), np.float64(1.3877787807814457e-16), np.float64(1.3877787807814457e-16), np.float64(1.3877787807814457e-16), np.float64(1.3877787807814457e-16), np.float64(1.3877787807814457e-16), np.float64(1.3877787807814457e-16), np.float64(1.3877787807814457e-16), np.float64(1.3877787807814457e-16), np.float64(1.3877787807814457e-16), np.float64(1.3877787807814457e-16), np.float64(1.3877787807814457e-16), np.float64(1.3877787807814457e-16), np.float64(1.3877787807814457e-16), np.float64(1.3877787807814457e-16), np.float64(1.3877787807814457e-16), np.float64(1.3877787807814457e-16), np.float64(1.3877787807814457e-16), np.float64(1.3877787807814457e-16), np.float64(1.3877787807814457e-16), np.float64(1.3877787807814457e-16), np.float64(1.3877787807814457e-16), np.float64(1.3877787807814457e-16), np.float64(1.3877787807814457e-16), np.float64(1.3877787807814457e-16), np.float64(1.3877787807814457e-16), np.float64(1.3877787807814457e-16), np.float64(1.3877787807814457e-16), np.float64(1.3877787807814457e-16), np.float64(1.3877787807814457e-16), np.float64(1.3877787807814457e-16), np.float64(1.3877787807814457e-16), np.float64(1.3877787807814457e-16), np.float64(1.3877787807814457e-16), np.float64(1.3877787807814457e-16), np.float64(1.3877787807814457e-16), np.float64(1.3877787807814457e-16), np.float64(1.3877787807814457e-16), np.float64(1.3877787807814457e-16), np.float64(1.3877787807814457e-16), np.float64(1.3877787807814457e-16), np.float64(1.3877787807814457e-16), np.float64(1.3877787807814457e-16), np.float64(1.3877787807814457e-16), np.float64(1.3877787807814457e-16), np.float64(1.3877787807814457e-16), np.float64(1.3877787807814457e-16), np.float64(1.3877787807814457e-16), np.float64(1.3877787807814457e-16), np.float64(1.3877787807814457e-16), np.float64(1.3877787807814457e-16), np.float64(1.3877787807814457e-16), np.float64(1.3877787807814457e-16), np.float64(1.3877787807814457e-16), np.float64(1.3877787807814457e-16), np.float64(1.3877787807814457e-16), np.float64(1.3877787807814457e-16), np.float64(1.3877787807814457e-16), np.float64(1.3877787807814457e-16), np.float64(1.3877787807814457e-16), np.float64(1.3877787807814457e-16), np.float64(1.3877787807814457e-16), np.float64(1.3877787807814457e-16), np.float64(1.3877787807814457e-16), np.float64(1.3877787807814457e-16), np.float64(1.3877787807814457e-16), np.float64(1.3877787807814457e-16), np.float64(1.3877787807814457e-16), np.float64(1.3877787807814457e-16), np.float64(1.3877787807814457e-16), np.float64(1.3877787807814457e-16), np.float64(1.3877787807814457e-16), np.float64(1.3877787807814457e-16), np.float64(1.3877787807814457e-16), np.float64(1.3877787807814457e-16), np.float64(1.3877787807814457e-16), np.float64(1.3877787807814457e-16), np.float64(1.3877787807814457e-16), np.float64(1.3877787807814457e-16), np.float64(1.3877787807814457e-16), np.float64(1.3877787807814457e-16), np.float64(1.3877787807814457e-16), np.float64(1.3877787807814457e-16), np.float64(1.3877787807814457e-16), np.float64(1.3877787807814457e-16), np.float64(1.3877787807814457e-16), np.float64(1.3877787807814457e-16), np.float64(1.3877787807814457e-16), np.float64(1.3877787807814457e-16), np.float64(1.3877787807814457e-16), np.float64(1.3877787807814457e-16), np.float64(1.3877787807814457e-16), np.float64(1.3877787807814457e-16), np.float64(1.3877787807814457e-16), np.float64(1.3877787807814457e-16), np.float64(1.3877787807814457e-16), np.float64(1.3877787807814457e-16), np.float64(1.3877787807814457e-16), np.float64(1.3877787807814457e-16), np.float64(1.3877787807814457e-16), np.float64(1.3877787807814457e-16), np.float64(1.3877787807814457e-16), np.float64(1.3877787807814457e-16), np.float64(1.3877787807814457e-16), np.float64(1.3877787807814457e-16), np.float64(1.3877787807814457e-16), np.float64(1.3877787807814457e-16), np.float64(1.3877787807814457e-16), np.float64(1.3877787807814457e-16), np.float64(1.3877787807814457e-16), np.float64(1.3877787807814457e-16), np.float64(1.3877787807814457e-16), np.float64(1.3877787807814457e-16), np.float64(1.3877787807814457e-16), np.float64(1.3877787807814457e-16), np.float64(1.3877787807814457e-16), np.float64(1.3877787807814457e-16), np.float64(1.3877787807814457e-16), np.float64(1.3877787807814457e-16), np.float64(1.3877787807814457e-16), np.float64(1.3877787807814457e-16), np.float64(1.3877787807814457e-16), np.float64(1.3877787807814457e-16), np.float64(1.3877787807814457e-16), np.float64(1.3877787807814457e-16), np.float64(1.3877787807814457e-16), np.float64(1.3877787807814457e-16), np.float64(1.3877787807814457e-16), np.float64(1.3877787807814457e-16), np.float64(1.3877787807814457e-16), np.float64(1.3877787807814457e-16), np.float64(1.3877787807814457e-16), np.float64(1.3877787807814457e-16), np.float64(1.3877787807814457e-16), np.float64(1.3877787807814457e-16), np.float64(1.3877787807814457e-16), np.float64(1.3877787807814457e-16), np.float64(1.3877787807814457e-16), np.float64(1.3877787807814457e-16), np.float64(1.3877787807814457e-16), np.float64(1.3877787807814457e-16), np.float64(1.3877787807814457e-16), np.float64(1.3877787807814457e-16), np.float64(1.3877787807814457e-16), np.float64(1.3877787807814457e-16), np.float64(1.3877787807814457e-16), np.float64(1.3877787807814457e-16), np.float64(1.3877787807814457e-16), np.float64(1.3877787807814457e-16), np.float64(1.3877787807814457e-16), np.float64(1.3877787807814457e-16), np.float64(1.3877787807814457e-16), np.float64(1.3877787807814457e-16), np.float64(1.3877787807814457e-16), np.float64(1.3877787807814457e-16), np.float64(1.3877787807814457e-16), np.float64(1.3877787807814457e-16), np.float64(1.3877787807814457e-16), np.float64(1.3877787807814457e-16), np.float64(1.3877787807814457e-16), np.float64(1.3877787807814457e-16), np.float64(1.3877787807814457e-16), np.float64(1.3877787807814457e-16), np.float64(1.3877787807814457e-16), np.float64(1.3877787807814457e-16), np.float64(1.3877787807814457e-16), np.float64(1.3877787807814457e-16), np.float64(1.3877787807814457e-16), np.float64(1.3877787807814457e-16), np.float64(1.3877787807814457e-16), np.float64(1.3877787807814457e-16), np.float64(1.3877787807814457e-16), np.float64(1.3877787807814457e-16), np.float64(1.3877787807814457e-16), np.float64(1.3877787807814457e-16), np.float64(1.3877787807814457e-16), np.float64(1.3877787807814457e-16), np.float64(1.3877787807814457e-16), np.float64(1.3877787807814457e-16), np.float64(1.3877787807814457e-16), np.float64(1.3877787807814457e-16), np.float64(1.3877787807814457e-16), np.float64(1.3877787807814457e-16), np.float64(1.3877787807814457e-16), np.float64(1.3877787807814457e-16), np.float64(1.3877787807814457e-16), np.float64(1.3877787807814457e-16), np.float64(1.3877787807814457e-16), np.float64(1.3877787807814457e-16), np.float64(1.3877787807814457e-16), np.float64(1.3877787807814457e-16), np.float64(1.3877787807814457e-16), np.float64(1.3877787807814457e-16), np.float64(1.3877787807814457e-16), np.float64(1.3877787807814457e-16), np.float64(1.3877787807814457e-16), np.float64(1.3877787807814457e-16), np.float64(1.3877787807814457e-16), np.float64(1.3877787807814457e-16), np.float64(1.3877787807814457e-16), np.float64(1.3877787807814457e-16), np.float64(1.3877787807814457e-16), np.float64(1.3877787807814457e-16), np.float64(1.3877787807814457e-16), np.float64(1.3877787807814457e-16), np.float64(1.3877787807814457e-16), np.float64(1.3877787807814457e-16), np.float64(1.3877787807814457e-16), np.float64(1.3877787807814457e-16), np.float64(1.3877787807814457e-16), np.float64(1.3877787807814457e-16), np.float64(1.3877787807814457e-16), np.float64(1.3877787807814457e-16), np.float64(1.3877787807814457e-16), np.float64(1.3877787807814457e-16), np.float64(1.3877787807814457e-16), np.float64(1.3877787807814457e-16), np.float64(1.3877787807814457e-16), np.float64(1.3877787807814457e-16), np.float64(1.3877787807814457e-16), np.float64(1.3877787807814457e-16), np.float64(1.3877787807814457e-16), np.float64(1.3877787807814457e-16), np.float64(1.3877787807814457e-16), np.float64(1.3877787807814457e-16), np.float64(1.3877787807814457e-16), np.float64(1.3877787807814457e-16), np.float64(1.3877787807814457e-16), np.float64(1.3877787807814457e-16), np.float64(1.3877787807814457e-16), np.float64(1.3877787807814457e-16), np.float64(1.3877787807814457e-16), np.float64(1.3877787807814457e-16), np.float64(1.3877787807814457e-16), np.float64(1.3877787807814457e-16), np.float64(1.3877787807814457e-16), np.float64(1.3877787807814457e-16), np.float64(1.3877787807814457e-16), np.float64(1.3877787807814457e-16), np.float64(1.3877787807814457e-16), np.float64(1.3877787807814457e-16), np.float64(1.3877787807814457e-16), np.float64(1.3877787807814457e-16), np.float64(1.3877787807814457e-16), np.float64(1.3877787807814457e-16), np.float64(1.3877787807814457e-16), np.float64(1.3877787807814457e-16), np.float64(1.3877787807814457e-16), np.float64(1.3877787807814457e-16), np.float64(1.3877787807814457e-16), np.float64(1.3877787807814457e-16), np.float64(1.3877787807814457e-16), np.float64(1.3877787807814457e-16), np.float64(1.3877787807814457e-16), np.float64(1.3877787807814457e-16), np.float64(1.3877787807814457e-16), np.float64(1.3877787807814457e-16), np.float64(1.3877787807814457e-16), np.float64(1.3877787807814457e-16), np.float64(1.3877787807814457e-16), np.float64(1.3877787807814457e-16), np.float64(1.3877787807814457e-16), np.float64(1.3877787807814457e-16), np.float64(1.3877787807814457e-16), np.float64(1.3877787807814457e-16), np.float64(1.3877787807814457e-16), np.float64(1.3877787807814457e-16), np.float64(1.3877787807814457e-16), np.float64(1.3877787807814457e-16), np.float64(1.3877787807814457e-16), np.float64(1.3877787807814457e-16), np.float64(1.3877787807814457e-16), np.float64(1.3877787807814457e-16), np.float64(1.3877787807814457e-16), np.float64(1.3877787807814457e-16), np.float64(1.3877787807814457e-16), np.float64(1.3877787807814457e-16), np.float64(1.3877787807814457e-16), np.float64(1.3877787807814457e-16), np.float64(1.3877787807814457e-16), np.float64(1.3877787807814457e-16), np.float64(1.3877787807814457e-16), np.float64(1.3877787807814457e-16), np.float64(1.3877787807814457e-16), np.float64(1.3877787807814457e-16), np.float64(1.3877787807814457e-16), np.float64(1.3877787807814457e-16), np.float64(1.3877787807814457e-16), np.float64(1.3877787807814457e-16), np.float64(1.3877787807814457e-16), np.float64(1.3877787807814457e-16), np.float64(1.3877787807814457e-16), np.float64(1.3877787807814457e-16), np.float64(1.3877787807814457e-16), np.float64(1.3877787807814457e-16), np.float64(1.3877787807814457e-16), np.float64(1.3877787807814457e-16), np.float64(1.3877787807814457e-16), np.float64(1.3877787807814457e-16), np.float64(1.3877787807814457e-16), np.float64(1.3877787807814457e-16), np.float64(1.3877787807814457e-16), np.float64(1.3877787807814457e-16), np.float64(1.3877787807814457e-16), np.float64(1.3877787807814457e-16), np.float64(1.3877787807814457e-16), np.float64(1.3877787807814457e-16), np.float64(1.3877787807814457e-16), np.float64(1.3877787807814457e-16), np.float64(1.3877787807814457e-16), np.float64(1.3877787807814457e-16), np.float64(1.3877787807814457e-16), np.float64(1.3877787807814457e-16), np.float64(1.3877787807814457e-16), np.float64(1.3877787807814457e-16), np.float64(1.3877787807814457e-16), np.float64(1.3877787807814457e-16), np.float64(1.3877787807814457e-16), np.float64(1.3877787807814457e-16), np.float64(1.3877787807814457e-16), np.float64(1.3877787807814457e-16), np.float64(1.3877787807814457e-16), np.float64(1.3877787807814457e-16), np.float64(1.3877787807814457e-16), np.float64(1.3877787807814457e-16), np.float64(1.3877787807814457e-16), np.float64(1.3877787807814457e-16), np.float64(1.3877787807814457e-16), np.float64(1.3877787807814457e-16), np.float64(1.3877787807814457e-16), np.float64(1.3877787807814457e-16), np.float64(1.3877787807814457e-16), np.float64(1.3877787807814457e-16), np.float64(1.3877787807814457e-16), np.float64(1.3877787807814457e-16), np.float64(1.3877787807814457e-16), np.float64(1.3877787807814457e-16), np.float64(1.3877787807814457e-16), np.float64(1.3877787807814457e-16), np.float64(1.3877787807814457e-16), np.float64(1.3877787807814457e-16), np.float64(1.3877787807814457e-16), np.float64(1.3877787807814457e-16), np.float64(1.3877787807814457e-16), np.float64(1.3877787807814457e-16), np.float64(1.3877787807814457e-16), np.float64(1.3877787807814457e-16), np.float64(1.3877787807814457e-16), np.float64(1.3877787807814457e-16), np.float64(1.3877787807814457e-16), np.float64(1.3877787807814457e-16), np.float64(1.3877787807814457e-16), np.float64(1.3877787807814457e-16), np.float64(1.3877787807814457e-16), np.float64(1.3877787807814457e-16), np.float64(1.3877787807814457e-16), np.float64(1.3877787807814457e-16), np.float64(1.3877787807814457e-16), np.float64(1.3877787807814457e-16), np.float64(1.3877787807814457e-16), np.float64(1.3877787807814457e-16), np.float64(1.3877787807814457e-16), np.float64(1.3877787807814457e-16), np.float64(1.3877787807814457e-16), np.float64(1.3877787807814457e-16), np.float64(1.3877787807814457e-16), np.float64(1.3877787807814457e-16), np.float64(1.3877787807814457e-16), np.float64(1.3877787807814457e-16), np.float64(1.3877787807814457e-16), np.float64(1.3877787807814457e-16), np.float64(1.3877787807814457e-16), np.float64(1.3877787807814457e-16), np.float64(1.3877787807814457e-16), np.float64(1.3877787807814457e-16), np.float64(1.3877787807814457e-16), np.float64(1.3877787807814457e-16), np.float64(1.3877787807814457e-16), np.float64(1.3877787807814457e-16), np.float64(1.3877787807814457e-16), np.float64(1.3877787807814457e-16), np.float64(1.3877787807814457e-16), np.float64(1.3877787807814457e-16), np.float64(1.3877787807814457e-16), np.float64(1.3877787807814457e-16), np.float64(1.3877787807814457e-16), np.float64(1.3877787807814457e-16), np.float64(1.3877787807814457e-16), np.float64(1.3877787807814457e-16), np.float64(1.3877787807814457e-16), np.float64(1.3877787807814457e-16), np.float64(1.3877787807814457e-16), np.float64(1.3877787807814457e-16), np.float64(1.3877787807814457e-16), np.float64(1.3877787807814457e-16), np.float64(1.3877787807814457e-16), np.float64(1.3877787807814457e-16), np.float64(1.3877787807814457e-16), np.float64(1.3877787807814457e-16), np.float64(1.3877787807814457e-16), np.float64(1.3877787807814457e-16), np.float64(1.3877787807814457e-16), np.float64(1.3877787807814457e-16), np.float64(1.3877787807814457e-16), np.float64(1.3877787807814457e-16), np.float64(1.3877787807814457e-16), np.float64(1.3877787807814457e-16), np.float64(1.3877787807814457e-16), np.float64(1.3877787807814457e-16), np.float64(1.3877787807814457e-16), np.float64(1.3877787807814457e-16), np.float64(1.3877787807814457e-16), np.float64(1.3877787807814457e-16), np.float64(1.3877787807814457e-16), np.float64(1.3877787807814457e-16), np.float64(1.3877787807814457e-16), np.float64(1.3877787807814457e-16), np.float64(1.3877787807814457e-16), np.float64(1.3877787807814457e-16), np.float64(1.3877787807814457e-16), np.float64(1.3877787807814457e-16), np.float64(1.3877787807814457e-16), np.float64(1.3877787807814457e-16), np.float64(1.3877787807814457e-16), np.float64(1.3877787807814457e-16), np.float64(1.3877787807814457e-16), np.float64(1.3877787807814457e-16), np.float64(1.3877787807814457e-16), np.float64(1.3877787807814457e-16), np.float64(1.3877787807814457e-16), np.float64(1.3877787807814457e-16), np.float64(1.3877787807814457e-16), np.float64(1.3877787807814457e-16), np.float64(1.3877787807814457e-16), np.float64(1.3877787807814457e-16), np.float64(1.3877787807814457e-16), np.float64(1.3877787807814457e-16), np.float64(1.3877787807814457e-16), np.float64(1.3877787807814457e-16), np.float64(1.3877787807814457e-16), np.float64(1.3877787807814457e-16), np.float64(1.3877787807814457e-16), np.float64(1.3877787807814457e-16), np.float64(1.3877787807814457e-16), np.float64(1.3877787807814457e-16), np.float64(1.3877787807814457e-16), np.float64(1.3877787807814457e-16), np.float64(1.3877787807814457e-16), np.float64(1.3877787807814457e-16), np.float64(1.3877787807814457e-16), np.float64(1.3877787807814457e-16), np.float64(1.3877787807814457e-16), np.float64(1.3877787807814457e-16), np.float64(1.3877787807814457e-16), np.float64(1.3877787807814457e-16), np.float64(1.3877787807814457e-16), np.float64(1.3877787807814457e-16), np.float64(1.3877787807814457e-16), np.float64(1.3877787807814457e-16), np.float64(1.3877787807814457e-16), np.float64(1.3877787807814457e-16), np.float64(1.3877787807814457e-16), np.float64(1.3877787807814457e-16), np.float64(1.3877787807814457e-16), np.float64(1.3877787807814457e-16), np.float64(1.3877787807814457e-16), np.float64(1.3877787807814457e-16), np.float64(1.3877787807814457e-16), np.float64(1.3877787807814457e-16), np.float64(1.3877787807814457e-16), np.float64(1.3877787807814457e-16), np.float64(1.3877787807814457e-16), np.float64(1.3877787807814457e-16), np.float64(1.3877787807814457e-16), np.float64(1.3877787807814457e-16), np.float64(1.3877787807814457e-16), np.float64(1.3877787807814457e-16), np.float64(1.3877787807814457e-16), np.float64(1.3877787807814457e-16), np.float64(1.3877787807814457e-16), np.float64(1.3877787807814457e-16), np.float64(1.3877787807814457e-16), np.float64(1.3877787807814457e-16), np.float64(1.3877787807814457e-16), np.float64(1.3877787807814457e-16), np.float64(1.3877787807814457e-16), np.float64(1.3877787807814457e-16), np.float64(1.3877787807814457e-16), np.float64(1.3877787807814457e-16), np.float64(1.3877787807814457e-16), np.float64(1.3877787807814457e-16), np.float64(1.3877787807814457e-16), np.float64(1.3877787807814457e-16), np.float64(1.3877787807814457e-16), np.float64(1.3877787807814457e-16), np.float64(1.3877787807814457e-16), np.float64(1.3877787807814457e-16), np.float64(1.3877787807814457e-16), np.float64(1.3877787807814457e-16), np.float64(1.3877787807814457e-16), np.float64(1.3877787807814457e-16), np.float64(1.3877787807814457e-16), np.float64(1.3877787807814457e-16), np.float64(1.3877787807814457e-16), np.float64(1.3877787807814457e-16), np.float64(1.3877787807814457e-16), np.float64(1.3877787807814457e-16), np.float64(1.3877787807814457e-16), np.float64(1.3877787807814457e-16), np.float64(1.3877787807814457e-16), np.float64(1.3877787807814457e-16), np.float64(1.3877787807814457e-16), np.float64(1.3877787807814457e-16), np.float64(1.3877787807814457e-16), np.float64(1.3877787807814457e-16), np.float64(1.3877787807814457e-16), np.float64(1.3877787807814457e-16), np.float64(1.3877787807814457e-16), np.float64(1.3877787807814457e-16), np.float64(1.3877787807814457e-16), np.float64(1.3877787807814457e-16), np.float64(1.3877787807814457e-16)], [np.float64(1.670990864702704e-06), np.float64(39.55631745519551), np.float64(3.208034951819634e-07), np.float64(1.6224647973655682e-08), np.float64(2.823460825894836e-08), np.float64(2.7815469488823897e-08), np.float64(23.618220892238043), np.float64(9.181234759042184), np.float64(3.2359978095001967e-07), np.float64(3.795051704859428), np.float64(12.586126859100968), np.float64(8.793947345464104e-08), np.float64(2.3597622177169535e-07), np.float64(5.643576904015671e-06), np.float64(3.347712209315136), np.float64(7.833394967411597), np.float64(3.1674443362585367e-06), np.float64(2.931509385277934), np.float64(1.8669311521512082), np.float64(1.3109219057378816), np.float64(0.5792783343669976), np.float64(2.2099613339348705e-06), np.float64(0.24933234073299698), np.float64(7.637560371086935e-07), np.float64(1.8193103356390613e-07), np.float64(4.4732518872620643e-07), np.float64(0.12242180517383829), np.float64(0.062092063189097206), np.float64(0.05625830616677525), np.float64(1.0719690917262349e-05), np.float64(0.045268489051293714), np.float64(0.024344758325684585), np.float64(0.024221753549367335), np.float64(0.01792075967724338), np.float64(1.5428467450214166e-07), np.float64(0.017570709250286868), np.float64(5.034724334568329e-06), np.float64(2.045018451434439e-09), np.float64(0.013385960133523864), np.float64(1.9107346422831789e-07), np.float64(0.013082624573941621), np.float64(0.010118666197795745), np.float64(2.294687163181936e-08), np.float64(0.009920176538818623), np.float64(0.007726903756663125), np.float64(2.330643499129102e-08), np.float64(0.0076738463264295585), np.float64(0.005941245922969301), np.float64(2.674453138566646e-08), np.float64(0.0059648078266540125), np.float64(2.8029089738600705e-10), np.float64(1.415165461950105e-05), np.float64(5.010670050341581e-07), np.float64(2.7870021662606137e-10), np.float64(1.372008493322364e-10), np.float64(8.671965334461478e-10), np.float64(0.004592549507078548), np.float64(0.004753235521529859), np.float64(0.005982917241134456), np.float64(2.195787642188533e-05), np.float64(0.004967760330900892), np.float64(0.004669773012918539), np.float64(0.003854454608234682), np.float64(0.0037329896787729796), np.float64(1.3672426619115797e-06), np.float64(2.1149039034519551e-10), np.float64(1.780830425635266e-08), np.float64(4.3031197443161237e-07), np.float64(0.0030065842248621732), np.float64(0.002967093456887073), np.float64(0.0023579355953006875), np.float64(2.542913276808642e-11), np.float64(9.989424342474081e-11), np.float64(0.002404289365372676), np.float64(0.0030942024742882436), np.float64(0.00261226099894307), np.float64(0.002454696046141305), np.float64(1.492186528514284e-10), np.float64(1.5186944990164302e-07), np.float64(1.684065853490454e-08), np.float64(0.0020355055105874165), np.float64(0.0019716434364738023), np.float64(5.146890541273818e-09), np.float64(3.23961672382952e-10), np.float64(0.0015866428244761936), np.float64(6.695911645099429e-11), np.float64(1.0594342604625646e-06), np.float64(7.073769147098119e-07), np.float64(0.0015825597052358882), np.float64(1.6362736837932083e-06), np.float64(0.0012545861486827003), np.float64(0.001292691581357907), np.float64(0.001657234497079739), np.float64(1.2265251203086732e-10), np.float64(0.0013999138844591372), np.float64(0.0013130555506513078), np.float64(0.0010987891749553308), np.float64(6.263777430084314e-09), np.float64(0.0010573503214604308), np.float64(1.0577935299710345e-06), np.float64(0.000865243536068276), np.float64(0.0008688231204760397), np.float64(0.0006837294682128826), np.float64(2.7066323031879274e-06), np.float64(0.0006985221285629028), np.float64(5.7715911136479153e-11), np.float64(0.0009319981280700583), np.float64(4.725116608116457e-11), np.float64(0.0007381652016984999), np.float64(4.357851805663065e-09), np.float64(5.660695789152114e-09), np.float64(4.1474550482466155e-09), np.float64(4.483864551643523e-09), np.float64(1.0347744203265994e-09), np.float64(0.0007204845073915542), np.float64(0.0005872969826862947), np.float64(7.602625430957913e-12), np.float64(0.000556677698586514), np.float64(1.984384030951823e-11), np.float64(1.4386027131337767e-11), np.float64(2.9691967780128214e-07), np.float64(6.605876586847571e-09), np.float64(1.981573999352609e-11), np.float64(2.0126284294257208e-11), np.float64(0.0004709161467403313), np.float64(2.205770664372887e-09), np.float64(0.0004478732858854995), np.float64(0.0006192930784557861), np.float64(2.953537033356974e-09), np.float64(5.163336166218984e-11), np.float64(0.0005295046523294485), np.float64(9.494089083866794e-09), np.float64(0.0005000689172022232), np.float64(1.0155215040493472e-09), np.float64(9.02273945541737e-11), np.float64(0.00041060805544279843), np.float64(0.0004316041616702993), np.float64(0.00032437115768578636), np.float64(5.631748596417799e-12), np.float64(0.0002935292967562721), np.float64(0.0002500950693941838), np.float64(4.20065659929629e-09), np.float64(2.2751298988294596e-10), np.float64(0.00030189707845512095), np.float64(0.00035280532946783684), np.float64(0.0002939861299548961), np.float64(0.0002746875460763943), np.float64(0.00022253968685565406), np.float64(0.00020963537633021605), np.float64(2.097466514859137e-12), np.float64(6.82517701795254e-12), np.float64(0.0001863290582081934), np.float64(0.00015459493016390229), np.float64(0.000132971344524223), np.float64(0.00015304026092278122), np.float64(0.0001962494801816154), np.float64(5.0283976720971584e-12), np.float64(1.866892470289367e-06), np.float64(3.3834222534474725e-10), np.float64(1.9799692125993613e-11), np.float64(0.0001470323847571025), np.float64(4.966346583957486e-07), np.float64(1.2153092917716394e-12), np.float64(9.845149502242718e-13), np.float64(2.4329379655873196e-08), np.float64(5.325234513113843e-12), np.float64(1.0191832639362411e-09), np.float64(0.00014747467847744751), np.float64(3.508746776424657e-09), np.float64(2.3258108440897314e-09), np.float64(7.707249674513036e-12), np.float64(0.00012237442002738943), np.float64(1.4831266786076853e-08), np.float64(4.1362779269082175e-12), np.float64(5.1498367948866715e-12), np.float64(2.4955611704956278e-05), np.float64(0.0005306584782075131), np.float64(0.00022212652452417955), np.float64(1.552390962672278e-11), np.float64(0.00011703873408571558), np.float64(5.830293500711014e-05), np.float64(1.439726310943123e-09), np.float64(5.376635350608298e-08), np.float64(5.580290192857917e-05), np.float64(7.985827271810702e-06), np.float64(3.691047767485937e-12), np.float64(6.293711193420108e-11), np.float64(9.99516033772075e-11), np.float64(3.4879309076095795e-05), np.float64(6.547212599555183e-05), np.float64(6.835961558807514e-13), np.float64(3.524669392170442e-05), np.float64(5.873976096418496e-12), np.float64(0.0003705046921041269), np.float64(0.00014978411680314902), np.float64(7.723430231229046e-05), np.float64(8.891523787436226e-13), np.float64(2.38478662553828e-06), np.float64(1.3115147053278499e-11), np.float64(3.8294395332274894e-05), np.float64(3.6532547819536193e-13), np.float64(3.0383704974460623e-13), np.float64(4.1739072863531325e-05), np.float64(2.9771331269670024e-05), np.float64(8.529490887260563e-12), np.float64(2.0264455243125758e-13), np.float64(3.584905249311091e-05), np.float64(3.998194437270654e-11), np.float64(2.2035326348984662e-05), np.float64(1.414066774085639e-08), np.float64(2.3735165030069337e-13), np.float64(2.2271641327142757e-13), np.float64(3.0100577511076434e-06), np.float64(7.602597549715592e-11), np.float64(4.808466839304068e-08), np.float64(4.2923306744265515e-12), np.float64(1.6033500209773542e-15), np.float64(1.0619264368918951e-13), np.float64(5.246813498485645e-10), np.float64(3.5256462103865437e-13), np.float64(8.354926057678129e-05), np.float64(1.1983792903103563e-07), np.float64(4.887707060082715e-13), np.float64(9.877842087561254e-11), np.float64(2.7328403746385028e-12), np.float64(4.917169754577854e-13), np.float64(4.255061488994269e-05), np.float64(3.0382164379325023e-12), np.float64(3.2007379363424675e-13), np.float64(4.69460041795887e-13), np.float64(5.115151229829214e-13), np.float64(8.55833185444906e-12), np.float64(2.9804071816793314e-12), np.float64(4.619065815619847e-13), np.float64(4.482693893685608e-05), np.float64(3.371995853137174e-05), np.float64(3.928264689056037e-05), np.float64(2.6525870000641757e-05), np.float64(1.186125406714189e-08), np.float64(2.24252218806083e-13), np.float64(9.086776539719003e-06), np.float64(5.6622163379494676e-14), np.float64(5.611021474463186e-15), np.float64(2.5829094694466907e-15), np.float64(1.3071574244250916e-10), np.float64(0.0002161023882516217), np.float64(3.445835589566481e-05), np.float64(2.92598023326705e-11), np.float64(3.1718201062270735e-11), np.float64(1.279049952322567e-11), np.float64(3.5507120982400866e-05), np.float64(1.6262886656927387e-09), np.float64(1.5168130660055923e-05), np.float64(1.843021641161383e-06), np.float64(8.14947343244251e-12), np.float64(2.227577459815272e-06), np.float64(2.9206475684854206e-12), np.float64(8.168631888446052e-14), np.float64(1.3126739432199225e-13), np.float64(4.413565927880996e-14)], [np.float64(5.564893454602713e-08), np.float64(40.32083671658121), np.float64(4.5512514610580563e-07), np.float64(9.849782331378108), np.float64(5.4899303967832385), np.float64(4.7429021153864915e-08), np.float64(2.4460329628077085e-08), np.float64(2.9286763614495053e-08), np.float64(4.34779042505981e-08), np.float64(3.8535486357267814), np.float64(1.4066177214760401e-09), np.float64(4.885694656563951e-08), np.float64(20.67168675945216), np.float64(1.4858124548389848e-07), np.float64(4.57567862100047), np.float64(3.047228589026704e-08), np.float64(4.341569199687763), np.float64(5.661125332931358), np.float64(1.3765609448798139e-08), np.float64(2.1741122473965874e-08), np.float64(4.087681958050873e-07), np.float64(3.041920225422502), np.float64(2.668786681184587), np.float64(1.6910568942157518), np.float64(1.2030593536563763e-08), np.float64(4.632946806363882e-09), np.float64(1.0720342536169764e-08), np.float64(5.887748899172545e-10), np.float64(7.122728119578702e-09), np.float64(0.8331545293188153), np.float64(0.7486913461166123), np.float64(0.4710584436700467), np.float64(0.17775804503600465), np.float64(8.922793075231871e-08), np.float64(3.7836558360193114e-07), np.float64(0.07231727372229269), np.float64(0.03476233953339397), np.float64(7.027232227985536e-09), np.float64(0.018136330633994606), np.float64(0.017670118128637856), np.float64(0.013090151192605225), np.float64(5.609206840682959e-08), np.float64(0.012751453781273092), np.float64(0.0096544106364198), np.float64(3.099848474534903e-07), np.float64(1.520568973177499e-06), np.float64(0.009444886225313372), np.float64(0.007227425164956808), np.float64(3.239909592023562e-08), np.float64(3.230366970563549e-07), np.float64(0.007163014292345955), np.float64(3.9943318388547385e-08), np.float64(0.005481118965236466), np.float64(1.503396665267138e-06), np.float64(1.1321329036144123e-07), np.float64(1.027991868822098e-10), np.float64(0.0055320386044669595), np.float64(1.6719435920149798e-07), np.float64(1.2464074190393222e-10), np.float64(7.634561182461301e-10), np.float64(0.007006263515349229), np.float64(0.005867412272004341), np.float64(0.005434146967213903), np.float64(0.004498514060535668), np.float64(2.205100775142054e-06), np.float64(9.53550979718064e-11), np.float64(0.004239084902629495), np.float64(2.491395077399145e-08), np.float64(3.3371490771522096e-08), np.float64(2.9846861098300544e-08), np.float64(1.3472467852860724e-10), np.float64(0.003451135794023242), np.float64(0.0033181414181835036), np.float64(1.2621796152335736e-10), np.float64(0.002682545391926464), np.float64(1.1252111901141714e-07), np.float64(0.002673112262832646), np.float64(1.452385899333499e-08), np.float64(3.534845170555358e-07), np.float64(0.0020925847955809433), np.float64(0.002193487269552705), np.float64(5.399355048224834e-08), np.float64(6.52602098799237e-11), np.float64(4.319496785929562e-08), np.float64(0.002756328913969216), np.float64(2.478057326686683e-08), np.float64(1.9869660212928064e-10), np.float64(9.496004126217065e-08), np.float64(0.0022882935993178382), np.float64(3.3362089388860305e-07), np.float64(6.008174010041134e-11), np.float64(0.002185211605333475), np.float64(0.0017772886165237937), np.float64(0.0017464540846336277), np.float64(1.3773368250600408e-07), np.float64(2.2205263296357494e-07), np.float64(0.001386502754727815), np.float64(0.001399489408266625), np.float64(0.0018191911445089406), np.float64(2.3871842793937725e-08), np.float64(0.0015454374731412686), np.float64(3.002974533145955e-11), np.float64(4.2533039694650546e-11), np.float64(0.0014482598088332223), np.float64(4.909281360886889e-11), np.float64(8.724090192587073e-11), np.float64(0.00120079674736303), np.float64(8.769906606583124e-12), np.float64(0.0011731203394959252), np.float64(0.0009380049515257513), np.float64(0.00094331102443061), np.float64(8.765293906612866e-09), np.float64(1.020118565545511e-10), np.float64(1.0145600548281169e-10), np.float64(0.0007389607950358158), np.float64(1.297966677606667e-11), np.float64(0.0007733173133455571), np.float64(4.834294941746946e-08), np.float64(4.952785039609978e-06), np.float64(1.1937643952065376e-07), np.float64(1.4056778042421844e-11), np.float64(5.7322553497198895e-11), np.float64(0.0009561032570731146), np.float64(0.0008107490132187511), np.float64(1.6465933099674102e-07), np.float64(0.0007835351481354589), np.float64(0.0006287733134277928), np.float64(1.4211346934572266e-11), np.float64(0.0006164432028819273), np.float64(7.088039590574913e-11), np.float64(3.532869796129738e-11), np.float64(0.000503906234646537), np.float64(0.000501696836697626), np.float64(1.9521199133215064e-11), np.float64(1.9894610871352407e-11), np.float64(2.408133861721982e-07), np.float64(0.0003891124567601317), np.float64(0.00040075781188972365), np.float64(7.180310702514158e-07), np.float64(7.918814371374354e-09), np.float64(0.0005234921839709695), np.float64(2.604710626061639e-11), np.float64(0.00043922047672753184), np.float64(9.457557295232003e-10), np.float64(1.7529772793402858e-11), np.float64(0.000394588072195812), np.float64(0.0003350250380156819), np.float64(0.0003276375516527365), np.float64(7.04360832342577e-12), np.float64(2.8758690253889356e-05), np.float64(2.160204352378031e-08), np.float64(0.0004125031942057286), np.float64(3.665506736660481e-11), np.float64(0.00032456056766077786), np.float64(4.052319280341705e-09), np.float64(0.0003255062640975136), np.float64(9.030233926989013e-12), np.float64(1.1344139774072019e-11), np.float64(6.8299215408276855e-12), np.float64(0.00025704738448172586), np.float64(8.326575239209699e-07), np.float64(4.556302298219333e-12), np.float64(0.00025950316241080313), np.float64(0.0002049918390798892), np.float64(4.3802881191958686e-07), np.float64(6.020500865646217e-11), np.float64(0.00022479977389469898), np.float64(0.0002655317476017972), np.float64(9.857226714432683e-07), np.float64(0.0002256842072630263), np.float64(2.4944496864821462e-06), np.float64(0.00021323871338759575), np.float64(3.903003552614747e-08), np.float64(0.00017210512744865415), np.float64(1.8496633679161415e-12), np.float64(0.00017366245731050022), np.float64(1.1214395365147002e-08), np.float64(0.00023241235824289887), np.float64(1.237741072966128e-06), np.float64(2.223894310297333e-11), np.float64(0.00018959646892835886), np.float64(2.5440551081893127e-09), np.float64(0.00017717957841775764), np.float64(2.4304669899704005e-12), np.float64(4.288586490278129e-09), np.float64(0.00014415230393306552), np.float64(0.0001634667591467613), np.float64(0.0002155086375294016), np.float64(5.630913772519983e-11), np.float64(2.225283786090593e-07), np.float64(4.588483847390294e-09), np.float64(1.9013088353963605e-08), np.float64(0.00017367514758321692), np.float64(1.1482980155815435e-11), np.float64(5.861075577478925e-12), np.float64(7.820437525610014e-11), np.float64(6.200217126688117e-12), np.float64(7.165170760672495e-11), np.float64(4.35122042197693e-12), np.float64(3.0147346374369205e-09), np.float64(8.758350784877955e-05), np.float64(1.0796769818203913e-12), np.float64(0.00021877419865336356), np.float64(1.5260747359950263e-11), np.float64(0.0001411501441330948), np.float64(7.786523183707953e-12), np.float64(5.722751141724549e-10), np.float64(7.368525327223578e-05), np.float64(8.324632455440172e-13), np.float64(7.999410295274982e-13), np.float64(0.00015270122953394124), np.float64(0.00011911859177546573), np.float64(6.186989120331144e-05), np.float64(5.94874375319896e-05), np.float64(5.0314817998507735e-05), np.float64(3.145385124588276e-13), np.float64(4.834395540248239e-05), np.float64(4.0207922037043914e-13), np.float64(2.4381562813655206e-08), np.float64(9.058282703223299e-05), np.float64(5.660029734069608e-05), np.float64(5.541035166011954e-13), np.float64(3.5923830144849263e-12), np.float64(4.719190633357083e-13), np.float64(5.238635671819095e-13), np.float64(2.821559729175384e-05), np.float64(0.00023618020444435517), np.float64(1.7935590572783293e-10), np.float64(4.06318583022641e-12), np.float64(2.105461433565532e-11), np.float64(1.0332271482933383e-09), np.float64(8.660089683186087e-05), np.float64(4.331783499918445e-05), np.float64(1.4449707386348618e-05), np.float64(1.5944590651520242e-13), np.float64(2.519980827986519e-06), np.float64(0.00019712826557374976), np.float64(1.0082821287209776e-11), np.float64(1.3945118864846484e-11), np.float64(8.676421819415006e-05), np.float64(1.0656885971024344e-11), np.float64(3.3009408288746455e-13), np.float64(4.210928375099256e-05), np.float64(1.3080474909461878e-05), np.float64(8.4632216258994e-05), np.float64(3.628049033821269e-05), np.float64(9.529496241604174e-06), np.float64(1.4077448732829089e-13), np.float64(1.4133798637313588e-13), np.float64(7.116938121090465e-13), np.float64(5.714144372096617e-15), np.float64(2.4955334235731178e-15), np.float64(1.942890293094024e-16), np.float64(9.269415276761094e-14), np.float64(9.410777033994136e-13)], [np.float64(40.43963271954559), np.float64(3.466450118388197e-06), np.float64(14.733125780326038), np.float64(9.725502785427517e-10), np.float64(8.557183493289548), np.float64(1.2764487671629888e-06), np.float64(5.4645729900820115), np.float64(7.7499575272280135), np.float64(1.6729199869071998e-07), np.float64(4.251378863057805), np.float64(6.037696350923752), np.float64(3.3625043560989503), np.float64(1.804907553841161), np.float64(2.3462333229346815e-08), np.float64(0.7843844973729149), np.float64(4.08731032316019e-07), np.float64(0.3206693370019387), np.float64(0.14265456908952137), np.float64(1.836820834862146e-07), np.float64(0.12049379004184507), np.float64(0.09395227753323468), np.float64(2.8820716931703065e-08), np.float64(0.048847176676368766), np.float64(1.1933735452957823e-07), np.float64(0.047244998195413467), np.float64(0.03442464129897501), np.float64(0.03248902300743102), np.float64(1.3998018584472258e-08), np.float64(2.515546598064725e-08), np.float64(2.2429325631046626e-08), np.float64(8.328062309017997e-07), np.float64(0.024851208002074347), np.float64(0.023003178263960256), np.float64(0.018236351685528413), np.float64(2.8904963255562153e-07), np.float64(1.4455556309688923e-09), np.float64(0.016669044842150708), np.float64(0.013542219920335486), np.float64(0.012324399597978512), np.float64(1.5608235062046327e-06), np.float64(1.1574517604768904e-07), np.float64(0.010153520704193234), np.float64(6.688853717805981e-10), np.float64(0.009259992614956337), np.float64(0.007679870366227598), np.float64(0.007040610398750132), np.float64(0.005841937017217104), np.float64(1.5858922496985847e-10), np.float64(4.874437617735997e-10), np.float64(0.00543320040223116), np.float64(0.00447307618377012), np.float64(9.736566463112911e-11), np.float64(4.9182922921999705e-06), np.float64(0.004234898653837632), np.float64(4.268736613890296e-08), np.float64(1.5715811410462532e-07), np.float64(0.0034438751739320926), np.float64(0.0033189465301859634), np.float64(0.0026702041453691315), np.float64(0.0026322713908914497), np.float64(0.0020728110090243762), np.float64(4.301935257946446e-11), np.float64(0.0021636011018009056), np.float64(0.002722223761703464), np.float64(0.0022785630482665803), np.float64(0.002183210398863014), np.float64(9.094462234775321e-11), np.float64(1.00145591060079e-06), np.float64(0.0017831280153228558), np.float64(0.0017276538725636728), np.float64(9.519004963484644e-07), np.float64(0.0013803714889329456), np.float64(0.0014028175879662662), np.float64(0.0010847308860458716), np.float64(0.001170460973363224), np.float64(0.0014542577932294709), np.float64(6.703734041229701e-11), np.float64(0.0012070718586445017), np.float64(1.5076382836719992e-08), np.float64(1.4014954877473067e-09), np.float64(0.0011493493655804366), np.float64(5.876845359890874e-09), np.float64(4.028898145386025e-11), np.float64(2.987102321620473e-11), np.float64(0.0009378496524245135), np.float64(2.615338630798839e-09), np.float64(5.8107190052950355e-06), np.float64(0.0009049428041192333), np.float64(0.0007289119343052241), np.float64(0.0007606072705770135), np.float64(0.000954337361817594), np.float64(0.0008055139820063863), np.float64(0.0007876500911291078), np.float64(4.806340109714118e-07), np.float64(0.0006407558106886816), np.float64(0.0006193741612945973), np.float64(7.360137722404545e-06), np.float64(0.0004980524432200424), np.float64(0.0004978995680830746), np.float64(0.00038552380725666486), np.float64(0.00040726074604211513), np.float64(5.262675936360064e-12), np.float64(0.0005210420795081639), np.float64(1.643966817946457e-11), np.float64(0.0004285553338019238), np.float64(1.2241985368427007e-09), np.float64(2.27722425797131e-08), np.float64(1.3629636596342593e-07), np.float64(3.9066414131175396e-06), np.float64(1.7161506927064567e-11), np.float64(0.00040722564395320407), np.float64(0.0003270083298759092), np.float64(0.0003299006601065155), np.float64(1.254867001049776e-11), np.float64(3.4679324169490175e-06), np.float64(0.00024852638260269177), np.float64(6.65550576404003e-07), np.float64(1.626729531350875e-09), np.float64(5.224943341783585e-09), np.float64(1.5609856581454146e-12), np.float64(0.0002455654166612734), np.float64(1.8869828022721093e-11), np.float64(1.6941203477546907e-08), np.float64(1.4829356442334077e-08), np.float64(7.624210113359216e-12), np.float64(1.8384607846801494e-11), np.float64(4.459957938178946e-09), np.float64(0.0003515384564373776), np.float64(0.00029262302036815345), np.float64(0.00027330790145372046), np.float64(0.00023020019069909113), np.float64(2.960772565885141e-12), np.float64(0.00024040066151241162), np.float64(3.700728590137812e-08), np.float64(3.2604778882477224e-07), np.float64(7.929242139718414e-09), np.float64(2.270147591076977e-12), np.float64(1.3710534241410432e-11), np.float64(0.0003070429336318487), np.float64(0.0002529257874383677), np.float64(0.00023438096659182285), np.float64(8.442785863865856e-06), np.float64(0.00018803776524828615), np.float64(0.0001855590172007031), np.float64(1.7133303296481443e-08), np.float64(0.00025824359243953847), np.float64(0.00021742864509645337), np.float64(1.0341091705299215e-11), np.float64(1.3401964137696108e-07), np.float64(0.00019412424068515326), np.float64(0.0001654976327680558), np.float64(0.0001745286502634614), np.float64(6.074958750043787e-11), np.float64(0.0001404851347267659), np.float64(0.00013348953030317044), np.float64(0.00010479570000878076), np.float64(1.519821764629132e-12), np.float64(1.3146435489650304e-12), np.float64(1.006476583534833e-12), np.float64(1.6171217193875077e-12), np.float64(8.302965966214116e-13), np.float64(9.026538014624483e-13), np.float64(1.0777147646839717e-12), np.float64(8.683431698559876e-05), np.float64(3.0418887280011043e-12), np.float64(1.4731184445990565e-12), np.float64(1.1891143915727012e-06), np.float64(7.691828366670206e-05), np.float64(2.8285585450545725e-12), np.float64(7.109014977224296e-05), np.float64(0.00010564119756039671), np.float64(8.905968550052683e-05), np.float64(8.423351881517205e-05), np.float64(0.00013243318315557501), np.float64(2.432828051631971e-07), np.float64(0.00010339735920452025), np.float64(5.419095292121119e-05), np.float64(8.672638822959581e-13), np.float64(5.1874553227795455e-05), np.float64(2.8480860949877605e-12), np.float64(7.232549223593183e-05), np.float64(6.341052383337844e-05), np.float64(3.21131743399108e-05), np.float64(1.3393661732128578e-13), np.float64(1.2129540946430996e-13), np.float64(1.999930499966645e-13), np.float64(1.536233657786048e-11), np.float64(1.664871109536098e-05), np.float64(0.0001480133115435942), np.float64(5.24825208402221e-11), np.float64(1.586663578861318e-10), np.float64(6.679657936680744e-12), np.float64(9.57135186477088e-05), np.float64(3.4896696881831923e-10), np.float64(4.7462502122901533e-05), np.float64(4.3543396466358775e-12), np.float64(5.5499242789626184e-05), np.float64(1.3339184570014383e-07), np.float64(6.330960449030108e-05), np.float64(1.6146493057687053e-10), np.float64(7.369450724830517e-11), np.float64(5.440517623458393e-05), np.float64(2.7608165475492796e-05), np.float64(2.3354635591319812e-11), np.float64(1.503829095672677e-11), np.float64(6.276802255928839e-05), np.float64(2.2888084101290575e-10), np.float64(4.931799245762136e-05), np.float64(4.6490500791350737e-10), np.float64(2.3220015744966755e-10), np.float64(3.379064329204514e-13), np.float64(8.360723702782306e-12), np.float64(4.900925560261791e-05), np.float64(2.938290501476157e-05), np.float64(1.6227557853578314e-13), np.float64(2.6638252144555494e-13), np.float64(0.00013644561327320477), np.float64(5.857452807212251e-05), np.float64(1.0762480116210799e-06), np.float64(4.275983578691987e-05), np.float64(2.8713857348894767e-05), np.float64(5.738741959054547e-06), np.float64(3.4399297110924985e-13), np.float64(2.0589820277813355e-13), np.float64(0.0), np.float64(0.0), np.float64(0.0), np.float64(0.0), np.float64(0.0), np.float64(0.0), np.float64(0.0), np.float64(0.0), np.float64(0.0), np.float64(0.0), np.float64(0.0), np.float64(0.0), np.float64(0.0), np.float64(0.0), np.float64(0.0), np.float64(0.0), np.float64(0.0), np.float64(0.0), np.float64(0.0), np.float64(0.0), np.float64(0.0), np.float64(0.0), np.float64(0.0), np.float64(0.0), np.float64(0.0), np.float64(0.0), np.float64(0.0), np.float64(0.0), np.float64(0.0), np.float64(0.0), np.float64(0.0), np.float64(0.0), np.float64(0.0), np.float64(0.0), np.float64(0.0), np.float64(0.0), np.float64(0.0), np.float64(0.0), np.float64(0.0), np.float64(0.0), np.float64(0.0), np.float64(0.0), np.float64(0.0), np.float64(0.0), np.float64(0.0), np.float64(0.0), np.float64(0.0), np.float64(0.0), np.float64(0.0), np.float64(0.0), np.float64(0.0), np.float64(0.0), np.float64(0.0), np.float64(0.0), np.float64(0.0), np.float64(0.0), np.float64(0.0), np.float64(0.0), np.float64(0.0), np.float64(0.0), np.float64(0.0), np.float64(0.0), np.float64(0.0), np.float64(0.0), np.float64(0.0), np.float64(0.0), np.float64(0.0), np.float64(0.0), np.float64(0.0), np.float64(0.0), np.float64(0.0), np.float64(0.0), np.float64(0.0), np.float64(0.0), np.float64(0.0), np.float64(0.0), np.float64(0.0), np.float64(0.0), np.float64(0.0), np.float64(0.0), np.float64(0.0), np.float64(0.0), np.float64(0.0), np.float64(0.0), np.float64(0.0), np.float64(0.0), np.float64(0.0), np.float64(0.0), np.float64(0.0), np.float64(0.0), np.float64(0.0), np.float64(0.0), np.float64(0.0), np.float64(0.0), np.float64(0.0), np.float64(0.0), np.float64(0.0), np.float64(0.0), np.float64(0.0), np.float64(0.0), np.float64(0.0), np.float64(0.0), np.float64(0.0), np.float64(0.0), np.float64(0.0), np.float64(0.0), np.float64(0.0), np.float64(0.0), np.float64(0.0), np.float64(0.0), np.float64(0.0), np.float64(0.0), np.float64(0.0), np.float64(0.0), np.float64(0.0), np.float64(0.0), np.float64(0.0), np.float64(0.0), np.float64(0.0), np.float64(0.0), np.float64(0.0), np.float64(0.0), np.float64(0.0), np.float64(0.0), np.float64(0.0), np.float64(0.0), np.float64(0.0), np.float64(0.0), np.float64(0.0), np.float64(0.0), np.float64(0.0), np.float64(0.0), np.float64(0.0), np.float64(0.0), np.float64(0.0), np.float64(0.0), np.float64(0.0), np.float64(0.0), np.float64(0.0), np.float64(0.0), np.float64(0.0), np.float64(0.0), np.float64(0.0), np.float64(0.0), np.float64(0.0), np.float64(0.0), np.float64(0.0), np.float64(0.0), np.float64(0.0), np.float64(0.0), np.float64(0.0), np.float64(0.0), np.float64(0.0), np.float64(0.0), np.float64(0.0), np.float64(0.0), np.float64(0.0), np.float64(0.0), np.float64(0.0), np.float64(0.0), np.float64(0.0), np.float64(0.0), np.float64(0.0), np.float64(0.0), np.float64(0.0), np.float64(0.0), np.float64(0.0), np.float64(0.0), np.float64(0.0), np.float64(0.0), np.float64(0.0), np.float64(0.0), np.float64(0.0), np.float64(0.0), np.float64(0.0), np.float64(0.0), np.float64(0.0), np.float64(0.0), np.float64(0.0), np.float64(0.0), np.float64(0.0), np.float64(0.0), np.float64(0.0), np.float64(0.0), np.float64(0.0), np.float64(0.0), np.float64(0.0), np.float64(0.0), np.float64(0.0), np.float64(0.0), np.float64(0.0), np.float64(0.0), np.float64(0.0), np.float64(0.0), np.float64(0.0), np.float64(0.0), np.float64(0.0), np.float64(0.0), np.float64(0.0), np.float64(0.0), np.float64(0.0), np.float64(0.0), np.float64(0.0), np.float64(0.0), np.float64(0.0), np.float64(0.0), np.float64(0.0), np.float64(0.0), np.float64(0.0), np.float64(0.0), np.float64(0.0), np.float64(0.0), np.float64(0.0), np.float64(0.0), np.float64(0.0), np.float64(0.0), np.float64(0.0), np.float64(0.0), np.float64(0.0), np.float64(0.0), np.float64(0.0), np.float64(0.0), np.float64(0.0), np.float64(0.0), np.float64(0.0), np.float64(0.0), np.float64(0.0), np.float64(0.0), np.float64(0.0), np.float64(0.0), np.float64(0.0), np.float64(0.0), np.float64(0.0), np.float64(0.0), np.float64(0.0), np.float64(0.0), np.float64(0.0), np.float64(0.0), np.float64(0.0), np.float64(0.0), np.float64(0.0), np.float64(0.0), np.float64(0.0), np.float64(0.0), np.float64(0.0), np.float64(0.0), np.float64(0.0), np.float64(0.0), np.float64(0.0), np.float64(0.0), np.float64(0.0), np.float64(0.0), np.float64(0.0), np.float64(0.0), np.float64(0.0), np.float64(0.0), np.float64(0.0), np.float64(0.0), np.float64(0.0), np.float64(0.0), np.float64(0.0), np.float64(0.0), np.float64(0.0), np.float64(0.0), np.float64(0.0), np.float64(0.0), np.float64(0.0), np.float64(0.0), np.float64(0.0), np.float64(0.0), np.float64(0.0), np.float64(0.0), np.float64(0.0), np.float64(0.0), np.float64(0.0), np.float64(0.0), np.float64(0.0), np.float64(0.0), np.float64(0.0), np.float64(0.0), np.float64(0.0), np.float64(0.0), np.float64(0.0), np.float64(0.0), np.float64(0.0), np.float64(0.0), np.float64(0.0), np.float64(0.0), np.float64(0.0), np.float64(0.0), np.float64(0.0), np.float64(0.0), np.float64(0.0), np.float64(0.0), np.float64(0.0), np.float64(0.0), np.float64(0.0), np.float64(0.0), np.float64(0.0), np.float64(0.0), np.float64(0.0), np.float64(0.0), np.float64(0.0), np.float64(0.0), np.float64(0.0), np.float64(0.0), np.float64(0.0), np.float64(0.0), np.float64(0.0), np.float64(0.0), np.float64(0.0), np.float64(0.0), np.float64(0.0), np.float64(0.0), np.float64(0.0), np.float64(0.0), np.float64(0.0), np.float64(0.0), np.float64(0.0), np.float64(0.0), np.float64(0.0), np.float64(0.0), np.float64(0.0), np.float64(0.0), np.float64(0.0), np.float64(0.0), np.float64(0.0), np.float64(0.0), np.float64(0.0), np.float64(0.0), np.float64(0.0), np.float64(0.0), np.float64(0.0), np.float64(0.0), np.float64(0.0), np.float64(0.0), np.float64(0.0), np.float64(0.0), np.float64(0.0), np.float64(0.0), np.float64(0.0), np.float64(0.0), np.float64(0.0), np.float64(0.0), np.float64(0.0), np.float64(0.0), np.float64(0.0), np.float64(0.0), np.float64(0.0), np.float64(0.0), np.float64(0.0), np.float64(0.0), np.float64(0.0), np.float64(0.0), np.float64(0.0), np.float64(0.0), np.float64(0.0), np.float64(0.0), np.float64(0.0), np.float64(0.0), np.float64(0.0), np.float64(0.0), np.float64(0.0), np.float64(0.0), np.float64(0.0), np.float64(0.0), np.float64(0.0), np.float64(0.0), np.float64(0.0), np.float64(0.0), np.float64(0.0), np.float64(0.0), np.float64(0.0), np.float64(0.0), np.float64(0.0), np.float64(0.0), np.float64(0.0), np.float64(0.0), np.float64(0.0), np.float64(0.0), np.float64(0.0), np.float64(0.0), np.float64(0.0), np.float64(0.0), np.float64(0.0), np.float64(0.0), np.float64(0.0), np.float64(0.0), np.float64(0.0), np.float64(0.0), np.float64(0.0), np.float64(0.0), np.float64(0.0), np.float64(0.0), np.float64(0.0), np.float64(0.0), np.float64(0.0), np.float64(0.0), np.float64(0.0), np.float64(0.0), np.float64(0.0), np.float64(0.0), np.float64(0.0), np.float64(0.0), np.float64(0.0), np.float64(0.0), np.float64(0.0), np.float64(0.0), np.float64(0.0), np.float64(0.0), np.float64(0.0), np.float64(0.0), np.float64(0.0), np.float64(0.0), np.float64(0.0), np.float64(0.0), np.float64(0.0), np.float64(0.0), np.float64(0.0), np.float64(0.0), np.float64(0.0), np.float64(0.0), np.float64(0.0), np.float64(0.0), np.float64(0.0), np.float64(0.0), np.float64(0.0), np.float64(0.0), np.float64(0.0), np.float64(0.0), np.float64(0.0), np.float64(0.0), np.float64(0.0), np.float64(0.0), np.float64(0.0), np.float64(0.0), np.float64(0.0), np.float64(0.0), np.float64(0.0), np.float64(0.0), np.float64(0.0), np.float64(0.0), np.float64(0.0), np.float64(0.0), np.float64(0.0), np.float64(0.0), np.float64(0.0), np.float64(0.0), np.float64(0.0), np.float64(0.0), np.float64(0.0), np.float64(0.0), np.float64(0.0), np.float64(0.0), np.float64(0.0), np.float64(0.0), np.float64(0.0), np.float64(0.0), np.float64(0.0), np.float64(0.0), np.float64(0.0), np.float64(0.0), np.float64(0.0), np.float64(0.0), np.float64(0.0), np.float64(0.0), np.float64(0.0), np.float64(0.0), np.float64(0.0), np.float64(0.0), np.float64(0.0), np.float64(0.0), np.float64(0.0), np.float64(0.0), np.float64(0.0), np.float64(0.0), np.float64(0.0), np.float64(0.0), np.float64(0.0), np.float64(0.0), np.float64(0.0), np.float64(0.0), np.float64(0.0), np.float64(0.0), np.float64(0.0), np.float64(0.0), np.float64(0.0), np.float64(0.0), np.float64(0.0), np.float64(0.0), np.float64(0.0), np.float64(0.0), np.float64(0.0), np.float64(0.0), np.float64(0.0), np.float64(0.0), np.float64(0.0), np.float64(0.0), np.float64(0.0), np.float64(0.0), np.float64(0.0), np.float64(0.0), np.float64(0.0), np.float64(0.0), np.float64(0.0), np.float64(0.0), np.float64(0.0), np.float64(0.0), np.float64(0.0), np.float64(0.0), np.float64(0.0), np.float64(0.0), np.float64(0.0), np.float64(0.0), np.float64(0.0), np.float64(0.0), np.float64(0.0), np.float64(0.0), np.float64(0.0), np.float64(0.0), np.float64(0.0), np.float64(0.0), np.float64(0.0), np.float64(0.0), np.float64(0.0), np.float64(0.0), np.float64(0.0), np.float64(0.0), np.float64(0.0), np.float64(0.0), np.float64(0.0), np.float64(0.0), np.float64(0.0), np.float64(0.0), np.float64(0.0), np.float64(0.0), np.float64(0.0), np.float64(0.0), np.float64(0.0), np.float64(0.0), np.float64(0.0), np.float64(0.0), np.float64(0.0), np.float64(0.0), np.float64(0.0), np.float64(0.0), np.float64(0.0), np.float64(0.0), np.float64(0.0), np.float64(0.0), np.float64(0.0), np.float64(0.0), np.float64(0.0), np.float64(0.0), np.float64(0.0), np.float64(0.0), np.float64(0.0), np.float64(0.0), np.float64(0.0), np.float64(0.0), np.float64(0.0), np.float64(0.0), np.float64(0.0), np.float64(0.0), np.float64(0.0), np.float64(0.0), np.float64(0.0), np.float64(0.0), np.float64(0.0), np.float64(0.0), np.float64(0.0), np.float64(0.0), np.float64(0.0), np.float64(0.0), np.float64(0.0), np.float64(0.0), np.float64(0.0), np.float64(0.0), np.float64(0.0), np.float64(0.0), np.float64(0.0), np.float64(0.0), np.float64(0.0), np.float64(0.0), np.float64(0.0), np.float64(0.0), np.float64(0.0), np.float64(0.0), np.float64(0.0), np.float64(0.0), np.float64(0.0), np.float64(0.0), np.float64(0.0), np.float64(0.0), np.float64(0.0), np.float64(0.0), np.float64(0.0), np.float64(0.0), np.float64(0.0), np.float64(0.0), np.float64(0.0), np.float64(0.0), np.float64(0.0), np.float64(0.0), np.float64(0.0), np.float64(0.0), np.float64(0.0), np.float64(0.0), np.float64(0.0), np.float64(0.0), np.float64(0.0), np.float64(0.0), np.float64(0.0), np.float64(0.0), np.float64(0.0), np.float64(0.0), np.float64(0.0), np.float64(0.0), np.float64(0.0), np.float64(0.0), np.float64(0.0), np.float64(0.0), np.float64(0.0), np.float64(0.0), np.float64(0.0), np.float64(0.0), np.float64(0.0), np.float64(0.0), np.float64(0.0), np.float64(0.0), np.float64(0.0), np.float64(0.0), np.float64(0.0), np.float64(0.0), np.float64(0.0), np.float64(0.0), np.float64(0.0), np.float64(0.0), np.float64(0.0), np.float64(0.0), np.float64(0.0), np.float64(0.0), np.float64(0.0), np.float64(0.0), np.float64(0.0), np.float64(0.0), np.float64(0.0), np.float64(0.0), np.float64(0.0), np.float64(0.0), np.float64(0.0), np.float64(0.0), np.float64(0.0), np.float64(0.0), np.float64(0.0), np.float64(0.0), np.float64(0.0), np.float64(0.0), np.float64(0.0), np.float64(0.0), np.float64(0.0), np.float64(0.0), np.float64(0.0), np.float64(0.0), np.float64(0.0), np.float64(0.0), np.float64(0.0), np.float64(0.0), np.float64(0.0), np.float64(0.0), np.float64(0.0), np.float64(0.0), np.float64(0.0), np.float64(0.0), np.float64(0.0), np.float64(0.0), np.float64(0.0), np.float64(0.0), np.float64(0.0), np.float64(0.0), np.float64(0.0), np.float64(0.0), np.float64(0.0), np.float64(0.0), np.float64(0.0), np.float64(0.0), np.float64(0.0), np.float64(0.0), np.float64(0.0), np.float64(0.0), np.float64(0.0), np.float64(0.0), np.float64(0.0), np.float64(0.0), np.float64(0.0), np.float64(0.0), np.float64(0.0), np.float64(0.0), np.float64(0.0), np.float64(0.0), np.float64(0.0), np.float64(0.0), np.float64(0.0), np.float64(0.0), np.float64(0.0), np.float64(0.0), np.float64(0.0), np.float64(0.0), np.float64(0.0), np.float64(0.0), np.float64(0.0), np.float64(0.0), np.float64(0.0), np.float64(0.0), np.float64(0.0), np.float64(0.0), np.float64(0.0), np.float64(0.0), np.float64(0.0), np.float64(0.0), np.float64(0.0), np.float64(0.0), np.float64(0.0), np.float64(0.0), np.float64(0.0), np.float64(0.0), np.float64(0.0), np.float64(0.0), np.float64(0.0), np.float64(0.0), np.float64(0.0), np.float64(0.0), np.float64(0.0), np.float64(0.0), np.float64(0.0), np.float64(0.0), np.float64(0.0), np.float64(0.0), np.float64(0.0), np.float64(0.0), np.float64(0.0), np.float64(0.0), np.float64(0.0), np.float64(0.0), np.float64(0.0), np.float64(0.0), np.float64(0.0), np.float64(0.0), np.float64(0.0), np.float64(0.0), np.float64(0.0), np.float64(0.0), np.float64(0.0), np.float64(0.0), np.float64(0.0), np.float64(0.0), np.float64(0.0), np.float64(0.0), np.float64(0.0), np.float64(0.0), np.float64(0.0), np.float64(0.0), np.float64(0.0), np.float64(0.0), np.float64(0.0), np.float64(0.0), np.float64(0.0), np.float64(0.0), np.float64(0.0), np.float64(0.0), np.float64(0.0), np.float64(0.0), np.float64(0.0), np.float64(0.0), np.float64(0.0), np.float64(0.0)], [np.float64(37.566448403543134), np.float64(9.153093657065334e-09), np.float64(2.2439017127898325e-09), np.float64(15.33931494087607), np.float64(6.591967651254577), np.float64(2.1695050770059636e-07), np.float64(1.0537813160075458e-07), np.float64(4.388350970494715e-08), np.float64(3.7557658870584754), np.float64(3.9842669051057055e-09), np.float64(13.58482417774962), np.float64(2.181218353029818e-07), np.float64(1.0730462119059167e-07), np.float64(4.458323003164364), np.float64(3.711764751057596e-07), np.float64(1.6642957659193888e-07), np.float64(8.274728422620214), np.float64(3.5604167066082657), np.float64(1.2128172750548028e-07), np.float64(8.219654757464895), np.float64(8.17817093303336e-07), np.float64(1.418945376456358e-06), np.float64(2.5673838211608646), np.float64(1.5865301340802653), np.float64(1.090709056796945), np.float64(3.247036954778077e-06), np.float64(6.8769776001512644e-06), np.float64(0.4720245480588319), np.float64(5.29427250306181e-06), np.float64(2.206004031316599e-06), np.float64(3.940889479746019e-06), np.float64(8.396580412794118e-06), np.float64(0.20366799668578187), np.float64(0.09981520507092069), np.float64(6.540785547446237e-07), np.float64(4.677912585078259e-07), np.float64(0.050883359828590075), np.float64(0.04709007506642148), np.float64(0.03668306860948484), np.float64(0.03349845523815385), np.float64(0.02692413115221963), np.float64(6.936173088533543e-09), np.float64(7.696787908129978e-07), np.float64(2.2279201377335244e-09), np.float64(3.299546110248453e-09), np.float64(2.545430110293692e-06), np.float64(0.02437981412895834), np.float64(5.7968492165023015e-06), np.float64(3.0062020054008144e-06), np.float64(0.020008308243064987), np.float64(0.01085519655107845), np.float64(2.9841293704605545e-07), np.float64(0.010994505889713863), np.float64(2.770893055421955e-10), np.float64(0.008160701587395241), np.float64(9.563639109569306e-11), np.float64(5.32016928854686e-08), np.float64(9.489949408202281e-11), np.float64(9.508705043643198e-11), np.float64(0.008305741101951905), np.float64(2.6213391280004055e-10), np.float64(0.010359248862735815), np.float64(0.008652959967647525), np.float64(0.007988910586705365), np.float64(5.049802459168697e-10), np.float64(0.006633059652414164), np.float64(0.006205349745447757), np.float64(0.005095013086151921), np.float64(0.0048606678237512295), np.float64(4.606096231291043e-06), np.float64(3.130194643753989e-08), np.float64(1.4318005006816777e-07), np.float64(0.0039478583752553306), np.float64(0.003882798776459752), np.float64(0.003074612338186972), np.float64(1.4629798668718085e-10), np.float64(0.0030828680015837), np.float64(0.002410831436011101), np.float64(0.002479580337398192), np.float64(2.1109788470399803e-10), np.float64(0.0031651948719993075), np.float64(8.516563478617721e-08), np.float64(0.0026377864406332656), np.float64(0.00251864855870285), np.float64(6.236077468703392e-11), np.float64(0.0020573811924307645), np.float64(2.5001358734478038e-09), np.float64(0.0020100350865106475), np.float64(0.001610795315988127), np.float64(1.1267689083666226e-11), np.float64(1.797522430244392e-06), np.float64(0.001599452506304648), np.float64(0.0021352491962195654), np.float64(7.986747059069566e-11), np.float64(0.0017913389253013325), np.float64(4.2875202009820945e-06), np.float64(4.528471641497434e-08), np.float64(2.491394214732135e-06), np.float64(3.4868164485438695e-11), np.float64(0.0016728323212348074), np.float64(1.5690049418243995e-06), np.float64(5.011598336850774e-07), np.float64(1.819786963666326e-05), np.float64(2.572954770932656e-06), np.float64(0.001350347039704343), np.float64(0.0013050943792749024), np.float64(0.0010640146701025918), np.float64(0.0010631261620721445), np.float64(1.8569878203812903e-11), np.float64(0.0008223921305717402), np.float64(0.0008440978843340782), np.float64(1.7727376964222465e-11), np.float64(5.314406238372175e-06), np.float64(3.472743768359423e-11), np.float64(3.390402467372578e-11), np.float64(2.2785090932212897e-11), np.float64(1.7443640575513934e-08), np.float64(0.0011034882723492294), np.float64(0.0009191113884366034), np.float64(1.4346661317491284e-11), np.float64(0.0008630758108160777), np.float64(4.223635136529406e-11), np.float64(2.0949191817299233e-11), np.float64(2.1152534200889008e-11), np.float64(1.4241719538099274e-05), np.float64(0.0006913729363286447), np.float64(7.651290428008369e-09), np.float64(0.0007036555669230656), np.float64(2.6968727920893764e-08), np.float64(5.332935735629887e-06), np.float64(2.5692797510038108e-11), np.float64(2.2329707682644754e-11), np.float64(2.5682968698019665e-11), np.float64(0.0005626275730726677), np.float64(0.0005518373582465524), np.float64(0.0007237134580857259), np.float64(1.3388797224868114e-09), np.float64(0.0006089235042558127), np.float64(2.2656078047699128e-08), np.float64(5.539592238681337e-09), np.float64(0.0005653891013080042), np.float64(0.00046967992317544573), np.float64(0.00047239179523303276), np.float64(0.000365822682898442), np.float64(2.641071253726907e-06), np.float64(0.0003667630942339957), np.float64(7.849425155569144e-10), np.float64(9.303901167429519e-10), np.float64(5.066617792291316e-09), np.float64(0.0002850581194835751), np.float64(0.00029996577531760153), np.float64(0.00039263486765804805), np.float64(1.364689893664719e-05), np.float64(0.00031731592722910034), np.float64(0.0003080020672088037), np.float64(2.1459171557574714e-11), np.float64(0.0002525006638282103), np.float64(4.4390461012345395e-12), np.float64(1.9816049775885566e-10), np.float64(0.00024018231818228244), np.float64(0.00018335280446861395), np.float64(0.0001821218516087707), np.float64(0.00025289689006868413), np.float64(1.597834475449412e-11), np.float64(9.960665929875917e-09), np.float64(2.2731896952506583e-11), np.float64(3.112851845205274e-10), np.float64(0.000207867799886561), np.float64(8.462455334041634e-12), np.float64(0.00019037497231251307), np.float64(1.6426586523822289e-09), np.float64(5.526599515659037e-12), np.float64(1.7717405582780823e-11), np.float64(1.5202394320453517e-08), np.float64(8.590167488824514e-08), np.float64(0.00016930051388378058), np.float64(0.00015579676484584826), np.float64(9.754754324340527e-09), np.float64(0.0001276867436682253), np.float64(1.9383279465863286e-09), np.float64(6.4709572303133256e-06), np.float64(0.000236076552325876), np.float64(1.6943228346582687e-10), np.float64(2.0996653070548427e-11), np.float64(8.506999162754348e-11), np.float64(9.406067701942742e-12), np.float64(2.856026204911443e-12), np.float64(0.00017080990186954268), np.float64(1.4495391624359913e-12), np.float64(8.826324819525938e-05), np.float64(0.00021774427217983596), np.float64(0.0001442341276347412), np.float64(4.725089689005327e-10), np.float64(0.00016050581565897184), np.float64(0.00012558561260630132), np.float64(7.257452100686443e-13), np.float64(0.00011405028378060032), np.float64(3.866665014424673e-06), np.float64(7.904053366681032e-05), np.float64(7.77401431802049e-05), np.float64(3.941043954583996e-10), np.float64(6.611693925729368e-13), np.float64(1.835464981319446e-08), np.float64(3.4643563421559475e-09), np.float64(4.823681375787778e-09), np.float64(3.1845828467540327e-09), np.float64(6.299713480196714e-05), np.float64(0.00014235259613388482), np.float64(1.3259448406487401e-06), np.float64(9.745027760528908e-05), np.float64(5.356200909732332e-13), np.float64(1.037571532226425e-10), np.float64(5.182315649643623e-05), np.float64(9.749661834344961e-05), np.float64(1.1685423894714387e-08), np.float64(2.226816701586507e-12), np.float64(5.892076218479355e-07), np.float64(8.833696244009465e-11), np.float64(4.700131653312687e-12), np.float64(8.329563532618548e-05), np.float64(7.359900872258344e-05), np.float64(6.661523421708575e-05), np.float64(9.904419473136256e-06), np.float64(1.1337614517964859e-12), np.float64(6.53467172607951e-05), np.float64(0.00011200625470061589), np.float64(8.201839938130368e-05), np.float64(4.524425854695343e-05), np.float64(6.618144527684714e-12), np.float64(4.2861633396208286e-08), np.float64(0.00013141243014294385), np.float64(9.525577079766535e-06), np.float64(6.041724120017656e-05), np.float64(2.6431214922867854e-11), np.float64(5.479829902235824e-05), np.float64(9.889067471925641e-05), np.float64(9.192596036761214e-12), np.float64(5.941343757280593e-11), np.float64(6.479349371856286e-05), np.float64(3.676980361772969e-05), np.float64(5.83989907020113e-13), np.float64(1.1052449124401678e-05), np.float64(2.3199581848874147e-13), np.float64(1.436339667663732e-13), np.float64(1.579464069220111e-13), np.float64(0.00035865207752928854), np.float64(6.032666687107158e-05), np.float64(4.1142422571528245e-05), np.float64(1.4859688145369958e-05), np.float64(1.5617802012793547e-10), np.float64(4.912246475921016e-05), np.float64(2.4528865667831623e-12), np.float64(1.3542076266744656e-12), np.float64(7.044610053454649e-14), np.float64(0.0), np.float64(0.0), np.float64(0.0), np.float64(0.0), np.float64(0.0), np.float64(0.0), np.float64(0.0), np.float64(0.0), np.float64(0.0), np.float64(0.0), np.float64(0.0), np.float64(0.0), np.float64(0.0), np.float64(0.0), np.float64(0.0), np.float64(0.0), np.float64(0.0), np.float64(0.0), np.float64(0.0), np.float64(0.0), np.float64(0.0), np.float64(0.0), np.float64(0.0), np.float64(0.0), np.float64(0.0), np.float64(0.0), np.float64(0.0), np.float64(0.0), np.float64(0.0), np.float64(0.0), np.float64(0.0), np.float64(0.0), np.float64(0.0), np.float64(0.0), np.float64(0.0), np.float64(0.0), np.float64(0.0), np.float64(0.0), np.float64(0.0), np.float64(0.0), np.float64(0.0), np.float64(0.0), np.float64(0.0), np.float64(0.0), np.float64(0.0), np.float64(0.0), np.float64(0.0), np.float64(0.0), np.float64(0.0), np.float64(0.0), np.float64(0.0), np.float64(0.0), np.float64(0.0), np.float64(0.0), np.float64(0.0), np.float64(0.0), np.float64(0.0), np.float64(0.0), np.float64(0.0), np.float64(0.0), np.float64(0.0), np.float64(0.0), np.float64(0.0), np.float64(0.0), np.float64(0.0), np.float64(0.0), np.float64(0.0), np.float64(0.0), np.float64(0.0), np.float64(0.0), np.float64(0.0), np.float64(0.0), np.float64(0.0), np.float64(0.0), np.float64(0.0), np.float64(0.0), np.float64(0.0), np.float64(0.0), np.float64(0.0), np.float64(0.0), np.float64(0.0), np.float64(0.0), np.float64(0.0), np.float64(0.0), np.float64(0.0), np.float64(0.0), np.float64(0.0), np.float64(0.0), np.float64(0.0), np.float64(0.0), np.float64(0.0), np.float64(0.0), np.float64(0.0), np.float64(0.0), np.float64(0.0), np.float64(0.0), np.float64(0.0), np.float64(0.0), np.float64(0.0), np.float64(0.0), np.float64(0.0), np.float64(0.0), np.float64(0.0), np.float64(0.0), np.float64(0.0), np.float64(0.0), np.float64(0.0), np.float64(0.0), np.float64(0.0), np.float64(0.0), np.float64(0.0), np.float64(0.0), np.float64(0.0), np.float64(0.0), np.float64(0.0), np.float64(0.0), np.float64(0.0), np.float64(0.0), np.float64(0.0), np.float64(0.0), np.float64(0.0), np.float64(0.0), np.float64(0.0), np.float64(0.0), np.float64(0.0), np.float64(0.0), np.float64(0.0), np.float64(0.0), np.float64(0.0), np.float64(0.0), np.float64(0.0), np.float64(0.0), np.float64(0.0), np.float64(0.0), np.float64(0.0), np.float64(0.0), np.float64(0.0), np.float64(0.0), np.float64(0.0), np.float64(0.0), np.float64(0.0), np.float64(0.0), np.float64(0.0), np.float64(0.0), np.float64(0.0), np.float64(0.0), np.float64(0.0), np.float64(0.0), np.float64(0.0), np.float64(0.0), np.float64(0.0), np.float64(0.0), np.float64(0.0), np.float64(0.0), np.float64(0.0), np.float64(0.0), np.float64(0.0), np.float64(0.0), np.float64(0.0), np.float64(0.0), np.float64(0.0), np.float64(0.0), np.float64(0.0), np.float64(0.0), np.float64(0.0), np.float64(0.0), np.float64(0.0), np.float64(0.0), np.float64(0.0), np.float64(0.0), np.float64(0.0), np.float64(0.0), np.float64(0.0), np.float64(0.0), np.float64(0.0), np.float64(0.0), np.float64(0.0), np.float64(0.0), np.float64(0.0), np.float64(0.0), np.float64(0.0), np.float64(0.0), np.float64(0.0), np.float64(0.0), np.float64(0.0), np.float64(0.0), np.float64(0.0), np.float64(0.0), np.float64(0.0), np.float64(0.0), np.float64(0.0), np.float64(0.0), np.float64(0.0), np.float64(0.0), np.float64(0.0), np.float64(0.0), np.float64(0.0), np.float64(0.0), np.float64(0.0), np.float64(0.0), np.float64(0.0), np.float64(0.0), np.float64(0.0), np.float64(0.0), np.float64(0.0), np.float64(0.0), np.float64(0.0), np.float64(0.0), np.float64(0.0), np.float64(0.0), np.float64(0.0), np.float64(0.0), np.float64(0.0), np.float64(0.0), np.float64(0.0), np.float64(0.0), np.float64(0.0), np.float64(0.0), np.float64(0.0), np.float64(0.0), np.float64(0.0), np.float64(0.0), np.float64(0.0), np.float64(0.0), np.float64(0.0), np.float64(0.0), np.float64(0.0), np.float64(0.0), np.float64(0.0), np.float64(0.0), np.float64(0.0), np.float64(0.0), np.float64(0.0), np.float64(0.0), np.float64(0.0), np.float64(0.0), np.float64(0.0), np.float64(0.0), np.float64(0.0), np.float64(0.0), np.float64(0.0), np.float64(0.0), np.float64(0.0), np.float64(0.0), np.float64(0.0), np.float64(0.0), np.float64(0.0), np.float64(0.0), np.float64(0.0), np.float64(0.0), np.float64(0.0), np.float64(0.0), np.float64(0.0), np.float64(0.0), np.float64(0.0), np.float64(0.0), np.float64(0.0), np.float64(0.0), np.float64(0.0), np.float64(0.0), np.float64(0.0), np.float64(0.0), np.float64(0.0), np.float64(0.0), np.float64(0.0), np.float64(0.0), np.float64(0.0), np.float64(0.0), np.float64(0.0), np.float64(0.0), np.float64(0.0), np.float64(0.0), np.float64(0.0), np.float64(0.0), np.float64(0.0), np.float64(0.0), np.float64(0.0), np.float64(0.0), np.float64(0.0), np.float64(0.0), np.float64(0.0), np.float64(0.0), np.float64(0.0), np.float64(0.0), np.float64(0.0), np.float64(0.0), np.float64(0.0), np.float64(0.0), np.float64(0.0), np.float64(0.0), np.float64(0.0), np.float64(0.0), np.float64(0.0), np.float64(0.0), np.float64(0.0), np.float64(0.0), np.float64(0.0), np.float64(0.0), np.float64(0.0), np.float64(0.0), np.float64(0.0), np.float64(0.0), np.float64(0.0), np.float64(0.0), np.float64(0.0), np.float64(0.0), np.float64(0.0), np.float64(0.0), np.float64(0.0), np.float64(0.0), np.float64(0.0), np.float64(0.0), np.float64(0.0), np.float64(0.0), np.float64(0.0), np.float64(0.0), np.float64(0.0), np.float64(0.0), np.float64(0.0), np.float64(0.0), np.float64(0.0), np.float64(0.0), np.float64(0.0), np.float64(0.0), np.float64(0.0), np.float64(0.0), np.float64(0.0), np.float64(0.0), np.float64(0.0), np.float64(0.0), np.float64(0.0), np.float64(0.0), np.float64(0.0), np.float64(0.0), np.float64(0.0), np.float64(0.0), np.float64(0.0), np.float64(0.0), np.float64(0.0), np.float64(0.0), np.float64(0.0), np.float64(0.0), np.float64(0.0), np.float64(0.0), np.float64(0.0), np.float64(0.0), np.float64(0.0), np.float64(0.0), np.float64(0.0), np.float64(0.0), np.float64(0.0), np.float64(0.0), np.float64(0.0), np.float64(0.0), np.float64(0.0), np.float64(0.0), np.float64(0.0), np.float64(0.0), np.float64(0.0), np.float64(0.0), np.float64(0.0), np.float64(0.0), np.float64(0.0), np.float64(0.0), np.float64(0.0), np.float64(0.0), np.float64(0.0), np.float64(0.0), np.float64(0.0), np.float64(0.0), np.float64(0.0), np.float64(0.0), np.float64(0.0), np.float64(0.0), np.float64(0.0), np.float64(0.0), np.float64(0.0), np.float64(0.0), np.float64(0.0), np.float64(0.0), np.float64(0.0), np.float64(0.0), np.float64(0.0), np.float64(0.0), np.float64(0.0), np.float64(0.0), np.float64(0.0), np.float64(0.0), np.float64(0.0), np.float64(0.0), np.float64(0.0), np.float64(0.0), np.float64(0.0), np.float64(0.0), np.float64(0.0), np.float64(0.0), np.float64(0.0), np.float64(0.0), np.float64(0.0), np.float64(0.0), np.float64(0.0), np.float64(0.0), np.float64(0.0), np.float64(0.0), np.float64(0.0), np.float64(0.0), np.float64(0.0), np.float64(0.0), np.float64(0.0), np.float64(0.0), np.float64(0.0), np.float64(0.0), np.float64(0.0), np.float64(0.0), np.float64(0.0), np.float64(0.0), np.float64(0.0), np.float64(0.0), np.float64(0.0), np.float64(0.0), np.float64(0.0), np.float64(0.0), np.float64(0.0), np.float64(0.0), np.float64(0.0), np.float64(0.0), np.float64(0.0), np.float64(0.0), np.float64(0.0), np.float64(0.0), np.float64(0.0), np.float64(0.0), np.float64(0.0), np.float64(0.0), np.float64(0.0), np.float64(0.0), np.float64(0.0), np.float64(0.0), np.float64(0.0), np.float64(0.0), np.float64(0.0), np.float64(0.0), np.float64(0.0), np.float64(0.0), np.float64(0.0), np.float64(0.0), np.float64(0.0), np.float64(0.0), np.float64(0.0), np.float64(0.0), np.float64(0.0), np.float64(0.0), np.float64(0.0), np.float64(0.0), np.float64(0.0), np.float64(0.0), np.float64(0.0), np.float64(0.0), np.float64(0.0), np.float64(0.0), np.float64(0.0), np.float64(0.0), np.float64(0.0), np.float64(0.0), np.float64(0.0), np.float64(0.0), np.float64(0.0), np.float64(0.0), np.float64(0.0), np.float64(0.0), np.float64(0.0), np.float64(0.0), np.float64(0.0), np.float64(0.0), np.float64(0.0), np.float64(0.0), np.float64(0.0), np.float64(0.0), np.float64(0.0), np.float64(0.0), np.float64(0.0), np.float64(0.0), np.float64(0.0), np.float64(0.0), np.float64(0.0), np.float64(0.0), np.float64(0.0), np.float64(0.0), np.float64(0.0), np.float64(0.0), np.float64(0.0), np.float64(0.0), np.float64(0.0), np.float64(0.0), np.float64(0.0), np.float64(0.0), np.float64(0.0), np.float64(0.0), np.float64(0.0), np.float64(0.0), np.float64(0.0), np.float64(0.0), np.float64(0.0), np.float64(0.0), np.float64(0.0), np.float64(0.0), np.float64(0.0), np.float64(0.0), np.float64(0.0), np.float64(0.0), np.float64(0.0), np.float64(0.0), np.float64(0.0), np.float64(0.0), np.float64(0.0), np.float64(0.0), np.float64(0.0), np.float64(0.0), np.float64(0.0), np.float64(0.0), np.float64(0.0), np.float64(0.0), np.float64(0.0), np.float64(0.0), np.float64(0.0), np.float64(0.0), np.float64(0.0), np.float64(0.0), np.float64(0.0), np.float64(0.0), np.float64(0.0), np.float64(0.0), np.float64(0.0), np.float64(0.0), np.float64(0.0), np.float64(0.0), np.float64(0.0), np.float64(0.0), np.float64(0.0), np.float64(0.0), np.float64(0.0), np.float64(0.0), np.float64(0.0), np.float64(0.0), np.float64(0.0), np.float64(0.0), np.float64(0.0), np.float64(0.0), np.float64(0.0), np.float64(0.0), np.float64(0.0), np.float64(0.0), np.float64(0.0), np.float64(0.0), np.float64(0.0), np.float64(0.0), np.float64(0.0), np.float64(0.0), np.float64(0.0), np.float64(0.0), np.float64(0.0), np.float64(0.0), np.float64(0.0), np.float64(0.0), np.float64(0.0), np.float64(0.0), np.float64(0.0), np.float64(0.0), np.float64(0.0), np.float64(0.0), np.float64(0.0), np.float64(0.0), np.float64(0.0), np.float64(0.0), np.float64(0.0), np.float64(0.0), np.float64(0.0), np.float64(0.0), np.float64(0.0), np.float64(0.0), np.float64(0.0), np.float64(0.0), np.float64(0.0), np.float64(0.0), np.float64(0.0), np.float64(0.0), np.float64(0.0), np.float64(0.0), np.float64(0.0), np.float64(0.0), np.float64(0.0), np.float64(0.0), np.float64(0.0), np.float64(0.0), np.float64(0.0), np.float64(0.0), np.float64(0.0), np.float64(0.0), np.float64(0.0), np.float64(0.0), np.float64(0.0), np.float64(0.0), np.float64(0.0), np.float64(0.0), np.float64(0.0), np.float64(0.0), np.float64(0.0), np.float64(0.0), np.float64(0.0), np.float64(0.0), np.float64(0.0), np.float64(0.0), np.float64(0.0), np.float64(0.0), np.float64(0.0), np.float64(0.0), np.float64(0.0), np.float64(0.0), np.float64(0.0), np.float64(0.0), np.float64(0.0), np.float64(0.0), np.float64(0.0), np.float64(0.0), np.float64(0.0), np.float64(0.0), np.float64(0.0), np.float64(0.0), np.float64(0.0), np.float64(0.0), np.float64(0.0), np.float64(0.0), np.float64(0.0), np.float64(0.0), np.float64(0.0), np.float64(0.0), np.float64(0.0), np.float64(0.0), np.float64(0.0), np.float64(0.0), np.float64(0.0), np.float64(0.0), np.float64(0.0), np.float64(0.0), np.float64(0.0), np.float64(0.0), np.float64(0.0), np.float64(0.0), np.float64(0.0), np.float64(0.0), np.float64(0.0), np.float64(0.0), np.float64(0.0), np.float64(0.0), np.float64(0.0), np.float64(0.0), np.float64(0.0), np.float64(0.0), np.float64(0.0), np.float64(0.0), np.float64(0.0), np.float64(0.0), np.float64(0.0), np.float64(0.0), np.float64(0.0), np.float64(0.0), np.float64(0.0), np.float64(0.0), np.float64(0.0), np.float64(0.0), np.float64(0.0), np.float64(0.0), np.float64(0.0), np.float64(0.0), np.float64(0.0), np.float64(0.0), np.float64(0.0), np.float64(0.0), np.float64(0.0), np.float64(0.0), np.float64(0.0), np.float64(0.0), np.float64(0.0), np.float64(0.0), np.float64(0.0), np.float64(0.0), np.float64(0.0), np.float64(0.0), np.float64(0.0), np.float64(0.0), np.float64(0.0), np.float64(0.0), np.float64(0.0), np.float64(0.0), np.float64(0.0), np.float64(0.0), np.float64(0.0), np.float64(0.0), np.float64(0.0), np.float64(0.0), np.float64(0.0), np.float64(0.0), np.float64(0.0), np.float64(0.0), np.float64(0.0), np.float64(0.0), np.float64(0.0), np.float64(0.0), np.float64(0.0), np.float64(0.0), np.float64(0.0), np.float64(0.0), np.float64(0.0), np.float64(0.0), np.float64(0.0), np.float64(0.0), np.float64(0.0), np.float64(0.0), np.float64(0.0), np.float64(0.0), np.float64(0.0), np.float64(0.0), np.float64(0.0), np.float64(0.0), np.float64(0.0), np.float64(0.0), np.float64(0.0), np.float64(0.0), np.float64(0.0), np.float64(0.0), np.float64(0.0), np.float64(0.0), np.float64(0.0), np.float64(0.0), np.float64(0.0), np.float64(0.0), np.float64(0.0), np.float64(0.0), np.float64(0.0), np.float64(0.0), np.float64(0.0), np.float64(0.0), np.float64(0.0), np.float64(0.0), np.float64(0.0), np.float64(0.0)]]"
6,10000,4,1.7651456650366543e-07,0.30878605842590334,7.086281647937153,14.0,True,0.16719871548445409,"[[np.float64(27.90173665111426), np.float64(35.29663599890888), np.float64(45.26586606587611), np.float64(107.76524533534139), np.float64(1.8557477644258795), np.float64(0.2583441099807941), np.float64(0.2919623005164617), np.float64(0.02973113870394398), np.float64(0.05455339054337004), np.float64(0.027315133448962053), np.float64(0.004187844937687338), np.float64(0.003632230116457675), np.float64(7.332141371428585e-05), np.float64(4.410774789074164e-06), np.float64(5.692504560838762e-09)], [np.float64(27.51055433158944), np.float64(35.103210908069705), np.float64(45.288760994156256), np.float64(109.10637042733941), np.float64(2.373077600659868), np.float64(0.3520126497230225), np.float64(0.2063310629998605), np.float64(0.005873852342997921), np.float64(0.021730976157675056), np.float64(0.017303894899695214), np.float64(0.001573276912043706), np.float64(5.785206389788843e-05), np.float64(7.380336169758505e-08)], [np.float64(27.77648681669481), np.float64(35.152262997636434), np.float64(45.10050330398942), np.float64(105.23390676975808), np.float64(3.9463450165643805), np.float64(0.4135402532753522), np.float64(0.25505321064299236), np.float64(0.03832994855789357), np.float64(0.07744691723143085), np.float64(0.04028304297350203), np.float64(0.009515210086802681), np.float64(0.007605147912328163), np.float64(0.00011524994854687887), np.float64(0.0003678402014618429), np.float64(7.026514060995419e-07)], [np.float64(27.987034411951193), np.float64(35.24989696070022), np.float64(45.1406025528816), np.float64(105.54400864229254), np.float64(3.5417288124307738), np.float64(0.3748510774082317), np.float64(0.20458847517617612), np.float64(0.02748888306926759), np.float64(0.052500132048880724), np.float64(0.025263145894684806), np.float64(0.006625585402063086), np.float64(0.005389169730639579), np.float64(0.0001534110268010156), np.float64(2.8797113956483373e-06)], [np.float64(27.765494269544636), np.float64(35.24770295285435), np.float64(45.20028613600201), np.float64(105.61985879244372), np.float64(3.4705991650762282), np.float64(0.36961014545519133), np.float64(0.24700842750353652), np.float64(0.06294149609940669), np.float64(0.018917459154248098), np.float64(0.0124677260296943), np.float64(0.0007674088079766726), np.float64(4.0343356492269825e-06), np.float64(8.792140080564633e-08)]]"
7,10000,8,6.293906107084459e-07,1.072544527053833,5.669025318349748,46.2,True,0.6885864595756116,"[[np.float64(31.47352060016271), np.float64(199.1758119509771), np.float64(19.090008654822125), np.float64(17.99722021146199), np.float64(22.253081793861575), np.float64(34.558768257213934), np.float64(8.582719068322598), np.float64(2.806613799884576), np.float64(0.25587050721205734), np.float64(0.2141061446842913), np.float64(0.08923547063825746), np.float64(0.01859076381253941), np.float64(0.00121206383162317), np.float64(0.0004976686359180795), np.float64(0.0002768036568087392), np.float64(1.0188519572908804e-05), np.float64(5.991875004436172e-08)], [np.float64(99.6479119909583), np.float64(115.36446222746308), np.float64(0.4911574633529616), np.float64(0.7152268643594878), np.float64(0.8885043333262284), np.float64(1.098782918563393), np.float64(21.379436898337087), np.float64(0.6512931007240842), np.float64(1.822452279362832), np.float64(13.218797251144156), np.float64(4.166646876079664), np.float64(0.3169841941320851), np.float64(2.168973434017947), np.float64(0.7534515331451979), np.float64(0.4285471714306182), np.float64(0.09897991224660894), np.float64(0.1260093410703555), np.float64(0.009550789436131291), np.float64(0.009512307442763407), np.float64(0.004793611954011898), np.float64(0.0068791820952602235), np.float64(0.002542485541630643), np.float64(0.004355510051761528), np.float64(0.025238888106586192), np.float64(0.0041363610768962705), np.float64(0.019209930682563728), np.float64(0.0015761814376765116), np.float64(0.0019216911594995506), np.float64(0.006852303465289601), np.float64(0.0004626997300359463), np.float64(0.0002703033390484266), np.float64(0.00017064031145335026), np.float64(0.00022824800260405086), np.float64(0.001209216591770727), np.float64(0.00017879283837017435), np.float64(1.684317439269323e-05), np.float64(0.00014564890299408132), np.float64(1.9982727195513234e-05), np.float64(1.9953028513527368e-06), np.float64(1.278628372080178e-06), np.float64(5.440076871153877e-07), np.float64(2.9233967445131733e-05), np.float64(1.4171781633277846e-06), np.float64(1.548816649295467e-06), np.float64(6.478059671965097e-07), np.float64(1.6747869183243965e-05), np.float64(2.067499636727946e-06), np.float64(6.392053888889345e-06), np.float64(3.9313639018133627e-07), np.float64(1.3077346684034676e-07), np.float64(1.2336126534593103e-07), np.float64(7.849683806944118e-08), np.float64(1.6695987668224688e-07), np.float64(6.8215143972786e-08), np.float64(7.634171552435183e-07), np.float64(2.0128884087483153e-07), np.float64(1.375411659908139e-07), np.float64(8.758845797815252e-08)], [np.float64(57.44366990417381), np.float64(41.83947912778693), np.float64(142.00523950629608), np.float64(14.295061319549907), np.float64(6.2368281494221804), np.float64(0.9553977795870118), np.float64(0.1787396547895294), np.float64(0.022636554103423107), np.float64(0.027463879863497815), np.float64(0.012091612773817526), np.float64(0.015108105069776537), np.float64(0.005121396684648781), np.float64(0.007305966894701082), np.float64(0.022478024732175098), np.float64(0.00832344785568397), np.float64(0.0027773965861344957), np.float64(0.004409360010125279), np.float64(0.022847314838298168), np.float64(0.00398700834114735), np.float64(0.0005791042853584797), np.float64(9.573594574712175e-05), np.float64(2.278297244999313e-05), np.float64(0.0003593209491372569), np.float64(1.1601229368074307e-05), np.float64(1.717915492743018e-05), np.float64(4.3119423686708166e-05), np.float64(1.864572106674092e-05), np.float64(7.7981930854769e-06), np.float64(9.702681413125235e-06), np.float64(9.373606930480701e-06), np.float64(9.993331452138272e-06), np.float64(5.828207798624691e-06), np.float64(1.3583714599749139e-06), np.float64(2.7573924974199507e-05), np.float64(4.862165997718936e-06), np.float64(3.0466445291873076e-06), np.float64(2.2183151378319745e-05), np.float64(2.6679102860611424e-06), np.float64(1.2223947307652422e-07), np.float64(7.743888118127935e-08), np.float64(1.1054764859503147e-07), np.float64(1.1772069245454493e-06), np.float64(1.799543322321158e-08), np.float64(6.35836693277866e-09), np.float64(1.2873752099554423e-08), np.float64(1.5359908369450923e-08), np.float64(1.5418113284225097e-08), np.float64(3.376749775203596e-07), np.float64(3.0550510451243306e-08)], [np.float64(31.996056203741514), np.float64(32.82085144635706), np.float64(16.187290161007848), np.float64(14.826916290100522), np.float64(4.702644448088017), np.float64(7.356294585530984), np.float64(3.249355142666694), np.float64(1.4360764307921887), np.float64(13.619011440074233), np.float64(1.1361588426327045), np.float64(107.49412966315853), np.float64(13.27399234078241), np.float64(5.772981591097665), np.float64(0.7218184291817845), np.float64(0.22419090087773458), np.float64(0.030066217452332893), np.float64(0.04824927115892317), np.float64(0.004277205837565839), np.float64(0.0006822647158612173), np.float64(0.0007181298128349434), np.float64(0.000537417636351813), np.float64(0.0002031859439695503), np.float64(0.004718636051717631), np.float64(0.0007731583168122379), np.float64(0.00031154610858582957), np.float64(0.0004623358228339655), np.float64(6.761082925660559e-05), np.float64(2.686351653288422e-05), np.float64(0.0008541250014862328), np.float64(5.516163639990866e-05), np.float64(4.587809785775285e-05), np.float64(2.5835682275210964e-05), np.float64(1.0460852428036513e-05), np.float64(9.32426921428248e-06), np.float64(0.0003653002213368308), np.float64(2.32296956309527e-05), np.float64(0.00010600133930053285), np.float64(2.2593833403857754e-05), np.float64(1.9695188795297835e-06), np.float64(1.714814360143208e-05), np.float64(2.9448910488365993e-06), np.float64(8.088790744307356e-07), np.float64(5.875824671552545e-07), np.float64(3.5031408232819986e-07), np.float64(5.636266525786597e-06), np.float64(1.9146492436818777e-07), np.float64(2.2227157198473382e-07), np.float64(1.469979871621993e-07), np.float64(7.034328919008552e-08), np.float64(8.188451970829505e-07), np.float64(2.3003771892679793e-07), np.float64(8.851867084616301e-07), np.float64(2.8520595657857897e-08), np.float64(4.23673949537297e-08), np.float64(2.8267032109389638e-08), np.float64(1.2059673513105772e-08)], [np.float64(54.88682379151548), np.float64(59.921944795806084), np.float64(118.66560059296626), np.float64(9.642343302529106), np.float64(2.336668742331863), np.float64(0.12991895894635214), np.float64(0.3508146368814778), np.float64(0.14554923083537627), np.float64(0.0268249061160303), np.float64(0.009797199823649114), np.float64(0.0011479293635778362), np.float64(0.0003078520220224881), np.float64(0.005337914127672987), np.float64(0.0006208687041092642), np.float64(0.0001946906943423648), np.float64(0.00042670533510210464), np.float64(0.0004386294884408199), np.float64(8.695487163349675e-05), np.float64(6.223420579297564e-05), np.float64(4.991052477921898e-05), np.float64(1.767814499056094e-05), np.float64(0.00045784659709160514), np.float64(7.536881073345085e-05), np.float64(2.5187961302894804e-05), np.float64(2.8369467433145124e-06), np.float64(0.00010863527514373452), np.float64(4.495556223332586e-06), np.float64(4.9295227302920906e-05), np.float64(4.948340323390124e-06), np.float64(2.0945034887089593e-06), np.float64(1.3388752549359257e-06), np.float64(3.825373595469248e-07), np.float64(2.493416789576297e-06), np.float64(6.014386597484202e-07), np.float64(7.421876099700852e-07), np.float64(2.3063764660182677e-07), np.float64(9.350873754869396e-06), np.float64(4.26493073787357e-07), np.float64(4.723591584169088e-07), np.float64(1.5919833072134261e-06), np.float64(4.002898396464597e-07), np.float64(5.774174933183531e-08), np.float64(3.092858616992379e-07), np.float64(1.3638507585054262e-07), np.float64(1.1073743938296217e-06), np.float64(7.002588350715133e-07), np.float64(6.541253596159823e-08), np.float64(6.457349455912449e-09), np.float64(3.74190616044338e-09), np.float64(2.692245353439159e-07), np.float64(1.8680270667323875e-08)]]"
8,10000,12,0.0027216478468463086,5.347062349319458,5.669025322089356,216.4,False,0.9587313200257819,"[[np.float64(6.725712337918223e-05), np.float64(123.59008798298552), np.float64(45.1761432984517), np.float64(6.922993592388481), np.float64(9.801279545191692e-08), np.float64(9.36118939277088e-09), np.float64(39.84785210331301), np.float64(4.3844008854739274e-08), np.float64(6.282506476541468e-08), np.float64(1.028248254422654e-07), np.float64(6.513974525511728), np.float64(5.9994717253666865), np.float64(5.542644184835607e-07), np.float64(2.3962963054849974e-06), np.float64(6.308143355416489), np.float64(34.1629057246437), np.float64(3.79625815274912e-09), np.float64(7.204700781285735), np.float64(4.466035300720025), np.float64(5.8029308261105825), np.float64(4.2877385693853345), np.float64(3.481468479510914e-08), np.float64(3.0318165772600993), np.float64(2.1586076084975834), np.float64(4.952518443836806e-07), np.float64(1.2877610444663872), np.float64(4.761455124865299e-07), np.float64(2.376182361631182e-07), np.float64(0.7022007271611981), np.float64(0.3942054144434598), np.float64(1.013543944310732e-07), np.float64(0.28283010531109454), np.float64(8.367330596298623e-08), np.float64(0.22895402394486106), np.float64(1.6789550893475427e-06), np.float64(0.2157292215136468), np.float64(0.16519403075729733), np.float64(1.1015110688270736e-07), np.float64(1.038730690765866e-07), np.float64(0.14842661472049176), np.float64(5.738303975955448e-08), np.float64(1.0217588464732987e-07), np.float64(0.11460312337916496), np.float64(0.057722277125242506), np.float64(0.02780586041634099), np.float64(0.014061043300541991), np.float64(0.007291934115367618), np.float64(5.0875287007056327e-08), np.float64(1.0431266522922761e-07), np.float64(0.0067273994475513296), np.float64(0.005375069417048326), np.float64(9.740538546483282e-08), np.float64(1.8435642754795593e-06), np.float64(9.207124395931184e-08), np.float64(2.493283614845003e-07), np.float64(3.0474729462068267e-07), np.float64(7.998132678315914e-07), np.float64(0.0029007625227072537), np.float64(1.4024862140830662e-07), np.float64(1.9351151030451932e-07), np.float64(0.002855641689002701), np.float64(1.0424324047898634e-07), np.float64(0.002123096037601553), np.float64(0.00201213089586153), np.float64(6.869439058527308e-08), np.float64(0.0015755518081304492), np.float64(3.139023910777409e-07), np.float64(5.870088967703402e-08), np.float64(8.992217286284989e-08), np.float64(1.034022703234094e-07), np.float64(9.976475642735682e-08), np.float64(7.996511644486685e-08), np.float64(0.0014456766600497533), np.float64(1.0395125144275845e-07), np.float64(6.331121497982467e-07), np.float64(2.3775756570540598e-07), np.float64(1.3916404542598943e-07), np.float64(1.0140973288445399e-07), np.float64(6.51140688460414e-08), np.float64(0.00117832825078469), np.float64(0.000634095574743112), np.float64(0.0006144053906148888), np.float64(1.5391323540064234e-07), np.float64(0.000470581224364142), np.float64(0.0004397433028545155), np.float64(0.00035329879601673543), np.float64(0.00019251960244875494), np.float64(1.4468817797058643e-07), np.float64(0.0001900256350444789), np.float64(0.00014246525996882786), np.float64(8.147159953496991e-08), np.float64(1.315819838990957e-06), np.float64(1.4971022542127944e-07), np.float64(0.00013249259072309815), np.float64(0.00010409197985005762), np.float64(2.0954857786127834e-06), np.float64(9.192208852284978e-05), np.float64(7.469492609690453e-05), np.float64(4.0527104623481435e-05), np.float64(3.9638538331833825e-05), np.float64(1.8124101301491971e-07), np.float64(2.454614993620214e-07), np.float64(2.9657983222509257e-05), np.float64(2.7992643453898554e-05), np.float64(2.2347276096999353e-05), np.float64(1.3811699853073322e-06), np.float64(1.1243199824259508e-07), np.float64(1.7487634995573413e-05), np.float64(8.861059812757823e-08), np.float64(1.393518247604017e-05), np.float64(1.99969358305657e-07), np.float64(7.383897891020565e-06), np.float64(7.3836024186630515e-06), np.float64(5.481330443056347e-06), np.float64(5.252528332207441e-07), np.float64(9.424690421884652e-08), np.float64(4.22425659926445e-06), np.float64(3.0490152188737868e-06), np.float64(1.6081456121479403e-07), np.float64(2.713108924786887e-06), np.float64(2.0086081879391968e-06), np.float64(1.9282568941148534e-06), np.float64(1.5105669038634924e-06), np.float64(1.4002174091630211e-06), np.float64(8.709546002636533e-07), np.float64(8.818879053544494e-07), np.float64(3.9671626460082585e-07), np.float64(6.80869261146876e-07), np.float64(2.290872895581942e-07), np.float64(3.1464673816264986e-07), np.float64(1.3511128937181378e-07), np.float64(4.640547915280894e-08), np.float64(8.260925318037593e-08), np.float64(5.783172435401209e-08), np.float64(4.373236841613552e-08), np.float64(3.131953626704747e-08)], [np.float64(1.6636010613400574e-06), np.float64(122.13279539531767), np.float64(46.2215661198488), np.float64(1.5066430151056377e-08), np.float64(7.509058845147767e-08), np.float64(9.807576298920944), np.float64(7.3377500195750445), np.float64(1.8406964441342197e-07), np.float64(10.481809457793371), np.float64(5.911800943610464), np.float64(14.42152543040606), np.float64(6.36172940085141), np.float64(1.6309395687564224e-07), np.float64(4.969845400933868), np.float64(60.38164241729535), np.float64(3.3500952286068495e-06), np.float64(18.779854570652965), np.float64(12.808881899882067), np.float64(7.578139390411339), np.float64(6.277515441021375e-05), np.float64(3.526472363136887), np.float64(1.5480876426903718e-05), np.float64(6.020214482975464e-05), np.float64(2.130156316447831e-05), np.float64(1.305061416050263), np.float64(0.6227926497309432), np.float64(0.00014168400501474534), np.float64(0.3026592184074387), np.float64(1.564420669797537e-05), np.float64(0.14941697671194687), np.float64(1.084101275814566e-05), np.float64(0.07462213868585867), np.float64(0.03797324893351245), np.float64(0.020076510469303824), np.float64(0.019120070241880865), np.float64(0.01470605380137314), np.float64(0.013578283721724739), np.float64(1.5207877035167732e-06), np.float64(1.1016647212650995e-05), np.float64(0.010897981560585536), np.float64(0.0059006994070695306), np.float64(0.0058181298888175135), np.float64(1.994154533973651e-09), np.float64(1.5766881353470596e-06), np.float64(0.004348130677747741), np.float64(0.004163430871247835), np.float64(0.0032518264748537893), np.float64(2.873205311363444e-07), np.float64(0.0030499545506414453), np.float64(0.0024563352587180843), np.float64(1.0939427149127479e-10), np.float64(0.002277647675967847), np.float64(2.6038576545757147e-05), np.float64(0.0018325276967242697), np.float64(4.129646919536456e-11), np.float64(1.0516189306806947e-08), np.float64(7.992631955863486e-09), np.float64(0.001710290409560647), np.float64(0.0014106821026478862), np.float64(1.0946338572014495e-10), np.float64(0.0013254411639702847), np.float64(5.614910826125963e-11), np.float64(0.001089737067747711), np.float64(1.1279412322434791e-11), np.float64(5.743028977736753e-11), np.float64(0.0010449111075851965), np.float64(6.831197168386866e-08), np.float64(0.0008392837582410326), np.float64(0.0008088802412574295), np.float64(0.00022519872300709245), np.float64(0.0006334339721057679), np.float64(4.543014381022823e-05), np.float64(0.0007186756202167997), np.float64(0.0005580147161463493), np.float64(5.5914673987285345e-12), np.float64(0.0005581703380150518), np.float64(4.938978826836269e-06), np.float64(0.0007413703539325214), np.float64(1.742417944033074e-07), np.float64(0.0006164965478807627), np.float64(0.0005665600349519167), np.float64(1.071880374132202e-10), np.float64(1.3968490419747117e-11), np.float64(0.00048119492582537475), np.float64(1.6090206739713714e-08), np.float64(0.0004933751832703707), np.float64(1.3414844509016043e-11), np.float64(1.5211383743000462e-06), np.float64(1.113373015927584e-11), np.float64(0.0003764655288559879), np.float64(1.3240928228480638e-11), np.float64(0.0001072669756610226), np.float64(3.936835845462187e-12), np.float64(0.0031276779837476386), np.float64(6.490340933684836e-09), np.float64(1.0050579981669421e-09), np.float64(1.8263198728038092e-08), np.float64(1.8079484080094658e-09), np.float64(0.0004757269222112488), np.float64(7.892148258529018e-10), np.float64(0.00024160332950490872), np.float64(1.0699702377067773e-11), np.float64(0.00012725722122883406), np.float64(7.77825467702422e-12), np.float64(6.627581865929634e-05), np.float64(6.727549341893769e-13), np.float64(3.792484188121337e-05), np.float64(1.1514802277652613e-05), np.float64(8.409480745011184e-13), np.float64(4.278121113520034e-14), np.float64(3.142001896824895e-08), np.float64(0.00022299720649361166), np.float64(8.736071458152523e-12), np.float64(1.4971743374946656e-07), np.float64(4.862182322312295e-05), np.float64(2.7360747616380555e-13), np.float64(1.7997693371463436e-05), np.float64(1.9948306098967353e-05), np.float64(1.501487122581159e-05), np.float64(3.0532121402147276e-10), np.float64(2.2387291747050016e-06), np.float64(6.849135757236797e-10), np.float64(2.15269519071893e-12), np.float64(8.393413700508785e-10), np.float64(3.325436288846228e-12), np.float64(4.364527845109482e-11), np.float64(7.740015609347853e-11), np.float64(4.790927294396966e-05), np.float64(1.5628385710798377e-05), np.float64(6.302093893277611e-06), np.float64(5.198005038069645e-15), np.float64(7.749777726076517e-05), np.float64(5.129120284181344e-12), np.float64(6.900627982600991e-11), np.float64(1.2332746124720606e-10), np.float64(1.6882961238157463e-05), np.float64(9.785994914588265e-12), np.float64(6.062125214385898e-06), np.float64(1.3318788010285072e-11), np.float64(2.4369674999471996e-13), np.float64(9.632263114343567e-13), np.float64(9.26380523314232e-13), np.float64(1.3506446028928519e-15), np.float64(1.4620107818420725e-12), np.float64(1.9822443709414016e-05), np.float64(2.7858039672164415e-05), np.float64(2.547178896073605e-13), np.float64(4.199719433431116e-14), np.float64(3.847264202811727e-14), np.float64(3.3306690738754696e-16), np.float64(8.678276740887709e-11), np.float64(3.0191467091022673e-06), np.float64(8.844135602228523e-06), np.float64(5.599062313391202e-12), np.float64(5.400779937762126e-12), np.float64(2.3010153877938296e-06), np.float64(1.4052286114802464e-13), np.float64(3.347144203967904e-11), np.float64(9.69725998385915e-12), np.float64(8.129546976569602e-14), np.float64(6.6087744941966e-14), np.float64(1.848079527795722e-14), np.float64(2.152344225701454e-14), np.float64(9.055126273239923e-15)], [np.float64(5.122973691270265e-06), np.float64(124.84979621676008), np.float64(1.940195209412595e-06), np.float64(47.241162772716486), np.float64(7.572173567644256), np.float64(6.877427592554303e-10), np.float64(5.595003716766935e-09), np.float64(6.68547679153511e-08), np.float64(1.9092308032229377e-08), np.float64(5.8056895465186486e-09), np.float64(2.1309633907090434e-08), np.float64(7.047800830371107e-10), np.float64(5.372101903988878e-09), np.float64(12.241865058301489), np.float64(4.90835593778385e-09), np.float64(4.870863207951576), np.float64(14.580257908338721), np.float64(5.606341424554619), np.float64(22.591110260501832), np.float64(4.999177209398204e-06), np.float64(5.650594423107742), np.float64(13.457427680918064), np.float64(4.83968031252197), np.float64(8.825932490639299e-06), np.float64(6.438315400107238e-06), np.float64(28.96606422426513), np.float64(9.749716515245647e-07), np.float64(6.452078009480737), np.float64(4.350424915968626e-07), np.float64(3.253762520698282e-07), np.float64(2.3373471997751896), np.float64(2.4055666859008853e-07), np.float64(2.4482492711922303e-07), np.float64(3.877959516813854e-06), np.float64(0.8329201373758628), np.float64(0.3913142542978995), np.float64(0.00011163270538963717), np.float64(0.16645260703969597), np.float64(0.0855962520751817), np.float64(1.710358157037507e-07), np.float64(0.07936607531202979), np.float64(3.9930655064641756e-07), np.float64(2.6687957406525787e-05), np.float64(6.105528815086958e-08), np.float64(0.06135373502970417), np.float64(7.847586046741986e-08), np.float64(0.055624781360536835), np.float64(0.04495712271369885), np.float64(0.024071690730970995), np.float64(9.724217054620565e-08), np.float64(3.105493075924529e-09), np.float64(0.02358144752193081), np.float64(0.017703912409549216), np.float64(0.01700225880796549), np.float64(0.013206814757419551), np.float64(2.666372859459889e-10), np.float64(0.012535856792560853), np.float64(0.009969389923980663), np.float64(0.009441663367209897), np.float64(1.0331275184665164e-09), np.float64(0.007585797758163508), np.float64(0.007233508557743067), np.float64(0.005815003937450166), np.float64(2.098603370797657e-05), np.float64(6.535733271006354e-06), np.float64(9.698283854226477e-11), np.float64(2.5617427581499637e-06), np.float64(0.005552788350299615), np.float64(1.2647991739648307e-06), np.float64(0.004427858830306531), np.float64(0.004344753354009411), np.float64(0.00018816169978673564), np.float64(1.7060049105213015e-10), np.float64(7.746309019549338e-06), np.float64(0.0031684694510136953), np.float64(2.3007282963351325e-11), np.float64(1.1981559184516773e-06), np.float64(0.003298750804538525), np.float64(0.0041384831345584), np.float64(1.4987864240458302e-05), np.float64(4.228886469568489e-08), np.float64(2.5379090867071484e-10), np.float64(0.003435741154168896), np.float64(7.276263431435444e-07), np.float64(4.77598179683468e-08), np.float64(2.1708783543445702e-10), np.float64(0.003268523300215905), np.float64(0.0026640397948668984), np.float64(0.002625060970656236), np.float64(0.0020954837195952267), np.float64(3.0113775663872834e-11), np.float64(0.0021022452888853384), np.float64(0.0016426728417248285), np.float64(6.643553149125341e-09), np.float64(0.00170225232649711), np.float64(2.403921113873187e-11), np.float64(1.081591880695189e-08), np.float64(0.002163791893791197), np.float64(1.5689998294231156e-10), np.float64(1.205062732126484e-07), np.float64(0.0018177256935293423), np.float64(4.1283289709179e-05), np.float64(1.7771124730029517e-08), np.float64(0.0016483801001584563), np.float64(0.0013340792908071134), np.float64(0.001333094925849857), np.float64(6.257442385526356e-09), np.float64(0.001042416037701369), np.float64(0.0011039388347886254), np.float64(1.471969647305592e-05), np.float64(1.1031969102570288e-08), np.float64(5.5863361038909836e-08), np.float64(0.001350611643884483), np.float64(0.0011407219552050573), np.float64(0.0010918747441426356), np.float64(0.0008881196817384302), np.float64(0.0008760803156740885), np.float64(0.0007156451500950633), np.float64(1.1338804943755956e-05), np.float64(1.1450368531309894e-11), np.float64(0.0007320497927591533), np.float64(0.0008828482659184265), np.float64(4.3845241556409286e-08), np.float64(0.0007638136527555314), np.float64(0.0007072460096609584), np.float64(1.4592372070494833e-11), np.float64(1.189748379025944e-10), np.float64(0.0005922916152809747), np.float64(1.4773394400098864e-08), np.float64(4.062087857113227e-09), np.float64(2.6163420810277978e-11), np.float64(0.0005696714465974863), np.float64(0.0004700700335246762), np.float64(0.000494241036822063), np.float64(1.6075286530110728e-09), np.float64(0.0006334043914632393), np.float64(5.756371871006858e-11), np.float64(9.322220839117848e-10), np.float64(0.0005310962233973027), np.float64(0.000505501862061963), np.float64(0.00041324301883191345), np.float64(1.0063409812806116e-11), np.float64(0.0003886550918612882), np.float64(1.164525231563999e-11), np.float64(0.00032574457992122377), np.float64(2.251444332265585e-09), np.float64(0.00031038646917133693), np.float64(2.936282304932844e-11), np.float64(2.538092381622657e-11), np.float64(6.527874767804223e-07), np.float64(0.00025898948114748974), np.float64(1.782559964612658e-08), np.float64(1.815159039665801e-10), np.float64(0.0002476869540830015), np.float64(0.0003355360426440658), np.float64(1.7608865675586046e-08), np.float64(0.0002906607567741725), np.float64(0.00026268695547045887), np.float64(1.979485874113326e-11), np.float64(0.0002218856555169124), np.float64(0.0002427230907833316), np.float64(2.4218656058622143e-07), np.float64(4.267445617460123e-09), np.float64(7.44556949983654e-10), np.float64(0.00017653471667103968), np.float64(0.00018530062271212116), np.float64(0.0002383696655193641), np.float64(0.00020649388300433984), np.float64(0.00019713499233407915), np.float64(8.702531593518197e-12), np.float64(2.4017153827243972e-11), np.float64(0.0001633260958275518), np.float64(0.00015157233636284789), np.float64(8.773276126147491e-05), np.float64(0.0002490626692951188), np.float64(3.409239326377449e-11), np.float64(0.00015230321530846302), np.float64(6.012820204880525e-05), np.float64(5.75549602551911e-10), np.float64(0.00014062114677621494), np.float64(9.731896391287578e-05), np.float64(1.7615671333354585e-07), np.float64(8.44781571338071e-05), np.float64(0.00014027949086812148), np.float64(0.00012074501213946303), np.float64(6.107739783471366e-05), np.float64(1.7452596392134317e-12), np.float64(5.574380188705778e-05), np.float64(1.0251992353760305e-12), np.float64(3.147282232626769e-12), np.float64(4.73859113210427e-05), np.float64(1.4752232118904181e-05), np.float64(0.000364767690288388), np.float64(1.767436672168299e-10), np.float64(1.2441432992088893e-10), np.float64(0.00011257656194336646), np.float64(4.413546305802105e-05), np.float64(5.217356410255349e-05), np.float64(4.374214355549061e-10), np.float64(2.982324390818514e-05), np.float64(3.4982969393051284e-13), np.float64(1.3478220451689526e-11), np.float64(1.0134106905112971e-12), np.float64(3.796697893327598e-12), np.float64(3.845934859396386e-11), np.float64(3.6400376380106346e-05), np.float64(2.436990623949803e-13), np.float64(5.368445450882077e-05), np.float64(1.4120886890218398e-12), np.float64(2.7056449094935346e-05), np.float64(1.4206172629962687e-13), np.float64(6.3299123559662164e-12), np.float64(4.845328739232169e-13), np.float64(2.777149417285728e-10), np.float64(1.598623839330023e-13), np.float64(1.456321907342084e-13), np.float64(4.729652774531583e-13), np.float64(9.60555311207256e-14), np.float64(3.0238366800303554e-06), np.float64(1.5102211502856485e-06), np.float64(5.5421298538572573e-11), np.float64(0.00035778241409876565), np.float64(6.969871858312304e-11), np.float64(3.4510225564855555e-12), np.float64(1.6052882249684218e-11), np.float64(5.8238709430508355e-12), np.float64(1.3365687915790962e-11), np.float64(4.667315994307847e-05), np.float64(6.037981709964772e-05), np.float64(5.601584461950057e-11), np.float64(4.0193099249983936e-05), np.float64(1.4734147434482566e-10), np.float64(7.599349703393645e-11), np.float64(4.626114302741661e-15), np.float64(3.442738271829931e-05), np.float64(1.829695994935862e-12), np.float64(1.3865792214811725e-14), np.float64(1.3877787807814457e-16), np.float64(3.185374049873672e-14), np.float64(1.668655257002335e-13), np.float64(5.777785665150555e-06)], [np.float64(125.08497858616425), np.float64(45.71780948527356), np.float64(17.395025845322664), np.float64(8.436231205184475e-08), np.float64(2.156488362356625e-07), np.float64(1.4315350715344763e-06), np.float64(2.4034008970550083e-07), np.float64(7.026327215941136), np.float64(1.4380073391855486e-06), np.float64(7.131594488898302), np.float64(1.0889298248512704e-05), np.float64(1.0376669566699851e-07), np.float64(2.0524393866801536e-07), np.float64(1.569240777699269e-05), np.float64(1.0637149822639264e-07), np.float64(7.14718128723472), np.float64(6.781486216653735), np.float64(8.418115544162019e-08), np.float64(7.760604329022127e-08), np.float64(1.7390564604334726e-07), np.float64(1.1670945671293924e-06), np.float64(6.948605091023615), np.float64(5.240267695954789), np.float64(3.01117254028296e-06), np.float64(4.277849062238541e-07), np.float64(36.77139355565957), np.float64(5.40021688614558), np.float64(2.656440247017661e-06), np.float64(9.529991590285542e-08), np.float64(3.267135562288569e-08), np.float64(7.4763758799405835), np.float64(7.23065567771827), np.float64(4.36348472987196), np.float64(16.932311570468475), np.float64(4.363462893958359e-06), np.float64(5.326165039506529e-06), np.float64(8.442223453595325), np.float64(7.624052033015863e-05), np.float64(4.909298567275163e-05), np.float64(2.95804400698227), np.float64(0.8556638610953554), np.float64(5.919681597068184e-05), np.float64(1.5277118945422057e-08), np.float64(0.7448539596399489), np.float64(1.355845579289662e-05), np.float64(8.212242814587595e-06), np.float64(2.571243418435958e-06), np.float64(5.12081481916388e-06), np.float64(8.670731315455731e-05), np.float64(0.4989875397370635), np.float64(8.071574786583594e-06), np.float64(0.23877697023004182), np.float64(0.11624955080378538), np.float64(2.587452390840346e-06), np.float64(0.058106860943821885), np.float64(0.03008301718905546), np.float64(0.027837295756502345), np.float64(2.6741133301518842e-06), np.float64(1.911929369131965e-06), np.float64(0.021911993592704595), np.float64(7.51174142220634e-07), np.float64(0.019775379706784574), np.float64(3.1213726081652977e-06), np.float64(0.01619706617772399), np.float64(3.173531768803366e-07), np.float64(1.1785774706839807e-08), np.float64(0.008605580397692368), np.float64(3.78302354523434e-07), np.float64(0.008227695020584378), np.float64(0.0063413887841372325), np.float64(2.691153980684382e-09), np.float64(2.8600709565732155e-09), np.float64(7.533836797248343e-07), np.float64(0.0058738294471184825), np.float64(0.004731557834184113), np.float64(0.002572589701859168), np.float64(0.0025359327084148514), np.float64(0.0018990587286062566), np.float64(3.7111506370180227e-10), np.float64(4.5360946229243674e-10), np.float64(1.8373570693471613e-10), np.float64(0.0018368285574847049), np.float64(0.0014282907491001745), np.float64(1.341635030700588e-07), np.float64(0.0013322917265591613), np.float64(0.0010812357233980757), np.float64(0.0010120307628376695), np.float64(7.325415841841857e-08), np.float64(3.411547234244983e-08), np.float64(0.0008271044220501178), np.float64(1.0071982417530309e-11), np.float64(1.450803935697829e-07), np.float64(0.0007752134595885032), np.float64(5.091509901066588e-11), np.float64(4.8308808803730394e-11), np.float64(6.376678803703296e-11), np.float64(8.276992470338424e-08), np.float64(0.0006357810981338941), np.float64(0.0006020340629157674), np.float64(6.250683796969664e-07), np.float64(4.25912476431619e-08), np.float64(4.7078282469591704e-11), np.float64(1.3839667077986828e-08), np.float64(0.0004882125418105779), np.float64(1.155443874433814e-11), np.float64(0.0004920188700606864), np.float64(7.455108069210023e-11), np.float64(3.295729387210843e-10), np.float64(0.0003848391254835532), np.float64(2.05222433739125e-12), np.float64(0.0004090846903895206), np.float64(0.00030187557192033266), np.float64(3.4029490834404743e-12), np.float64(2.578844555605896e-12), np.float64(0.00030267624592579436), np.float64(7.05683441603514e-12), np.float64(1.0997177405554872e-11), np.float64(0.00023099281468559038), np.float64(1.4488462196599216e-12), np.float64(6.264046641105739e-11), np.float64(0.0002622302721759363), np.float64(1.4436341695515185e-11), np.float64(0.00029540786427431414), np.float64(5.514903044706598e-10), np.float64(9.519450582610031e-12), np.float64(0.00027711711401558686), np.float64(2.757078568388349e-05), np.float64(2.298334561941059e-09), np.float64(6.085809525003066e-12), np.float64(0.00039484981797902833), np.float64(7.177695833744965e-11), np.float64(1.0309685367117824e-09), np.float64(1.3940758711906146e-09), np.float64(0.00028145076993662437), np.float64(0.00025514596554780954), np.float64(5.6169542266765986e-11), np.float64(5.309885136786628e-12), np.float64(0.00022002311347935484), np.float64(4.071353508416256e-05), np.float64(0.00022270134986957302), np.float64(2.4542123649860426e-11), np.float64(0.00016402400060188733), np.float64(0.00014124711777195955), np.float64(0.00021687984806546194), np.float64(3.0233685178535655e-11), np.float64(0.00017557539155670343), np.float64(0.00018155009616943263), np.float64(0.00013839109881302102), np.float64(1.6064181767007741e-12), np.float64(0.00011957635416871976), np.float64(0.0001675025296798704), np.float64(4.112124538205375e-12), np.float64(0.0002040962797304145), np.float64(8.150901853901944e-12), np.float64(0.00015769900995532714), np.float64(5.383525108517401e-12), np.float64(1.0766996644423692e-12), np.float64(8.374504189788595e-05), np.float64(4.5113984666942335e-13), np.float64(0.0002145652754086643), np.float64(2.1169005878329148e-10), np.float64(0.0001322009204180335), np.float64(6.869955161197303e-05), np.float64(6.338629622505458e-13), np.float64(3.494887507150986e-05), np.float64(7.900942194417982e-06), np.float64(0.00014276519842518342), np.float64(8.703290852286671e-05), np.float64(4.66001869112947e-05), np.float64(0.0001118049734799532), np.float64(7.518682137083687e-05), np.float64(6.558275966288293e-11), np.float64(3.9750803518421644e-05), np.float64(4.002804158327421e-09), np.float64(5.723260372106856e-11), np.float64(8.133136419967249e-11), np.float64(6.927424981544097e-11), np.float64(2.1890274204166145e-11), np.float64(3.135220482275886e-13), np.float64(1.8382094158306885e-05), np.float64(8.952011496397028e-05), np.float64(1.0137877510985519e-11), np.float64(5.604618725597918e-11), np.float64(6.08073737788755e-05), np.float64(1.1115128541342033e-12), np.float64(3.026784304136769e-05), np.float64(9.525820409650601e-12), np.float64(7.98318442875396e-05), np.float64(4.791028284000598e-05), np.float64(7.544653290525615e-13), np.float64(2.583963311129656e-05), np.float64(5.9110192154792025e-05), np.float64(4.2669554056944395e-05), np.float64(3.3890166843109044e-10), np.float64(3.404215182602825e-13), np.float64(2.0757198804876046e-05), np.float64(4.010629730439622e-12), np.float64(1.1305517266792372e-11), np.float64(5.505589880377051e-05), np.float64(3.457177972812709e-05), np.float64(1.114349236141171e-05), np.float64(0.00013368683701453328), np.float64(4.3601207176434765e-05), np.float64(6.452815312327296e-06), np.float64(4.357516045136071e-13), np.float64(1.4298993235341817e-05), np.float64(7.980462261161009e-05), np.float64(4.208040098977661e-05), np.float64(3.833260680534747e-05), np.float64(9.618002814973582e-07), np.float64(7.474031559410701e-06), np.float64(3.3842807565463316e-06), np.float64(7.774089700730837e-05), np.float64(4.491840696359016e-11), np.float64(2.6772260101037394e-13), np.float64(2.7328809412775628e-05), np.float64(8.115539218832951e-12), np.float64(6.396656205998388e-06), np.float64(1.6055063188168035e-13), np.float64(4.1435220502904437e-13), np.float64(6.98591462594658e-14), np.float64(1.3812370273964924e-13), np.float64(1.8720231841486517e-12), np.float64(6.4983325480803e-12), np.float64(3.3715165088436445e-14), np.float64(2.7589935687123503e-15), np.float64(1.1102230246251565e-16), np.float64(2.563829869005024e-06), np.float64(7.759832033904086e-14), np.float64(1.911583538431804e-14), np.float64(3.006349115830801e-14), np.float64(5.044300883992946e-06), np.float64(4.308056334129218e-12), np.float64(2.1475633915601486e-09), np.float64(6.404949042608363e-13), np.float64(1.1512634030690818e-13)], [np.float64(1.3787862845456597e-06), np.float64(1.40677082741758e-06), np.float64(124.54443886695655), np.float64(47.5275966226101), np.float64(2.7137727279085607e-08), np.float64(7.336597306600527), np.float64(8.299846161579561), np.float64(5.2013257181805084e-08), np.float64(39.2771224423988), np.float64(5.598564258502155e-07), np.float64(4.5098477339251295e-08), np.float64(3.6142997577408794e-07), np.float64(2.634355761064176e-07), np.float64(1.9234495779995723e-09), np.float64(4.336103071856788e-09), np.float64(2.650705283002268e-07), np.float64(7.058747069073106), np.float64(5.2940255919317225e-08), np.float64(7.323171490054983), np.float64(7.829746083560786e-09), np.float64(9.824111570774682e-08), np.float64(1.9738046109551553e-07), np.float64(5.847646620977643e-09), np.float64(6.996401510120727), np.float64(9.128849747227238e-08), np.float64(5.677074575752788), np.float64(2.59687643115795e-08), np.float64(5.027542534247659), np.float64(3.1005126449362855e-07), np.float64(7.289768850687533e-07), np.float64(13.813173057800377), np.float64(6.4128389122998435), np.float64(1.7396819931954065e-06), np.float64(2.5819118544036086e-07), np.float64(6.861473568186187), np.float64(1.341986526023293e-07), np.float64(5.0298784326347015), np.float64(17.1265413807454), np.float64(1.4041011458533893e-07), np.float64(3.475082457162495), np.float64(10.32530245364342), np.float64(1.368016868304293e-05), np.float64(1.9794183859619916e-05), np.float64(2.476873196702492e-05), np.float64(5.7976654657011775), np.float64(5.452393536678086e-06), np.float64(1.8708635696305473), np.float64(0.48808540853591176), np.float64(0.1926513078159695), np.float64(0.09034256106977773), np.float64(1.923145283806296e-08), np.float64(0.0786107670645569), np.float64(0.06283234825871811), np.float64(0.03293106006156154), np.float64(0.031791704161928204), np.float64(3.6699647150901804e-07), np.float64(0.023694829941356348), np.float64(1.525351841598016e-07), np.float64(0.02243936487399569), np.float64(1.6844116480193933e-06), np.float64(0.017404351097979838), np.float64(1.1135567638893911e-09), np.float64(0.016283270413031868), np.float64(4.9615479194703136e-09), np.float64(0.012971309856973794), np.float64(6.384355242630856e-10), np.float64(0.01206804117551035), np.float64(0.009773124231535155), np.float64(3.5714949241330916e-10), np.float64(0.009104829415958542), np.float64(3.400419005342452e-09), np.float64(7.779968804258968e-06), np.float64(0.007423399390184545), np.float64(2.1414415062206663e-10), np.float64(1.6217088888796695e-10), np.float64(0.0069592013533644696), np.float64(0.00568467064250351), np.float64(0.005404508761519499), np.float64(1.4040933282112182e-05), np.float64(8.147926182382011e-06), np.float64(3.8111190872946275e-10), np.float64(7.87442428570037e-07), np.float64(1.498003085448977e-07), np.float64(1.0371348736618645e-05), np.float64(3.6616476234395287e-10), np.float64(1.8477781665609535e-10), np.float64(0.0043318795851914425), np.float64(3.027179564962346e-08), np.float64(2.6363771267478215e-10), np.float64(0.004222141009540383), np.float64(0.0033629257296888663), np.float64(1.1369921202089974e-08), np.float64(2.6840182376372258e-11), np.float64(0.003367664935516437), np.float64(0.002624773289365623), np.float64(1.1463603716987814e-10), np.float64(0.0027074389018236496), np.float64(1.7416787670877708e-05), np.float64(0.0033965245859157557), np.float64(6.00112451471718e-06), np.float64(3.997909245304563e-10), np.float64(2.658051957425129e-10), np.float64(0.0028508858255293173), np.float64(0.00268649345119472), np.float64(0.0022072719986260445), np.float64(0.0021701397935077566), np.float64(3.0846840271054294e-06), np.float64(0.0017449959452216532), np.float64(0.0017529667341209699), np.float64(3.5995101864290153e-07), np.float64(3.7053521768384596e-06), np.float64(6.950675838577518e-07), np.float64(0.0013641887100395256), np.float64(1.6489117791667003e-11), np.float64(1.679737323013699e-11), np.float64(1.0399666233873139e-08), np.float64(1.694182726158414e-11), np.float64(0.0014200021662501585), np.float64(2.2280491240518477e-06), np.float64(0.001801856683105884), np.float64(5.946029000075106e-11), np.float64(0.0015026927998938566), np.float64(7.428505451255919e-07), np.float64(0.0014529502435566895), np.float64(2.599145623403638e-07), np.float64(7.40803501912303e-11), np.float64(0.0011708547424920245), np.float64(1.284469796089137e-08), np.float64(1.707784771029855e-11), np.float64(0.00117165983301067), np.float64(1.9394268770627717e-11), np.float64(0.000917023304629598), np.float64(0.0009273663384450331), np.float64(0.0012232710300179974), np.float64(0.0010341744736323854), np.float64(7.15768765915418e-08), np.float64(6.381710694970842e-05), np.float64(1.425894073227363e-08), np.float64(0.0008529419669512431), np.float64(1.1644035135613568e-10), np.float64(0.0006976287586342054), np.float64(6.2471369453594516e-12), np.float64(2.680808186940545e-11), np.float64(0.0007033598407834195), np.float64(2.2369145556098456e-11), np.float64(0.0005469408184860768), np.float64(4.844322462469275e-09), np.float64(3.890209521145641e-09), np.float64(0.0005515262869225066), np.float64(0.0007501443134765617), np.float64(2.386729795068985e-09), np.float64(0.0006137621177376189), np.float64(0.0005859584318304217), np.float64(0.00048637685695367345), np.float64(1.995429892425679e-11), np.float64(2.0921580045171184e-11), np.float64(0.00046495390062594247), np.float64(2.8507342094896043e-10), np.float64(0.00038517116074141076), np.float64(0.0004162699441599083), np.float64(7.224614143732723e-12), np.float64(9.617696022166394e-12), np.float64(8.017611718977829e-09), np.float64(5.5001342171011056e-08), np.float64(0.0005073791156027285), np.float64(0.000423913015462949), np.float64(6.874293362648382e-12), np.float64(0.00041475802153768357), np.float64(6.81356847335341e-11), np.float64(0.0003372890239410688), np.float64(0.00032785598309740567), np.float64(0.0002546515787929432), np.float64(0.00023437072074060502), np.float64(1.4295774019953548e-10), np.float64(0.00035413248839875146), np.float64(8.758248106050677e-08), np.float64(1.8905467171455768e-11), np.float64(0.0003025469422068665), np.float64(2.178307723315415e-09), np.float64(9.08945100169827e-10), np.float64(0.00027261448593017074), np.float64(0.00011843646142946403), np.float64(9.172479286959962e-13), np.float64(1.5791251036562948e-12), np.float64(0.00046314488410369), np.float64(0.00026596819914120336), np.float64(0.00029103378922153714), np.float64(1.0603444652494857e-10), np.float64(5.204644927102091e-05), np.float64(0.00012461736125363347), np.float64(0.00012433387874334433), np.float64(9.767306955473487e-05), np.float64(0.00010559979368568853), np.float64(0.00014081607111525405), np.float64(0.00013000750933948142), np.float64(0.00011823895465081593), np.float64(8.940574933709815e-05), np.float64(7.938358057514483e-05), np.float64(8.891814212451536e-11), np.float64(6.953548021247718e-05), np.float64(0.00014873720900420847), np.float64(2.460709256930169e-11), np.float64(2.0249265406784435e-12), np.float64(0.00011711525512236782), np.float64(5.892284552656826e-05), np.float64(4.910080921825059e-13), np.float64(5.648487204723914e-05), np.float64(4.8747305234106266e-05), np.float64(4.1975166291592076e-11), np.float64(4.6563894212519584e-05), np.float64(6.258031889362578e-05), np.float64(0.0001102286764118731), np.float64(8.847257689012388e-05), np.float64(1.336824193595541e-12), np.float64(4.3231772200399794e-05), np.float64(4.792606550592815e-13), np.float64(1.694287489229053e-11), np.float64(1.2591386405967995e-12), np.float64(9.06900626975067e-05), np.float64(6.869500836247082e-05), np.float64(1.6590583783167442e-10), np.float64(6.197978526414203e-11), np.float64(2.9979876625336075e-12), np.float64(2.642536832720478e-12), np.float64(1.414155599624212e-08), np.float64(6.191782405665741e-05), np.float64(5.3114617310892237e-05), np.float64(1.135423422075165e-10), np.float64(5.11996558785315e-05), np.float64(4.0829698150560636e-05), np.float64(3.401216797657216e-13), np.float64(7.208908036253804e-13), np.float64(5.9623962130920525e-12), np.float64(3.543753854665269e-12), np.float64(4.452734903644278e-05), np.float64(3.9551417890318494e-13), np.float64(3.259614175289019e-05), np.float64(1.6379197287097053e-09), np.float64(2.3071890932566955e-05), np.float64(1.8548062705245554e-13), np.float64(7.376504986242965e-12), np.float64(5.7549101200112925e-12), np.float64(2.166159782252544e-13), np.float64(1.394850757011587e-13), np.float64(5.487516432348653e-05), np.float64(6.146981736245964e-12), np.float64(1.372506360877898e-12), np.float64(1.138425072789698e-13), np.float64(1.3070479822992777e-07), np.float64(6.773849446936494e-05), np.float64(1.7194347233602472e-10), np.float64(4.9669326117345085e-05), np.float64(6.122416850315301e-13), np.float64(6.185442765983642e-13), np.float64(2.3237408602130366e-05), np.float64(3.124227780732918e-06), np.float64(4.173976358443326e-12), np.float64(1.6196537785498305e-14), np.float64(3.45757946527249e-13), np.float64(1.0652913900142174e-13), np.float64(3.395732188573365e-14), np.float64(7.595216276759528e-14), np.float64(1.2816184711503106e-10), np.float64(4.445617957969831e-11), np.float64(4.078008017056394e-12), np.float64(8.498464111371173e-05), np.float64(4.4490341326940564e-12), np.float64(4.5436162334185316e-05), np.float64(2.7936176065028755e-05), np.float64(1.711308363349399e-11), np.float64(3.3744355463712366e-05), np.float64(1.999346985898218e-12), np.float64(2.0562936367266393e-09), np.float64(4.084255697626457e-05), np.float64(3.491464718034628e-10), np.float64(2.9150413487015407e-05), np.float64(3.5776009492498465e-11), np.float64(2.8945976829067755e-13), np.float64(6.13375456087322e-13), np.float64(1.064938067995773e-09), np.float64(9.331403274210295e-06), np.float64(1.4499563707166806e-13), np.float64(1.3101095203430074e-12), np.float64(2.438112521131412e-12), np.float64(1.0248790275541206e-11), np.float64(6.380066890267164e-14), np.float64(1.0363132506879603e-05), np.float64(5.2664238259527866e-05), np.float64(4.006228023028015e-12), np.float64(5.9252839134260515e-12), np.float64(3.673406844197486e-05), np.float64(1.7368896136709906e-05), np.float64(1.3601514703073997e-05), np.float64(5.564398706308154e-07), np.float64(9.619374775225089e-13), np.float64(1.4325973337699557e-13), np.float64(1.1640467177613434e-11), np.float64(1.554059927710026e-12), np.float64(4.125448583335495e-07), np.float64(1.5582639586196785e-12), np.float64(3.366947516115608e-13), np.float64(1.756522323248163e-12), np.float64(1.6346510001684902e-13), np.float64(2.4279387088187486e-15), np.float64(9.361571944764313e-13)]]"
9,100000,4,2.908552319930973e-07,3.5877193450927733,7.086281647937153,15.0,True,-0.023371966918656995,"[[np.float64(88.20381599300553), np.float64(111.4504481334754), np.float64(142.86536517615744), np.float64(334.854718477428), np.float64(9.924814454822664), np.float64(1.0627957787669986), np.float64(0.11483560341433433), np.float64(0.1976428278782238), np.float64(0.01310275657746818), np.float64(0.05425775962959158), np.float64(0.019439307116779072), np.float64(0.0004610796833186541), np.float64(0.002244303360892644), np.float64(3.000540076499402e-05), np.float64(1.4115956435944154e-07)], [np.float64(87.76839596737207), np.float64(111.36003871855458), np.float64(142.9955420872716), np.float64(336.6050658152017), np.float64(8.071314432678312), np.float64(0.9461201183201174), np.float64(0.11798792176365247), np.float64(0.211410905832448), np.float64(0.012266490795055417), np.float64(0.05605092891496758), np.float64(0.019595946587897883), np.float64(0.0006163966208413863), np.float64(0.002729584027164069), np.float64(4.116946600270312e-05), np.float64(2.751507322686655e-06)], [np.float64(87.82515193229501), np.float64(111.32850380451079), np.float64(142.90695553121964), np.float64(336.0687021181887), np.float64(8.591018281710305), np.float64(1.0262953534539545), np.float64(0.6257527522783063), np.float64(0.08293105726593493), np.float64(0.19796484457440267), np.float64(0.008826862071172073), np.float64(0.03163522743045406), np.float64(0.012378358831585284), np.float64(0.009251379950585155), np.float64(0.0004297367585949287), np.float64(2.513131441710359e-06)], [np.float64(88.04105973815467), np.float64(111.44655150825935), np.float64(142.94375138757758), np.float64(335.6456172271218), np.float64(9.056495981671858), np.float64(1.0105236691302952), np.float64(0.14658133820655078), np.float64(0.3050118889589874), np.float64(0.01594634302384564), np.float64(0.04399040711864945), np.float64(0.024806353095834482), np.float64(0.0057262637920582025), np.float64(0.004656005871226873), np.float64(0.00011579327186666475), np.float64(2.7930409965647197e-06)], [np.float64(88.09969410961816), np.float64(111.49443169419308), np.float64(142.90187866545074), np.float64(334.8661654378868), np.float64(9.93434881077507), np.float64(1.0599561026669486), np.float64(0.11483100367137108), np.float64(0.21147101861054113), np.float64(0.009854557750446195), np.float64(0.03243349618190604), np.float64(0.014053605905369929), np.float64(0.009678520555339605), np.float64(0.00017087820444299038), np.float64(0.0005866840242805906), np.float64(1.8082910358678036e-06)]]"
10,100000,8,5.536818938626486e-07,11.778159236907959,5.669025318349736,50.2,True,2.3560615222830164,"[[np.float64(91.15489783810729), np.float64(111.98488802868859), np.float64(139.6532390246164), np.float64(381.9401666758808), np.float64(31.992401901766033), np.float64(8.413624488188717), np.float64(0.4913373952677957), np.float64(0.046068836196304315), np.float64(0.05317128743338332), np.float64(0.025157060627483616), np.float64(0.1011225096894395), np.float64(0.02246622048477048), np.float64(0.01173603238461163), np.float64(0.0034020973476509603), np.float64(0.0014557256597609073), np.float64(0.0049673018582424245), np.float64(0.0016302318149131914), np.float64(0.020206186725551828), np.float64(0.0027106279878840707), np.float64(0.0003667160152619946), np.float64(6.321603138648464e-05), np.float64(9.372582069397717e-05), np.float64(0.000893865066657919), np.float64(0.00027494414482360705), np.float64(0.00012451484994981183), np.float64(0.0022809494607616164), np.float64(0.00022611012131678538), np.float64(7.135647118726844e-05), np.float64(7.45370157885036e-05), np.float64(7.667466394104702e-05), np.float64(4.544624719650937e-05), np.float64(1.974556638066842e-05), np.float64(0.00044006193213550474), np.float64(9.377205774153518e-05), np.float64(8.435013415068111e-06), np.float64(5.875825432364993e-06), np.float64(4.8213678312498485e-06), np.float64(3.039999653400508e-06), np.float64(1.58085294676026e-06), np.float64(1.3672372271230435e-06), np.float64(1.3277765968165792e-06), np.float64(5.45942739717665e-05), np.float64(4.333452418151159e-06), np.float64(6.527692463288799e-07), np.float64(1.3809633225848888e-05), np.float64(2.364024935556579e-06), np.float64(3.255937171510566e-07), np.float64(1.060946538442316e-06), np.float64(9.2203463339914e-07), np.float64(2.1170501438448594e-07), np.float64(3.9229005737376305e-07), np.float64(2.5693865399348925e-08), np.float64(1.6410717233892352e-08), np.float64(7.751099457237278e-09)], [np.float64(89.2031242765674), np.float64(108.70042974593396), np.float64(182.0949971242088), np.float64(348.7201448967649), np.float64(34.39815739639671), np.float64(9.351951360859106), np.float64(0.5707535452412982), np.float64(0.20533932410416733), np.float64(0.03560512671847046), np.float64(0.024545534607308187), np.float64(0.002823556055470508), np.float64(0.02232730965398715), np.float64(0.001257727113255367), np.float64(0.0005897391488291169), np.float64(0.0003690127666486484), np.float64(0.0005630193687372928), np.float64(0.004374814363210404), np.float64(0.00039426069009388905), np.float64(0.00020815304128710073), np.float64(0.00017550230500696683), np.float64(0.00014934941471380877), np.float64(9.405835499848437e-05), np.float64(0.00018031694896588504), np.float64(8.545754416379698e-05), np.float64(0.00027872197969994406), np.float64(8.2846853392096e-05), np.float64(0.0007424128726681206), np.float64(3.7879546213684106e-05), np.float64(2.4788189408979854e-05), np.float64(0.0002042888417807613), np.float64(2.8192827720252653e-05), np.float64(4.110064192159048e-06), np.float64(1.8973281082659789e-06), np.float64(3.309175696598019e-05), np.float64(4.398778535563502e-06), np.float64(3.5439972365262277e-06), np.float64(1.1276257182444922e-06), np.float64(7.199916282445356e-07), np.float64(4.1768825747931673e-07), np.float64(2.405279302743532e-07), np.float64(5.990595198155278e-06), np.float64(3.8865607081886955e-07), np.float64(3.407123759132271e-07), np.float64(1.0486985904267266e-07), np.float64(1.4032683384887457e-07), np.float64(8.843568899872622e-08), np.float64(1.637837986453772e-07), np.float64(9.15276857090186e-08), np.float64(9.691340663597241e-08), np.float64(3.95652308535998e-08), np.float64(1.353212091487576e-06), np.float64(8.706925165269557e-08), np.float64(9.058259435213537e-08), np.float64(5.492554317201623e-08), np.float64(5.386567167221065e-08), np.float64(1.918991316682363e-08), np.float64(4.475542298326992e-07), np.float64(7.445522563660398e-08), np.float64(2.3511949273757696e-08), np.float64(2.11413276431332e-08), np.float64(7.547929116620336e-09)], [np.float64(94.04115143699681), np.float64(108.09551592691972), np.float64(97.73484355389832), np.float64(42.30136623870757), np.float64(17.92751045224393), np.float64(427.94359752534143), np.float64(65.3007443085978), np.float64(32.710032835546244), np.float64(7.528082616225526), np.float64(0.37114141436143927), np.float64(0.501308642153761), np.float64(0.16312533671896393), np.float64(0.011318728969393772), np.float64(0.0016625937564893206), np.float64(0.0008884338677267775), np.float64(0.001833378393620409), np.float64(0.0003139996106259905), np.float64(0.00021630143578687516), np.float64(0.0002185827878854377), np.float64(0.0001475404245808869), np.float64(0.0004133936702964256), np.float64(0.00034222551585107327), np.float64(0.00013894964820413083), np.float64(7.817244672793166e-05), np.float64(3.271538698002958e-05), np.float64(0.0004945680839880369), np.float64(7.88204447832506e-05), np.float64(5.524845604406765e-06), np.float64(2.411872811017176e-06), np.float64(1.7507560163763397e-05), np.float64(6.9558888026670524e-06), np.float64(2.5377862460712576e-05), np.float64(3.080403897423469e-06), np.float64(1.0686159758317021e-06), np.float64(6.042300944727424e-07), np.float64(4.232141169203325e-06), np.float64(4.5780064179727403e-07), np.float64(1.7480621144471057e-07), np.float64(1.291985467394839e-07), np.float64(5.215702628708867e-08), np.float64(2.9679985715958133e-08), np.float64(9.007006025337228e-09), np.float64(2.8702856254504666e-07), np.float64(2.3789073438404384e-08)], [np.float64(94.71803134109098), np.float64(114.4207401010978), np.float64(91.61703657563729), np.float64(449.08852207211544), np.float64(46.1412026277456), np.float64(20.91135258293626), np.float64(3.485967330160195), np.float64(0.15075140218571192), np.float64(0.36353584994350086), np.float64(0.06618555140292262), np.float64(0.008068916415487605), np.float64(0.02690641460417571), np.float64(0.00714343663806369), np.float64(0.0009863853677594284), np.float64(0.042875553218707986), np.float64(0.0026472585209244975), np.float64(0.000999444726839301), np.float64(0.0007998689614450766), np.float64(0.015255599944622573), np.float64(0.0012943952452593903), np.float64(0.002578885271512797), np.float64(6.319354152806514e-05), np.float64(2.719866050805039e-05), np.float64(0.00038680544583167864), np.float64(2.3783814238228835e-05), np.float64(4.165190530114886e-05), np.float64(5.496702370764384e-06), np.float64(0.7945564040038972), np.float64(0.5494168993315857), np.float64(0.10421513723785655), np.float64(0.04413282720346307), np.float64(0.012078373795558425), np.float64(0.00497733597386808), np.float64(0.0019842261115082522), np.float64(0.0011130001588278867), np.float64(1.2601464016365247e-05), np.float64(6.481975973572998e-07)], [np.float64(149.50462689299138), np.float64(130.06199103408312), np.float64(351.8365146208366), np.float64(55.03944432422859), np.float64(48.81255318739528), np.float64(13.290195537138011), np.float64(4.130516309198341), np.float64(2.1405828481250455), np.float64(1.5609465509375215), np.float64(0.7232563077207105), np.float64(0.16756666740576434), np.float64(0.08766210105590025), np.float64(0.0647216678402496), np.float64(0.015131086324536176), np.float64(0.006102009783986891), np.float64(0.034192829389848835), np.float64(0.00783440487776882), np.float64(0.001412337306141674), np.float64(0.002007673433704204), np.float64(0.0010542306943161059), np.float64(0.00249582814601251), np.float64(0.0009297125566177232), np.float64(0.010044652254921576), np.float64(0.0008832682908177248), np.float64(0.0011853180771044059), np.float64(0.00035380743299334304), np.float64(0.000100557655265422), np.float64(1.1562525028477317e-05), np.float64(6.864649916902748e-06), np.float64(2.224502527145156e-06), np.float64(8.08592645502665e-07), np.float64(8.962563437941225e-05), np.float64(6.086715018481823e-06), np.float64(3.508794916964625e-06), np.float64(2.5671003331235175e-06), np.float64(7.666234164693143e-06), np.float64(2.4729984915131317e-06), np.float64(2.0049861786524948e-05), np.float64(1.7346442910338488e-06), np.float64(6.101059678530094e-07), np.float64(5.670403753170886e-07), np.float64(7.658200640967215e-06), np.float64(4.878699175254237e-07), np.float64(1.1578592520465408e-06), np.float64(3.210237684894262e-07), np.float64(1.0842150203713221e-07), np.float64(8.154746734602784e-08), np.float64(1.0840479877649934e-07), np.float64(6.898755328102761e-08), np.float64(2.7880524476576987e-08), np.float64(2.064459606930902e-08), np.float64(5.518396206698361e-07), np.float64(6.689952688567788e-08), np.float64(2.0227740260702336e-08), np.float64(1.148343290673705e-08)]]"
11,100000,12,0.003812270150050627,154.57550621032715,7.086281886693811,570.4,False,-82.39326435224342,"[[np.float64(1.999157149743364e-05), np.float64(394.2278411450119), np.float64(9.659619449727449e-07), np.float64(1.0429327182436905e-05), np.float64(3.951134809128605e-07), np.float64(146.95055211704567), np.float64(13.018056525041848), np.float64(3.485644390508846e-11), np.float64(5.535201553156431), np.float64(7.631558995209525), np.float64(1.263574473399862e-07), np.float64(3.256580985768682e-07), np.float64(1.4392087196166536e-06), np.float64(1.436662428312362e-06), np.float64(10.585669382356254), np.float64(2.982175575100241e-08), np.float64(1.216539388250772e-06), np.float64(4.9900851508382935e-08), np.float64(8.91277988036328), np.float64(1.8447333266946424e-07), np.float64(6.490566313588256), np.float64(208.08120959628053), np.float64(7.914716277151429e-08), np.float64(2.873983957089694e-07), np.float64(1.7691849198084944e-07), np.float64(16.95654382638132), np.float64(8.520115722874994e-07), np.float64(3.2686798135397773e-06), np.float64(15.567035795336434), np.float64(1.0758381675632508e-07), np.float64(9.159843321968959), np.float64(5.921994553113346e-07), np.float64(6.089668284407867), np.float64(71.03401199118996), np.float64(9.745124612955668e-08), np.float64(5.59204318948584), np.float64(4.0093040642165604e-07), np.float64(2.51872985624024e-06), np.float64(3.3385820928826915e-07), np.float64(7.862886670113507), np.float64(5.873188458568514e-06), np.float64(7.554304993502297e-05), np.float64(3.2614643286198483e-06), np.float64(3.154610313173677e-06), np.float64(7.651383641913057e-07), np.float64(2.2572826973494415e-06), np.float64(1.0074562752148673e-06), np.float64(1.5213663840301419e-05), np.float64(8.577849652543927e-06), np.float64(12.563500910447916), np.float64(2.7779251506924263e-07), np.float64(8.374643309735307e-08), np.float64(5.003294464871231), np.float64(3.9248263208716088), np.float64(1.4219875617890718e-08), np.float64(2.4395094758777767e-08), np.float64(2.6862747554285264e-08), np.float64(2.2730598631129924e-05), np.float64(2.603156943581755e-06), np.float64(1.5595973705705752e-08), np.float64(2.5037711227974353), np.float64(1.5531347864390657), np.float64(1.2232398039837414e-07), np.float64(6.132922151372879e-06), np.float64(0.6164313824368369), np.float64(2.5267796540873235e-07), np.float64(2.7600764520449406e-07), np.float64(1.403089409662224e-07), np.float64(1.1899705458912432e-07), np.float64(0.23274278139925056), np.float64(2.2614059266130987e-07), np.float64(6.760862657252474e-06), np.float64(0.09778763839356325), np.float64(1.7034116891888418e-06), np.float64(2.4582744075256698e-06), np.float64(0.04783693730496389), np.float64(0.02516016998733482), np.float64(4.209793582461639e-07), np.float64(1.7766204523647877e-09), np.float64(0.024640787023918396), np.float64(2.6978937343934023e-06), np.float64(6.583642351462086e-07), np.float64(0.01817940776029979), np.float64(0.017626704962626926), np.float64(3.9282749924145144e-07), np.float64(0.0134078894407707), np.float64(0.01297071821771433), np.float64(1.978280460804776e-09), np.float64(1.3590746787803603e-06), np.float64(0.010041704254394438), np.float64(0.009738634074128694), np.float64(7.862087704714808e-10), np.float64(0.0076132618199710065), np.float64(1.1836013958153694e-06), np.float64(0.007459349300942137), np.float64(0.005824437676552568), np.float64(0.005816806050488336), np.float64(8.980894015034608e-10), np.float64(0.004493689828205055), np.float64(0.004578871811974284), np.float64(0.005827391038690043), np.float64(0.0048987799005373875), np.float64(0.004564830502195565), np.float64(2.1125838353684007e-06), np.float64(0.0037787329777267103), np.float64(0.003620122195380634), np.float64(0.0029427043460387276), np.float64(0.0028826414247417435), np.float64(8.351985316957781e-08), np.float64(0.002311343860135554), np.float64(0.002335429697464939), np.float64(0.0018071106285999384), np.float64(7.052037713742188e-11), np.float64(1.998229819389445e-08), np.float64(3.665777208712933e-08), np.float64(0.0019071847305722265), np.float64(0.0024016156333174477), np.float64(0.0019920128292135178), np.float64(0.0019027181604218991), np.float64(0.0015580743929399098), np.float64(0.0015195504414950095), np.float64(0.0012280459423309673), np.float64(0.0012814419199657296), np.float64(2.6535841198079083e-07), np.float64(2.374781389357685e-06), np.float64(4.085112091831727e-11), np.float64(0.0016110908273119613), np.float64(8.44090713101392e-06), np.float64(0.001345681014303931), np.float64(0.0012627008413255089), np.float64(2.562207039875775e-10), np.float64(0.0010540511852741706), np.float64(5.030866707934195e-11), np.float64(0.0010505270494848402), np.float64(0.0008335840751351812), np.float64(5.1968381821685734e-12), np.float64(0.0008284654853265654), np.float64(0.000646280913701301), np.float64(7.703244926989784e-12), np.float64(1.276697932355152e-09), np.float64(5.757843171106617e-09), np.float64(0.0006738644365472281), np.float64(0.0008724285013274958), np.float64(0.0007330013434019081), np.float64(1.2997533726318622e-05), np.float64(2.004056340506749e-08), np.float64(4.871434200238024e-12), np.float64(1.0976228477622271e-11), np.float64(0.0006620663680205316), np.float64(1.1690329038757035e-11), np.float64(0.0005499963044821427), np.float64(0.0005360715831987162), np.float64(1.0516559936313198e-11), np.float64(1.2587961724898588e-05), np.float64(0.0004155684453120232), np.float64(1.1316816788820528e-09), np.float64(4.5961872532528006e-12), np.float64(7.549603373790273e-12), np.float64(0.00041483248380003), np.float64(0.0005373510044623212), np.float64(3.7838173336517382e-06), np.float64(0.0004633063696626054), np.float64(5.214923641715314e-09), np.float64(0.0004547132256552578), np.float64(0.0003640848447578032), np.float64(4.0826812280920395e-12), np.float64(0.00034824593429024875), np.float64(1.0404105319210702e-06), np.float64(0.0004857866315098412), np.float64(0.0004002085897788129), np.float64(2.2686312271077376e-11), np.float64(0.00038204493504947644), np.float64(2.4438321482403925e-11), np.float64(3.442941477004488e-06), np.float64(0.00031802370677475945), np.float64(0.0002933177701431344), np.float64(1.4122059068537741e-11), np.float64(3.5100686492267825e-11), np.float64(5.2405180212092986e-06), np.float64(0.00024263630572779967), np.float64(2.562285377710398e-09), np.float64(2.0349643868310473e-12), np.float64(0.0002408399014476547), np.float64(6.426410247483121e-10), np.float64(0.00018708585414754265), np.float64(2.1057713847522746e-12), np.float64(0.00018248302533822915), np.float64(6.5468052065792566e-12), np.float64(0.00013976686986436656), np.float64(0.0002783580998958346), np.float64(5.292930072202037e-10), np.float64(0.00022811172231500314), np.float64(3.69448979943529e-06), np.float64(0.00020827687460521428), np.float64(0.0001675236905597269), np.float64(0.0001546039550901412), np.float64(8.211812151087713e-10), np.float64(0.00014153253846142124), np.float64(7.006539621649367e-11), np.float64(0.00012699193394299574), np.float64(9.889238655418802e-05), np.float64(8.408419914753531e-11), np.float64(8.781594686595889e-05), np.float64(0.0001670146660510039), np.float64(0.00011634221330919867), np.float64(1.300282930713774e-07), np.float64(1.825325761211176e-12), np.float64(8.18845919914102e-13), np.float64(1.0182752468130268e-09), np.float64(1.867015478526001e-12), np.float64(0.0001058547905160091), np.float64(4.149254552260483e-12), np.float64(0.00018397698572097707), np.float64(3.014128988970535e-08), np.float64(0.0001409084615495024), np.float64(1.1940110861259917e-12), np.float64(2.5568953413404714e-12), np.float64(8.91191248481276e-11), np.float64(3.7608971079288767e-07), np.float64(1.2616348709509638e-08), np.float64(4.53619477793003e-07), np.float64(2.2835704173764652e-05), np.float64(6.319925366764089e-05), np.float64(9.553688121482545e-05), np.float64(3.5008139710367133e-12), np.float64(8.258612731462252e-05), np.float64(2.792193128408656e-12), np.float64(9.588310210018986e-05), np.float64(2.831261261780523e-09), np.float64(6.340236803066341e-05), np.float64(5.902172343921175e-05), np.float64(1.8005979940596225e-11), np.float64(4.7690410163812626e-09), np.float64(3.4461552005544404e-05), np.float64(5.004805854151333e-13), np.float64(1.4003300386067111e-11), np.float64(0.00022666395875299471), np.float64(9.619150385636344e-05), np.float64(1.5973929005576932e-10), np.float64(4.5355799487295325e-05), np.float64(4.511185446378491e-05), np.float64(1.6942488718305595e-10), np.float64(1.6492787811819443e-05), np.float64(3.8091197428204126e-11), np.float64(7.29717945562685e-11), np.float64(1.4385743229811271e-08), np.float64(6.8031716963259e-12), np.float64(7.974645881656569e-05), np.float64(5.733390418348594e-05), np.float64(1.732268946168682e-12), np.float64(4.881408682141633e-05), np.float64(3.659623481472052e-05), np.float64(4.76204150714191e-13), np.float64(5.214620114172104e-05), np.float64(2.7049631730898056e-10), np.float64(3.4144028929586994e-05), np.float64(3.938565193091127e-05), np.float64(5.939827268454495e-12), np.float64(2.3609762636148437e-05), np.float64(3.084745305962966e-12), np.float64(3.137632794271415e-06), np.float64(3.41070805024562e-13), np.float64(1.1161005348055493e-10), np.float64(2.0507527548166187e-11), np.float64(2.5847237288202895e-14), np.float64(1.0984272819593123e-13), np.float64(1.301496438812296e-13), np.float64(1.3876405873721911e-08), np.float64(9.547396842243594e-13), np.float64(5.769229573470474e-08), np.float64(3.4371730259464024e-13), np.float64(1.8877634562318282e-13), np.float64(1.9088239045815335e-13), np.float64(5.655098298017513e-05), np.float64(2.867640129529383e-05), np.float64(9.693764477436982e-06), np.float64(2.1328743141534575e-13), np.float64(2.3352720087900614e-13), np.float64(2.389430046725288e-13), np.float64(0.0), np.float64(0.0), np.float64(0.0), np.float64(0.0), np.float64(0.0), np.float64(0.0), np.float64(0.0), np.float64(0.0), np.float64(0.0), np.float64(0.0), np.float64(0.0), np.float64(0.0), np.float64(0.0), np.float64(0.0), np.float64(0.0), np.float64(0.0), np.float64(0.0), np.float64(0.0), np.float64(0.0), np.float64(0.0), np.float64(0.0), np.float64(0.0), np.float64(0.0), np.float64(0.0), np.float64(0.0), np.float64(0.0), np.float64(0.0), np.float64(0.0), np.float64(0.0), np.float64(0.0), np.float64(0.0), np.float64(0.0), np.float64(0.0), np.float64(0.0), np.float64(0.0), np.float64(0.0), np.float64(0.0), np.float64(0.0), np.float64(0.0), np.float64(0.0), np.float64(0.0), np.float64(0.0), np.float64(0.0), np.float64(0.0), np.float64(0.0), np.float64(0.0), np.float64(0.0), np.float64(0.0), np.float64(0.0), np.float64(0.0), np.float64(0.0), np.float64(0.0), np.float64(0.0), np.float64(0.0), np.float64(0.0), np.float64(0.0), np.float64(0.0), np.float64(0.0), np.float64(0.0), np.float64(0.0), np.float64(0.0), np.float64(0.0), np.float64(0.0), np.float64(0.0), np.float64(0.0), np.float64(0.0), np.float64(0.0), np.float64(0.0), np.float64(0.0), np.float64(0.0), np.float64(0.0), np.float64(0.0), np.float64(0.0), np.float64(0.0), np.float64(0.0), np.float64(0.0), np.float64(0.0), np.float64(0.0), np.float64(0.0), np.float64(0.0), np.float64(0.0), np.float64(0.0), np.float64(0.0), np.float64(0.0), np.float64(0.0), np.float64(0.0), np.float64(0.0), np.float64(0.0), np.float64(0.0), np.float64(0.0), np.float64(0.0), np.float64(0.0), np.float64(0.0), np.float64(0.0), np.float64(0.0), np.float64(0.0), np.float64(0.0), np.float64(0.0), np.float64(0.0), np.float64(0.0), np.float64(0.0), np.float64(0.0), np.float64(0.0), np.float64(0.0), np.float64(0.0), np.float64(0.0), np.float64(0.0), np.float64(0.0), np.float64(0.0), np.float64(0.0), np.float64(0.0), np.float64(0.0), np.float64(0.0), np.float64(0.0), np.float64(0.0), np.float64(0.0), np.float64(0.0), np.float64(0.0), np.float64(0.0), np.float64(0.0), np.float64(0.0), np.float64(0.0), np.float64(0.0), np.float64(0.0), np.float64(0.0), np.float64(0.0), np.float64(0.0), np.float64(0.0), np.float64(0.0), np.float64(0.0), np.float64(0.0), np.float64(0.0), np.float64(0.0), np.float64(0.0), np.float64(0.0), np.float64(0.0), np.float64(0.0), np.float64(0.0), np.float64(0.0), np.float64(0.0), np.float64(0.0), np.float64(0.0), np.float64(0.0), np.float64(0.0), np.float64(0.0), np.float64(0.0), np.float64(0.0), np.float64(0.0), np.float64(0.0), np.float64(0.0), np.float64(0.0), np.float64(0.0), np.float64(0.0), np.float64(0.0), np.float64(0.0), np.float64(0.0), np.float64(0.0), np.float64(0.0), np.float64(0.0), np.float64(0.0), np.float64(0.0), np.float64(0.0), np.float64(0.0), np.float64(0.0), np.float64(0.0), np.float64(0.0), np.float64(0.0), np.float64(0.0), np.float64(0.0), np.float64(0.0), np.float64(0.0), np.float64(0.0), np.float64(0.0), np.float64(0.0), np.float64(0.0), np.float64(0.0), np.float64(0.0), np.float64(0.0), np.float64(0.0), np.float64(0.0), np.float64(0.0), np.float64(0.0), np.float64(0.0), np.float64(0.0), np.float64(0.0), np.float64(0.0), np.float64(0.0), np.float64(0.0), np.float64(0.0), np.float64(0.0), np.float64(0.0), np.float64(0.0), np.float64(0.0), np.float64(0.0), np.float64(0.0), np.float64(0.0), np.float64(0.0), np.float64(0.0), np.float64(0.0), np.float64(0.0), np.float64(0.0), np.float64(0.0), np.float64(0.0), np.float64(0.0), np.float64(0.0), np.float64(0.0), np.float64(0.0), np.float64(0.0), np.float64(0.0), np.float64(0.0), np.float64(0.0), np.float64(0.0), np.float64(0.0), np.float64(0.0), np.float64(0.0), np.float64(0.0), np.float64(0.0), np.float64(0.0), np.float64(0.0), np.float64(0.0), np.float64(0.0), np.float64(0.0), np.float64(0.0), np.float64(0.0), np.float64(0.0), np.float64(0.0), np.float64(0.0), np.float64(0.0), np.float64(0.0), np.float64(0.0), np.float64(0.0), np.float64(0.0), np.float64(0.0), np.float64(0.0), np.float64(0.0), np.float64(0.0), np.float64(0.0), np.float64(0.0), np.float64(0.0), np.float64(0.0), np.float64(0.0), np.float64(0.0), np.float64(0.0), np.float64(0.0), np.float64(0.0), np.float64(0.0), np.float64(0.0), np.float64(0.0), np.float64(0.0), np.float64(0.0), np.float64(0.0), np.float64(0.0), np.float64(0.0), np.float64(0.0), np.float64(0.0), np.float64(0.0), np.float64(0.0), np.float64(0.0), np.float64(0.0), np.float64(0.0), np.float64(0.0), np.float64(0.0), np.float64(0.0), np.float64(0.0), np.float64(0.0), np.float64(0.0), np.float64(0.0), np.float64(0.0), np.float64(0.0), np.float64(0.0), np.float64(0.0), np.float64(0.0), np.float64(0.0), np.float64(0.0), np.float64(0.0), np.float64(0.0), np.float64(0.0), np.float64(0.0), np.float64(0.0), np.float64(0.0), np.float64(0.0), np.float64(0.0), np.float64(0.0), np.float64(0.0), np.float64(0.0), np.float64(0.0), np.float64(0.0), np.float64(0.0), np.float64(0.0), np.float64(0.0), np.float64(0.0), np.float64(0.0), np.float64(0.0), np.float64(0.0), np.float64(0.0), np.float64(0.0), np.float64(0.0), np.float64(0.0), np.float64(0.0), np.float64(0.0), np.float64(0.0), np.float64(0.0), np.float64(0.0), np.float64(0.0), np.float64(0.0), np.float64(0.0), np.float64(0.0), np.float64(0.0), np.float64(0.0), np.float64(0.0), np.float64(0.0), np.float64(0.0), np.float64(0.0), np.float64(0.0), np.float64(0.0), np.float64(0.0), np.float64(0.0), np.float64(0.0), np.float64(0.0), np.float64(0.0), np.float64(0.0), np.float64(0.0), np.float64(0.0), np.float64(0.0), np.float64(0.0), np.float64(0.0), np.float64(0.0), np.float64(0.0), np.float64(0.0), np.float64(0.0), np.float64(0.0), np.float64(0.0), np.float64(0.0), np.float64(0.0), np.float64(0.0), np.float64(0.0), np.float64(0.0), np.float64(0.0), np.float64(0.0), np.float64(0.0), np.float64(0.0), np.float64(0.0), np.float64(0.0), np.float64(0.0), np.float64(0.0), np.float64(0.0), np.float64(0.0), np.float64(0.0), np.float64(0.0), np.float64(0.0), np.float64(0.0), np.float64(0.0), np.float64(0.0), np.float64(0.0), np.float64(0.0), np.float64(0.0), np.float64(0.0), np.float64(0.0), np.float64(0.0), np.float64(0.0), np.float64(0.0), np.float64(0.0), np.float64(0.0), np.float64(0.0), np.float64(0.0), np.float64(0.0), np.float64(0.0), np.float64(0.0), np.float64(0.0), np.float64(0.0), np.float64(0.0), np.float64(0.0), np.float64(0.0), np.float64(0.0), np.float64(0.0), np.float64(0.0), np.float64(0.0), np.float64(0.0), np.float64(0.0), np.float64(0.0), np.float64(0.0), np.float64(0.0), np.float64(0.0), np.float64(0.0), np.float64(0.0), np.float64(0.0), np.float64(0.0), np.float64(0.0), np.float64(0.0), np.float64(0.0), np.float64(0.0), np.float64(0.0), np.float64(0.0), np.float64(0.0), np.float64(0.0), np.float64(0.0), np.float64(0.0), np.float64(0.0), np.float64(0.0), np.float64(0.0), np.float64(0.0), np.float64(0.0), np.float64(0.0), np.float64(0.0), np.float64(0.0), np.float64(0.0), np.float64(0.0), np.float64(0.0), np.float64(0.0), np.float64(0.0), np.float64(0.0), np.float64(0.0), np.float64(0.0), np.float64(0.0), np.float64(0.0), np.float64(0.0), np.float64(0.0), np.float64(0.0), np.float64(0.0), np.float64(0.0), np.float64(0.0), np.float64(0.0), np.float64(0.0), np.float64(0.0), np.float64(0.0), np.float64(0.0), np.float64(0.0), np.float64(0.0), np.float64(0.0), np.float64(0.0), np.float64(0.0), np.float64(0.0), np.float64(0.0), np.float64(0.0), np.float64(0.0), np.float64(0.0), np.float64(0.0), np.float64(0.0), np.float64(0.0), np.float64(0.0), np.float64(0.0), np.float64(0.0), np.float64(0.0), np.float64(0.0), np.float64(0.0), np.float64(0.0), np.float64(0.0), np.float64(0.0), np.float64(0.0), np.float64(0.0), np.float64(0.0), np.float64(0.0), np.float64(0.0), np.float64(0.0), np.float64(0.0), np.float64(0.0), np.float64(0.0), np.float64(0.0), np.float64(0.0), np.float64(0.0), np.float64(0.0), np.float64(0.0), np.float64(0.0), np.float64(0.0), np.float64(0.0), np.float64(0.0), np.float64(0.0), np.float64(0.0), np.float64(0.0), np.float64(0.0), np.float64(0.0), np.float64(0.0), np.float64(0.0), np.float64(0.0), np.float64(0.0), np.float64(0.0), np.float64(0.0), np.float64(0.0), np.float64(0.0), np.float64(0.0), np.float64(0.0), np.float64(0.0), np.float64(0.0), np.float64(0.0), np.float64(0.0), np.float64(0.0), np.float64(0.0), np.float64(0.0), np.float64(0.0), np.float64(0.0), np.float64(0.0), np.float64(0.0), np.float64(0.0), np.float64(0.0), np.float64(0.0), np.float64(0.0), np.float64(0.0), np.float64(0.0), np.float64(0.0), np.float64(0.0), np.float64(0.0), np.float64(0.0), np.float64(0.0), np.float64(0.0), np.float64(0.0), np.float64(0.0), np.float64(0.0), np.float64(0.0), np.float64(0.0), np.float64(0.0), np.float64(0.0), np.float64(0.0), np.float64(0.0), np.float64(0.0), np.float64(0.0), np.float64(0.0), np.float64(0.0), np.float64(0.0), np.float64(0.0), np.float64(0.0), np.float64(0.0), np.float64(0.0), np.float64(0.0), np.float64(0.0), np.float64(0.0), np.float64(0.0), np.float64(0.0), np.float64(0.0), np.float64(0.0), np.float64(0.0), np.float64(0.0), np.float64(0.0), np.float64(0.0), np.float64(0.0), np.float64(0.0), np.float64(0.0), np.float64(0.0), np.float64(0.0), np.float64(0.0), np.float64(0.0), np.float64(0.0), np.float64(0.0), np.float64(0.0), np.float64(0.0), np.float64(0.0), np.float64(0.0), np.float64(0.0), np.float64(0.0), np.float64(0.0), np.float64(0.0), np.float64(0.0), np.float64(0.0), np.float64(0.0), np.float64(0.0), np.float64(0.0), np.float64(0.0), np.float64(0.0), np.float64(0.0), np.float64(0.0), np.float64(0.0), np.float64(0.0), np.float64(0.0), np.float64(0.0), np.float64(0.0), np.float64(0.0), np.float64(0.0), np.float64(0.0), np.float64(0.0), np.float64(0.0), np.float64(0.0), np.float64(0.0), np.float64(0.0), np.float64(0.0), np.float64(0.0), np.float64(0.0), np.float64(0.0), np.float64(0.0), np.float64(0.0), np.float64(0.0), np.float64(0.0), np.float64(0.0), np.float64(0.0), np.float64(0.0), np.float64(0.0), np.float64(0.0), np.float64(0.0), np.float64(0.0), np.float64(0.0), np.float64(0.0), np.float64(0.0), np.float64(0.0), np.float64(0.0), np.float64(0.0), np.float64(0.0), np.float64(0.0), np.float64(0.0), np.float64(0.0), np.float64(0.0), np.float64(0.0), np.float64(0.0), np.float64(0.0), np.float64(0.0), np.float64(0.0), np.float64(0.0), np.float64(0.0), np.float64(0.0), np.float64(0.0), np.float64(0.0), np.float64(0.0), np.float64(0.0), np.float64(0.0), np.float64(0.0), np.float64(0.0), np.float64(0.0), np.float64(0.0), np.float64(0.0), np.float64(0.0), np.float64(0.0), np.float64(0.0), np.float64(0.0), np.float64(0.0), np.float64(0.0), np.float64(0.0), np.float64(0.0), np.float64(0.0), np.float64(0.0), np.float64(0.0), np.float64(0.0), np.float64(0.0), np.float64(0.0), np.float64(0.0), np.float64(0.0), np.float64(0.0), np.float64(0.0), np.float64(0.0), np.float64(0.0), np.float64(0.0), np.float64(0.0), np.float64(0.0), np.float64(0.0), np.float64(0.0), np.float64(0.0), np.float64(0.0), np.float64(0.0), np.float64(0.0), np.float64(0.0), np.float64(0.0), np.float64(0.0), np.float64(0.0), np.float64(0.0), np.float64(0.0), np.float64(0.0), np.float64(0.0), np.float64(0.0), np.float64(0.0), np.float64(0.0), np.float64(0.0), np.float64(0.0), np.float64(0.0), np.float64(0.0), np.float64(0.0), np.float64(0.0), np.float64(0.0), np.float64(0.0), np.float64(0.0), np.float64(0.0), np.float64(0.0), np.float64(0.0), np.float64(0.0), np.float64(0.0), np.float64(0.0), np.float64(0.0), np.float64(0.0), np.float64(0.0), np.float64(0.0), np.float64(0.0), np.float64(0.0), np.float64(0.0), np.float64(0.0), np.float64(0.0), np.float64(0.0), np.float64(0.0), np.float64(0.0), np.float64(0.0), np.float64(0.0), np.float64(0.0), np.float64(0.0), np.float64(0.0), np.float64(0.0), np.float64(0.0), np.float64(0.0), np.float64(0.0), np.float64(0.0), np.float64(0.0), np.float64(0.0), np.float64(0.0), np.float64(0.0), np.float64(0.0), np.float64(0.0), np.float64(0.0), np.float64(0.0), np.float64(0.0), np.float64(0.0), np.float64(0.0), np.float64(0.0), np.float64(0.0), np.float64(0.0), np.float64(0.0), np.float64(0.0), np.float64(0.0), np.float64(0.0), np.float64(0.0), np.float64(0.0), np.float64(0.0), np.float64(0.0), np.float64(0.0), np.float64(0.0), np.float64(0.0), np.float64(0.0), np.float64(0.0), np.float64(0.0)], [np.float64(392.3836674631762), np.float64(148.82455470750537), np.float64(16.05962062468366), np.float64(1.2858372801884157e-08), np.float64(1.6718244381609548e-08), np.float64(9.132777501676866), np.float64(6.886213098661002), np.float64(2.785965447993789e-10), np.float64(13.956332157249372), np.float64(6.407499577212205e-07), np.float64(2.4931061759341626e-07), np.float64(8.4423497730039), np.float64(17.220450443109073), np.float64(9.429154103111664e-08), np.float64(1.7580075709673184e-07), np.float64(4.717295065503774e-06), np.float64(4.279181066085404e-06), np.float64(1.300480406288925e-07), np.float64(2.5959523850850327e-07), np.float64(1.455109004760848e-06), np.float64(0.00019767748596514434), np.float64(6.6256384023521), np.float64(8.549433207772163e-06), np.float64(2.0003788332261092e-06), np.float64(1.085939550767148e-06), np.float64(43.37453236124877), np.float64(6.422541407382898), np.float64(4.35612497989389e-06), np.float64(9.3163396340278e-07), np.float64(2.531719349672113e-06), np.float64(1.0658231950876861e-06), np.float64(1.9926941285545464e-06), np.float64(25.793128821877687), np.float64(5.390635389891693), np.float64(1.9294309495877626e-06), np.float64(41.65178289522041), np.float64(6.029647064712727), np.float64(15.956250271036147), np.float64(8.163670367816028e-08), np.float64(8.439646329254165), np.float64(9.253813709791334), np.float64(2.161370786501409e-07), np.float64(6.077652507097853), np.float64(102.60635385529973), np.float64(1.0077365388013264e-07), np.float64(5.068215329318884e-08), np.float64(7.357404477413633), np.float64(6.063035989178265), np.float64(7.755594614161234), np.float64(4.647894514147756), np.float64(9.241481740271292e-07), np.float64(2.680604198713913e-07), np.float64(8.728877544196362), np.float64(1.7832806762574505e-09), np.float64(2.4029375153854744), np.float64(1.333852994634811), np.float64(0.9851408154615895), np.float64(0.43353988870074167), np.float64(0.2014111693439263), np.float64(9.845139315112125e-06), np.float64(2.6250987729904553e-07), np.float64(0.09970376101471828), np.float64(0.05180754513629552), np.float64(3.244517146125822e-08), np.float64(9.016209928505043e-09), np.float64(4.712617843492788e-09), np.float64(1.2223890332388595e-07), np.float64(8.324114779609754e-08), np.float64(1.2530082090284373e-08), np.float64(0.04889049645242502), np.float64(1.4814545575047802e-08), np.float64(3.455337241295555e-05), np.float64(0.0373517826466938), np.float64(5.646682704139469e-09), np.float64(2.3992607968215664e-09), np.float64(2.413195644585318e-07), np.float64(1.7799402799472006e-08), np.float64(0.03449337090080204), np.float64(9.875724707904879e-09), np.float64(0.02748278342573429), np.float64(1.2892648546910588e-09), np.float64(9.521727153312023e-07), np.float64(2.059294772058322e-06), np.float64(0.024987178835483626), np.float64(7.5064119906316455e-06), np.float64(0.020462608009190628), np.float64(0.011077817255909861), np.float64(0.01110926394555282), np.float64(0.008317223210583147), np.float64(6.392067939031235e-06), np.float64(0.00831086203066881), np.float64(3.799171666733221e-07), np.float64(0.006307805761592309), np.float64(6.1724164801994695e-06), np.float64(1.3793317650884282e-10), np.float64(2.8796183183290107e-07), np.float64(1.6579836941650777e-08), np.float64(0.006363908564474397), np.float64(0.00483270724758989), np.float64(0.004956842842275999), np.float64(1.644014256678832e-07), np.float64(0.006228522821451364), np.float64(9.181411024262582e-07), np.float64(0.005229899072417246), np.float64(7.208394960114548e-06), np.float64(1.2996912441801405e-10), np.float64(0.004859137161751132), np.float64(0.00402506376204343), np.float64(1.2416678762036254e-08), np.float64(2.676587878044422e-05), np.float64(0.003781078985067656), np.float64(0.0030763923613775484), np.float64(8.767999071612912e-07), np.float64(0.0030121645068995374), np.float64(5.7102291906872e-08), np.float64(0.0023982570809710575), np.float64(1.0699056128427679e-10), np.float64(3.535599692251428e-11), np.float64(1.0810893177527476e-10), np.float64(0.00027769638891182003), np.float64(0.00321663196459376), np.float64(0.002356820013081722), np.float64(4.127220633586708e-11), np.float64(0.0022830569791933396), np.float64(1.3328204161730847e-08), np.float64(5.998125869423507e-11), np.float64(0.0018408299967871743), np.float64(9.930462844070299e-07), np.float64(0.0018261671338944464), np.float64(0.0014544757512384206), np.float64(0.0014529454320287305), np.float64(4.594979906232158e-11), np.float64(2.322769008904391e-06), np.float64(4.555953973528886e-11), np.float64(0.0019055705920662791), np.float64(0.0016051222091964658), np.float64(0.0014724551915434776), np.float64(3.193833492755397e-07), np.float64(0.0012078789065317823), np.float64(0.0011594496938733558), np.float64(6.172355122457975e-07), np.float64(0.0009546380031958163), np.float64(1.7481527334677105e-11), np.float64(3.6727026452455963e-11), np.float64(0.000948159951581831), np.float64(0.0012587199866628885), np.float64(0.0010688792756909397), np.float64(6.156864694052034e-11), np.float64(0.001000465957611535), np.float64(3.972757975080582e-11), np.float64(0.0004229026779449626), np.float64(5.5074883340415104e-12), np.float64(2.623484555501609e-10), np.float64(1.1263821886510965e-09), np.float64(1.1453870716156542e-09), np.float64(0.00147660957422815), np.float64(0.0008860777680415874), np.float64(8.617922971603381e-05), np.float64(1.1226875026393143e-08), np.float64(0.0006404857482302514), np.float64(0.0005113324007928829), np.float64(0.0005461006338978551), np.float64(0.0007120998868717431), np.float64(7.0077778976138934e-09), np.float64(0.0005877150764410917), np.float64(7.038622734352337e-09), np.float64(0.0005567701622766925), np.float64(1.113057492170255e-05), np.float64(0.00044302184370823656), np.float64(1.1754900109557457e-05), np.float64(1.0840044388426491e-10), np.float64(0.0003857907530441391), np.float64(1.3951149156801543e-09), np.float64(0.00032922875518811504), np.float64(0.00013791107736354323), np.float64(3.62684752141569e-05), np.float64(1.1827390187547964e-12), np.float64(6.112506706716255e-12), np.float64(3.288180785699647e-12), np.float64(3.3299738177005455e-12), np.float64(3.3343781474444335e-12), np.float64(0.0040475300504499425), np.float64(1.5795666731945466e-10), np.float64(0.0002106842556556642), np.float64(0.00016923414555111937), np.float64(2.4402360540388473e-12), np.float64(0.0001172551973382045), np.float64(5.419613600141575e-10), np.float64(9.338296036331708e-05), np.float64(8.659546313688952e-05), np.float64(1.4992916172484e-10), np.float64(6.893864267668178e-05), np.float64(7.457070226563406e-13), np.float64(7.570474385829938e-05), np.float64(9.525805258006244e-05), np.float64(8.884859821152228e-05), np.float64(7.829027667554998e-05), np.float64(2.4248910613311166e-10), np.float64(4.715382066136278e-11), np.float64(2.1496314989399423e-12), np.float64(2.958797738721125e-11), np.float64(6.710225430440622e-11), np.float64(1.2217993187696083e-09), np.float64(2.623862675215572e-10), np.float64(5.973615036257272e-11), np.float64(7.928950571518754e-11), np.float64(5.1185127005501126e-05), np.float64(2.170718482949554e-08), np.float64(4.677362540079814e-10), np.float64(1.0163024250736475e-11), np.float64(2.5939350073439045e-05), np.float64(2.4518432639243795e-05), np.float64(4.7852323067112186e-11), np.float64(3.2780856249337785e-05), np.float64(2.189678327616048e-09), np.float64(2.8028086470617193e-05), np.float64(1.1386603101383173e-10), np.float64(2.7669813472147806e-05), np.float64(1.732469510812505e-05), np.float64(6.872141714376745e-05), np.float64(4.968723018700009e-12), np.float64(8.536746433074441e-05), np.float64(2.524840474675079e-10), np.float64(6.214515110400874e-05), np.float64(6.672637908006711e-12), np.float64(7.340941223065885e-13), np.float64(2.4087086096009518e-05), np.float64(4.443155901797207e-06), np.float64(2.1472648842642247e-05), np.float64(1.475259889139533e-11), np.float64(1.0091936577605167e-11), np.float64(1.3276682052967198e-05), np.float64(7.527043773986431e-11), np.float64(2.9673754226798982e-05), np.float64(6.176869389659423e-05), np.float64(6.299895036281741e-05), np.float64(4.554151528729107e-10), np.float64(2.668771748228652e-05), np.float64(2.6953881572356037e-12), np.float64(2.2103564633784e-12), np.float64(2.671134366767711e-05), np.float64(5.1755312150029986e-11), np.float64(4.052627963875834e-11), np.float64(7.054731477538126e-06), np.float64(3.3405641012645813e-06), np.float64(1.4184169399826664e-13), np.float64(1.9511387112830122e-10), np.float64(1.7260858627429434e-11), np.float64(2.4169283043574133e-13), np.float64(1.4447748003312663e-11), np.float64(2.3980881580834942e-15), np.float64(2.6236171278898386e-07), np.float64(9.337455366296571e-07), np.float64(8.414626782279881e-14), np.float64(4.5276544161547355e-09), np.float64(1.3930963590548339e-13), np.float64(1.4120706037593494e-13), np.float64(5.273559366969494e-16)], [np.float64(392.77595605593746), np.float64(2.0555947596987374e-06), np.float64(3.991660268094667e-07), np.float64(4.244574133798322e-06), np.float64(7.937822608387396e-07), np.float64(5.943887975915026e-06), np.float64(2.1937716308993566e-06), np.float64(148.49048649598424), np.float64(4.096014388718614e-08), np.float64(14.640094671494918), np.float64(9.019203564853639), np.float64(6.397985430553863), np.float64(8.446099920955786e-08), np.float64(5.912411954442498e-08), np.float64(1.445850676125457e-07), np.float64(6.710881467057323e-08), np.float64(4.237557276965997e-08), np.float64(4.224384810805334e-08), np.float64(2.4841113209551267e-07), np.float64(5.510676508234862e-08), np.float64(4.828015267799163e-07), np.float64(3.2218310622508993e-07), np.float64(1.3858647097978472e-07), np.float64(6.372266772770668e-08), np.float64(6.716539603829075e-08), np.float64(4.264732147589769e-08), np.float64(8.848673323446048e-08), np.float64(2.2755029442610575e-07), np.float64(2.129170358549642e-07), np.float64(1.0555105748037973e-07), np.float64(51.62867381510947), np.float64(12.72779841597591), np.float64(1.3005474928695816e-07), np.float64(5.814720325693189e-08), np.float64(9.543653581104714), np.float64(1.7459949246253552e-06), np.float64(6.4258276925028), np.float64(1.7836161545501872e-06), np.float64(1.078462471087483e-06), np.float64(2.125402333764341e-06), np.float64(70.15611181679196), np.float64(25.35729268159818), np.float64(7.777123307585682), np.float64(5.635137242795073), np.float64(1.159718311633088e-05), np.float64(39.136156769188744), np.float64(4.488500711765334), np.float64(14.216818525613077), np.float64(3.9833913857879747e-07), np.float64(7.797716503148342), np.float64(12.395242702974155), np.float64(5.726270104056223), np.float64(26.45488683398046), np.float64(1.0373686159434523e-05), np.float64(45.135077934210805), np.float64(6.807957594689945), np.float64(5.390243967240931), np.float64(0.0001656618697848526), np.float64(4.000351569390972e-06), np.float64(4.815521659313647e-07), np.float64(17.06238554214343), np.float64(5.7891911720741565), np.float64(5.547307830894738e-08), np.float64(1.5292731235942996e-07), np.float64(3.3790178582694415), np.float64(2.1765178216799215), np.float64(1.0958713370329225e-08), np.float64(3.8712918582208535e-07), np.float64(2.0474657971502556e-05), np.float64(2.2215906706937323e-08), np.float64(0.8659415645984573), np.float64(0.8096150576398982), np.float64(0.5410327597904172), np.float64(0.2649665408401084), np.float64(1.1611474975927514e-05), np.float64(0.13113163609012496), np.float64(0.06608902225980133), np.float64(6.135924664456337e-06), np.float64(0.03435660699628287), np.float64(1.8526726223184148e-07), np.float64(1.799832339740439e-08), np.float64(0.03183655391941664), np.float64(0.025398081117398344), np.float64(2.086411964215858e-06), np.float64(0.02313888341653259), np.float64(1.388811497620741e-06), np.float64(3.0257935221353744e-06), np.float64(7.226338213225855e-07), np.float64(0.01898975556040732), np.float64(0.010287891147878177), np.float64(3.7976994850201097e-10), np.float64(1.1212208478283999e-09), np.float64(0.01030601481324662), np.float64(0.0077444798568725055), np.float64(0.0077256321161650226), np.float64(5.239003093088711e-10), np.float64(4.7552769763191414e-07), np.float64(0.005894378471748716), np.float64(1.3945557533891751e-08), np.float64(0.0059214937889888975), np.float64(1.5899967064429633e-10), np.float64(0.004531690133725768), np.float64(2.635133190853863e-07), np.float64(0.004628842664851377), np.float64(0.005874705466248098), np.float64(6.496461347678587e-10), np.float64(0.004929171924742596), np.float64(0.004574989279243743), np.float64(1.0810218088408175e-07), np.float64(1.1873464145107968e-09), np.float64(0.003815718167452349), np.float64(0.003630781399791163), np.float64(2.4534266160984348e-05), np.float64(0.002940019848934942), np.float64(0.002854407621703618), np.float64(6.738259365191747e-05), np.float64(0.0022012378339355252), np.float64(0.0022398072691267126), np.float64(5.894862012644906e-11), np.float64(0.002911578334671133), np.float64(1.023778005653865e-05), np.float64(0.002443601581535368), np.float64(0.002288468612701835), np.float64(0.0019095162795921268), np.float64(1.4653145178057274e-05), np.float64(6.609108095725904e-09), np.float64(8.289398005126494e-05), np.float64(0.0016525936147814254), np.float64(7.842999331641663e-05), np.float64(0.0019626599511030347), np.float64(4.012539862101759e-05), np.float64(0.0016055547705459755), np.float64(2.7678683506850815e-09), np.float64(0.0015463587593753307), np.float64(1.3963271252487973e-10), np.float64(2.409318390858812e-10), np.float64(0.001256495003043216), np.float64(0.0012183037999517617), np.float64(1.4017577288591579e-08), np.float64(0.000989465096838501), np.float64(0.0009680631375368248), np.float64(0.0007838189142652432), np.float64(5.543754253755759e-10), np.float64(1.3307709819912877e-11), np.float64(7.0723110824165765e-12), np.float64(8.531673816217993e-12), np.float64(0.00018548485897606823), np.float64(1.5033795661843305e-12), np.float64(0.004072679437779792), np.float64(2.097978292388373e-09), np.float64(0.0014177550512132996), np.float64(0.0007317183149428577), np.float64(0.0004027687273114325), np.float64(0.0003933899656075789), np.float64(1.8614442582576142e-09), np.float64(2.7859452289970756e-06), np.float64(0.00030374600994667687), np.float64(5.149232319864971e-12), np.float64(3.540027714556169e-12), np.float64(0.00030270130720422636), np.float64(0.0004258912006083284), np.float64(0.00033877684191623464), np.float64(5.102858063951779e-12), np.float64(3.3590095096846734e-07), np.float64(0.0003429646298822368), np.float64(0.00027031833901974606), np.float64(4.951094104853759e-12), np.float64(1.1821802800950116e-09), np.float64(1.3817189382980529e-12), np.float64(0.0002768746626693712), np.float64(4.574578319892242e-12), np.float64(7.403962055448601e-09), np.float64(1.1386917661736397e-11), np.float64(6.331256838894814e-07), np.float64(0.00020761547525918633), np.float64(9.377548517660228e-05), np.float64(0.0001380958581018905), np.float64(0.000272572556551687), np.float64(0.00022473002266067095), np.float64(3.4609051663166878e-12), np.float64(0.00020670698811509742), np.float64(2.495997208888383e-12), np.float64(0.00017256475483203135), np.float64(1.8839449403796182e-12), np.float64(6.427621004697944e-12), np.float64(0.00014180289074165357), np.float64(0.00023313885135882567), np.float64(7.527259556480156e-10), np.float64(0.00019885850904948206), np.float64(1.1534567891672386e-05), np.float64(0.0001703545141813943), np.float64(0.00012044893222146179), np.float64(0.00013024043603805465), np.float64(2.726291620729775e-06), np.float64(0.00018358532451623287), np.float64(0.00014039988557727973), np.float64(2.196749602549692e-09), np.float64(0.00012128079925200637), np.float64(0.0002047511572804003), np.float64(0.000165311603614781), np.float64(1.0029528128039607e-12), np.float64(2.963454206631376e-12), np.float64(0.00015112754788415873), np.float64(0.0001291976390547244), np.float64(6.483739641914533e-05), np.float64(6.029426049863711e-05), np.float64(1.957992448107156e-09), np.float64(5.130432147433316e-05), np.float64(4.976360191646026e-05), np.float64(1.2677812907000271e-09), np.float64(9.325950829317274e-05), np.float64(0.00011908599974160951), np.float64(1.5954564330447805e-09), np.float64(2.5611164996310406e-12), np.float64(1.3098258856167803e-12), np.float64(8.896738532568774e-05), np.float64(3.7817146663802514e-11), np.float64(4.779337609347754e-05), np.float64(4.773382285445015e-05), np.float64(5.827008380588481e-13), np.float64(6.646454347821368e-12), np.float64(7.329333205334643e-13), np.float64(6.668127512791575e-05), np.float64(0.00011460305602407947), np.float64(8.477854990073876e-05), np.float64(1.752325218872337e-10), np.float64(4.42212730006843e-05), np.float64(4.449548520438433e-05), np.float64(2.856593809952257e-10), np.float64(2.69550756462966e-12), np.float64(5.976975879460377e-05), np.float64(1.601449818989868e-10), np.float64(5.135470708053389e-05), np.float64(1.465942733608542e-10), np.float64(2.6388291867187207e-05), np.float64(9.725439124080986e-13), np.float64(3.701540517532412e-09), np.float64(2.1694613172236684e-13), np.float64(4.6965681392469834e-12), np.float64(3.273442839948935e-11), np.float64(1.20365437768258e-10), np.float64(6.714471250428693e-10), np.float64(1.1586163354846677e-06), np.float64(2.343278210327343e-11), np.float64(1.1158260705941243e-05), np.float64(1.696709052736187e-13), np.float64(3.8862852625634186e-11), np.float64(8.490388318494526e-05), np.float64(7.334107921165975e-05), np.float64(5.3228567062126936e-05), np.float64(2.7986387531409824e-05), np.float64(2.8156349388365753e-13), np.float64(6.021371120945511e-05), np.float64(4.65036062971472e-05), np.float64(8.121205247703319e-10), np.float64(7.935875749258575e-09), np.float64(5.368522583384339e-08), np.float64(4.606523796763191e-05), np.float64(3.45306296893135e-05), np.float64(4.0722430288635574e-05), np.float64(1.365606843639751e-11), np.float64(5.165000035310569e-05), np.float64(6.732989040947528e-11), np.float64(2.387949195683566e-12), np.float64(4.658655128602184e-05), np.float64(4.2064898391591603e-10), np.float64(5.050923251507906e-06), np.float64(1.2516905914474828e-10), np.float64(3.86823068104786e-05), np.float64(3.148223856528887e-08), np.float64(1.1353990575405936e-11), np.float64(2.586499157617198e-05), np.float64(9.431515551413352e-06), np.float64(1.1689674146484667e-12), np.float64(2.772869520200979e-14)], [np.float64(393.44567291478), np.float64(147.8383925395429), np.float64(14.690704889923483), np.float64(11.779100074434695), np.float64(1.4206553902212102e-06), np.float64(1.1257802885915687e-07), np.float64(1.9959462072685756e-07), np.float64(13.998430422204354), np.float64(5.518185390190199e-07), np.float64(5.649943536951489e-06), np.float64(7.263651348197859), np.float64(2.1798033821948593e-09), np.float64(2.2299649081645422e-09), np.float64(2.374584247061672e-08), np.float64(8.191621304893207), np.float64(9.516691868188686e-08), np.float64(6.794538866827241e-08), np.float64(1.018335748556912e-07), np.float64(9.806709498430315), np.float64(2.552216415866544e-06), np.float64(5.59085387746211e-07), np.float64(9.11372586813675), np.float64(6.216564661176409), np.float64(2.318154039768266e-06), np.float64(27.198082731164643), np.float64(6.009602383203124), np.float64(11.982679316953542), np.float64(6.4533945645944035), np.float64(3.664926885284341e-06), np.float64(9.427676540368542e-08), np.float64(9.634108252200953), np.float64(1.1910086129102156e-07), np.float64(1.2045990189351406e-07), np.float64(2.15823254698733e-07), np.float64(2.522604992785199e-07), np.float64(1.444852701683343e-05), np.float64(6.655678218484434), np.float64(4.729527072676453e-06), np.float64(0.00015327436179588794), np.float64(70.26352808159069), np.float64(11.244519089342237), np.float64(1.3315233339229666e-07), np.float64(5.711685384608127), np.float64(10.107519051639308), np.float64(64.37289349180286), np.float64(5.921117069135464), np.float64(1.0027425933162736e-06), np.float64(17.40631760007088), np.float64(8.200329585816211e-07), np.float64(6.168154489604238e-08), np.float64(1.246097753541091e-07), np.float64(5.631382262357288e-08), np.float64(1.0646085192374666e-06), np.float64(5.965632259852574e-08), np.float64(6.68028657783187e-08), np.float64(4.839653766041671), np.float64(1.9545097148133112e-05), np.float64(2.4544651432172986e-05), np.float64(60.43878041539546), np.float64(2.694064049841677e-07), np.float64(3.9193901196931016e-07), np.float64(4.416364911533333), np.float64(1.2396301530605183e-06), np.float64(16.784960218623876), np.float64(2.339619485151774e-06), np.float64(6.072095863260129e-09), np.float64(6.883442658783586), np.float64(4.923892277583367), np.float64(3.5210367419306636), np.float64(5.132277810217299e-07), np.float64(2.0794667703640026e-07), np.float64(4.0276322817342605), np.float64(1.3980769624761599e-09), np.float64(3.49081327408955), np.float64(3.3308819539977774), np.float64(2.018490645846108), np.float64(4.4881242247476404e-07), np.float64(2.572566855182799e-05), np.float64(1.375019085181275e-06), np.float64(0.5096177354792252), np.float64(0.17932835766061359), np.float64(4.049091084202781e-06), np.float64(1.8308282164110475e-05), np.float64(0.08265590394876583), np.float64(1.3119388831448587e-06), np.float64(0.04160596651797228), np.float64(3.1234458886295915e-07), np.float64(3.03042583417035e-07), np.float64(0.03793072633457065), np.float64(3.2585736360730457e-06), np.float64(0.030203842260366372), np.float64(0.027280051779577257), np.float64(2.0610980179803592e-05), np.float64(0.022326147740744855), np.float64(1.4783260844166781e-05), np.float64(7.660263792258005e-07), np.float64(0.012007929719776848), np.float64(0.011964322514089758), np.float64(6.745787209338524e-10), np.float64(0.008972886257005205), np.float64(7.248640013601747e-10), np.float64(3.901677935386096e-10), np.float64(0.008888905459400555), np.float64(0.0067863453516537765), np.float64(1.392660292806598e-08), np.float64(0.006804663328709986), np.float64(0.005197450921193872), np.float64(5.300033086565593e-07), np.float64(3.9848340335390024e-08), np.float64(0.005263666414450998), np.float64(2.645528193090873e-06), np.float64(0.00669440070520503), np.float64(2.527021675196426e-09), np.float64(0.005613158724304727), np.float64(0.005189832841832622), np.float64(0.004334694951008702), np.float64(4.6420640116575004e-11), np.float64(2.3376821095740083e-06), np.float64(0.004084101996798357), np.float64(0.0033595639089327267), np.float64(0.0032548909301062163), np.float64(0.0026147739678126676), np.float64(1.2473632560246042e-10), np.float64(2.6249839747719324e-06), np.float64(0.0026021704858710535), np.float64(0.0020287001936949447), np.float64(0.0021242365097516734), np.float64(3.2689048034955876e-11), np.float64(0.002694909622881223), np.float64(0.0022606267739717525), np.float64(0.0021398814508443295), np.float64(1.258145491009005e-10), np.float64(1.2101557690552177e-10), np.float64(0.0017659773777623246), np.float64(0.0017262010076923352), np.float64(0.0013811866572528558), np.float64(0.00138128729330315), np.float64(0.0010985062427488204), np.float64(1.5933440206838112e-07), np.float64(7.931898600538655e-12), np.float64(2.8222003384554653e-06), np.float64(4.338815961662608e-09), np.float64(0.0010895473670190297), np.float64(0.001438512818953523), np.float64(9.036704342096378e-11), np.float64(0.001195273047558292), np.float64(0.0011353992448698603), np.float64(0.0009475207988546808), np.float64(0.0009260354455485926), np.float64(1.0146721159664e-10), np.float64(0.0007532685578636265), np.float64(6.20671986504379e-06), np.float64(8.872090011207315e-12), np.float64(2.671432299018882e-06), np.float64(2.799802877591433e-11), np.float64(0.0007199936283218506), np.float64(0.0009436295285606817), np.float64(0.0008051050523222568), np.float64(0.0007393396544839124), np.float64(4.436886358507202e-06), np.float64(3.531111066181982e-09), np.float64(0.0006202213287457921), np.float64(8.433548400599283e-12), np.float64(0.0006110949276440962), np.float64(0.0004891338186665449), np.float64(5.844978117934403e-10), np.float64(0.0004906003470668135), np.float64(4.750337902791374e-11), np.float64(3.787278789553114e-11), np.float64(1.0131355608883091e-07), np.float64(0.0006624166195640293), np.float64(0.0005538099898292778), np.float64(0.000491441506976623), np.float64(1.3012395636915797e-06), np.float64(0.00044003618752021196), np.float64(2.491939176716868e-12), np.float64(0.0003936517200066145), np.float64(1.700500309015212e-11), np.float64(0.00033429364285688127), np.float64(0.0003521497428237562), np.float64(5.467740258512195e-06), np.float64(1.3620214353238633e-11), np.float64(0.00026117920758878395), np.float64(0.0002494035924281911), np.float64(1.6119848470964162e-11), np.float64(0.0003578516710465285), np.float64(1.0770515600652417e-07), np.float64(3.136929508907723e-11), np.float64(4.8878853659878274e-11), np.float64(0.0002988410263709468), np.float64(0.0002784481787223095), np.float64(0.00022392324099334345), np.float64(0.0002193260222671902), np.float64(0.0003359427415987332), np.float64(0.00026246670695100375), np.float64(0.0002404721560511836), np.float64(1.550541200138345e-09), np.float64(0.00020596931249177705), np.float64(9.358910461335316e-12), np.float64(9.296701013464844e-12), np.float64(9.320416147916532e-12), np.float64(0.0002062263344785729), np.float64(0.000153499877504581), np.float64(1.0320265896710575e-12), np.float64(4.105214056766348e-09), np.float64(2.2277252123082337e-05), np.float64(0.00018318409447153894), np.float64(3.020559055089188e-05), np.float64(2.9270035102064208e-12), np.float64(1.9296272229368028e-07), np.float64(0.00017277714903488723), np.float64(0.00014910204272178666), np.float64(0.0001394399287626021), np.float64(0.00011191937917721485), np.float64(5.884205355093373e-05), np.float64(5.5559888757387754e-05), np.float64(7.924820539931833e-05), np.float64(0.00013928071448182338), np.float64(0.000103689114748003), np.float64(0.00011911361891999381), np.float64(8.259469127834659e-05), np.float64(4.44997062749926e-13), np.float64(9.583542245805208e-05), np.float64(5.14731868083368e-12), np.float64(1.1372888976366409e-11), np.float64(3.248811697133044e-10), np.float64(6.573869682651592e-05), np.float64(0.00014453202086089944), np.float64(0.00010306706202782825), np.float64(9.457603743755753e-05), np.float64(9.15286752621431e-13), np.float64(7.961126059919532e-09), np.float64(8.162415327687272e-05), np.float64(9.510525031741028e-05), np.float64(7.274586586176936e-05), np.float64(3.671355133297226e-13), np.float64(8.554198992040894e-05), np.float64(4.7505058221127294e-05), np.float64(3.6611282982847635e-11), np.float64(4.875744833230592e-05), np.float64(1.0216779235358857e-08), np.float64(3.996432228138347e-05), np.float64(4.157364920057866e-05), np.float64(2.1203532127907202e-12), np.float64(7.479690941674064e-13), np.float64(3.533710350268223e-13), np.float64(1.4977966927413283e-06), np.float64(5.144159257546421e-05), np.float64(2.775228111935564e-07), np.float64(2.717789988807505e-07), np.float64(1.3223021567771362e-12), np.float64(3.047051788913341e-12), np.float64(6.540886864259382e-13), np.float64(4.1996897264584635e-05), np.float64(6.87959426037183e-13), np.float64(1.7641164330061375e-11), np.float64(8.01712919186828e-14), np.float64(1.813905531593873e-06), np.float64(1.1511482443502918e-12), np.float64(3.0764647112968335e-13), np.float64(1.2965628496630663e-13), np.float64(1.1544109031234072e-05), np.float64(3.672896485301569e-14), np.float64(8.326672684688674e-17), np.float64(5.551115123125783e-17), np.float64(0.0), np.float64(0.0), np.float64(0.0), np.float64(0.0), np.float64(0.0), np.float64(0.0), np.float64(0.0), np.float64(0.0), np.float64(0.0), np.float64(0.0), np.float64(0.0), np.float64(0.0), np.float64(0.0), np.float64(0.0), np.float64(0.0), np.float64(0.0), np.float64(0.0), np.float64(0.0), np.float64(0.0), np.float64(0.0), np.float64(0.0), np.float64(0.0), np.float64(0.0), np.float64(0.0), np.float64(0.0), np.float64(0.0), np.float64(0.0), np.float64(0.0), np.float64(0.0), np.float64(0.0), np.float64(0.0), np.float64(0.0), np.float64(0.0), np.float64(0.0), np.float64(0.0), np.float64(0.0), np.float64(0.0), np.float64(0.0), np.float64(0.0), np.float64(0.0), np.float64(0.0), np.float64(0.0), np.float64(0.0), np.float64(0.0), np.float64(0.0), np.float64(0.0), np.float64(0.0), np.float64(0.0), np.float64(0.0), np.float64(0.0), np.float64(0.0), np.float64(0.0), np.float64(0.0), np.float64(0.0), np.float64(0.0), np.float64(0.0), np.float64(0.0), np.float64(0.0), np.float64(0.0), np.float64(0.0), np.float64(0.0), np.float64(0.0), np.float64(0.0), np.float64(0.0), np.float64(0.0), np.float64(0.0), np.float64(0.0), np.float64(0.0), np.float64(0.0), np.float64(0.0), np.float64(0.0), np.float64(0.0), np.float64(0.0), np.float64(0.0), np.float64(0.0), np.float64(0.0), np.float64(0.0), np.float64(0.0), np.float64(0.0), np.float64(0.0), np.float64(0.0), np.float64(0.0), np.float64(0.0), np.float64(0.0), np.float64(0.0), np.float64(0.0), np.float64(0.0), np.float64(0.0), np.float64(0.0), np.float64(0.0), np.float64(0.0), np.float64(0.0), np.float64(0.0), np.float64(0.0), np.float64(0.0), np.float64(0.0), np.float64(0.0), np.float64(0.0), np.float64(0.0), np.float64(0.0), np.float64(0.0), np.float64(0.0), np.float64(0.0), np.float64(0.0), np.float64(0.0), np.float64(0.0), np.float64(0.0), np.float64(0.0), np.float64(0.0), np.float64(0.0), np.float64(0.0), np.float64(0.0), np.float64(0.0), np.float64(0.0), np.float64(0.0), np.float64(0.0), np.float64(0.0), np.float64(0.0), np.float64(0.0), np.float64(0.0), np.float64(0.0), np.float64(0.0), np.float64(0.0), np.float64(0.0), np.float64(0.0), np.float64(0.0), np.float64(0.0), np.float64(0.0), np.float64(0.0), np.float64(0.0), np.float64(0.0), np.float64(0.0), np.float64(0.0), np.float64(0.0), np.float64(0.0), np.float64(0.0), np.float64(0.0), np.float64(0.0), np.float64(0.0), np.float64(0.0), np.float64(0.0), np.float64(0.0), np.float64(0.0), np.float64(0.0), np.float64(0.0), np.float64(0.0), np.float64(0.0), np.float64(0.0), np.float64(0.0), np.float64(0.0), np.float64(0.0), np.float64(0.0), np.float64(0.0), np.float64(0.0), np.float64(0.0), np.float64(0.0), np.float64(0.0), np.float64(0.0), np.float64(0.0), np.float64(0.0), np.float64(0.0), np.float64(0.0), np.float64(0.0), np.float64(0.0), np.float64(0.0), np.float64(0.0), np.float64(0.0), np.float64(0.0), np.float64(0.0), np.float64(0.0), np.float64(0.0), np.float64(0.0), np.float64(0.0), np.float64(0.0), np.float64(0.0), np.float64(0.0), np.float64(0.0), np.float64(0.0), np.float64(0.0), np.float64(0.0), np.float64(0.0), np.float64(0.0), np.float64(0.0), np.float64(0.0), np.float64(0.0), np.float64(0.0), np.float64(0.0), np.float64(0.0), np.float64(0.0), np.float64(0.0), np.float64(0.0), np.float64(0.0), np.float64(0.0), np.float64(0.0), np.float64(0.0), np.float64(0.0), np.float64(0.0), np.float64(0.0), np.float64(0.0), np.float64(0.0), np.float64(0.0), np.float64(0.0), np.float64(0.0), np.float64(0.0), np.float64(0.0), np.float64(0.0), np.float64(0.0), np.float64(0.0), np.float64(0.0), np.float64(0.0), np.float64(0.0), np.float64(0.0), np.float64(0.0), np.float64(0.0), np.float64(0.0), np.float64(0.0), np.float64(0.0), np.float64(0.0), np.float64(0.0), np.float64(0.0), np.float64(0.0), np.float64(0.0), np.float64(0.0), np.float64(0.0), np.float64(0.0), np.float64(0.0), np.float64(0.0), np.float64(0.0), np.float64(0.0), np.float64(0.0), np.float64(0.0), np.float64(0.0), np.float64(0.0), np.float64(0.0), np.float64(0.0), np.float64(0.0), np.float64(0.0), np.float64(0.0), np.float64(0.0), np.float64(0.0), np.float64(0.0), np.float64(0.0), np.float64(0.0), np.float64(0.0), np.float64(0.0), np.float64(0.0), np.float64(0.0), np.float64(0.0), np.float64(0.0), np.float64(0.0), np.float64(0.0), np.float64(0.0), np.float64(0.0), np.float64(0.0), np.float64(0.0), np.float64(0.0), np.float64(0.0), np.float64(0.0), np.float64(0.0), np.float64(0.0), np.float64(0.0), np.float64(0.0), np.float64(0.0), np.float64(0.0), np.float64(0.0), np.float64(0.0), np.float64(0.0), np.float64(0.0), np.float64(0.0), np.float64(0.0), np.float64(0.0), np.float64(0.0), np.float64(0.0), np.float64(0.0), np.float64(0.0), np.float64(0.0), np.float64(0.0), np.float64(0.0), np.float64(0.0), np.float64(0.0), np.float64(0.0), np.float64(0.0), np.float64(0.0), np.float64(0.0), np.float64(0.0), np.float64(0.0), np.float64(0.0), np.float64(0.0), np.float64(0.0), np.float64(0.0), np.float64(0.0), np.float64(0.0), np.float64(0.0), np.float64(0.0), np.float64(0.0), np.float64(0.0), np.float64(0.0), np.float64(0.0), np.float64(0.0), np.float64(0.0), np.float64(0.0), np.float64(0.0), np.float64(0.0), np.float64(0.0), np.float64(0.0), np.float64(0.0), np.float64(0.0), np.float64(0.0), np.float64(0.0), np.float64(0.0), np.float64(0.0), np.float64(0.0), np.float64(0.0), np.float64(0.0), np.float64(0.0), np.float64(0.0), np.float64(0.0), np.float64(0.0), np.float64(0.0), np.float64(0.0), np.float64(0.0), np.float64(0.0), np.float64(0.0), np.float64(0.0), np.float64(0.0), np.float64(0.0), np.float64(0.0), np.float64(0.0), np.float64(0.0), np.float64(0.0), np.float64(0.0), np.float64(0.0), np.float64(0.0), np.float64(0.0), np.float64(0.0), np.float64(0.0), np.float64(0.0), np.float64(0.0), np.float64(0.0), np.float64(0.0), np.float64(0.0), np.float64(0.0), np.float64(0.0), np.float64(0.0), np.float64(0.0), np.float64(0.0), np.float64(0.0), np.float64(0.0), np.float64(0.0), np.float64(0.0), np.float64(0.0), np.float64(0.0), np.float64(0.0), np.float64(0.0), np.float64(0.0), np.float64(0.0), np.float64(0.0), np.float64(0.0), np.float64(0.0), np.float64(0.0), np.float64(0.0), np.float64(0.0), np.float64(0.0), np.float64(0.0), np.float64(0.0), np.float64(0.0), np.float64(0.0), np.float64(0.0), np.float64(0.0), np.float64(0.0), np.float64(0.0), np.float64(0.0), np.float64(0.0), np.float64(0.0), np.float64(0.0), np.float64(0.0), np.float64(0.0), np.float64(0.0), np.float64(0.0), np.float64(0.0), np.float64(0.0), np.float64(0.0), np.float64(0.0), np.float64(0.0), np.float64(0.0), np.float64(0.0), np.float64(0.0), np.float64(0.0), np.float64(0.0), np.float64(0.0), np.float64(0.0), np.float64(0.0), np.float64(0.0), np.float64(0.0), np.float64(0.0), np.float64(0.0), np.float64(0.0), np.float64(0.0), np.float64(0.0), np.float64(0.0), np.float64(0.0), np.float64(0.0), np.float64(0.0), np.float64(0.0), np.float64(0.0), np.float64(0.0), np.float64(0.0), np.float64(0.0), np.float64(0.0), np.float64(0.0), np.float64(0.0), np.float64(0.0), np.float64(0.0), np.float64(0.0), np.float64(0.0), np.float64(0.0), np.float64(0.0), np.float64(0.0), np.float64(0.0), np.float64(0.0), np.float64(0.0), np.float64(0.0), np.float64(0.0), np.float64(0.0), np.float64(0.0), np.float64(0.0), np.float64(0.0), np.float64(0.0), np.float64(0.0), np.float64(0.0), np.float64(0.0), np.float64(0.0), np.float64(0.0), np.float64(0.0), np.float64(0.0), np.float64(0.0), np.float64(0.0), np.float64(0.0), np.float64(0.0), np.float64(0.0), np.float64(0.0), np.float64(0.0), np.float64(0.0), np.float64(0.0), np.float64(0.0), np.float64(0.0), np.float64(0.0), np.float64(0.0), np.float64(0.0), np.float64(0.0), np.float64(0.0), np.float64(0.0), np.float64(0.0), np.float64(0.0), np.float64(0.0), np.float64(0.0), np.float64(0.0), np.float64(0.0), np.float64(0.0), np.float64(0.0), np.float64(0.0), np.float64(0.0), np.float64(0.0), np.float64(0.0), np.float64(0.0), np.float64(0.0), np.float64(0.0), np.float64(0.0), np.float64(0.0), np.float64(0.0), np.float64(0.0), np.float64(0.0), np.float64(0.0), np.float64(0.0), np.float64(0.0), np.float64(0.0), np.float64(0.0), np.float64(0.0), np.float64(0.0), np.float64(0.0), np.float64(0.0), np.float64(0.0), np.float64(0.0), np.float64(0.0), np.float64(0.0), np.float64(0.0), np.float64(0.0), np.float64(0.0), np.float64(0.0), np.float64(0.0), np.float64(0.0), np.float64(0.0), np.float64(0.0), np.float64(0.0), np.float64(0.0), np.float64(0.0), np.float64(0.0), np.float64(0.0), np.float64(0.0), np.float64(0.0), np.float64(0.0), np.float64(0.0), np.float64(0.0), np.float64(0.0), np.float64(0.0), np.float64(0.0), np.float64(0.0), np.float64(0.0), np.float64(0.0), np.float64(0.0), np.float64(0.0), np.float64(0.0), np.float64(0.0), np.float64(0.0), np.float64(0.0), np.float64(0.0), np.float64(0.0), np.float64(0.0), np.float64(0.0), np.float64(0.0), np.float64(0.0), np.float64(0.0), np.float64(0.0), np.float64(0.0), np.float64(0.0), np.float64(0.0), np.float64(0.0), np.float64(0.0), np.float64(0.0), np.float64(0.0), np.float64(0.0), np.float64(0.0), np.float64(0.0), np.float64(0.0), np.float64(0.0), np.float64(0.0), np.float64(0.0), np.float64(0.0), np.float64(0.0), np.float64(0.0), np.float64(0.0), np.float64(0.0), np.float64(0.0), np.float64(0.0), np.float64(0.0), np.float64(0.0), np.float64(0.0), np.float64(0.0), np.float64(0.0), np.float64(0.0), np.float64(0.0), np.float64(0.0), np.float64(0.0), np.float64(0.0), np.float64(0.0), np.float64(0.0), np.float64(0.0), np.float64(0.0), np.float64(0.0), np.float64(0.0), np.float64(0.0), np.float64(0.0), np.float64(0.0), np.float64(0.0), np.float64(0.0), np.float64(0.0), np.float64(0.0), np.float64(0.0), np.float64(0.0), np.float64(0.0), np.float64(0.0), np.float64(0.0), np.float64(0.0), np.float64(0.0), np.float64(0.0), np.float64(0.0), np.float64(0.0), np.float64(0.0), np.float64(0.0), np.float64(0.0), np.float64(0.0), np.float64(0.0), np.float64(0.0), np.float64(0.0), np.float64(0.0), np.float64(0.0), np.float64(0.0), np.float64(0.0), np.float64(0.0), np.float64(0.0), np.float64(0.0), np.float64(0.0), np.float64(0.0), np.float64(0.0), np.float64(0.0), np.float64(0.0), np.float64(0.0), np.float64(0.0), np.float64(0.0), np.float64(0.0), np.float64(0.0), np.float64(0.0), np.float64(0.0), np.float64(0.0), np.float64(0.0), np.float64(0.0), np.float64(0.0), np.float64(0.0), np.float64(0.0), np.float64(0.0), np.float64(0.0), np.float64(0.0), np.float64(0.0), np.float64(0.0), np.float64(0.0), np.float64(0.0), np.float64(0.0), np.float64(0.0), np.float64(0.0), np.float64(0.0), np.float64(0.0), np.float64(0.0), np.float64(0.0), np.float64(0.0), np.float64(0.0), np.float64(0.0), np.float64(0.0), np.float64(0.0), np.float64(0.0), np.float64(0.0), np.float64(0.0), np.float64(0.0), np.float64(0.0), np.float64(0.0), np.float64(0.0), np.float64(0.0), np.float64(0.0), np.float64(0.0), np.float64(0.0), np.float64(0.0), np.float64(0.0), np.float64(0.0), np.float64(0.0), np.float64(0.0), np.float64(0.0), np.float64(0.0), np.float64(0.0), np.float64(0.0), np.float64(0.0), np.float64(0.0), np.float64(0.0), np.float64(0.0), np.float64(0.0), np.float64(0.0), np.float64(0.0), np.float64(0.0), np.float64(0.0), np.float64(0.0), np.float64(0.0), np.float64(0.0), np.float64(0.0), np.float64(0.0), np.float64(0.0), np.float64(0.0), np.float64(0.0), np.float64(0.0), np.float64(0.0), np.float64(0.0), np.float64(0.0), np.float64(0.0), np.float64(0.0), np.float64(0.0), np.float64(0.0), np.float64(0.0), np.float64(0.0), np.float64(0.0), np.float64(0.0), np.float64(0.0), np.float64(0.0), np.float64(0.0), np.float64(0.0), np.float64(0.0), np.float64(0.0), np.float64(0.0), np.float64(0.0), np.float64(0.0), np.float64(0.0), np.float64(0.0), np.float64(0.0), np.float64(0.0), np.float64(0.0), np.float64(0.0), np.float64(0.0), np.float64(0.0), np.float64(0.0), np.float64(0.0), np.float64(0.0), np.float64(0.0), np.float64(0.0), np.float64(0.0), np.float64(0.0), np.float64(0.0), np.float64(0.0), np.float64(0.0), np.float64(0.0), np.float64(0.0), np.float64(0.0), np.float64(0.0), np.float64(0.0), np.float64(0.0), np.float64(0.0), np.float64(0.0), np.float64(0.0), np.float64(0.0), np.float64(0.0), np.float64(0.0), np.float64(0.0), np.float64(0.0), np.float64(0.0), np.float64(0.0), np.float64(0.0), np.float64(0.0), np.float64(0.0), np.float64(0.0), np.float64(0.0), np.float64(0.0), np.float64(0.0), np.float64(0.0), np.float64(0.0), np.float64(0.0), np.float64(0.0), np.float64(0.0), np.float64(0.0), np.float64(0.0), np.float64(0.0)], [np.float64(1.919616446050237e-05), np.float64(2.874176612612748e-05), np.float64(393.9521741969334), np.float64(2.0700961639392474e-06), np.float64(1.6660541735656549e-06), np.float64(148.03719238181674), np.float64(18.828620429458773), np.float64(2.0907976135419772e-09), np.float64(4.4347622737781743e-07), np.float64(1.95566985399796e-07), np.float64(9.04291002013749), np.float64(9.615095069241713e-08), np.float64(1.20441125269929e-07), np.float64(9.835808766230239e-08), np.float64(5.3312817787111646e-08), np.float64(5.487243130856316e-08), np.float64(5.715811339640972e-08), np.float64(2.440381115700195e-07), np.float64(7.044271321109702e-08), np.float64(3.3609349598885746e-07), np.float64(9.10773222140247e-08), np.float64(5.6547337854364866e-08), np.float64(6.162324112707083e-08), np.float64(1.1545167762109832e-07), np.float64(1.40669079810363e-07), np.float64(4.962987926056761e-08), np.float64(8.204729919793513e-08), np.float64(9.502372635844068e-08), np.float64(7.881151263163761e-08), np.float64(3.6595006839190924e-08), np.float64(1.3207455663932252e-07), np.float64(7.192490900257088e-08), np.float64(1.5288334462187635e-07), np.float64(4.7311475477881326e-08), np.float64(1.1599493226469836e-07), np.float64(1.2588685209090523e-07), np.float64(1.4600799980724835e-07), np.float64(6.768940926291122e-08), np.float64(1.1500624886287961e-07), np.float64(5.4569045804765555e-08), np.float64(1.1410653145306236e-07), np.float64(1.7489145755137236e-07), np.float64(4.2543174000986147e-08), np.float64(5.878801334904327e-08), np.float64(8.928028763896796e-08), np.float64(1.4231156508416087e-07), np.float64(6.491276648797792e-08), np.float64(5.8864238184787364e-08), np.float64(9.945997290633712e-08), np.float64(6.030766042028905e-08), np.float64(9.363198048217645e-08), np.float64(1.2201286587726756e-07), np.float64(7.637919131346939e-08), np.float64(1.8532575690133294e-07), np.float64(5.897415868514583e-08), np.float64(6.910382909963959e-08), np.float64(1.4559560866381475e-07), np.float64(1.0005603455012259e-07), np.float64(3.3194378512330625e-07), np.float64(6.109594619728767e-08), np.float64(32.599022894835166), np.float64(17.091393774529053), np.float64(1.903869813248483e-07), np.float64(1.7550059571865042e-06), np.float64(6.313889825150941), np.float64(26.524100106039924), np.float64(6.388526934843549e-09), np.float64(1.8316271954555105e-07), np.float64(6.891326992103112e-09), np.float64(10.019018761542204), np.float64(7.380096298920473), np.float64(2.4051302300924857e-06), np.float64(16.626469481956843), np.float64(6.4706907086591965), np.float64(11.794215376596028), np.float64(6.410811445290432), np.float64(1.2007615014267026e-06), np.float64(41.89099342242758), np.float64(5.989926602650779), np.float64(1.9020537723050008e-07), np.float64(6.351511228170965), np.float64(1.112029959670277e-05), np.float64(24.029393664539157), np.float64(4.4100535197609956e-06), np.float64(1.625322208376349e-05), np.float64(23.832934930936062), np.float64(6.199995356279005), np.float64(1.8115709907870928e-08), np.float64(8.081231818997923), np.float64(6.668991736637743e-09), np.float64(9.231063096673203), np.float64(7.12385424735646e-07), np.float64(6.931535384119249), np.float64(0.00030328743107640093), np.float64(2.836879271146583e-07), np.float64(4.004091087363355e-08), np.float64(1.0231034492589072e-07), np.float64(7.494234696043122), np.float64(8.587763075421721), np.float64(0.0005304002977291715), np.float64(50.8473553082237), np.float64(5.0030770088041105), np.float64(19.114639810944738), np.float64(3.0619699771106885e-08), np.float64(5.214468294264827), np.float64(2.6955348222078186e-08), np.float64(4.432663489243731), np.float64(3.144124414337185), np.float64(2.0953289006223398e-08), np.float64(1.5009405950141966e-08), np.float64(1.0718094801232197e-08), np.float64(2.4445618977644474), np.float64(1.7596875630977216), np.float64(1.1273693596882788), np.float64(9.828050602578364e-06), np.float64(0.3573444716771501), np.float64(0.16346219448443033), np.float64(0.07837561915766143), np.float64(9.778502914833058e-06), np.float64(0.040576053194019635), np.float64(0.03883590704313427), np.float64(8.423961158679579e-07), np.float64(0.028849450449887248), np.float64(0.027154777515419205), np.float64(1.890907176700681e-05), np.float64(1.5542037076465327e-06), np.float64(7.650247436475605e-07), np.float64(4.697897011793764e-09), np.float64(0.02099957599030096), np.float64(0.019506624772452533), np.float64(0.015558405824177942), np.float64(4.5989838881376194e-08), np.float64(2.7589460318881967e-09), np.float64(5.175649408036763e-07), np.float64(0.014372414270515589), np.float64(0.011667374659863304), np.float64(1.5885897527216243e-09), np.float64(0.010785185532546817), np.float64(0.008833893818474143), np.float64(0.008220545075161817), np.float64(2.7553009233429365e-09), np.float64(1.1992526220262087e-05), np.float64(0.00671395818875693), np.float64(2.2520572826915108e-06), np.float64(4.829404192692469e-06), np.float64(5.483189018446324e-10), np.float64(3.149283367255528e-06), np.float64(1.2636912231927515e-05), np.float64(0.006282986961630911), np.float64(0.005118395774827817), np.float64(0.004891926737422546), np.float64(4.616947604858101e-08), np.float64(2.2635668181874863e-08), np.float64(0.003952684144308703), np.float64(0.0038753367719016386), np.float64(6.505019064749798e-08), np.float64(0.0030758235447994105), np.float64(0.003104040545571445), np.float64(0.00240421860786987), np.float64(0.0025322632802253562), np.float64(7.151932254362118e-09), np.float64(1.4018023521327465e-08), np.float64(1.1015177198102037e-10), np.float64(0.0031526840709188942), np.float64(0.002629915046967383), np.float64(1.4982625550375152e-10), np.float64(0.002498267318744984), np.float64(0.002057649076064795), np.float64(1.0049549291489351e-10), np.float64(0.002032759454572961), np.float64(0.0016086271530362333), np.float64(2.8163860913011955e-06), np.float64(6.46437827133141e-11), np.float64(0.0016236275294891436), np.float64(5.410654119161039e-11), np.float64(5.7005723696537935e-11), np.float64(9.741800236435598e-09), np.float64(7.220987192936156e-09), np.float64(0.0021178755537078287), np.float64(1.723225751110596e-10), np.float64(0.0017855529237007495), np.float64(0.0016873055117335007), np.float64(0.0013973050100518705), np.float64(2.882246135982385e-07), np.float64(0.0013466367797478934), np.float64(1.8879321459997625e-05), np.float64(0.0010761635705712964), np.float64(0.0010776829478785347), np.float64(0.0008531348079402879), np.float64(1.8058143277394132e-09), np.float64(3.9061080721568307e-10), np.float64(3.1065937185525505e-11), np.float64(0.0008754388182903627), np.float64(0.001131068876065064), np.float64(2.2458841279519469e-10), np.float64(1.64672961991721e-09), np.float64(0.0009455835089283652), np.float64(0.0008798834882431976), np.float64(2.3339752555885674e-08), np.float64(1.3293087810147575e-10), np.float64(3.750770366085871e-09), np.float64(4.317204316868946e-11), np.float64(0.0007366715129221457), np.float64(7.16696714799702e-10), np.float64(1.168754577872988e-08), np.float64(0.0007303579271100235), np.float64(6.2297854515991035e-09), np.float64(0.0005771132530424105), np.float64(2.257291307542303e-11), np.float64(0.0006031246545089954), np.float64(0.0004609731024608569), np.float64(4.947277537168859e-12), np.float64(0.0004749586395153707), np.float64(0.0005953444748432749), np.float64(1.1865784099257667e-10), np.float64(5.020369114808754e-07), np.float64(1.2941096004410881e-11), np.float64(1.3625446878614778e-11), np.float64(1.570413697768209e-10), np.float64(3.2550656452667395e-11), np.float64(4.2571527988874885e-08), np.float64(0.00017499040726025425), np.float64(3.2231799429229226e-05), np.float64(6.199810384775189e-05), np.float64(2.9684243202358388e-12), np.float64(6.727394799324719e-11), np.float64(9.44207302152756e-11), np.float64(0.0008647487986315117), np.float64(2.8592010318516463e-11), np.float64(3.571782720396757e-11), np.float64(3.6227189417119144e-10), np.float64(0.0004977324152321588), np.float64(0.000448807397002505), np.float64(0.00037086485240931993), np.float64(0.00037554091415051494), np.float64(2.1353677279311017e-11), np.float64(4.4037927032011085e-11), np.float64(2.38193245795985e-10), np.float64(0.0002904961352401166), np.float64(0.0002979201106670749), np.float64(0.00039723139377211307), np.float64(0.00032595554080179945), np.float64(4.609232967231748e-12), np.float64(0.00030859672429761343), np.float64(0.00026457407872263643), np.float64(0.00024206459076413583), np.float64(1.3320751430436452e-10), np.float64(3.4919892513665936e-09), np.float64(0.00020413776623466113), np.float64(0.00023896670632758669), np.float64(0.0001616176363054457), np.float64(4.8377289344154224e-08), np.float64(7.713530354388889e-05), np.float64(0.0003512187457547525), np.float64(0.00023170950289198072), np.float64(0.0001247664258599084), np.float64(1.012016318709865e-12), np.float64(1.1978218569730768e-08), np.float64(1.1518199252947222e-10), np.float64(1.4303188948039098e-12), np.float64(1.3792393580482956e-12), np.float64(0.00010826202680690563), np.float64(7.648689156408329e-11), np.float64(0.00018739076667644464), np.float64(0.00015330128781193252), np.float64(0.00013653683588042391), np.float64(0.0001088506842742974), np.float64(2.4709826708170248e-12), np.float64(5.74678218866461e-05), np.float64(0.00013820480552061414), np.float64(9.126664674385043e-05), np.float64(1.2274971693657064e-07), np.float64(7.096268937656586e-11), np.float64(3.918570511487128e-13), np.float64(4.864187505252058e-05), np.float64(8.182934241252187e-11), np.float64(0.00013143596683181839), np.float64(2.927712339456333e-12), np.float64(7.643942772517455e-05), np.float64(1.1881652571170312e-11), np.float64(6.938868963515353e-05), np.float64(4.361098212106594e-11), np.float64(9.351562262752693e-12), np.float64(7.928598307411719e-11), np.float64(6.061034726934679e-05), np.float64(1.0562788004971704e-12), np.float64(3.067199904269541e-05), np.float64(6.247446275641032e-05), np.float64(3.885958368570242e-07), np.float64(5.065455879725384e-05), np.float64(7.041655704983328e-10), np.float64(4.948796017458292e-05), np.float64(4.09023640960899e-05), np.float64(3.229360077826541e-13), np.float64(5.2360458808372696e-05), np.float64(5.6976134323034085e-05), np.float64(5.020209367001314e-11), np.float64(4.4811019193311994e-10), np.float64(5.1488236057001534e-05), np.float64(1.253236469573627e-08), np.float64(1.0998545983995847e-11), np.float64(4.744885300369337e-05), np.float64(6.615418495284427e-09), np.float64(3.242605943876611e-08), np.float64(4.7534564413960755e-11), np.float64(0.00010086014262675049), np.float64(4.739364713513013e-12), np.float64(4.862162661909032e-12), np.float64(5.8843290253478655e-12), np.float64(4.716970404136792e-11), np.float64(4.4159814085204183e-10), np.float64(5.6646063555636515e-05), np.float64(4.218477817511115e-10), np.float64(2.7952635288951964e-05), np.float64(4.341013548409446e-10), np.float64(2.2014313743813022e-10), np.float64(9.692438521139428e-06), np.float64(4.720387219809437e-13), np.float64(3.8158121575710436e-13), np.float64(2.0816681711721685e-15), np.float64(5.551115123125783e-17)]]"
