,n,k,norm_gradient,time,final_score,converges,iterations,path
0,2,4,3.3866988231434525e-08,0.008254289627075195,3.910688809062574e-17,True,5,"[[-1.         -1.        ]
 [-0.67794803 -0.63439184]
 [-0.5129771  -0.45044763]
 [-0.45923403 -0.39177043]
 [-0.45335633 -0.38547577]
 [-0.45328927 -0.38540505]]"
1,2,8,2.7658244588485146e-10,0.008650064468383789,2.3454754617363164e-21,True,5,"[[-1.         -1.        ]
 [-0.57102648 -0.49199976]
 [-0.46997926 -0.41013595]
 [-0.45424162 -0.38682174]
 [-0.45328712 -0.38540122]
 [-0.45328926 -0.38540505]]"
2,2,12,9.046486499862976e-09,0.04413127899169922,1.0612448255366298e-18,True,26,"[[-1.         -1.        ]
 [-0.99999997 -0.99999995]
 [-0.59776076 -0.99999995]
 [-0.26694957  0.08810846]
 [-0.26694957  0.08810846]
 [-0.26694957  0.08810846]
 [-0.26694957  0.08810846]
 [-0.26694957  0.08810846]
 [-0.26694957  0.08810846]
 [-0.26694957  0.08810846]
 [-0.06764898  0.08810846]
 [-0.13584108  0.08810846]
 [-0.13584108 -0.40451501]
 [-0.13584108 -0.40451501]
 [-0.13584107 -0.404515  ]
 [-0.23636136 -0.40451499]
 [-0.49253739 -0.404515  ]
 [-0.49253738 -0.40782842]
 [-0.49253737 -0.40781869]
 [-0.46510397 -0.40781868]
 [-0.46510397 -0.3835611 ]
 [-0.46510396 -0.38356111]
 [-0.45191418 -0.38356111]
 [-0.45328497 -0.38539836]
 [-0.45328497 -0.38539837]
 [-0.45328497 -0.38539837]
 [-0.45328926 -0.38540505]]"
3,1000,4,4.38555060961276e-08,0.017490386962890625,1.140986026415656e-16,True,5,"[np.float64(6.337892604236791), np.float64(2.503567276925879), np.float64(0.4357183904406519), np.float64(0.013764345873201174), np.float64(3.88491510138449e-05)]"
4,1000,8,2.0548853363668653e-10,0.016716957092285156,1.3448680524731137e-21,True,5,"[np.float64(6.609917424232787), np.float64(2.564098613987569), np.float64(0.12341576877580018), np.float64(0.0031430231530449513), np.float64(3.915537408885451e-06)]"
5,1000,12,108.20779969186492,3.199521780014038,311.63029852830863,False,1000,"[np.float64(2.546471502999883e-07), np.float64(5.8761755186796565e-08), np.float64(5.84400421096874e-08), np.float64(0.14637736765259063), np.float64(0.6947914674581857), np.float64(9.999691122096874e-08), np.float64(0.5220066730149023), np.float64(0.2037787416942031), np.float64(7.274783349927022e-08), np.float64(1.0375207674620033e-07), np.float64(5.934217441540116e-08), np.float64(0.2872080980283735), np.float64(0.4527438305927968), np.float64(0.2572469201328701), np.float64(0.1463385218902527), np.float64(2.1925198368390647e-07), np.float64(0.13224522687196894), np.float64(0.2370615127481514), np.float64(0.14641262494303095), np.float64(0.34631215043851454), np.float64(0.328438003789971), np.float64(0.23802380433489118), np.float64(0.3718433909343089), np.float64(0.23991485675238297), np.float64(0.19636497998080257), np.float64(0.04482565689852171), np.float64(0.16850178612774655), np.float64(0.48846083989606964), np.float64(0.14440712828122867), np.float64(0.2560317771712544), np.float64(0.47887210430148697), np.float64(0.2672035041352298), np.float64(0.5053809369776768), np.float64(1.2965917563743995e-07), np.float64(0.19614647743100078), np.float64(0.20259734337118554), np.float64(0.14646835076579898), np.float64(0.2572951650429326), np.float64(0.14637179632675923), np.float64(0.13460371727083983), np.float64(0.32982373765953016), np.float64(0.27925844446363984), np.float64(0.37653717799899084), np.float64(0.3178449284215217), np.float64(0.12393487965648102), np.float64(0.47364347367439724), np.float64(0.27198171650773884), np.float64(0.15734171730934676), np.float64(0.23483786394575373), np.float64(0.21498260864755672), np.float64(0.5394914521007714), np.float64(0.14868672369247066), np.float64(0.2455361624839153), np.float64(0.31464946268673616), np.float64(0.25430771022986076), np.float64(4.419554592816723e-08), np.float64(0.3568690834846883), np.float64(0.38202303969889734), np.float64(0.08855811330535178), np.float64(4.4048363025035645e-08), np.float64(0.2023872167952686), np.float64(5.1366508782232685e-08), np.float64(1.4381094978486347e-07), np.float64(8.892974415108966e-08), np.float64(0.243829027136444), np.float64(1.5576817815353225e-07), np.float64(0.14249016870825595), np.float64(0.14633835778193144), np.float64(0.1797547898539005), np.float64(0.2239353946576499), np.float64(4.3987347099477445e-08), np.float64(0.24510048268180082), np.float64(5.147195019239561e-08), np.float64(0.44772931075645533), np.float64(0.25565240878620193), np.float64(0.16075226885661692), np.float64(0.32246357950655397), np.float64(0.1359293055821473), np.float64(0.40997020415076446), np.float64(0.22394630493597772), np.float64(0.24412009213439495), np.float64(0.13641413254904453), np.float64(0.16175967138894332), np.float64(0.08879358975573819), np.float64(0.13864385252221179), np.float64(0.3457923289972259), np.float64(0.13640418509790364), np.float64(0.17194201984630245), np.float64(1.4003589185932093e-07), np.float64(0.2556577092409923), np.float64(0.13637036638430985), np.float64(0.307784017595739), np.float64(1.397524008716543e-07), np.float64(0.35492987362327927), np.float64(0.22325738377276572), np.float64(0.24970568424030398), np.float64(0.3236281586930791), np.float64(0.3078330881258198), np.float64(0.12267510559168167), np.float64(0.461196125636324), np.float64(0.27138182449197373), np.float64(0.2841596191628103), np.float64(0.11435758306415163), np.float64(0.24629800218306677), np.float64(0.26458271301184666), np.float64(0.20200459855994077), np.float64(0.14157173745701604), np.float64(0.13166231058421557), np.float64(0.13688959476081428), np.float64(0.34993199231933186), np.float64(0.13631889723428697), np.float64(0.23895177129973844), np.float64(0.225759765040314), np.float64(0.34785058867629265), np.float64(0.1994345590131463), np.float64(0.051867118476464254), np.float64(0.34117532953591895), np.float64(0.23367924538270773), np.float64(0.3072530964429356), np.float64(0.22304362256862934), np.float64(0.18743986672866325), np.float64(0.19436746451938883), np.float64(0.1609874909469012), np.float64(0.07442512794943705), np.float64(0.20309991444206804), np.float64(0.4003963544501599), np.float64(0.3004703401136877), np.float64(0.12481518708777738), np.float64(0.26192612900125917), np.float64(0.29390887323374654), np.float64(0.10163203150501497), np.float64(7.201479320223889e-08), np.float64(0.29044332855563), np.float64(7.153399341885329e-08), np.float64(0.43295415318337777), np.float64(0.24048388473117), np.float64(0.350901091042708), np.float64(7.162439900836285e-08), np.float64(0.07250762522346094), np.float64(0.1286276608715514), np.float64(0.2526182407925114), np.float64(0.1412486863763579), np.float64(0.25876070943291035), np.float64(0.13434784189061139), np.float64(0.1432317561384901), np.float64(0.1234721692153081), np.float64(0.20715061327221904), np.float64(0.34584782406966413), np.float64(0.18261617916382722), np.float64(0.1992455566676365), np.float64(0.23783058988701056), np.float64(0.12095648796258679), np.float64(0.23790541407711185), np.float64(0.15999964424440358), np.float64(0.14580488300544703), np.float64(0.22336229440248104), np.float64(0.34793938101859945), np.float64(4.9555082789114054e-08), np.float64(0.3739645746725329), np.float64(0.38781210961927626), np.float64(0.2428020247866744), np.float64(0.24221438573958942), np.float64(2.754836375638203e-07), np.float64(0.2940672249135958), np.float64(0.12224330602748294), np.float64(0.15265288001441582), np.float64(0.2273966188210194), np.float64(0.20263428019121682), np.float64(0.16181387199042344), np.float64(0.14375442402087135), np.float64(0.30293741525125356), np.float64(0.23425617090402226), np.float64(0.31455068727534047), np.float64(0.12419017730647537), np.float64(0.22624699405515042), np.float64(0.25378284419017316), np.float64(0.1493244788114825), np.float64(2.751962903508496e-07), np.float64(0.28221016772705076), np.float64(0.13709484845479997), np.float64(0.21517667095192905), np.float64(0.146314611586366), np.float64(1.113612075116179e-07), np.float64(0.14649866076010012), np.float64(0.25576055460650904), np.float64(0.1280069858959591), np.float64(0.2556475418775243), np.float64(0.25210033954834965), np.float64(0.15217365005857195), np.float64(0.4196535883114867), np.float64(0.18960307564944634), np.float64(0.23513719893642307), np.float64(7.149526926173234e-08), np.float64(0.1968483643938466), np.float64(0.23899580630051095), np.float64(0.1803971014233465), np.float64(0.26756493933553005), np.float64(0.23580073623470751), np.float64(0.2509343008056246), np.float64(0.21180475992942877), np.float64(0.25762294875019176), np.float64(0.14184778214808563), np.float64(0.3188314650390158), np.float64(0.1290298708475812), np.float64(0.06696789459483914), np.float64(0.24423060633216437), np.float64(0.3939387590261751), np.float64(0.320174660123131), np.float64(0.23417907076290076), np.float64(0.3243838336885407), np.float64(0.05358620915966285), np.float64(0.18037500976356483), np.float64(0.44455589013784974), np.float64(1.4235474657363767e-07), np.float64(0.14005987346535928), np.float64(0.2527876965192189), np.float64(0.2803751714942499), np.float64(0.1275697065155544), np.float64(0.09472187879311951), np.float64(0.3256406945579401), np.float64(0.322427288754616), np.float64(0.24100017214246933), np.float64(0.12248730048890125), np.float64(0.46231163549554105), np.float64(0.27163213007982245), np.float64(0.20276803433108206), np.float64(0.22544871613641596), np.float64(0.32133548486920577), np.float64(0.3069657179667642), np.float64(0.1955048648123614), np.float64(0.12292106904665662), np.float64(0.23267299071050393), np.float64(0.28781503987866097), np.float64(0.12388998717951001), np.float64(0.4523141996125898), np.float64(0.1825271636737213), np.float64(0.2696419937537276), np.float64(9.932279261573049e-08), np.float64(0.21320814879370834), np.float64(1.0344308930890176e-07), np.float64(0.22777341853244593), np.float64(0.3085683737121111), np.float64(0.12377950145920677), np.float64(0.2405817086055825), np.float64(0.43516208959139085), np.float64(0.14645030824263403), np.float64(0.13594134962923107), np.float64(7.69856574892672e-08), np.float64(0.24952287655046923), np.float64(0.323584351758822), np.float64(0.11442275434866961), np.float64(0.23593104028201137), np.float64(1.2706444692166312e-07), np.float64(0.34075520905982914), np.float64(0.13752163806486642), np.float64(0.34044370541809393), np.float64(0.3102048795883793), np.float64(0.3071433928418022), np.float64(0.3218916392901354), np.float64(0.17566942980829472), np.float64(0.23002630749036218), np.float64(0.26877453850867766), np.float64(9.187314776091505e-08), np.float64(0.2857731796910908), np.float64(0.19502677301614474), np.float64(0.1713009681899894), np.float64(1.3463087987808e-07), np.float64(0.2873365740447816), np.float64(0.21923539612141926), np.float64(0.14718260330967825), np.float64(0.3830582509180459), np.float64(0.1458800373162273), np.float64(0.24820389351192568), np.float64(0.2363197702041005), np.float64(0.2931436125858593), np.float64(0.1250210179257935), np.float64(0.13719073600950088), np.float64(0.23181323857719963), np.float64(0.3482095669770035), np.float64(0.22493743001613964), np.float64(0.25547736383801395), np.float64(0.1300525478846903), np.float64(0.14633816486017853), np.float64(0.25722940619110113), np.float64(1.3625670631524755e-07), np.float64(0.2257326842810252), np.float64(0.19661613805729286), np.float64(0.2368012141820793), np.float64(0.24604962719382956), np.float64(0.07194360793497885), np.float64(0.3023427636789497), np.float64(0.3336588215113821), np.float64(0.15403961782090597), np.float64(0.2554695205105719), np.float64(0.2852528528907834), np.float64(0.2999324707205181), np.float64(0.11453978446937912), np.float64(0.21210044018020185), np.float64(0.4263360951514349), np.float64(0.34882860119995046), np.float64(0.2532786757231294), np.float64(5.751426791252358e-08), np.float64(0.23238224230448146), np.float64(0.23827801947305674), np.float64(0.21174232310732402), np.float64(0.3286023143431334), np.float64(0.3720536577663186), np.float64(0.29437356349218224), np.float64(0.1247931286830885), np.float64(0.2566702142767711), np.float64(0.07751187278487796), np.float64(0.4390016257655002), np.float64(0.39841017618042546), np.float64(0.41355100606474515), np.float64(0.24769589303467326), np.float64(0.20788293419479917), np.float64(0.17210687130891855), np.float64(0.12603017686723897), np.float64(0.2905905608386955), np.float64(0.12142830235340402), np.float64(0.4224620613654694), np.float64(0.34224199204055805), np.float64(0.3709161959564367), np.float64(3.2228851654339244e-08), np.float64(0.4277146127025944), np.float64(0.14654535056965767), np.float64(6.449052229823585e-08), np.float64(0.2748104602677485), np.float64(1.0783857976101343e-07), np.float64(0.13261930448463624), np.float64(1.3273640549518874e-07), np.float64(1.324282771686834e-07), np.float64(0.15703278968089138), np.float64(0.17727768668431443), np.float64(0.13433835531792934), np.float64(0.2712169558841511), np.float64(0.13515414822132304), np.float64(0.07149631746624908), np.float64(0.4406272770169745), np.float64(0.12407646909506412), np.float64(0.23801995088518874), np.float64(0.21723294904252785), np.float64(1.4729910755379233e-07), np.float64(0.2541183609812699), np.float64(1.3224766100984464e-07), np.float64(0.12308592158153615), np.float64(0.485195596279407), np.float64(0.1956605658521078), np.float64(0.18518482961821683), np.float64(0.1413305247960036), np.float64(0.14535287423144852), np.float64(0.26429001915780903), np.float64(0.13386522163612832), np.float64(0.18348669610847992), np.float64(0.22393976404144442), np.float64(0.1824311007954837), np.float64(0.10293104942716444), np.float64(0.18696920399763697), np.float64(0.10040755278685957), np.float64(0.06867242254231085), np.float64(0.28035711700060906), np.float64(0.3366800466085395), np.float64(0.1714898330020656), np.float64(0.3516245007772244), np.float64(0.2103608796534991), np.float64(0.284909806748831), np.float64(8.95530358564387e-08), np.float64(0.24326787776050793), np.float64(0.2524845426099408), np.float64(0.15938182572596396), np.float64(7.176976108428312e-08), np.float64(1.315800162099028e-07), np.float64(0.14637915132075463), np.float64(0.251473727977898), np.float64(0.3341220321961127), np.float64(0.23715571610405078), np.float64(0.11289082687547917), np.float64(0.2390084740903575), np.float64(5.888770234963305e-08), np.float64(0.1572954510992373), np.float64(0.1291462800351962), np.float64(0.2286890330859955), np.float64(0.4121980966699804), np.float64(0.14650857264671258), np.float64(0.1357298127041762), np.float64(0.2577259415606229), np.float64(0.3288633764185703), np.float64(0.25893716844672937), np.float64(0.23812998609113215), np.float64(0.23868720223878884), np.float64(0.33978765212740564), np.float64(0.22308251239709376), np.float64(0.3006037934980092), np.float64(0.24950910437404353), np.float64(0.23353922687321643), np.float64(0.31227437011335196), np.float64(0.2535864391994461), np.float64(0.24341179431470958), np.float64(0.34771483124179703), np.float64(5.68182111411843e-08), np.float64(5.7697350017674014e-08), np.float64(0.12328732894627842), np.float64(0.3740617136358731), np.float64(0.2815885351234018), np.float64(0.3877637546089204), np.float64(0.21977521829122118), np.float64(0.08355071831240042), np.float64(0.12352537154230392), np.float64(0.24008285630756068), np.float64(0.24225476998566228), np.float64(0.1935868489989893), np.float64(0.22771888233613596), np.float64(0.3031617403487487), np.float64(0.2419841798610028), np.float64(0.34922883908027214), np.float64(1.3025839683456707e-07), np.float64(0.23267629811786827), np.float64(0.11829563964231553), np.float64(0.15167522659877936), np.float64(0.14641135673136904), np.float64(0.11592529952113846), np.float64(0.45155304762278503), np.float64(0.20105793138627806), np.float64(0.26274159573388783), np.float64(0.2556962908916919), np.float64(0.27000659499376306), np.float64(0.3595214920180517), np.float64(0.04935649256282786), np.float64(0.16934277093239944), np.float64(0.1188238249730756), np.float64(0.29086347797816386), np.float64(0.35222671579881615), np.float64(0.25015548910570234), np.float64(0.355667386479427), np.float64(0.25273451951698406), np.float64(0.16709179210287206), np.float64(0.3219891931712717), np.float64(0.23570207625193793), np.float64(0.16456283929069523), np.float64(0.2220104110341361), np.float64(0.32274084486774085), np.float64(0.19389900863021803), np.float64(0.2046480669974111), np.float64(0.16693514732734363), np.float64(0.1215340928947657), np.float64(0.1474357307978545), np.float64(0.1289440405656718), np.float64(0.14347600712363212), np.float64(0.1434344070878518), np.float64(0.10184926835800182), np.float64(0.12280481468781726), np.float64(0.4536247977071017), np.float64(0.08628425694489912), np.float64(0.25776624626593414), np.float64(0.08430252566422637), np.float64(0.09417697264623512), np.float64(0.1227787298341939), np.float64(0.1177606633298958), np.float64(0.3166505726882682), np.float64(0.1929384502919261), np.float64(0.2326577758881066), np.float64(0.2243095975903612), np.float64(0.3360144140678732), np.float64(0.18096799492970492), np.float64(0.1878832765439247), np.float64(0.1935579844359408), np.float64(0.14844552267856184), np.float64(0.27357513666405), np.float64(0.21401389054829173), np.float64(0.275915414666861), np.float64(0.33364020435062935), np.float64(0.11512408071027418), np.float64(0.0732027629146924), np.float64(0.17775939737443933), np.float64(0.13347086892940155), np.float64(0.2329875427008553), np.float64(0.13670804987986057), np.float64(0.13808720048956163), np.float64(0.2797817510689649), np.float64(0.15139729413228242), np.float64(0.11564191975080537), np.float64(0.12602814437707152), np.float64(0.25228609996620793), np.float64(0.3489298256381528), np.float64(0.32271347676358264), np.float64(0.11739969228558136), np.float64(0.08545330471847767), np.float64(2.5634307349485614e-07), np.float64(0.13659032779554584), np.float64(0.24989338187049853), np.float64(0.33392357869019085), np.float64(0.14210043098211794), np.float64(0.1280209284134152), np.float64(0.41995339457935876), np.float64(0.17507202665128152), np.float64(0.34173003080534714), np.float64(0.12112667863567624), np.float64(0.24591450925523622), np.float64(0.13930273244512806), np.float64(0.23428245824008548), np.float64(0.19609470289319794), np.float64(0.30149250576535436), np.float64(0.1550517619423027), np.float64(0.10753918972094913), np.float64(2.5552756302671157e-07), np.float64(0.093979685008114), np.float64(5.6617050995502304e-08), np.float64(0.14115608503711508), np.float64(0.10518710224962484), np.float64(0.28345570439905915), np.float64(0.13609856895325642), np.float64(0.33436273054745114), np.float64(0.22985722166856287), np.float64(0.07821553285203747), np.float64(0.19539519045620826), np.float64(0.14072937696135254), np.float64(0.31125381858773393), np.float64(0.13150734321771393), np.float64(8.765378519619886e-08), np.float64(0.2306213022979051), np.float64(0.22369610538013626), np.float64(1.2755047668271772e-07), np.float64(0.30935416376289415), np.float64(0.2682637686956999), np.float64(0.14641061287349952), np.float64(0.22960534018021653), np.float64(0.4507562929167666), np.float64(0.2557018317196967), np.float64(1.2681679557382643e-07), np.float64(1.2690758685421597e-07), np.float64(0.1902670222445026), np.float64(0.14630882972295559), np.float64(4.3898256752891286e-08), np.float64(0.14636219072778464), np.float64(4.3012170578288587e-08), np.float64(6.09898374343708e-08), np.float64(0.0715601612874021), np.float64(0.29273927471662015), np.float64(0.25567189730038953), np.float64(0.4272188617985542), np.float64(8.030879382113698e-08), np.float64(0.26586768155696533), np.float64(0.2718501922380388), np.float64(0.1276608120752129), np.float64(0.25721041673298206), np.float64(1.3382535585293707e-07), np.float64(0.14633806276670358), np.float64(0.14687938589817495), np.float64(0.18766146967856803), np.float64(0.13575170834629102), np.float64(0.32838518194991934), np.float64(0.3572095330338595), np.float64(0.14637487294910134), np.float64(0.24511782769632978), np.float64(0.46354275262117434), np.float64(0.34011430273163545), np.float64(0.23776857549908773), np.float64(0.20566568045348782), np.float64(0.16437495894266033), np.float64(0.4267882445637125), np.float64(0.46751275405740494), np.float64(0.3118020975057371), np.float64(1.2584156992117074e-07), np.float64(0.2642002657346657), np.float64(0.18578767533607649), np.float64(0.3591426360238184), np.float64(0.4638073792116106), np.float64(0.14967433591662008), np.float64(0.23933425974606293), np.float64(0.2556932677206772), np.float64(0.2527751538719133), np.float64(0.26001394338031636), np.float64(0.17408006152686342), np.float64(0.19832197243088223), np.float64(0.19898525184955324), np.float64(0.37701476752418134), np.float64(0.30091348617154345), np.float64(0.22773018223438846), np.float64(0.34110108665240324), np.float64(0.2406765503156521), np.float64(0.38021159504675367), np.float64(0.34828641731084736), np.float64(0.23982263873833293), np.float64(0.13463015393108138), np.float64(0.1171653953020409), np.float64(0.22892418060508876), np.float64(0.12133071331193708), np.float64(0.12874710781795823), np.float64(0.23900612451478562), np.float64(0.14103445004247972), np.float64(0.22265828364730034), np.float64(0.4098414839039211), np.float64(0.21953773879329969), np.float64(0.2135766947524019), np.float64(0.26748498266761345), np.float64(0.249522697507522), np.float64(0.13990010229818026), np.float64(6.047685672459349e-08), np.float64(0.26949498025194973), np.float64(0.2532046297753812), np.float64(0.32767265671940793), np.float64(0.271559255851991), np.float64(0.2504108445964357), np.float64(0.20289812278193214), np.float64(0.2951174372979661), np.float64(1.003477490720307e-07), np.float64(0.14644113395700198), np.float64(0.2556844930564161), np.float64(0.3719773477628273), np.float64(0.32259946134166395), np.float64(1.1786838792301598e-07), np.float64(0.2557089606413889), np.float64(5.496623114571086e-08), np.float64(0.13785249704279331), np.float64(5.716611547255012e-08), np.float64(1.2371689000125485e-07), np.float64(0.21699833317958003), np.float64(0.13622647651280287), np.float64(0.3530543245996057), np.float64(0.1364656214004075), np.float64(0.24987265430576755), np.float64(0.4987844224431277), np.float64(0.10199163451429404), np.float64(0.20032602195948876), np.float64(0.26842226493484606), np.float64(0.3612492185297407), np.float64(0.11200735147570814), np.float64(0.14392833116313064), np.float64(0.13596175148528677), np.float64(0.1428654454332146), np.float64(0.3123479430053179), np.float64(8.610515609686292e-08), np.float64(0.14630480037715346), np.float64(0.3814284536488796), np.float64(5.763351132386298e-08), np.float64(0.2879675958580394), np.float64(0.25716015593976177), np.float64(0.28297683003875346), np.float64(1.2274574198422814e-07), np.float64(0.1287663159298917), np.float64(0.20692002346580865), np.float64(0.42465852251844566), np.float64(0.32801281861251186), np.float64(1.2231645976522655e-07), np.float64(0.2572005952450856), np.float64(0.2555942080458205), np.float64(0.2033349289577245), np.float64(0.277153855671375), np.float64(5.2066620904919646e-08), np.float64(1.016424291962741e-07), np.float64(1.2215170008475223e-07), np.float64(0.21425048972966562), np.float64(0.22418963790015464), np.float64(0.18241789781189297), np.float64(0.15809161116166445), np.float64(0.43831969171996), np.float64(4.918964345157343e-08), np.float64(0.10701463072056905), np.float64(0.2581839752170204), np.float64(6.695988780604809e-08), np.float64(5.707147987006374e-08), np.float64(0.12993003681587842), np.float64(9.863753988340568e-08), np.float64(6.902438140525946e-08), np.float64(4.337694675661716e-08), np.float64(4.8798333431849e-08), np.float64(0.13565457464932282), np.float64(1.257410468302157e-07), np.float64(0.16653535395802638), np.float64(0.14644140081903667), np.float64(0.136429485794317), np.float64(0.22733140615716435), np.float64(0.2195785006023066), np.float64(0.135645621967198), np.float64(0.16452725961954426), np.float64(0.03531548104444429), np.float64(0.14630734227670752), np.float64(0.39166897276479307), np.float64(0.12607805225842356), np.float64(1.5868460714798017e-07), np.float64(0.32848500276441917), np.float64(0.26587874920098153), np.float64(0.24979695488346684), np.float64(0.32367719746726203), np.float64(0.09502736472758483), np.float64(0.24313724790187324), np.float64(0.16317026460767342), np.float64(0.22080749474390415), np.float64(0.32214605347766756), np.float64(6.240811794402125e-08), np.float64(0.2367681179271756), np.float64(0.1556615945587986), np.float64(0.10280877091362511), np.float64(0.36916848127860913), np.float64(0.2760605115482868), np.float64(0.228100668913155), np.float64(0.39639302404817833), np.float64(0.26439873274692627), np.float64(0.28407445121058256), np.float64(0.2247742554056173), np.float64(0.21944202786084216), np.float64(0.18398877938084515), np.float64(0.3263455167413302), np.float64(0.22950181419057342), np.float64(5.9567566784667256e-08), np.float64(0.17590982050879622), np.float64(0.14641075488132932), np.float64(0.24513013695382482), np.float64(4.568521268113825e-08), np.float64(1.2132200332015483e-07), np.float64(0.3958717130583676), np.float64(0.31722005235762046), np.float64(0.2518102832148142), np.float64(1.207116401796516e-07), np.float64(0.2556955088911207), np.float64(4.540295698253286e-08), np.float64(0.15241592615540395), np.float64(0.4074556082119557), np.float64(0.3225240450798559), np.float64(0.2554508335812588), np.float64(7.447113553296007e-08), np.float64(0.14633801035422095), np.float64(0.23323578998359512), np.float64(0.14634267165897846), np.float64(1.2058753835371277e-07), np.float64(0.1543895094990743), np.float64(0.11230744707526222), np.float64(0.15730070375507627), np.float64(0.21973232477719212), np.float64(0.3459697556609287), np.float64(0.3316570419370127), np.float64(0.13564819952611337), np.float64(0.12684062588028358), np.float64(0.2239773201718367), np.float64(0.2817582959089158), np.float64(0.45442988378845656), np.float64(0.1329092571807088), np.float64(0.22541747503969894), np.float64(0.2749265328178137), np.float64(0.11021846043836857), np.float64(0.15175622388227175), np.float64(0.19267820900699445), np.float64(0.3926472949284545), np.float64(0.03594647710163971), np.float64(0.10643186249725296), np.float64(0.22938732201107542), np.float64(0.1699127436998592), np.float64(0.2441559687874316), np.float64(0.13581578960391896), np.float64(0.20077933503997777), np.float64(0.4032580007027342), np.float64(0.26606747714589324), np.float64(0.3309678735336615), np.float64(6.574190308912817e-08), np.float64(0.30584699610365557), np.float64(0.34724331807222875), np.float64(0.21869310283149748), np.float64(0.15571209236684613), np.float64(0.12501392890972893), np.float64(0.42766760164421824), np.float64(0.266045998334815), np.float64(0.2550484019476319), np.float64(0.22940994852174784), np.float64(0.1884619131006558), np.float64(0.18745324871732652), np.float64(0.24173813957696091), np.float64(0.12941848467595823), np.float64(0.11600374134964292), np.float64(0.23203349005359503), np.float64(0.23440171923103142), np.float64(0.1339678889602026), np.float64(7.071415533894828e-08), np.float64(0.23536791139778185), np.float64(0.20633243870884937), np.float64(0.14577793425926144), np.float64(0.21209440387017464), np.float64(0.3510700696364268), np.float64(0.3755498456153931), np.float64(0.1367617624422808), np.float64(1.1870054368933804e-07), np.float64(0.32589217835324924), np.float64(0.16850967299519454), np.float64(9.422174739313e-08), np.float64(0.27084225919369087), np.float64(0.07702289935247998), np.float64(0.18384877770913152), np.float64(0.35274020821666985), np.float64(0.24848990077731678), np.float64(0.39583260369281853), np.float64(0.25817476645167503), np.float64(0.14071564728045644), np.float64(4.271013051526039e-08), np.float64(0.2843327587486076), np.float64(0.20046959105130543), np.float64(2.5187482189324285e-08), np.float64(0.2534231745928584), np.float64(0.3893760588601102), np.float64(4.682420417154e-08), np.float64(0.24362539354019513), np.float64(0.11217122872820139), np.float64(0.32601452903599454), np.float64(0.370408129215698), np.float64(0.12904523617206162), np.float64(0.14641051648475154), np.float64(0.07165629766989107), np.float64(0.2601388573654159), np.float64(0.14119690213091982), np.float64(0.3066463346317418), np.float64(0.1353038843667403), np.float64(0.08576769025558127), np.float64(0.15819473252609237), np.float64(0.2025151706011808), np.float64(0.2466475108467515), np.float64(0.1364398530616758), np.float64(0.40218398273791683), np.float64(0.38369460805193334), np.float64(0.39117650518621266), np.float64(0.2500753508327855), np.float64(0.32390796154285484), np.float64(0.36922376170089743), np.float64(0.23787417949270823), np.float64(2.345150349800418e-07), np.float64(0.31467924369273076), np.float64(0.39853602321216286), np.float64(0.2669108529462588), np.float64(0.14643564244182636), np.float64(0.23985942144648625), np.float64(0.28326650929182934), np.float64(0.1743662574588817), np.float64(0.2494468651235177), np.float64(0.22078250730701873), np.float64(0.28184102133662303), np.float64(0.4793822888091403), np.float64(0.2671610874594054), np.float64(0.2299835359494617), np.float64(0.2382747961957502), np.float64(0.21927814059301984), np.float64(0.3104669313345546), np.float64(0.23771871348336693), np.float64(0.10689380578305935), np.float64(0.2524237701137772), np.float64(0.3534502624249974), np.float64(0.14676846413833244), np.float64(0.23993078586206165), np.float64(1.1643301884803497e-07), np.float64(0.2399781538201826), np.float64(0.3157803000562257), np.float64(0.3769681303983177), np.float64(0.2862463655537827), np.float64(0.23245548291191268), np.float64(0.3902659704306501), np.float64(0.396367804093869), np.float64(0.4460272735014198), np.float64(0.26512533628768314), np.float64(0.3993475709202791), np.float64(1.2025980167193412e-07), np.float64(0.19231731033448496), np.float64(1.201581760316429e-07), np.float64(0.16650688704292838), np.float64(9.214796550424827e-08), np.float64(0.07025445590956393), np.float64(0.46312035302521276), np.float64(0.0733543990505899), np.float64(0.14449982888311186), np.float64(0.2643634745843048), np.float64(0.16309092552506613), np.float64(0.255825491211121), np.float64(1.6479541896105607e-07), np.float64(0.203098133867345), np.float64(0.25229840217877075), np.float64(5.41242830400263e-08), np.float64(0.14635341399822385), np.float64(0.2131175497430488), np.float64(0.1972995822835035), np.float64(7.021407469188407e-08), np.float64(0.28925018916304285), np.float64(0.2547057569156565), np.float64(0.2055562215495936), np.float64(0.23861204448165585), np.float64(0.14665973853432657), np.float64(0.35253729325056093), np.float64(0.16685452734743242), np.float64(0.14126574002415765), np.float64(0.2575625833222831), np.float64(0.29209558542842834), np.float64(0.15378206759773902), np.float64(0.22533521967628536), np.float64(0.469669049174791), np.float64(0.1752270426419185), np.float64(0.09845088176688276), np.float64(0.23246948835417497), np.float64(1.1432766000549546e-07), np.float64(0.27939324533276116), np.float64(7.952875149002429e-08), np.float64(0.14632612583317445), np.float64(0.1042891941284672), np.float64(0.22811580739442422), np.float64(0.19015312240952445), np.float64(0.32233301618494314), np.float64(0.2735029850017629), np.float64(0.310500450067197), np.float64(0.13564913941533904), np.float64(0.3387147758382464), np.float64(0.18610075693757952), np.float64(0.07303127728225614), np.float64(0.39904501196563147), np.float64(0.13645383853396598), np.float64(0.25513227644049935), np.float64(0.32653538204521154), np.float64(0.08715078521373291), np.float64(0.27111337788315726), np.float64(0.37338408932866896), np.float64(0.14697080941908497), np.float64(0.12267107937903662), np.float64(0.3551820905631558), np.float64(0.20212352979481255), np.float64(0.2461628340360351), np.float64(0.12831367962024157), np.float64(0.23305200019701733), np.float64(0.13732514990181946), np.float64(0.1773864036898079), np.float64(0.41732418480508077), np.float64(0.1634793855932069), np.float64(0.25059807173757287), np.float64(0.41818855715268904), np.float64(0.12808933242096857), np.float64(0.12030261287814985), np.float64(0.33184966705111635), np.float64(0.30618445445516324), np.float64(0.19261052233340378), np.float64(0.1299396998356182), np.float64(0.24591025488561663), np.float64(0.27085999951843115), np.float64(0.13687709279583937), np.float64(0.2547455476761869), np.float64(0.13662760206232702), np.float64(0.3524472123496329), np.float64(0.3782549522321504), np.float64(0.14988249512959753), np.float64(0.3899902671233316), np.float64(0.22444884793123984), np.float64(0.3024602490767295), np.float64(0.27738599514867224), np.float64(0.21282977324793556), np.float64(0.36441487601838446), np.float64(0.24275739017085884), np.float64(0.16728847389524865), np.float64(0.13340370930951667), np.float64(0.3052205747623743), np.float64(0.2147898999810203), np.float64(0.20089198646393294), np.float64(0.2542120585557104), np.float64(0.08931619353006588), np.float64(0.3578061945385114), np.float64(0.23470034175300974), np.float64(0.12179866402628609), np.float64(0.0651521662648222), np.float64(0.1760033692879235), np.float64(0.14692091079207154), np.float64(0.3908069060480577), np.float64(0.18375966751692518), np.float64(0.2634041836189042), np.float64(0.22439999626508328), np.float64(0.2170961114839064), np.float64(0.12475414092765302), np.float64(0.2861616026301854), np.float64(0.23054421408013842), np.float64(1.0014714765220605e-07), np.float64(0.3050188478424072), np.float64(0.24286638880299355), np.float64(0.12415356379702301), np.float64(0.19788464069243616), np.float64(0.2793716887355174), np.float64(0.12596993687109917), np.float64(0.13727564719514637), np.float64(0.2267808504602285), np.float64(0.3435528453848645), np.float64(0.15945329115832413), np.float64(0.1141708441563522), np.float64(0.12203691899291112), np.float64(0.2360311588181395), np.float64(0.2416348032537122), np.float64(0.29914163508092184), np.float64(0.15798278321702436), np.float64(0.4368575388512119), np.float64(0.15962569955641712), np.float64(0.22506993549094728), np.float64(0.25691866472248803), np.float64(0.1623036216418103), np.float64(0.1408829186117224), np.float64(0.1909409173433847), np.float64(0.166402602154982), np.float64(0.27693323984687407), np.float64(0.11829027294424249), np.float64(0.18783596065484393), np.float64(0.22135883155379094), np.float64(6.05123063741073e-08), np.float64(0.13661307937285336), np.float64(0.27519024087430394), np.float64(0.18035596094567577)]"
6,10000,4,6.224099848117378e-08,0.0694417953491211,2.360133824732138e-16,True,5,"[np.float64(20.00746155343688), np.float64(7.889477200977921), np.float64(1.3617428783231975), np.float64(0.039780699257874245), np.float64(4.445064626555747e-05)]"
7,10000,8,2.054885357960978e-10,0.06708788871765137,1.3448681079398961e-21,True,5,"[np.float64(20.824205237991812), np.float64(8.114044984420211), np.float64(0.3587850944324806), np.float64(0.0049530497999388245), np.float64(3.9469356485968296e-06)]"
8,10000,12,394.6216090678297,13.827220678329468,4811.616805546807,False,1000,"[np.float64(8.010878417895601e-07), np.float64(1.807295940144008e-07), np.float64(1.806252496240743e-07), np.float64(0.14637736765259063), np.float64(0.6947914674581857), np.float64(3.0189228566336e-07), np.float64(0.5220066730149023), np.float64(0.20377874169420307), np.float64(2.2566151928036087e-07), np.float64(3.207668918994923e-07), np.float64(1.8091914200638088e-07), np.float64(0.2872080980283735), np.float64(0.4527438305927968), np.float64(0.2572469201328701), np.float64(0.1463385218902527), np.float64(6.964109796988602e-07), np.float64(0.13224522687196894), np.float64(0.2370615127481514), np.float64(0.14641262494303092), np.float64(0.34631215043851454), np.float64(0.328438003789971), np.float64(0.23802380433489118), np.float64(0.3718433909343089), np.float64(0.23991485675238297), np.float64(0.19636497998080257), np.float64(0.04482565689852171), np.float64(0.16850178612774655), np.float64(0.48846083989606964), np.float64(0.14440712828122867), np.float64(0.2560317771712544), np.float64(0.47887210430148697), np.float64(0.2672035041352298), np.float64(0.5053809369776768), np.float64(4.097963031045007e-07), np.float64(0.19614647743100078), np.float64(0.20259734337118554), np.float64(0.14646835076579898), np.float64(0.2572951650429326), np.float64(0.14637179632675923), np.float64(0.13460371727083983), np.float64(0.32982373765953016), np.float64(0.2792584444636399), np.float64(0.37653717799899084), np.float64(0.3178449284215217), np.float64(0.12393487965648102), np.float64(0.47364347367439724), np.float64(0.27198171650773884), np.float64(0.15734171730934676), np.float64(0.23483786394575373), np.float64(0.21498260864755672), np.float64(0.5394914521007714), np.float64(0.14868672369247066), np.float64(0.2455361624839153), np.float64(0.31464946268673616), np.float64(0.25430771022986076), np.float64(1.3784210980967895e-07), np.float64(0.3568690834846883), np.float64(0.38202303969889734), np.float64(0.08855811330535178), np.float64(1.3780873225186535e-07), np.float64(0.2023872167952686), np.float64(1.6244923392076428e-07), np.float64(4.508277071442944e-07), np.float64(2.7647103094976186e-07), np.float64(0.243829027136444), np.float64(4.859141797846792e-07), np.float64(0.14249016870825595), np.float64(0.14633835778193144), np.float64(0.1797547898539005), np.float64(0.2239353946576499), np.float64(1.377755472262735e-07), np.float64(0.24510048268180082), np.float64(1.6246645150301712e-07), np.float64(0.44772931075645533), np.float64(0.25565240878620193), np.float64(0.16075226885661692), np.float64(0.32246357950655397), np.float64(0.1359293055821473), np.float64(0.40997020415076446), np.float64(0.22394630493597772), np.float64(0.24412009213439495), np.float64(0.13641413254904453), np.float64(0.16175967138894332), np.float64(0.08879358975573819), np.float64(0.13864385252221179), np.float64(0.3457923289972259), np.float64(0.13640418509790364), np.float64(0.17194201984630245), np.float64(4.495475673378055e-07), np.float64(0.2556577092409923), np.float64(0.13637036638430985), np.float64(0.307784017595739), np.float64(4.4945933947343317e-07), np.float64(0.35492987362327927), np.float64(0.22325738377276572), np.float64(0.24970568424030398), np.float64(0.3236281586930791), np.float64(0.3078330881258198), np.float64(0.12267510559168167), np.float64(0.461196125636324), np.float64(0.27138182449197373), np.float64(0.2841596191628103), np.float64(0.11435758306415163), np.float64(0.24629800218306677), np.float64(0.26458271301184666), np.float64(0.20200459855994077), np.float64(0.14157173745701604), np.float64(0.13166231058421557), np.float64(0.13688959476081428), np.float64(0.34993199231933186), np.float64(0.13631889723428697), np.float64(0.23895177129973844), np.float64(0.225759765040314), np.float64(0.34785058867629265), np.float64(0.1994345590131463), np.float64(0.051867118476464254), np.float64(0.34117532953591895), np.float64(0.23367924538270773), np.float64(0.3072530964429356), np.float64(0.22304362256862934), np.float64(0.18743986672866325), np.float64(0.19436746451938883), np.float64(0.1609874909469012), np.float64(0.07442512794943705), np.float64(0.20309991444206804), np.float64(0.4003963544501599), np.float64(0.3004703401136877), np.float64(0.12481518708777738), np.float64(0.26192612900125917), np.float64(0.29390887323374654), np.float64(0.10163203150501497), np.float64(2.2542626276737926e-07), np.float64(0.29044332855563), np.float64(2.2529560864925352e-07), np.float64(0.43295415318337777), np.float64(0.24048388473117), np.float64(0.350901091042708), np.float64(2.253243297904117e-07), np.float64(0.07250762522346094), np.float64(0.1286276608715514), np.float64(0.2526182407925114), np.float64(0.1412486863763579), np.float64(0.25876070943291035), np.float64(0.13434784189061139), np.float64(0.1432317561384901), np.float64(0.1234721692153081), np.float64(0.20715061327221904), np.float64(0.34584782406966413), np.float64(0.18261617916382722), np.float64(0.1992455566676365), np.float64(0.23783058988701056), np.float64(0.12095648796258679), np.float64(0.23790541407711185), np.float64(0.15999964424440358), np.float64(0.14580488300544703), np.float64(0.22336229440248104), np.float64(0.34793938101859945), np.float64(1.5579457288456072e-07), np.float64(0.3739645746725329), np.float64(0.38781210961927626), np.float64(0.2428020247866744), np.float64(0.24221438573958942), np.float64(8.977668353437471e-07), np.float64(0.2940672249135958), np.float64(0.12224330602748294), np.float64(0.15265288001441582), np.float64(0.2273966188210194), np.float64(0.20263428019121682), np.float64(0.16181387199042344), np.float64(0.14375442402087135), np.float64(0.30293741525125356), np.float64(0.23425617090402226), np.float64(0.31455068727534047), np.float64(0.12419017730647537), np.float64(0.22624699405515042), np.float64(0.25378284419017316), np.float64(0.1493244788114825), np.float64(8.975884153483211e-07), np.float64(0.28221016772705076), np.float64(0.13709484845479997), np.float64(0.21517667095192905), np.float64(0.146314611586366), np.float64(3.5949347051598906e-07), np.float64(0.14649866076010012), np.float64(0.25576055460650904), np.float64(0.1280069858959591), np.float64(0.2556475418775243), np.float64(0.25210033954834965), np.float64(0.15217365005857195), np.float64(0.4196535883114867), np.float64(0.18960307564944634), np.float64(0.23513719893642307), np.float64(1.9961208071644604e-07), np.float64(0.1968483643938466), np.float64(0.23899580630051095), np.float64(0.1803971014233465), np.float64(0.26756493933553005), np.float64(0.23580073623470751), np.float64(0.2509343008056246), np.float64(0.21180475992942877), np.float64(0.25762294875019176), np.float64(0.14184778214808563), np.float64(0.3188314650390163), np.float64(0.1290298708475812), np.float64(0.06696789459483914), np.float64(0.24423060633216437), np.float64(0.3939387590261751), np.float64(0.320174660123131), np.float64(0.23417907076290076), np.float64(0.3243838336885407), np.float64(0.05358620915966285), np.float64(0.18037500976356483), np.float64(0.44455589013784974), np.float64(4.5036528298915307e-07), np.float64(0.14005987346535928), np.float64(0.2527876965192189), np.float64(0.2803751714942499), np.float64(0.1275697065155544), np.float64(0.09472187879311951), np.float64(0.3256406945579401), np.float64(0.322427288754616), np.float64(0.24100017214246933), np.float64(0.12248730048890125), np.float64(0.46231163549554105), np.float64(0.27163213007982245), np.float64(0.20276803433108206), np.float64(0.22544871613641596), np.float64(0.32133548486920577), np.float64(0.3069657179667642), np.float64(0.1955048648123614), np.float64(0.12292106904665662), np.float64(0.23267299071050393), np.float64(0.28781503987866097), np.float64(0.12388998717951001), np.float64(0.4523141996125898), np.float64(0.1825271636737213), np.float64(0.2696419937537276), np.float64(3.1291508678067606e-07), np.float64(0.21320814879370834), np.float64(3.0555645255163517e-07), np.float64(0.22777341853244593), np.float64(0.3085683737121111), np.float64(0.12377950145920677), np.float64(0.2405817086055825), np.float64(0.43516208959139085), np.float64(0.14645030824263403), np.float64(0.13594134962923107), np.float64(2.2922257319697108e-07), np.float64(0.24952287655046923), np.float64(0.323584351758822), np.float64(0.11442275434866961), np.float64(0.23593104028201137), np.float64(4.004691765654534e-07), np.float64(0.34075520905982914), np.float64(0.13752163806486642), np.float64(0.34044370541809393), np.float64(0.3102048795883793), np.float64(0.3071433928418022), np.float64(0.3218916392901354), np.float64(0.17566942980829472), np.float64(0.23002630749036218), np.float64(0.26877453850867766), np.float64(2.992694689857478e-07), np.float64(0.2857731796910908), np.float64(0.19502677301614474), np.float64(0.1713009681899894), np.float64(4.4789331331260256e-07), np.float64(0.2873365740447816), np.float64(0.21923539612141926), np.float64(0.14718260330967825), np.float64(0.3830582509180459), np.float64(0.1458800373162273), np.float64(0.24820389351192568), np.float64(0.2363197702041005), np.float64(0.2931436125858593), np.float64(0.1250210179257935), np.float64(0.13719073600950088), np.float64(0.23181323857719963), np.float64(0.3482095669770035), np.float64(0.22493743001613964), np.float64(0.25547736383801395), np.float64(0.1300525478846903), np.float64(0.14633816486017853), np.float64(0.25722940619110113), np.float64(4.290879530038384e-07), np.float64(0.2257326842810252), np.float64(0.19661613805729286), np.float64(0.2368012141820793), np.float64(0.24604962719382956), np.float64(0.07194360793497885), np.float64(0.3023427636789497), np.float64(0.3336588215113821), np.float64(0.15403961782090597), np.float64(0.2554695205105719), np.float64(0.2852528528907834), np.float64(0.2999324707205181), np.float64(0.11453978446937912), np.float64(0.21210044018020185), np.float64(0.4263360951514349), np.float64(0.34882860119995046), np.float64(0.2532786757231294), np.float64(1.8645101616826213e-07), np.float64(0.23238224230448146), np.float64(0.23827801947305674), np.float64(0.21174232310732402), np.float64(0.3286023143431334), np.float64(0.3720536577663186), np.float64(0.29437356349218224), np.float64(0.1247931286830885), np.float64(0.2566702142767711), np.float64(0.07751187278487796), np.float64(0.4390016257655002), np.float64(0.39841017618042546), np.float64(0.41355100606474515), np.float64(0.24769589303467326), np.float64(0.20788293419479917), np.float64(0.17210687130891855), np.float64(0.12603017686723897), np.float64(0.2905905608386955), np.float64(0.12142830235340402), np.float64(0.4224620613654694), np.float64(0.34224199204055805), np.float64(0.3709161959564367), np.float64(1.0152928739478213e-07), np.float64(0.4277146127025944), np.float64(0.14654535056965767), np.float64(1.9252274405564997e-07), np.float64(0.2748104602677485), np.float64(3.407678755124134e-07), np.float64(0.13261930448463624), np.float64(4.4732749819190654e-07), np.float64(4.4723616344020374e-07), np.float64(0.15703278968089138), np.float64(0.17727768668431443), np.float64(0.13433835531792934), np.float64(0.2712169558841511), np.float64(0.13515414822132304), np.float64(0.07149631746624908), np.float64(0.4406272770169745), np.float64(0.12407646909506412), np.float64(0.23801995088518874), np.float64(0.21723294904252785), np.float64(4.904815461531412e-07), np.float64(0.2541183609812699), np.float64(4.4718271560674364e-07), np.float64(0.12308592158153615), np.float64(0.485195596279407), np.float64(0.1956605658521078), np.float64(0.18518482961821683), np.float64(0.1413305247960036), np.float64(0.14535287423144852), np.float64(0.26429001915780903), np.float64(0.13386522163612832), np.float64(0.18348669610847992), np.float64(0.22393976404144442), np.float64(0.1824311007954837), np.float64(0.10293104942716444), np.float64(0.18696920399763697), np.float64(0.10040755278685957), np.float64(0.06867242254231085), np.float64(0.28035711700060906), np.float64(0.3366800466085395), np.float64(0.1714898330020656), np.float64(0.3516245007772244), np.float64(0.2103608796534991), np.float64(0.284909806748831), np.float64(2.708318693042197e-07), np.float64(0.24326787776050793), np.float64(0.2524845426099408), np.float64(0.15938182572596396), np.float64(2.036948870387278e-07), np.float64(4.469857044286092e-07), np.float64(0.14637915132075463), np.float64(0.251473727977898), np.float64(0.3341220321961127), np.float64(0.23715571610405078), np.float64(0.11289082687547917), np.float64(0.2390084740903575), np.float64(1.8227581200529506e-07), np.float64(0.1572954510992373), np.float64(0.1291462800351962), np.float64(0.2286890330859955), np.float64(0.4121980966699804), np.float64(0.14650857264671258), np.float64(0.1357298127041762), np.float64(0.2577259415606229), np.float64(0.3288633764185703), np.float64(0.25893716844672937), np.float64(0.23812998609113215), np.float64(0.23868720223878884), np.float64(0.33978765212740564), np.float64(0.22308251239709376), np.float64(0.3006037934980092), np.float64(0.24950910437404353), np.float64(0.23353922687321643), np.float64(0.31227437011335196), np.float64(0.2535864391994461), np.float64(0.24341179431470958), np.float64(0.34771483124179703), np.float64(1.877356783205234e-07), np.float64(1.803863056847688e-07), np.float64(0.12328732894627842), np.float64(0.3740617136358731), np.float64(0.2815885351234018), np.float64(0.3877637546089204), np.float64(0.21977521829122118), np.float64(0.08355071831240042), np.float64(0.12352537154230392), np.float64(0.24008285630756068), np.float64(0.24225476998566228), np.float64(0.1935868489989893), np.float64(0.22771888233613596), np.float64(0.3031617403487487), np.float64(0.2419841798610028), np.float64(0.34922883908027214), np.float64(4.465984530226321e-07), np.float64(0.23267629811786827), np.float64(0.11829563964231553), np.float64(0.15167522659877936), np.float64(0.14641135673136904), np.float64(0.11592529952113846), np.float64(0.45155304762278503), np.float64(0.20105793138627806), np.float64(0.26274159573388783), np.float64(0.2556962908916919), np.float64(0.27000659499376306), np.float64(0.3595214920180517), np.float64(0.04935649256282786), np.float64(0.16934277093239944), np.float64(0.1188238249730756), np.float64(0.29086347797816386), np.float64(0.35222671579881615), np.float64(0.25015548910570234), np.float64(0.355667386479427), np.float64(0.25273451951698406), np.float64(0.16709179210287206), np.float64(0.3219891931712717), np.float64(0.23570207625193793), np.float64(0.16456283929069523), np.float64(0.2220104110341361), np.float64(0.32274084486774085), np.float64(0.19389900863021803), np.float64(0.2046480669974111), np.float64(0.16693514732734363), np.float64(0.1215340928947657), np.float64(0.1474357307978545), np.float64(0.1289440405656718), np.float64(0.14347600712363212), np.float64(0.1434344070878518), np.float64(0.10184926835800182), np.float64(0.12280481468781726), np.float64(0.4536247977071017), np.float64(0.08628425694489912), np.float64(0.25776624626593414), np.float64(0.08430252566422637), np.float64(0.09417697264623512), np.float64(0.1227787298341939), np.float64(0.1177606633298958), np.float64(0.3166505726882682), np.float64(0.1929384502919261), np.float64(0.2326577758881066), np.float64(0.2243095975903612), np.float64(0.3360144140678732), np.float64(0.18096799492970492), np.float64(0.1878832765439247), np.float64(0.1935579844359408), np.float64(0.14844552267856184), np.float64(0.27357513666405), np.float64(0.21401389054829173), np.float64(0.275915414666861), np.float64(0.33364020435062935), np.float64(0.11512408071027418), np.float64(0.0732027629146924), np.float64(0.17775939737443933), np.float64(0.13347086892940155), np.float64(0.2329875427008553), np.float64(0.13670804987986057), np.float64(0.13808720048956163), np.float64(0.2797817510689649), np.float64(0.15139729413228242), np.float64(0.11564191975080537), np.float64(0.12602814437707152), np.float64(0.25228609996620793), np.float64(0.3489298256381528), np.float64(0.32271347676358264), np.float64(0.11739969228558136), np.float64(0.08545330471847769), np.float64(8.919885708313098e-07), np.float64(0.13659032779554584), np.float64(0.24989338187049853), np.float64(0.33392357869019085), np.float64(0.14210043098211794), np.float64(0.1280209284134152), np.float64(0.41995339457935876), np.float64(0.17507202665128152), np.float64(0.34173003080534714), np.float64(0.12112667863567624), np.float64(0.24591450925523622), np.float64(0.13930273244512806), np.float64(0.23428245824008548), np.float64(0.19609470289319794), np.float64(0.30149250576535436), np.float64(0.1550517619423027), np.float64(0.10753918972094913), np.float64(8.917545383311234e-07), np.float64(0.093979685008114), np.float64(1.800436667665524e-07), np.float64(0.14115608503711508), np.float64(0.10518710224962484), np.float64(0.28345570439905915), np.float64(0.13609856895325642), np.float64(0.33436273054745114), np.float64(0.22985722166856287), np.float64(0.07821553285203747), np.float64(0.19539519045620826), np.float64(0.14072937696135254), np.float64(0.31125381858773393), np.float64(0.13150734321771393), np.float64(2.980011977280148e-07), np.float64(0.2306213022979051), np.float64(0.22369610538013626), np.float64(4.458161542606215e-07), np.float64(0.30935416376289415), np.float64(0.2682637686956999), np.float64(0.14641061287349952), np.float64(0.22960534018021653), np.float64(0.4507562929167666), np.float64(0.2557018317196967), np.float64(4.4560678847926567e-07), np.float64(4.456326355871523e-07), np.float64(0.1902670222445026), np.float64(0.14630882972295559), np.float64(1.381813517715477e-07), np.float64(0.14636219072778464), np.float64(1.3888910904173002e-07), np.float64(1.7087687680750367e-07), np.float64(0.0715601612874021), np.float64(0.29273927471662015), np.float64(0.25567189730038953), np.float64(0.4272188617985542), np.float64(2.3870037890283276e-07), np.float64(0.26586768155696533), np.float64(0.2718501922380388), np.float64(0.1276608120752129), np.float64(0.25721041673298206), np.float64(4.5838909328278985e-07), np.float64(0.14633806276670358), np.float64(0.14687938589817495), np.float64(0.18766146967856803), np.float64(0.13575170834629102), np.float64(0.32838518194991934), np.float64(0.3572095330338595), np.float64(0.14637487294910134), np.float64(0.24511782769632978), np.float64(0.46354275262117434), np.float64(0.34011430273163545), np.float64(0.23776857549908773), np.float64(0.20566568045348782), np.float64(0.16437495894266033), np.float64(0.4267882445637125), np.float64(0.46751275405740494), np.float64(0.3118020975057371), np.float64(4.453302269321231e-07), np.float64(0.2642002657346657), np.float64(0.18578767533607649), np.float64(0.3591426360238184), np.float64(0.4638073792116106), np.float64(0.14967433591662008), np.float64(0.23933425974606293), np.float64(0.2556932677206772), np.float64(0.2527751538719133), np.float64(0.26001394338031636), np.float64(0.17408006152686342), np.float64(0.19832197243088223), np.float64(0.19898525184955324), np.float64(0.37701476752418134), np.float64(0.30091348617154345), np.float64(0.22773018223438846), np.float64(0.34110108665240324), np.float64(0.2406765503156521), np.float64(0.38021159504675367), np.float64(0.34828641731084736), np.float64(0.23982263873833293), np.float64(0.13463015393108138), np.float64(0.1171653953020409), np.float64(0.22892418060508876), np.float64(0.12133071331193708), np.float64(0.12874710781795823), np.float64(0.23900612451478562), np.float64(0.14103445004247972), np.float64(0.22265828364730034), np.float64(0.4098414839039211), np.float64(0.21953773879329969), np.float64(0.2135766947524019), np.float64(0.26748498266761345), np.float64(0.249522697507522), np.float64(0.13990010229818026), np.float64(2.0141271971707275e-07), np.float64(0.26949498025194973), np.float64(0.2532046297753812), np.float64(0.32767265671940793), np.float64(0.271559255851991), np.float64(0.2504108445964357), np.float64(0.20289812278193214), np.float64(0.2951174372979661), np.float64(3.3564837836985377e-07), np.float64(0.14644113395700198), np.float64(0.2556844930564161), np.float64(0.3719773477628273), np.float64(0.32259946134166395), np.float64(4.140810679035124e-07), np.float64(0.2557089606413889), np.float64(1.8272012520940263e-07), np.float64(0.13785249704279331), np.float64(1.7916491183471288e-07), np.float64(4.4473449402112456e-07), np.float64(0.21699833317958003), np.float64(0.13622647651280287), np.float64(0.3530543245996057), np.float64(0.1364656214004075), np.float64(0.24987265430576755), np.float64(0.4987844224431277), np.float64(0.10199163451429404), np.float64(0.20032602195948876), np.float64(0.26842226493484606), np.float64(0.3612492185297407), np.float64(0.11200735147570814), np.float64(0.14392833116313064), np.float64(0.13596175148528677), np.float64(0.1428654454332146), np.float64(0.3123479430053179), np.float64(2.9894676854601114e-07), np.float64(0.14630480037715346), np.float64(0.3814284536488796), np.float64(1.800909327821213e-07), np.float64(0.2879675958580394), np.float64(0.25716015593976177), np.float64(0.28297683003875346), np.float64(4.44465307394572e-07), np.float64(0.1287663159298917), np.float64(0.20692002346580865), np.float64(0.42465852251844566), np.float64(0.32801281861251186), np.float64(4.443469462386244e-07), np.float64(0.2572005952450856), np.float64(0.2555942080458205), np.float64(0.2033349289577245), np.float64(0.277153855671375), np.float64(1.6574844184962862e-07), np.float64(3.659022366391134e-07), np.float64(4.443016206764138e-07), np.float64(0.21425048972966562), np.float64(0.22418963790015464), np.float64(0.18241789781189297), np.float64(0.15809161116166445), np.float64(0.43831969171996), np.float64(1.6226387575801468e-07), np.float64(0.10701463072056905), np.float64(0.2581839752170204), np.float64(2.2386262211774018e-07), np.float64(1.801690718706937e-07), np.float64(0.12993003681587842), np.float64(3.2463886574159935e-07), np.float64(2.3073396743390615e-07), np.float64(1.3794564470610672e-07), np.float64(1.621620726997245e-07), np.float64(0.13565457464932282), np.float64(4.3953202317807486e-07), np.float64(0.16653535395802638), np.float64(0.14644140081903667), np.float64(0.136429485794317), np.float64(0.22733140615716435), np.float64(0.2195785006023066), np.float64(0.135645621967198), np.float64(0.16452725961954426), np.float64(0.03531548104444429), np.float64(0.14630734227670752), np.float64(0.39166897276479307), np.float64(0.12607805225842356), np.float64(5.64506720565176e-07), np.float64(0.32848500276441917), np.float64(0.26587874920098153), np.float64(0.24979695488346684), np.float64(0.32367719746726203), np.float64(0.09502736472758483), np.float64(0.24313724790187324), np.float64(0.16317026460767342), np.float64(0.22080749474390415), np.float64(0.32214605347766756), np.float64(2.1493180344450974e-07), np.float64(0.2367681179271756), np.float64(0.1556615945587986), np.float64(0.10280877091362511), np.float64(0.36916848127860913), np.float64(0.2760605115482868), np.float64(0.228100668913155), np.float64(0.39639302404817833), np.float64(0.26439873274692627), np.float64(0.28407445121058256), np.float64(0.2247742554056173), np.float64(0.21944202786084216), np.float64(0.18398877938084515), np.float64(0.3263455167413302), np.float64(0.22950181419057342), np.float64(1.9969449891938512e-07), np.float64(0.17590982050879622), np.float64(0.14641075488132932), np.float64(0.24513013695382482), np.float64(1.4615859848039003e-07), np.float64(4.4407420865729566e-07), np.float64(0.3958717130583676), np.float64(0.31722005235762046), np.float64(0.2518102832148142), np.float64(4.439078444675757e-07), np.float64(0.2556955088911207), np.float64(1.4608527493194283e-07), np.float64(0.15241592615540395), np.float64(0.4074556082119557), np.float64(0.3225240450798559), np.float64(0.2554508335812588), np.float64(2.2967983288006954e-07), np.float64(0.14633801035422095), np.float64(0.23323578998359512), np.float64(0.14634267165897846), np.float64(4.4387411358536764e-07), np.float64(0.1543895094990743), np.float64(0.11230744707526222), np.float64(0.15730070375507627), np.float64(0.21973232477719212), np.float64(0.3459697556609287), np.float64(0.3316570419370127), np.float64(0.13564819952611337), np.float64(0.12684062588028358), np.float64(0.2239773201718367), np.float64(0.2817582959089158), np.float64(0.45442988378845656), np.float64(0.1329092571807088), np.float64(0.22541747503969894), np.float64(0.2749265328178137), np.float64(0.11021846043836857), np.float64(0.15175622388227175), np.float64(0.19267820900699445), np.float64(0.3926472949284545), np.float64(0.03594647710163971), np.float64(0.10643186249725296), np.float64(0.22938732201107542), np.float64(0.1699127436998592), np.float64(0.2441559687874316), np.float64(0.13581578960391896), np.float64(0.20077933503997777), np.float64(0.4032580007027342), np.float64(0.26606747714589324), np.float64(0.3309678735336615), np.float64(2.2350131057482292e-07), np.float64(0.30584699610365557), np.float64(0.34724331807222875), np.float64(0.21869310283149748), np.float64(0.15571209236684613), np.float64(0.12501392890972893), np.float64(0.42766760164421824), np.float64(0.266045998334815), np.float64(0.2550484019476319), np.float64(0.22940994852174784), np.float64(0.1884619131006558), np.float64(0.18745324871732652), np.float64(0.24173813957696091), np.float64(0.12941848467595823), np.float64(0.11600374134964292), np.float64(0.23203349005359503), np.float64(0.23440171923103142), np.float64(0.1339678889602026), np.float64(2.0098906635053794e-07), np.float64(0.23536791139778185), np.float64(0.20633243870884937), np.float64(0.14577793425926144), np.float64(0.21209440387017464), np.float64(0.3510700696364268), np.float64(0.3755498456153931), np.float64(0.1367617624422808), np.float64(4.0391010324597453e-07), np.float64(0.32589217835324924), np.float64(0.16850967299519454), np.float64(3.1795972451459245e-07), np.float64(0.27084225919369087), np.float64(0.07702289935247998), np.float64(0.18384877770913152), np.float64(0.35274020821666985), np.float64(0.24848990077731678), np.float64(0.39583260369281853), np.float64(0.25817476645167503), np.float64(0.14071564728045644), np.float64(1.5166496940199762e-07), np.float64(0.2843327587486076), np.float64(0.20046959105130543), np.float64(8.575892263726697e-08), np.float64(0.2534231745928584), np.float64(0.3893760588601102), np.float64(1.6073638755763116e-07), np.float64(0.24362539354019513), np.float64(0.11217122872820139), np.float64(0.32601452903599454), np.float64(0.370408129215698), np.float64(0.12904523617206162), np.float64(0.14641051648475154), np.float64(0.07165629766989107), np.float64(0.2601388573654159), np.float64(0.14119690213091982), np.float64(0.3066463346317418), np.float64(0.1353038843667403), np.float64(0.08576769025558127), np.float64(0.15819473252609237), np.float64(0.2025151706011808), np.float64(0.2466475108467515), np.float64(0.1364398530616758), np.float64(0.40218398273791683), np.float64(0.38369460805193334), np.float64(0.39117650518621266), np.float64(0.2500753508327855), np.float64(0.32390796154285484), np.float64(0.36922376170089743), np.float64(0.23787417949270823), np.float64(8.859621362305855e-07), np.float64(0.31467924369273076), np.float64(0.39853602321216286), np.float64(0.2669108529462588), np.float64(0.14643564244182636), np.float64(0.23985942144648625), np.float64(0.28326650929182934), np.float64(0.1743662574588817), np.float64(0.2494468651235177), np.float64(0.22078250730701873), np.float64(0.28184102133662303), np.float64(0.4793822888091403), np.float64(0.2671610874594054), np.float64(0.2299835359494617), np.float64(0.2382747961957502), np.float64(0.21927814059301984), np.float64(0.3104669313345546), np.float64(0.23771871348336693), np.float64(0.10689380578305935), np.float64(0.2524237701137772), np.float64(0.3534502624249974), np.float64(0.14676846413833244), np.float64(0.23993078586206165), np.float64(4.427634957677823e-07), np.float64(0.2399781538201826), np.float64(0.3157803000562257), np.float64(0.3769681303983177), np.float64(0.2862463655537827), np.float64(0.23245548291191268), np.float64(0.3902659704306501), np.float64(0.396367804093869), np.float64(0.4460272735014198), np.float64(0.26512533628768314), np.float64(0.3993475709202791), np.float64(4.4511106414570405e-07), np.float64(0.19231731033448496), np.float64(4.4503785984269946e-07), np.float64(0.16650688704292838), np.float64(3.1894030775467515e-07), np.float64(0.07025445590956393), np.float64(0.46312035302521276), np.float64(0.0733543990505899), np.float64(0.14449982888311186), np.float64(0.2643634745843048), np.float64(0.16309092552506613), np.float64(0.255825491211121), np.float64(6.247727049042012e-07), np.float64(0.203098133867345), np.float64(0.25229840217877075), np.float64(1.792753711284867e-07), np.float64(0.14635341399822385), np.float64(0.2131175497430488), np.float64(0.1972995822835035), np.float64(2.5939155391305055e-07), np.float64(0.28925018916304285), np.float64(0.2547057569156565), np.float64(0.2055562215495936), np.float64(0.23861204448165585), np.float64(0.14665973853432657), np.float64(0.35253729325056093), np.float64(0.16685452734743242), np.float64(0.14126574002415765), np.float64(0.2575625833222831), np.float64(0.29209558542842834), np.float64(0.15378206759773902), np.float64(0.22533521967628536), np.float64(0.469669049174791), np.float64(0.1752270426419185), np.float64(0.09845088176688276), np.float64(0.23246948835417497), np.float64(4.422145069423029e-07), np.float64(0.27939324533276116), np.float64(2.957132193591913e-07), np.float64(0.14632612583317445), np.float64(0.1042891941284672), np.float64(0.22811580739442422), np.float64(0.19015312240952445), np.float64(0.32233301618494314), np.float64(0.2735029850017629), np.float64(0.310500450067197), np.float64(0.13564913941533904), np.float64(0.3387147758382464), np.float64(0.18610075693757952), np.float64(0.07303127728225614), np.float64(0.39904501196563147), np.float64(0.13645383853396598), np.float64(0.25513227644049935), np.float64(0.32653538204521154), np.float64(0.08715078521373291), np.float64(0.27111337788315726), np.float64(0.37338408932866896), np.float64(0.14697080941908497), np.float64(0.12267107937903662), np.float64(0.3551820905631558), np.float64(0.20212352979481255), np.float64(0.2461628340360351), np.float64(0.12831367962024157), np.float64(0.23305200019701733), np.float64(0.13732514990181946), np.float64(0.1773864036898079), np.float64(0.41732418480508077), np.float64(0.1634793855932069), np.float64(0.25059807173757287), np.float64(0.41818855715268904), np.float64(0.12808933242096857), np.float64(0.12030261287814985), np.float64(0.33184966705111635), np.float64(0.30618445445516324), np.float64(0.19261052233340378), np.float64(0.1299396998356182), np.float64(0.24591025488561663), np.float64(0.27085999951843115), np.float64(0.13687709279583937), np.float64(0.2547455476761869), np.float64(0.13662760206232702), np.float64(0.3524472123496329), np.float64(0.3782549522321504), np.float64(0.14988249512959753), np.float64(0.3899902671233316), np.float64(0.22444884793123984), np.float64(0.3024602490767295), np.float64(0.27738599514867224), np.float64(0.21282977324793556), np.float64(0.36441487601838446), np.float64(0.24275739017085884), np.float64(0.16728847389524865), np.float64(0.13340370930951667), np.float64(0.3052205747623743), np.float64(0.2147898999810203), np.float64(0.20089198646393294), np.float64(0.2542120585557104), np.float64(0.08931619353006588), np.float64(0.3578061945385114), np.float64(0.23470034175300974), np.float64(0.12179866402628609), np.float64(0.0651521662648222), np.float64(0.1760033692879235), np.float64(0.14692091079207154), np.float64(0.3908069060480577), np.float64(0.18375966751692518), np.float64(0.2634041836189042), np.float64(0.22439999626508328), np.float64(0.2170961114839064), np.float64(0.12475414092765302), np.float64(0.2861616026301854), np.float64(0.23054421408013842), np.float64(3.54271206804881e-07), np.float64(0.3050188478424072), np.float64(0.24286638880299355), np.float64(0.12415356379702301), np.float64(0.19788464069243616), np.float64(0.2793716887355174), np.float64(0.12596993687109917), np.float64(0.13727564719514637), np.float64(0.2267808504602285), np.float64(0.3435528453848645), np.float64(0.15945329115832413), np.float64(0.1141708441563522), np.float64(0.12203691899291112), np.float64(0.2360311588181395), np.float64(0.2416348032537122), np.float64(0.29914163508092184), np.float64(0.15798278321702436), np.float64(0.4368575388512119), np.float64(0.15962569955641712), np.float64(0.22506993549094728), np.float64(0.25691866472248803), np.float64(0.1623036216418103), np.float64(0.1408829186117224), np.float64(0.1909409173433847), np.float64(0.166402602154982), np.float64(0.27693323984687407), np.float64(0.11829027294424249), np.float64(0.18783596065484393), np.float64(0.22135883155379094), np.float64(2.1808282115445007e-07), np.float64(0.13661307937285336), np.float64(0.27519024087430394), np.float64(0.18035596094567577)]"
9,100000,4,1.5290620216915137e-07,0.9476771354675293,1.4551611807896957e-15,True,5,"[np.float64(63.25816049575257), np.float64(24.94000530174993), np.float64(4.301078373573489), np.float64(0.12455108267184518), np.float64(8.149781679724713e-05)]"
10,100000,8,2.0548855739020934e-10,0.8791627883911133,1.34486866260772e-21,True,5,"[np.float64(65.82714241239937), np.float64(25.66065020763526), np.float64(1.124135073748234), np.float64(0.01307951757985164), np.float64(4.248173625453013e-06)]"
11,100000,12,1263.2889925248992,157.33630871772766,49811.481875731675,False,1000,"[np.float64(2.531937463946256e-06), np.float64(5.698821009229726e-07), np.float64(5.698490182509138e-07), np.float64(0.14637736765259063), np.float64(0.6947914674581857), np.float64(9.500182372124151e-07), np.float64(0.5220066730149023), np.float64(0.2037787416942031), np.float64(7.122021211248595e-07), np.float64(1.0120081294317578e-06), np.float64(5.699422415860191e-07), np.float64(0.2872080980283735), np.float64(0.4527438305927968), np.float64(0.25724692013287004), np.float64(0.1463385218902527), np.float64(2.2032150270917963e-06), np.float64(0.13224522687196894), np.float64(0.2370615127481514), np.float64(0.14641262494303095), np.float64(0.34631215043851454), np.float64(0.328438003789971), np.float64(0.23802380433489118), np.float64(0.3718433909343089), np.float64(0.23991485675238297), np.float64(0.19636497998080257), np.float64(0.04482565689852171), np.float64(0.16850178612774658), np.float64(0.48846083989606964), np.float64(0.14440712828122867), np.float64(0.2560317771712544), np.float64(0.47887210430148697), np.float64(0.2672035041352298), np.float64(0.5053809369776768), np.float64(1.2958194674218573e-06), np.float64(0.19614647743100078), np.float64(0.20259734337118554), np.float64(0.14646835076579898), np.float64(0.2572951650429326), np.float64(0.14637179632675923), np.float64(0.13460371727083983), np.float64(0.32982373765953016), np.float64(0.27925844446363984), np.float64(0.37653717799899084), np.float64(0.3178449284215217), np.float64(0.12393487965648102), np.float64(0.47364347367439724), np.float64(0.27198171650773884), np.float64(0.15734171730934676), np.float64(0.23483786394575373), np.float64(0.21498260864755672), np.float64(0.5394914521007714), np.float64(0.14868672369247066), np.float64(0.2455361624839153), np.float64(0.31464946268673616), np.float64(0.25430771022986076), np.float64(4.352843401797638e-07), np.float64(0.3568690834846883), np.float64(0.38202303969889734), np.float64(0.08855811330535178), np.float64(4.353172758824037e-07), np.float64(0.2023872167952686), np.float64(5.137140326788065e-07), np.float64(1.4243896742249155e-06), np.float64(8.727620217166244e-07), np.float64(0.243829027136444), np.float64(1.534470996148603e-06), np.float64(0.14249016870825595), np.float64(0.14633835778193144), np.float64(0.1797547898539005), np.float64(0.2239353946576499), np.float64(4.3526342426166714e-07), np.float64(0.24510048268180082), np.float64(5.136683851841774e-07), np.float64(0.44772931075645533), np.float64(0.25565240878620193), np.float64(0.16075226885661692), np.float64(0.32246357950655397), np.float64(0.1359293055821473), np.float64(0.40997020415076446), np.float64(0.22394630493597772), np.float64(0.24412009213439495), np.float64(0.13641413254904453), np.float64(0.16175967138894332), np.float64(0.08879358975573819), np.float64(0.13864385252221179), np.float64(0.3457923289972259), np.float64(0.13640418509790364), np.float64(0.17194201984630245), np.float64(1.4237003400309931e-06), np.float64(0.2556577092409923), np.float64(0.13637036638430985), np.float64(0.307784017595739), np.float64(1.4236724836650181e-06), np.float64(0.35492987362327927), np.float64(0.22325738377276572), np.float64(0.24970568424030398), np.float64(0.3236281586930791), np.float64(0.3078330881258198), np.float64(0.12267510559168167), np.float64(0.461196125636324), np.float64(0.27138182449197373), np.float64(0.2841596191628103), np.float64(0.11435758306415163), np.float64(0.24629800218306677), np.float64(0.26458271301184666), np.float64(0.20200459855994077), np.float64(0.14157173745701604), np.float64(0.13166231058421557), np.float64(0.13688959476081428), np.float64(0.34993199231933186), np.float64(0.13631889723428697), np.float64(0.23895177129973844), np.float64(0.225759765040314), np.float64(0.34785058867629265), np.float64(0.1994345590131463), np.float64(0.051867118476464254), np.float64(0.34117532953591895), np.float64(0.23367924538270773), np.float64(0.3072530964429356), np.float64(0.22304362256862934), np.float64(0.18743986672866325), np.float64(0.19436746451938883), np.float64(0.1609874909469012), np.float64(0.07442512794943705), np.float64(0.20309991444206804), np.float64(0.4003963544501599), np.float64(0.3004703401136877), np.float64(0.12481518708777738), np.float64(0.26192612900125917), np.float64(0.29390887323374654), np.float64(0.10163203150501497), np.float64(7.121275833713585e-07), np.float64(0.29044332855563), np.float64(7.121573575401213e-07), np.float64(0.43295415318337777), np.float64(0.24048388473117), np.float64(0.350901091042708), np.float64(7.121664441809856e-07), np.float64(0.07250762522346094), np.float64(0.1286276608715514), np.float64(0.2526182407925114), np.float64(0.1412486863763579), np.float64(0.25876070943291035), np.float64(0.13434784189061139), np.float64(0.1432317561384901), np.float64(0.1234721692153081), np.float64(0.20715061327221904), np.float64(0.34584782406966413), np.float64(0.18261617916382722), np.float64(0.1992455566676365), np.float64(0.23783058988701056), np.float64(0.12095648796258679), np.float64(0.23790541407711185), np.float64(0.15999964424440358), np.float64(0.14580488300544703), np.float64(0.22336229440248104), np.float64(0.34793938101859945), np.float64(4.923762545460031e-07), np.float64(0.3739645746725329), np.float64(0.38781210961927626), np.float64(0.2428020247866744), np.float64(0.24221438573958942), np.float64(2.84726638223761e-06), np.float64(0.2940672249135958), np.float64(0.12224330602748294), np.float64(0.15265288001441582), np.float64(0.2273966188210194), np.float64(0.20263428019121682), np.float64(0.16181387199042344), np.float64(0.14375442402087135), np.float64(0.30293741525125356), np.float64(0.23425617090402226), np.float64(0.31455068727534047), np.float64(0.12419017730647537), np.float64(0.22624699405515042), np.float64(0.25378284419017316), np.float64(0.1493244788114825), np.float64(2.8469254670282303e-06), np.float64(0.28221016772705076), np.float64(0.13709484845479997), np.float64(0.21517667095192905), np.float64(0.146314611586366), np.float64(1.1391127790502044e-06), np.float64(0.14649866076010012), np.float64(0.25576055460650904), np.float64(0.1280069858959591), np.float64(0.2556475418775243), np.float64(0.25210033954834965), np.float64(0.15217365005857195), np.float64(0.4196535883114867), np.float64(0.18960307564944634), np.float64(0.23513719893642307), np.float64(6.222371534868085e-07), np.float64(0.1968483643938466), np.float64(0.23899580630051095), np.float64(0.1803971014233465), np.float64(0.26756493933553005), np.float64(0.23580073623470751), np.float64(0.2509343008056246), np.float64(0.21180475992942877), np.float64(0.25762294875019176), np.float64(0.14184778214808563), np.float64(0.31883146503902177), np.float64(0.1290298708475812), np.float64(0.06696789459483914), np.float64(0.24423060633216437), np.float64(0.3939387590261751), np.float64(0.320174660123131), np.float64(0.23417907076290076), np.float64(0.3243838336885407), np.float64(0.05358620915966285), np.float64(0.18037500976356483), np.float64(0.44455589013784974), np.float64(1.4242433186153466e-06), np.float64(0.14005987346535928), np.float64(0.2527876965192189), np.float64(0.2803751714942499), np.float64(0.1275697065155544), np.float64(0.09472187879311951), np.float64(0.3256406945579401), np.float64(0.322427288754616), np.float64(0.24100017214246933), np.float64(0.12248730048890125), np.float64(0.46231163549554105), np.float64(0.27163213007982245), np.float64(0.20276803433108206), np.float64(0.22544871613641596), np.float64(0.32133548486920577), np.float64(0.3069657179667642), np.float64(0.1955048648123614), np.float64(0.12292106904665662), np.float64(0.23267299071050393), np.float64(0.28781503987866097), np.float64(0.12388998717951001), np.float64(0.4523141996125898), np.float64(0.1825271636737213), np.float64(0.2696419937537276), np.float64(9.891532720234348e-07), np.float64(0.21320814879370834), np.float64(9.591702014750289e-07), np.float64(0.22777341853244593), np.float64(0.3085683737121111), np.float64(0.12377950145920677), np.float64(0.2405817086055825), np.float64(0.43516208959139085), np.float64(0.14645030824263403), np.float64(0.13594134962923107), np.float64(7.202117425472185e-07), np.float64(0.24952287655046923), np.float64(0.323584351758822), np.float64(0.11442275434866961), np.float64(0.23593104028201137), np.float64(1.2659689721529673e-06), np.float64(0.34075520905982914), np.float64(0.13752163806486642), np.float64(0.34044370541809393), np.float64(0.3102048795883793), np.float64(0.3071433928418022), np.float64(0.3218916392901354), np.float64(0.17566942980829472), np.float64(0.23002630749036218), np.float64(0.26877453850867766), np.float64(9.490930475681161e-07), np.float64(0.2857731796910908), np.float64(0.19502677301614474), np.float64(0.1713009681899894), np.float64(1.4231787951779267e-06), np.float64(0.2873365740447816), np.float64(0.21923539612141926), np.float64(0.14718260330967825), np.float64(0.3830582509180459), np.float64(0.14588003731622734), np.float64(0.24820389351192568), np.float64(0.2363197702041005), np.float64(0.2931436125858593), np.float64(0.1250210179257935), np.float64(0.13719073600950088), np.float64(0.23181323857719963), np.float64(0.3482095669770035), np.float64(0.22493743001613964), np.float64(0.25547736383801395), np.float64(0.1300525478846903), np.float64(0.14633816486017853), np.float64(0.25722940619110113), np.float64(1.3563267620247187e-06), np.float64(0.2257326842810252), np.float64(0.19661613805729286), np.float64(0.2368012141820793), np.float64(0.24604962719382956), np.float64(0.07194360793497885), np.float64(0.3023427636789497), np.float64(0.3336588215113821), np.float64(0.15403961782090597), np.float64(0.2554695205105719), np.float64(0.2852528528907834), np.float64(0.2999324707205181), np.float64(0.11453978446937912), np.float64(0.21210044018020185), np.float64(0.4263360951514349), np.float64(0.34882860119995046), np.float64(0.2532786757231294), np.float64(5.910371270883225e-07), np.float64(0.23238224230448146), np.float64(0.23827801947305674), np.float64(0.21174232310732402), np.float64(0.3286023143431334), np.float64(0.3720536577663186), np.float64(0.29437356349218224), np.float64(0.1247931286830885), np.float64(0.2566702142767711), np.float64(0.07751187278487796), np.float64(0.4390016257655002), np.float64(0.39841017618042546), np.float64(0.41355100606474515), np.float64(0.24769589303467326), np.float64(0.20788293419479917), np.float64(0.17210687130891855), np.float64(0.12603017686723897), np.float64(0.2905905608386955), np.float64(0.12142830235340402), np.float64(0.4224620613654694), np.float64(0.34224199204055805), np.float64(0.3709161959564367), np.float64(3.2094106841948557e-07), np.float64(0.4277146127025944), np.float64(0.14654535056965767), np.float64(6.050824754551218e-07), np.float64(0.2748104602677485), np.float64(1.0775242929720665e-06), np.float64(0.13261930448463624), np.float64(1.423000795357155e-06), np.float64(1.4229720864574886e-06), np.float64(0.15703278968089138), np.float64(0.17727768668431443), np.float64(0.13433835531792934), np.float64(0.2712169558841511), np.float64(0.13515414822132304), np.float64(0.07149631746624908), np.float64(0.4406272770169745), np.float64(0.12407646909506412), np.float64(0.23801995088518874), np.float64(0.21723294904252785), np.float64(1.5586286752857761e-06), np.float64(0.2541183609812699), np.float64(1.4229552888569225e-06), np.float64(0.12308592158153615), np.float64(0.485195596279407), np.float64(0.1956605658521078), np.float64(0.18518482961821683), np.float64(0.1413305247960036), np.float64(0.14535287423144852), np.float64(0.26429001915780903), np.float64(0.13386522163612832), np.float64(0.18348669610847992), np.float64(0.22393976404144442), np.float64(0.1824311007954837), np.float64(0.10293104942716444), np.float64(0.18696920399763697), np.float64(0.10040755278685957), np.float64(0.06867242254231085), np.float64(0.28035711700060906), np.float64(0.3366800466085395), np.float64(0.1714898330020656), np.float64(0.3516245007772244), np.float64(0.2103608796534991), np.float64(0.284909806748831), np.float64(8.524385335189581e-07), np.float64(0.24326787776050793), np.float64(0.2524845426099408), np.float64(0.15938182572596396), np.float64(6.363165022235177e-07), np.float64(1.4228933245120535e-06), np.float64(0.14637915132075463), np.float64(0.251473727977898), np.float64(0.3341220321961127), np.float64(0.23715571610405078), np.float64(0.11289082687547917), np.float64(0.2390084740903575), np.float64(5.751448280076068e-07), np.float64(0.1572954510992373), np.float64(0.1291462800351962), np.float64(0.2286890330859955), np.float64(0.4121980966699804), np.float64(0.14650857264671258), np.float64(0.1357298127041762), np.float64(0.2577259415606229), np.float64(0.3288633764185703), np.float64(0.25893716844672937), np.float64(0.23812998609113215), np.float64(0.23868720223878884), np.float64(0.33978765212740564), np.float64(0.22308251239709376), np.float64(0.3006037934980092), np.float64(0.24950910437404353), np.float64(0.23353922687321643), np.float64(0.31227437011335196), np.float64(0.2535864391994461), np.float64(0.24341179431470958), np.float64(0.34771483124179703), np.float64(5.961614235140494e-07), np.float64(5.697732619858256e-07), np.float64(0.12328732894627842), np.float64(0.3740617136358731), np.float64(0.2815885351234018), np.float64(0.3877637546089204), np.float64(0.21977521829122118), np.float64(0.08355071831240042), np.float64(0.12352537154230392), np.float64(0.24008285630756068), np.float64(0.24225476998566228), np.float64(0.1935868489989893), np.float64(0.22771888233613596), np.float64(0.3031617403487487), np.float64(0.2419841798610028), np.float64(0.34922883908027214), np.float64(1.4227717530247654e-06), np.float64(0.23267629811786827), np.float64(0.11829563964231553), np.float64(0.15167522659877936), np.float64(0.14641135673136904), np.float64(0.11592529952113846), np.float64(0.45155304762278503), np.float64(0.20105793138627806), np.float64(0.26274159573388783), np.float64(0.2556962908916919), np.float64(0.27000659499376306), np.float64(0.3595214920180517), np.float64(0.04935649256282786), np.float64(0.16934277093239944), np.float64(0.1188238249730756), np.float64(0.29086347797816386), np.float64(0.35222671579881615), np.float64(0.25015548910570234), np.float64(0.355667386479427), np.float64(0.25273451951698406), np.float64(0.16709179210287206), np.float64(0.3219891931712717), np.float64(0.23570207625193793), np.float64(0.16456283929069523), np.float64(0.2220104110341361), np.float64(0.32274084486774085), np.float64(0.19389900863021803), np.float64(0.2046480669974111), np.float64(0.16693514732734363), np.float64(0.1215340928947657), np.float64(0.1474357307978545), np.float64(0.1289440405656718), np.float64(0.14347600712363212), np.float64(0.1434344070878518), np.float64(0.10184926835800182), np.float64(0.12280481468781726), np.float64(0.4536247977071017), np.float64(0.08628425694489912), np.float64(0.25776624626593414), np.float64(0.08430252566422637), np.float64(0.09417697264623512), np.float64(0.1227787298341939), np.float64(0.1177606633298958), np.float64(0.3166505726882682), np.float64(0.1929384502919261), np.float64(0.2326577758881066), np.float64(0.2243095975903612), np.float64(0.3360144140678732), np.float64(0.18096799492970492), np.float64(0.1878832765439247), np.float64(0.1935579844359408), np.float64(0.14844552267856184), np.float64(0.27357513666405), np.float64(0.21401389054829173), np.float64(0.275915414666861), np.float64(0.33364020435062935), np.float64(0.11512408071027418), np.float64(0.0732027629146924), np.float64(0.17775939737443933), np.float64(0.13347086892940155), np.float64(0.2329875427008553), np.float64(0.13670804987986057), np.float64(0.13808720048956163), np.float64(0.2797817510689649), np.float64(0.15139729413228242), np.float64(0.11564191975080537), np.float64(0.12602814437707152), np.float64(0.25228609996620793), np.float64(0.3489298256381528), np.float64(0.32271347676358264), np.float64(0.11739969228558136), np.float64(0.08545330471847777), np.float64(2.8451646704791325e-06), np.float64(0.13659032779554584), np.float64(0.24989338187049853), np.float64(0.33392357869019085), np.float64(0.14210043098211794), np.float64(0.1280209284134152), np.float64(0.41995339457935876), np.float64(0.17507202665128152), np.float64(0.34173003080534714), np.float64(0.12112667863567624), np.float64(0.24591450925523622), np.float64(0.13930273244512806), np.float64(0.23428245824008548), np.float64(0.19609470289319794), np.float64(0.30149250576535436), np.float64(0.1550517619423027), np.float64(0.10753918972094913), np.float64(2.8450912759192894e-06), np.float64(0.093979685008114), np.float64(5.696648459716685e-07), np.float64(0.14115608503711508), np.float64(0.10518710224962484), np.float64(0.28345570439905915), np.float64(0.13609856895325642), np.float64(0.33436273054745114), np.float64(0.22985722166856287), np.float64(0.07821553285203747), np.float64(0.19539519045620826), np.float64(0.14072937696135254), np.float64(0.31125381858773393), np.float64(0.13150734321771393), np.float64(9.486938345580395e-07), np.float64(0.2306213022979051), np.float64(0.22369610538013626), np.float64(1.422526357006138e-06), np.float64(0.30935416376289415), np.float64(0.2682637686956999), np.float64(0.14641061287349952), np.float64(0.22960534018021653), np.float64(0.4507562929167666), np.float64(0.2557018317196967), np.float64(1.4224607245652577e-06), np.float64(1.422468821764563e-06), np.float64(0.1902670222445026), np.float64(0.14630882972295559), np.float64(4.367658140149081e-07), np.float64(0.14636219072778464), np.float64(4.4010403603682577e-07), np.float64(5.329074728314895e-07), np.float64(0.0715601612874021), np.float64(0.29273927471662015), np.float64(0.25567189730038953), np.float64(0.4272188617985542), np.float64(7.498410205649314e-07), np.float64(0.26586768155696533), np.float64(0.2718501922380388), np.float64(0.1276608120752129), np.float64(0.25721041673298206), np.float64(1.46021707651813e-06), np.float64(0.14633806276670358), np.float64(0.14687938589817495), np.float64(0.18766146967856803), np.float64(0.13575170834629102), np.float64(0.32838518194991934), np.float64(0.3572095330338595), np.float64(0.14637487294910134), np.float64(0.24511782769632978), np.float64(0.46354275262117434), np.float64(0.34011430273163545), np.float64(0.23776857549908773), np.float64(0.20566568045348782), np.float64(0.16437495894266033), np.float64(0.4267882445637125), np.float64(0.46751275405740494), np.float64(0.3118020975057371), np.float64(1.4223741118325124e-06), np.float64(0.2642002657346657), np.float64(0.18578767533607649), np.float64(0.3591426360238184), np.float64(0.4638073792116106), np.float64(0.14967433591662008), np.float64(0.23933425974606293), np.float64(0.2556932677206772), np.float64(0.2527751538719133), np.float64(0.26001394338031636), np.float64(0.17408006152686342), np.float64(0.19832197243088223), np.float64(0.19898525184955324), np.float64(0.37701476752418134), np.float64(0.30091348617154345), np.float64(0.22773018223438846), np.float64(0.34110108665240324), np.float64(0.2406765503156521), np.float64(0.38021159504675367), np.float64(0.34828641731084736), np.float64(0.23982263873833293), np.float64(0.13463015393108138), np.float64(0.1171653953020409), np.float64(0.22892418060508876), np.float64(0.12133071331193708), np.float64(0.12874710781795823), np.float64(0.23900612451478562), np.float64(0.14103445004247972), np.float64(0.22265828364730034), np.float64(0.4098414839039211), np.float64(0.21953773879329969), np.float64(0.2135766947524019), np.float64(0.26748498266761345), np.float64(0.249522697507522), np.float64(0.13990010229818026), np.float64(6.400495436364562e-07), np.float64(0.26949498025194973), np.float64(0.2532046297753812), np.float64(0.32767265671940793), np.float64(0.271559255851991), np.float64(0.2504108445964357), np.float64(0.20289812278193214), np.float64(0.2951174372979661), np.float64(1.0670339570450437e-06), np.float64(0.14644113395700198), np.float64(0.2556844930564161), np.float64(0.3719773477628273), np.float64(0.32259946134166395), np.float64(1.3218036427705656e-06), np.float64(0.2557089606413889), np.float64(5.805516514990724e-07), np.float64(0.13785249704279331), np.float64(5.660574832805707e-07), np.float64(1.4221876750902643e-06), np.float64(0.21699833317958003), np.float64(0.13622647651280287), np.float64(0.3530543245996057), np.float64(0.1364656214004075), np.float64(0.24987265430576755), np.float64(0.4987844224431277), np.float64(0.10199163451429404), np.float64(0.20032602195948876), np.float64(0.26842226493484606), np.float64(0.3612492185297407), np.float64(0.11200735147570814), np.float64(0.14392833116313064), np.float64(0.13596175148528677), np.float64(0.1428654454332146), np.float64(0.3123479430053179), np.float64(9.533729047966872e-07), np.float64(0.14630480037715346), np.float64(0.3814284536488796), np.float64(5.688092549339369e-07), np.float64(0.2879675958580394), np.float64(0.25716015593976177), np.float64(0.28297683003875346), np.float64(1.4221034886738268e-06), np.float64(0.1287663159298917), np.float64(0.20692002346580862), np.float64(0.42465852251844566), np.float64(0.32801281861251186), np.float64(1.4220665004325604e-06), np.float64(0.2572005952450856), np.float64(0.2555942080458205), np.float64(0.2033349289577245), np.float64(0.277153855671375), np.float64(5.244889661440092e-07), np.float64(1.1702209536764241e-06), np.float64(1.4220523384027066e-06), np.float64(0.21425048972966562), np.float64(0.22418963790015464), np.float64(0.18241789781189297), np.float64(0.15809161116166445), np.float64(0.43831969171996), np.float64(5.151980288269819e-07), np.float64(0.10701463072056905), np.float64(0.2581839752170204), np.float64(7.116339955663629e-07), np.float64(5.696475233867246e-07), np.float64(0.12993003681587842), np.float64(1.0305341730905433e-06), np.float64(7.334685737793491e-07), np.float64(4.3646696865622507e-07), np.float64(5.152175682056264e-07), np.float64(0.13565457464932282), np.float64(1.402485039067991e-06), np.float64(0.16653535395802638), np.float64(0.14644140081903667), np.float64(0.136429485794317), np.float64(0.22733140615716435), np.float64(0.2195785006023066), np.float64(0.135645621967198), np.float64(0.16452725961954426), np.float64(0.03531548104444429), np.float64(0.14630734227670752), np.float64(0.39166897276479307), np.float64(0.12607805225842356), np.float64(1.803756681966467e-06), np.float64(0.32848500276441917), np.float64(0.26587874920098153), np.float64(0.24979695488346684), np.float64(0.32367719746726203), np.float64(0.09502736472758483), np.float64(0.24313724790187324), np.float64(0.16317026460767342), np.float64(0.22080749474390415), np.float64(0.32214605347766756), np.float64(6.849852185250819e-07), np.float64(0.2367681179271756), np.float64(0.1556615945587986), np.float64(0.10280877091362511), np.float64(0.36916848127860913), np.float64(0.2760605115482868), np.float64(0.228100668913155), np.float64(0.39639302404817833), np.float64(0.26439873274692627), np.float64(0.28407445121058256), np.float64(0.2247742554056173), np.float64(0.21944202786084216), np.float64(0.18398877938084515), np.float64(0.3263455167413302), np.float64(0.22950181419057342), np.float64(6.349597402661468e-07), np.float64(0.17590982050879622), np.float64(0.14641075488132932), np.float64(0.24513013695382482), np.float64(4.6272487336435996e-07), np.float64(1.4219812396246586e-06), np.float64(0.3958717130583676), np.float64(0.31722005235762046), np.float64(0.2518102832148142), np.float64(1.4219292941035172e-06), np.float64(0.2556955088911207), np.float64(4.627479854562068e-07), np.float64(0.15241592615540395), np.float64(0.4074556082119557), np.float64(0.3225240450798559), np.float64(0.2554508335812588), np.float64(7.244457065055319e-07), np.float64(0.14633801035422095), np.float64(0.23323578998359512), np.float64(0.14634267165897846), np.float64(1.4219187641215911e-06), np.float64(0.1543895094990743), np.float64(0.11230744707526222), np.float64(0.15730070375507627), np.float64(0.21973232477719212), np.float64(0.3459697556609287), np.float64(0.3316570419370127), np.float64(0.13564819952611337), np.float64(0.12684062588028358), np.float64(0.2239773201718367), np.float64(0.2817582959089158), np.float64(0.45442988378845656), np.float64(0.1329092571807088), np.float64(0.22541747503969894), np.float64(0.2749265328178137), np.float64(0.11021846043836857), np.float64(0.15175622388227175), np.float64(0.19267820900699445), np.float64(0.3926472949284545), np.float64(0.03594647710163971), np.float64(0.10643186249725296), np.float64(0.22938732201107542), np.float64(0.1699127436998592), np.float64(0.2441559687874316), np.float64(0.13581578960391896), np.float64(0.20077933503997777), np.float64(0.4032580007027342), np.float64(0.26606747714589324), np.float64(0.3309678735336615), np.float64(7.115203552235836e-07), np.float64(0.30584699610365557), np.float64(0.34724331807222875), np.float64(0.21869310283149748), np.float64(0.15571209236684613), np.float64(0.12501392890972893), np.float64(0.42766760164421824), np.float64(0.266045998334815), np.float64(0.2550484019476319), np.float64(0.22940994852174784), np.float64(0.1884619131006558), np.float64(0.18745324871732652), np.float64(0.24173813957696091), np.float64(0.12941848467595823), np.float64(0.11600374134964292), np.float64(0.23203349005359503), np.float64(0.23440171923103142), np.float64(0.1339678889602026), np.float64(6.279790880786236e-07), np.float64(0.23536791139778185), np.float64(0.20633243870884937), np.float64(0.14577793425926144), np.float64(0.21209440387017464), np.float64(0.3510700696364268), np.float64(0.3755498456153931), np.float64(0.1367617624422808), np.float64(1.2859544687991394e-06), np.float64(0.32589217835324924), np.float64(0.16850967299519454), np.float64(1.0115853269641678e-06), np.float64(0.27084225919369087), np.float64(0.07702289935247998), np.float64(0.18384877770913152), np.float64(0.35274020821666985), np.float64(0.24848990077731678), np.float64(0.39583260369281853), np.float64(0.25817476645167503), np.float64(0.14071564728045644), np.float64(4.845444663748527e-07), np.float64(0.2843327587486076), np.float64(0.20046959105130543), np.float64(2.7305023043494556e-07), np.float64(0.2534231745928584), np.float64(0.3893760588601102), np.float64(5.121259495210777e-07), np.float64(0.24362539354019513), np.float64(0.11217122872820139), np.float64(0.32601452903599454), np.float64(0.370408129215698), np.float64(0.12904523617206162), np.float64(0.14641051648475154), np.float64(0.07165629766989107), np.float64(0.2601388573654159), np.float64(0.14119690213091982), np.float64(0.3066463346317418), np.float64(0.1353038843667403), np.float64(0.08576769025558127), np.float64(0.15819473252609237), np.float64(0.2025151706011808), np.float64(0.2466475108467515), np.float64(0.1364398530616758), np.float64(0.40218398273791683), np.float64(0.38369460805193334), np.float64(0.39117650518621266), np.float64(0.2500753508327855), np.float64(0.32390796154285484), np.float64(0.36922376170089743), np.float64(0.23787417949270823), np.float64(2.8432806683231195e-06), np.float64(0.31467924369273076), np.float64(0.39853602321216286), np.float64(0.2669108529462588), np.float64(0.14643564244182636), np.float64(0.23985942144648625), np.float64(0.28326650929182934), np.float64(0.1743662574588817), np.float64(0.2494468651235177), np.float64(0.22078250730701873), np.float64(0.28184102133662303), np.float64(0.4793822888091403), np.float64(0.2671610874594054), np.float64(0.2299835359494617), np.float64(0.2382747961957502), np.float64(0.21927814059301984), np.float64(0.3104669313345546), np.float64(0.23771871348336693), np.float64(0.10689380578305935), np.float64(0.2524237701137772), np.float64(0.3534502624249974), np.float64(0.14676846413833244), np.float64(0.23993078586206165), np.float64(1.4215724273665797e-06), np.float64(0.2399781538201826), np.float64(0.3157803000562257), np.float64(0.3769681303983177), np.float64(0.2862463655537827), np.float64(0.23245548291191268), np.float64(0.3902659704306501), np.float64(0.396367804093869), np.float64(0.4460272735014198), np.float64(0.26512533628768314), np.float64(0.3993475709202791), np.float64(1.4264425171356879e-06), np.float64(0.19231731033448496), np.float64(1.4262768984157865e-06), np.float64(0.16650688704292838), np.float64(1.0168773984858718e-06), np.float64(0.07025445590956393), np.float64(0.46312035302521276), np.float64(0.0733543990505899), np.float64(0.14449982888311186), np.float64(0.2643634745843048), np.float64(0.16309092552506613), np.float64(0.255825491211121), np.float64(2.0055360778656977e-06), np.float64(0.203098133867345), np.float64(0.25229840217877075), np.float64(5.694223963630646e-07), np.float64(0.14635341399822385), np.float64(0.2131175497430488), np.float64(0.1972995822835035), np.float64(8.311579860696267e-07), np.float64(0.28925018916304285), np.float64(0.2547057569156565), np.float64(0.2055562215495936), np.float64(0.23861204448165585), np.float64(0.14665973853432657), np.float64(0.35253729325056093), np.float64(0.16685452734743242), np.float64(0.14126574002415765), np.float64(0.2575625833222831), np.float64(0.29209558542842834), np.float64(0.15378206759773902), np.float64(0.22533521967628536), np.float64(0.469669049174791), np.float64(0.1752270426419185), np.float64(0.09845088176688276), np.float64(0.23246948835417497), np.float64(1.4214015031753484e-06), np.float64(0.27939324533276116), np.float64(9.479774079617771e-07), np.float64(0.14632612583317445), np.float64(0.1042891941284672), np.float64(0.22811580739442422), np.float64(0.19015312240952445), np.float64(0.32233301618494314), np.float64(0.2735029850017629), np.float64(0.310500450067197), np.float64(0.13564913941533904), np.float64(0.3387147758382464), np.float64(0.18610075693757952), np.float64(0.07303127728225614), np.float64(0.39904501196563147), np.float64(0.13645383853396598), np.float64(0.25513227644049935), np.float64(0.32653538204521154), np.float64(0.08715078521373291), np.float64(0.27111337788315726), np.float64(0.37338408932866896), np.float64(0.14697080941908497), np.float64(0.12267107937903662), np.float64(0.3551820905631558), np.float64(0.20212352979481255), np.float64(0.2461628340360351), np.float64(0.12831367962024157), np.float64(0.23305200019701733), np.float64(0.13732514990181946), np.float64(0.1773864036898079), np.float64(0.41732418480508077), np.float64(0.1634793855932069), np.float64(0.25059807173757287), np.float64(0.41818855715268904), np.float64(0.12808933242096857), np.float64(0.12030261287814985), np.float64(0.33184966705111635), np.float64(0.30618445445516324), np.float64(0.19261052233340378), np.float64(0.1299396998356182), np.float64(0.24591025488561663), np.float64(0.27085999951843115), np.float64(0.13687709279583937), np.float64(0.2547455476761869), np.float64(0.13662760206232702), np.float64(0.3524472123496329), np.float64(0.3782549522321504), np.float64(0.14988249512959753), np.float64(0.3899902671233316), np.float64(0.22444884793123984), np.float64(0.3024602490767295), np.float64(0.27738599514867224), np.float64(0.21282977324793556), np.float64(0.36441487601838446), np.float64(0.24275739017085884), np.float64(0.16728847389524865), np.float64(0.13340370930951667), np.float64(0.3052205747623743), np.float64(0.2147898999810203), np.float64(0.20089198646393294), np.float64(0.2542120585557104), np.float64(0.08931619353006588), np.float64(0.3578061945385114), np.float64(0.23470034175300974), np.float64(0.12179866402628609), np.float64(0.0651521662648222), np.float64(0.1760033692879235), np.float64(0.14692091079207154), np.float64(0.3908069060480577), np.float64(0.18375966751692518), np.float64(0.2634041836189042), np.float64(0.22439999626508328), np.float64(0.2170961114839064), np.float64(0.12475414092765302), np.float64(0.2861616026301854), np.float64(0.23054421408013842), np.float64(1.1315009747464328e-06), np.float64(0.3050188478424072), np.float64(0.24286638880299355), np.float64(0.12415356379702301), np.float64(0.19788464069243616), np.float64(0.2793716887355174), np.float64(0.12596993687109917), np.float64(0.13727564719514637), np.float64(0.2267808504602285), np.float64(0.3435528453848645), np.float64(0.15945329115832413), np.float64(0.1141708441563522), np.float64(0.12203691899291112), np.float64(0.2360311588181395), np.float64(0.2416348032537122), np.float64(0.29914163508092184), np.float64(0.15798278321702436), np.float64(0.4368575388512119), np.float64(0.15962569955641714), np.float64(0.22506993549094728), np.float64(0.25691866472248803), np.float64(0.1623036216418103), np.float64(0.1408829186117224), np.float64(0.1909409173433847), np.float64(0.166402602154982), np.float64(0.27693323984687407), np.float64(0.11829027294424249), np.float64(0.18783596065484393), np.float64(0.22135883155379094), np.float64(6.975269840532224e-07), np.float64(0.13661307937285336), np.float64(0.27519024087430394), np.float64(0.18035596094567577)]"
