,n,k,norm_gradient,time,final_score,iterations,converges,conv,paths
0,2,4,9.53579218692764e-08,0.019922590255737303,1.3953621230545436e-15,5.8,True,2.0199252554935656,"[array([[-1.5996328 , -0.76022539],
       [-0.99717251, -0.64098359],
       [-0.65164337, -0.49565512],
       [-0.49477838, -0.41127897],
       [-0.45576741, -0.38708575],
       [-0.45329889, -0.38541197],
       [-0.45328926, -0.38540505]]), array([[-1.02365334, -0.29381177],
       [-0.70840726, -0.60241173],
       [-0.52022251, -0.44305104],
       [-0.45988247, -0.39115811],
       [-0.45336326, -0.3854704 ],
       [-0.45328927, -0.38540505]]), array([[-0.69052661, -0.05081016],
       [-0.76742103, -0.57796204],
       [-0.54149155, -0.44372869],
       [-0.46352363, -0.39262268],
       [-0.45345474, -0.38552785],
       [-0.45328929, -0.38540507]]), array([[-1.57400677, -0.19162456],
       [-1.18745651, -1.64136454],
       [-0.83815767, -0.99854562],
       [-0.61369874, -0.62278575],
       [-0.49435932, -0.44203656],
       [-0.45680633, -0.389965  ],
       [-0.4533165 , -0.38543873],
       [-0.45328926, -0.38540505]]), array([[-0.98119634, -1.43899706],
       [-0.73190057, -0.8725296 ],
       [-0.56146601, -0.55481921],
       [-0.47566643, -0.41738838],
       [-0.45443563, -0.38692925],
       [-0.45329216, -0.38540872],
       [-0.45328926, -0.38540505]])]"
1,2,8,1.4611263503667918e-07,0.015143585205078126,1.8686065226655977e-15,8.4,True,2.0924537117584663,"[array([[-1.5996328 , -0.76022539],
       [-1.13111293, -0.72659395],
       [-0.77772857, -0.54776314],
       [-0.59516271, -0.47033926],
       [-0.50018875, -0.41070288],
       [-0.44434208, -0.3804941 ],
       [-0.45304196, -0.3852519 ],
       [-0.45328937, -0.3854051 ],
       [-0.45328926, -0.38540505]]), array([[-1.02365334, -0.29381177],
       [-0.81359992, -0.52000978],
       [-0.60242792, -0.44873164],
       [-0.49348937, -0.40827862],
       [-0.45574252, -0.38734148],
       [-0.45330861, -0.38542036],
       [-0.45328926, -0.38540505]]), array([[-0.69052661, -0.05081016],
       [-0.67858042, -0.06774219],
       [-0.25423077, -0.13749315],
       [-0.45774813, -0.23530257],
       [-0.52380369, -0.42962275],
       [-0.46281353, -0.39155088],
       [-0.45345047, -0.38551891],
       [-0.45328936, -0.38540513],
       [-0.45328926, -0.38540505]]), array([[-1.57400677, -0.19162456],
       [-0.32891029, -1.29170248],
       [-0.65619119, -0.89437857],
       [-0.49121293, -0.54165817],
       [-0.42367914, -0.32769116],
       [-0.44869486, -0.37751993],
       [-0.4533563 , -0.38549533],
       [-0.45328925, -0.38540504]]), array([[-0.98119634, -1.43899706],
       [-0.40714817, -0.74947543],
       [-0.18426259,  0.03645511],
       [-0.18619758, -0.00641581],
       [-0.19060684, -0.04532719],
       [-0.28481207, -0.05533955],
       [-0.28390142, -0.06581015],
       [-0.28417516, -0.08192985],
       [-0.28691203, -0.11103421],
       [-0.59342043, -0.35178121],
       [-0.48988786, -0.42815567],
       [-0.45718729, -0.39088092],
       [-0.45333743, -0.38548384],
       [-0.45328928, -0.38540508]])]"
2,2,12,4.797793357789493e-06,0.31309003829956056,0.0628766448077944,218.0,False,-9577.397240072572,"[array([[-1.5996328 , -0.76022539],
       [-1.59963277, -0.9428843 ],
       [-1.59963277, -0.95323813],
       [-1.59963275, -0.95059065],
       [-0.30658173, -0.95059064],
       [-0.97295461, -0.95059064],
       [-0.23342489, -0.10466594],
       [-0.31169484, -0.2152588 ],
       [-0.31169484, -0.21525881],
       [-0.31169484, -0.21525881],
       [-0.31169484, -0.21525881],
       [-0.31169484, -0.21525881],
       [-0.31169485, -0.21525882],
       [-0.3116949 , -0.21525887],
       [-0.3116949 , -0.21525888],
       [-0.31169488, -0.2152589 ],
       [-0.31169489, -0.2152589 ],
       [-0.31169489, -0.2152589 ],
       [-0.38337642, -0.2152589 ],
       [-0.38337642, -0.36868307],
       [-0.44186358, -0.3788999 ],
       [-0.44186358, -0.37877674],
       [-0.45306793, -0.38527248],
       [-0.45330445, -0.38527248],
       [-0.45330445, -0.38541377],
       [-0.45330444, -0.38541379],
       [-0.45328926, -0.38540505]]), array([[-1.02365334, -0.29381177],
       [ 0.00679308, -0.29381177],
       [ 0.00679309,  0.05859187],
       [ 0.00679309, -0.1797663 ],
       [ 0.00679309, -0.04662002],
       [ 0.00679309, -0.09538619],
       [-0.29636791, -0.09538619],
       [-0.29636791, -0.1600841 ],
       [-0.29636791, -0.1600841 ],
       [-0.27420558, -0.17205516],
       [-0.3750924 , -0.27938111],
       [-0.43744054, -0.36108496],
       [-0.43744054, -0.3831338 ],
       [-0.45266762, -0.38504444],
       [-0.45266762, -0.38504934],
       [-0.45339326, -0.38504935],
       [-0.45339326, -0.38546457],
       [-0.45329983, -0.38546456],
       [-0.45332415, -0.38546456],
       [-0.45332415, -0.38546455],
       [-0.45332415, -0.38546455],
       [-0.45332415, -0.38546454],
       [-0.45328926, -0.38540504]]), array([[-0.69052661, -0.05081016],
       [-0.69052661, -0.58088865],
       [-0.38686158, -0.32748138],
       [-0.38686158, -0.35361676],
       [-0.44487036, -0.38071279],
       [-0.45317531, -0.38071279],
       [-0.45317531, -0.38529146],
       [-0.45317531, -0.38529147],
       [-0.45317532, -0.38529147],
       [-0.45317532, -0.38529147],
       [-0.45322267, -0.38529148],
       [-0.45322268, -0.38529148],
       [-0.45322268, -0.38538811],
       [-0.45322269, -0.38536675],
       [-0.45322269, -0.38536675],
       [-0.4532227 , -0.38536675],
       [-0.45322271, -0.38536675],
       [-0.45326681, -0.38536676],
       [-0.45326683, -0.38539214],
       [-0.45326684, -0.38539214],
       [-0.45326684, -0.38539214],
       [-0.45328926, -0.38540505]]), array([[-1.57400677, -0.19162456],
       [ 2.11293759, -1.30298606],
       [ 2.11293759,  1.29725902],
       ...,
       [ 0.97429592,  1.30730148],
       [ 0.97429592,  1.30730148],
       [ 0.97429592,  1.30730148]], shape=(1001, 2)), array([[-0.98119634, -1.43899706],
       [-0.96712775, -1.43899706],
       [-0.97437138, -1.43899704],
       [-0.17799985,  0.27408821],
       [-0.17799987, -0.37157024],
       [-0.17799988, -0.37157024],
       [-0.17799988, -0.37157023],
       [-0.6315826 , -0.37157024],
       [-0.63158259, -0.46422397],
       [-0.63158258, -0.48483761],
       [-0.63158257, -0.48477381],
       [-0.40944983, -0.3596731 ],
       [-0.43644018, -0.35967311],
       [-0.43810239, -0.35967312],
       [-0.45249227, -0.38399467],
       [-0.45328683, -0.38540071],
       [-0.45328685, -0.38540367],
       [-0.45328686, -0.38540367],
       [-0.45328687, -0.38540367],
       [-0.45328688, -0.38540367],
       [-0.45328688, -0.38540367],
       [-0.45328926, -0.38540505]])]"
3,1000,4,9.91974273852948e-08,0.03634786605834961,5.078234242477558e-16,9.2,True,2.038786433524913,"[[np.float64(15.421877156864934), np.float64(8.310419809381639), np.float64(4.929515965661028), np.float64(2.0364872653568846), np.float64(0.6497568288561524), np.float64(0.16644021489704625), np.float64(0.016646182107164988), np.float64(0.00018773945703378682)], [np.float64(15.586279728985868), np.float64(8.363927331639529), np.float64(4.958434483466078), np.float64(2.073140299412565), np.float64(0.6743132005082338), np.float64(0.18556556865791812), np.float64(0.02623766554335691), np.float64(0.0006845349198133751), np.float64(3.404707641792676e-07)], [np.float64(16.641850149423515), np.float64(8.61300848526495), np.float64(5.200820963067584), np.float64(2.247020573802987), np.float64(0.7674889627667921), np.float64(0.24392727435942624), np.float64(0.04843706871534055), np.float64(0.0023920022826184814), np.float64(5.413461870819428e-06)], [np.float64(16.43016461613069), np.float64(5.210751810954976), np.float64(7.445940208405552), np.float64(3.824929113084677), np.float64(1.4915953871279732), np.float64(0.5242621294111162), np.float64(0.15769163560734498), np.float64(0.020220346835459046), np.float64(0.0003748771577517712), np.float64(6.71104441590544e-08)], [np.float64(18.56929922181375), np.float64(5.23499542091212), np.float64(8.742037149662496), np.float64(4.886483049227946), np.float64(2.288286857318575), np.float64(1.02735046523333), np.float64(0.42313104106066163), np.float64(0.12262895192318517), np.float64(0.014417075289808942), np.float64(0.00021176368621103915)]]"
4,1000,8,1.700380377871449e-07,0.7973108768463135,2.7533529836130917e-15,225.6,True,1.9114680481065185,"[[np.float64(0.0015772499965812574), np.float64(0.0007942822586922873), np.float64(0.0013125574530187581), np.float64(0.0015673973978733062), np.float64(0.01118027640593362), np.float64(2.1136479897437925), np.float64(0.0015301525565516443), np.float64(0.0034115084721356194), np.float64(0.0034113340228477313), np.float64(0.0013104634358971714), np.float64(0.008347906017310674), np.float64(0.0006449637968595337), np.float64(0.0017572957907681505), np.float64(1.9087104802157542), np.float64(0.00339788187264334), np.float64(0.0033963607492318417), np.float64(0.0018461403784035295), np.float64(0.004320110843430427), np.float64(0.0018368530947726403), np.float64(0.015552950515158759), np.float64(0.004945069068292045), np.float64(0.003389417959589153), np.float64(0.007690668931776385), np.float64(0.009975617794765357), np.float64(0.015169856183758568), np.float64(0.002363980822743564), np.float64(0.0021159279581115216), np.float64(0.0020880088841952723), np.float64(0.0024424466132483722), np.float64(0.010960949946646913), np.float64(0.00316120248692533), np.float64(0.0040668654205157015), np.float64(0.021296914486603678), np.float64(0.009833071666197441), np.float64(0.016552336172801437), np.float64(0.0035332475783225723), np.float64(0.003264168446826899), np.float64(0.0024857247137514936), np.float64(0.01533663822237685), np.float64(0.0097997651948138), np.float64(0.0029947765352455772), np.float64(0.0026052958657483576), np.float64(0.002721173976032309), np.float64(0.009809837538108407), np.float64(0.00979400060770069), np.float64(0.009799654892398887), np.float64(0.0026942059567211627), np.float64(0.003329296401824139), np.float64(0.0011169248047251193), np.float64(0.0034145860687782646), np.float64(0.003327378163604862), np.float64(0.003328645873784411), np.float64(0.010895941752402495), np.float64(0.0033265365097788356), np.float64(0.0033246245817474653), np.float64(0.00957549835114969), np.float64(0.0014234194391570143), np.float64(0.0014258409786025556), np.float64(0.0014486797870501046), np.float64(0.010855601080373409), np.float64(0.012580336061137206), np.float64(0.0013668880309796422), np.float64(0.001251741183150629), np.float64(0.01692302176510021), np.float64(0.015010421325523488), np.float64(0.004781905131028199), np.float64(0.006104169035499414), np.float64(0.0034717359974172192), np.float64(0.004039748744745911), np.float64(0.0016521183686775494), np.float64(0.0017520749254956466), np.float64(0.033466130590472015), np.float64(0.006952024612529035), np.float64(0.0203224534503055), np.float64(0.0013045982752849393), np.float64(0.015250708037030178), np.float64(0.0018436203780111337), np.float64(0.001396638188894389), np.float64(0.001411565029676058), np.float64(0.0019189390661194972), np.float64(0.019925586047904197), np.float64(0.023194762024220817), np.float64(0.00833306163371844), np.float64(0.004745474067150866), np.float64(0.0016514571924783463), np.float64(0.0013290560156536506), np.float64(0.016077569041128), np.float64(0.0017862350418551092), np.float64(0.0071405733534766445), np.float64(0.0023689218143468894), np.float64(0.0019115491843470437), np.float64(0.0022018599940753897), np.float64(0.011703592818688945), np.float64(0.017162701509774857), np.float64(0.002056888688051176), np.float64(0.00207023117952272), np.float64(0.0045839626203136525), np.float64(0.013790075409851115), np.float64(0.028086596311913372), np.float64(0.02676569617101888), np.float64(0.010519502693874567), np.float64(0.010139380009062811), np.float64(0.005942285321536989), np.float64(0.0018988035911178857), np.float64(0.00777199338928186), np.float64(0.0012320999530345174), np.float64(0.01750088200691399), np.float64(0.0031109704052937185), np.float64(0.010230722153514027), np.float64(0.019749356862036875), np.float64(0.006836630618751295), np.float64(0.003688339320896533), np.float64(0.005219350526383996), np.float64(0.029893892113596728), np.float64(0.001844364413714555), np.float64(0.010396430208566352), np.float64(0.0074242792202163935), np.float64(0.003705501087207347), np.float64(0.003753799169873265), np.float64(0.006297112032404814), np.float64(0.016389312169743216), np.float64(0.003959195786980058), np.float64(0.010354637457510496), np.float64(0.006765011520606274), np.float64(0.010330802670618892), np.float64(0.007435234841890504), np.float64(0.003957086128383769), np.float64(0.020154581223307138), np.float64(0.00781920839592121), np.float64(0.004299220032748275), np.float64(0.025011888613188277), np.float64(0.025824644449758148), np.float64(0.007954824843249868), np.float64(0.004879210623390662), np.float64(0.01964405005081788), np.float64(0.00404351847338071), np.float64(0.017706199045038406), np.float64(0.02231204830331583), np.float64(0.007103246054207508), np.float64(0.004698453168526105), np.float64(0.008855497631308742), np.float64(0.0156760206191987), np.float64(0.024994230346701046), np.float64(0.009107281578465725), np.float64(0.027717928097358284), np.float64(0.03016356732134882), np.float64(0.005501922319574461), np.float64(0.011378011757624883), np.float64(0.024433125566614915), np.float64(0.030566688424353266), np.float64(0.007905720624031358), np.float64(0.008115991358153163), np.float64(0.016286194370591575), np.float64(0.01195775430202019), np.float64(0.011648933345854515), np.float64(0.008780280664858269), np.float64(0.003956773587427424), np.float64(0.009398082082830909), np.float64(0.03226898831900073), np.float64(0.01920431933801523), np.float64(0.011751330174170198), np.float64(0.013375706826593985), np.float64(0.034659685277831344), np.float64(0.02398919377785086), np.float64(0.016350603289868836), np.float64(0.018649556772952634), np.float64(0.05116213849429737), np.float64(0.02370558408214739), np.float64(0.008039256056921103), np.float64(0.010516231330286428), np.float64(0.09004986953914225), np.float64(0.037842165591091416), np.float64(0.011363760838182791), np.float64(0.020390114427208582), np.float64(0.01854312929415592), np.float64(0.019388459752395507), np.float64(0.01735413057213502), np.float64(0.03401595677128446), np.float64(0.04051182211075528), np.float64(0.03142614337529712), np.float64(0.017119133921693685), np.float64(0.027449489123298098), np.float64(0.06711668203352329), np.float64(0.026221677774571607), np.float64(0.017362179357177855), np.float64(0.060185502685256756), np.float64(0.05497253181014319), np.float64(0.023364242378909876), np.float64(0.029345378816869702), np.float64(0.035661869222009514), np.float64(0.028582030738526186), np.float64(0.027048411040939895), np.float64(0.028499363310822482), np.float64(0.03151386154271413), np.float64(0.04433922449841577), np.float64(0.01660435420363066), np.float64(0.022630897114638428), np.float64(0.017479551746525844), np.float64(0.026014828276494886), np.float64(0.0912235490375722), np.float64(0.03601813089508934), np.float64(0.019565157993642772), np.float64(0.10931855808376924), np.float64(0.03131096282775963), np.float64(0.04175169840251545), np.float64(0.05902891573452452), np.float64(0.10604131925161414), np.float64(0.04302100426819428), np.float64(0.08541948985059189), np.float64(0.04400720006652063), np.float64(0.04943683239692834), np.float64(0.044754444728285936), np.float64(0.11466057902855231), np.float64(0.10847838368228009), np.float64(0.14679786430305214), np.float64(0.06414277054606829), np.float64(0.06641571217552628), np.float64(0.09124328657502265), np.float64(0.10895913683735317), np.float64(0.07342141296961405), np.float64(0.053245808490451324), np.float64(0.16354571695431344), np.float64(0.10761676679409385), np.float64(0.11475054625753044), np.float64(0.08487450669805592), np.float64(0.1331013337923351), np.float64(0.09025965300424971), np.float64(0.09213182379376766), np.float64(0.12245438606529462), np.float64(0.09482550426245658), np.float64(0.1133174345820661), np.float64(0.21207930159379662), np.float64(0.12285675780178795), np.float64(0.15050620172596596), np.float64(0.10067128404576044), np.float64(0.3244480524791475), np.float64(0.26514278867855684), np.float64(0.2272997213652436), np.float64(0.4502052399509457), np.float64(0.08630649891937646), np.float64(0.3189755502374829), np.float64(0.4721759370120417), np.float64(0.1472066969052587), np.float64(0.1754824467815379), np.float64(0.43541649601677285), np.float64(0.15199865710962576), np.float64(0.352734248717109), np.float64(0.1078788490492787), np.float64(0.2761400067358906), np.float64(0.18417547586499095), np.float64(0.8525655800021674), np.float64(0.24936471396480575), np.float64(0.6751206335469514), np.float64(0.6267270885676868), np.float64(0.11564652064531099), np.float64(0.12531733725768024), np.float64(0.8581996771610788), np.float64(0.5204546281327085), np.float64(0.43977928603282535), np.float64(1.3563447622977842), np.float64(0.07498881412142246), np.float64(0.06950471846166614), np.float64(0.2127571853329858), np.float64(1.575034595924944), np.float64(1.0708425713093572), np.float64(0.7105323012126747), np.float64(0.5642100381333984), np.float64(1.5665970704550218), np.float64(0.2851931716290722), np.float64(1.3552198942197706), np.float64(1.8649918107205237), np.float64(0.4700180148003004), np.float64(0.2572864223674824), np.float64(0.03372664484162195), np.float64(0.0004219201301311565), np.float64(1.3915204607887945e-07)], [np.float64(0.005617569240239306), np.float64(0.006126843985542179), np.float64(0.006338655595906298), np.float64(0.0018466240971034072), np.float64(0.0035034749386244415), np.float64(0.0015244180150001249), np.float64(0.002289382361025496), np.float64(0.004064648716477138), np.float64(0.00855965459154787), np.float64(0.006414219347860634), np.float64(0.0020257831198293467), np.float64(0.0020549751969529836), np.float64(1.3813274430785407), np.float64(0.0020820311716871634), np.float64(0.012379516977020001), np.float64(0.003447634811122856), np.float64(0.0029521492153707775), np.float64(0.004049407064573697), np.float64(0.007065645173799071), np.float64(0.004376635207410683), np.float64(0.0023598945817857545), np.float64(0.007969477187314167), np.float64(0.0024168754898128155), np.float64(0.009068964463480697), np.float64(0.009687666310263113), np.float64(0.006995899332800524), np.float64(0.006213183718824132), np.float64(0.0027129498788858986), np.float64(0.008167835292048543), np.float64(0.004040169030708688), np.float64(0.014120008017999942), np.float64(0.008345144998383994), np.float64(0.0080604872856762), np.float64(0.004879770803334459), np.float64(0.011381603114136966), np.float64(0.00506581805675339), np.float64(0.004155553006727035), np.float64(0.00465719563928194), np.float64(0.025864608860676118), np.float64(0.0032909830835370587), np.float64(0.0009348776847666997), np.float64(0.0040120438177380915), np.float64(0.0044969561299099), np.float64(0.02186865621675397), np.float64(0.004975713223277909), np.float64(0.004954660410014794), np.float64(1.8250082593606265), np.float64(0.009504236295370823), np.float64(0.0038941717777842867), np.float64(0.008086571167289313), np.float64(0.004748857042252525), np.float64(0.010094233679924451), np.float64(0.005608336106232427), np.float64(0.0054121575611320695), np.float64(0.009623170529546378), np.float64(0.010370190132401619), np.float64(0.010900639425492391), np.float64(0.007688455046412014), np.float64(0.010190030688529755), np.float64(0.009381580883224834), np.float64(0.002928120897646936), np.float64(0.005166140635231863), np.float64(0.003404125451596883), np.float64(0.009439276198983082), np.float64(0.013582156408418228), np.float64(0.013915636328846867), np.float64(0.01442774303017135), np.float64(0.014986031979820388), np.float64(0.01666836659404561), np.float64(0.0060090481423120765), np.float64(0.004869992955050971), np.float64(0.01247662906885822), np.float64(0.013648306230624723), np.float64(0.017766997612256235), np.float64(0.009302538769244435), np.float64(0.0061670023492939735), np.float64(0.011274442036935629), np.float64(0.012546226348571266), np.float64(0.06810386288432932), np.float64(0.00776911794145489), np.float64(0.01343776855796519), np.float64(0.01871178470720387), np.float64(0.014195563751508895), np.float64(0.014406580473239266), np.float64(0.005222505568549148), np.float64(0.007310869431670333), np.float64(0.03353590128963108), np.float64(0.005164059074954766), np.float64(0.013819527283039102), np.float64(0.007582952620615662), np.float64(0.010355638779981004), np.float64(0.03690011565779424), np.float64(0.023371257445002656), np.float64(0.011124336987431066), np.float64(0.011512720752365934), np.float64(0.016749286784951103), np.float64(0.017350936055557722), np.float64(0.013046375806885748), np.float64(0.00897477097677469), np.float64(0.018908397753086753), np.float64(0.024091322093951636), np.float64(0.012466127021481574), np.float64(0.008924219364993938), np.float64(0.010172878747737708), np.float64(0.05256178670851624), np.float64(0.008012336624207337), np.float64(0.012773418297504661), np.float64(0.01988028174055377), np.float64(0.014493194877406367), np.float64(0.01622277148925538), np.float64(0.025305271838865925), np.float64(0.011768013570446274), np.float64(0.023377690722816633), np.float64(0.018872622748820022), np.float64(0.019664502600055436), np.float64(0.008719669119812461), np.float64(0.008713358755382605), np.float64(0.03130898686214256), np.float64(0.05338101956589019), np.float64(0.010177522239299231), np.float64(0.03309872566779984), np.float64(0.03285932977199909), np.float64(0.017245202660076574), np.float64(0.019851662697466885), np.float64(0.008543291575735081), np.float64(0.011013716167530685), np.float64(0.016850571547452616), np.float64(0.023288743157635686), np.float64(0.0084955445939264), np.float64(0.04215113853671835), np.float64(0.020410170518870497), np.float64(0.0068857460763814635), np.float64(0.00843354273445399), np.float64(0.00842603660544484), np.float64(0.02149765920395154), np.float64(0.05864585211451554), np.float64(0.018178364220449574), np.float64(0.020777850267479726), np.float64(0.021255598195504256), np.float64(0.034684056906027945), np.float64(0.025143151345519622), np.float64(0.008255553876289333), np.float64(0.008251847003063688), np.float64(0.00824504737913866), np.float64(0.026385715796110244), np.float64(0.07984868971110759), np.float64(0.018848118508271082), np.float64(0.04882473446772827), np.float64(0.1931280643774138), np.float64(0.027998733464938114), np.float64(0.05464933546165432), np.float64(0.04867957442089457), np.float64(0.029845050181861586), np.float64(0.12006199705558601), np.float64(0.02820549509539258), np.float64(0.01059173120963704), np.float64(0.027070285920245466), np.float64(0.07997760500243137), np.float64(0.008823188042163458), np.float64(0.079706633506333), np.float64(0.09009062551383108), np.float64(0.07724316083897788), np.float64(0.1817499314372476), np.float64(0.07583452062686658), np.float64(0.061625708746709286), np.float64(0.17630241228130034), np.float64(0.04659993548331676), np.float64(0.3046203848463381), np.float64(0.05647438686283141), np.float64(0.015252469476746253), np.float64(0.1044497424035169), np.float64(0.15137165463444818), np.float64(0.009851171750928664), np.float64(0.0787532790506092), np.float64(0.21900172063506007), np.float64(0.16847951284461943), np.float64(0.41192950059830646), np.float64(0.30333416020840154), np.float64(0.26816548788357564), np.float64(0.3743103407507567), np.float64(0.1769740134145094), np.float64(0.2959228967930759), np.float64(0.18733462660097513), np.float64(0.3562623807625202), np.float64(0.5601114107873255), np.float64(0.22925710454988943), np.float64(0.41757191910162167), np.float64(0.47228077970756005), np.float64(0.7325596084745839), np.float64(0.40644484691966654), np.float64(0.16222704931009044), np.float64(0.3803734452004768), np.float64(0.48154551490297665), np.float64(0.30699034118023383), np.float64(0.8512963907585123), np.float64(0.8108098814061547), np.float64(1.4948016000790523), np.float64(0.6785497729144153), np.float64(0.5268767024343345), np.float64(0.25066817536608865), np.float64(0.63277375039854), np.float64(0.4392312047409451), np.float64(2.881836176981296), np.float64(1.2618586749891776), np.float64(0.8224344867356748), np.float64(1.2119523438177344), np.float64(1.6421266640041638), np.float64(0.2537107286894162), np.float64(0.013733554360272867), np.float64(0.0002997791983094399)], [np.float64(0.009816181581447274), np.float64(0.003365405308616329), np.float64(0.0029663067798853127), np.float64(0.00293203439835486), np.float64(0.004314329229365379), np.float64(1.793765538939198), np.float64(0.009780955250452283), np.float64(0.020809987545927857), np.float64(0.002924749197923098), np.float64(0.0014766861542929613), np.float64(0.0029523179537010373), np.float64(0.0033539413313573023), np.float64(0.0060324401994436535), np.float64(0.006168230798700345), np.float64(0.009756631746500962), np.float64(0.002947961743177951), np.float64(0.0029478972319095065), np.float64(0.0036491329135188975), np.float64(0.006513808681690908), np.float64(0.00142322381462325), np.float64(0.0017312734754903628), np.float64(0.022633493716499496), np.float64(0.019135755864327357), np.float64(0.003750753826422978), np.float64(0.0029358834025649243), np.float64(0.0037499411157095246), np.float64(0.004244994274174839), np.float64(0.004850087229217585), np.float64(0.002934057817333881), np.float64(0.005004831571347002), np.float64(0.01032029043269224), np.float64(0.0017945753841393734), np.float64(0.04265322972301787), np.float64(0.009652308414790893), np.float64(0.06104182015711386), np.float64(0.0014564370635858363), np.float64(0.004273929626174455), np.float64(0.0014958376196338437), np.float64(0.0025888467547921143), np.float64(0.003707161730049276), np.float64(0.011312736709625962), np.float64(0.003317136520911156), np.float64(0.0037028828806370735), np.float64(0.0037035061429299774), np.float64(0.0009166705239179706), np.float64(0.0036455506793544624), np.float64(0.003603999728343938), np.float64(0.005177923357085378), np.float64(2.097667405884531), np.float64(0.0052715094854883186), np.float64(0.005267375333455759), np.float64(0.014874737513364296), np.float64(0.028256858500806226), np.float64(0.009870588634562243), np.float64(0.028292481410893112), np.float64(0.0014594755688050443), np.float64(0.0040023811223567326), np.float64(0.005442169808535955), np.float64(0.0015938581163733767), np.float64(0.0036151233048427036), np.float64(0.005325631078079815), np.float64(0.04120585274151905), np.float64(0.004738180870801054), np.float64(0.0019676909264695385), np.float64(0.001997698949306288), np.float64(0.018303665904046022), np.float64(0.011576162040644586), np.float64(0.003816778088096954), np.float64(0.0029552565653911717), np.float64(0.028741458232784362), np.float64(0.001960790598330565), np.float64(0.022852133101741362), np.float64(0.009734809297821324), np.float64(0.0029705720671659606), np.float64(0.010135885342004878), np.float64(0.002616931710033964), np.float64(0.005632959000040556), np.float64(0.0010530363676631892), np.float64(0.047591826162000965), np.float64(0.004674987845234123), np.float64(0.01226413028953153), np.float64(0.02661894301566386), np.float64(0.003988041835160159), np.float64(0.008124877780933256), np.float64(0.011409242471674554), np.float64(0.0024875990697005843), np.float64(0.0058183897406590135), np.float64(0.014301462830646964), np.float64(0.007382730151633305), np.float64(0.00353330349144205), np.float64(0.04975025441545202), np.float64(0.001594167201451784), np.float64(0.004470584308371113), np.float64(0.004207993331988891), np.float64(0.013421683711455624), np.float64(0.010573891021048915), np.float64(0.0276839269891883), np.float64(0.011975824553792227), np.float64(0.012825133612287373), np.float64(0.005070464979137743), np.float64(0.00451783143230183), np.float64(0.018702682282800157), np.float64(0.005753823249012531), np.float64(0.0054336778104515345), np.float64(0.009127791600435895), np.float64(0.003937161030748718), np.float64(0.0019678314891933093), np.float64(0.0021611619758368198), np.float64(0.008870626214061993), np.float64(0.01834078395855091), np.float64(0.007791260173764971), np.float64(0.006243192455369203), np.float64(0.0282127362827317), np.float64(0.02767698420180556), np.float64(0.0038481703949454255), np.float64(0.0039058826566319357), np.float64(0.0025803353561280116), np.float64(0.019538631944481088), np.float64(0.002715401872611358), np.float64(0.019526403957557295), np.float64(0.06773878213771567), np.float64(0.021024333051600955), np.float64(0.024565796366151325), np.float64(0.0031369934256086428), np.float64(0.026166033024919544), np.float64(0.012039840400916099), np.float64(0.03257629170726692), np.float64(0.016378385132643534), np.float64(0.00450062271255046), np.float64(0.006642574480246213), np.float64(0.0439567025036188), np.float64(0.04454643551739892), np.float64(0.005575225882375674), np.float64(0.01614245247429258), np.float64(0.005270002082494937), np.float64(0.026761533445669936), np.float64(0.016067043473058117), np.float64(0.07103020075870593), np.float64(0.057921828272665454), np.float64(0.05398391567348307), np.float64(0.006923721865596131), np.float64(0.022508752227338367), np.float64(0.07097799748709463), np.float64(0.029049961116195212), np.float64(0.01991117868449794), np.float64(0.010226048439861237), np.float64(0.048735566001014224), np.float64(0.051851005043963345), np.float64(0.021446289977864873), np.float64(0.016513212531290355), np.float64(0.012389278663221532), np.float64(0.03580199670045879), np.float64(0.05203368886113447), np.float64(0.06451612558600776), np.float64(0.010138659021675428), np.float64(0.06550309974528208), np.float64(0.011096250165032125), np.float64(0.011361431491365283), np.float64(0.02924140594458544), np.float64(0.07012090165339735), np.float64(0.0872054925890296), np.float64(0.0353504873698763), np.float64(0.04888227597197004), np.float64(0.10437336168916872), np.float64(0.05656047626181498), np.float64(0.07452898268473723), np.float64(0.0361269905781907), np.float64(0.09401934227109876), np.float64(0.11179203037815613), np.float64(0.15962620567711078), np.float64(0.06298351824298663), np.float64(0.10702790789606803), np.float64(0.12378428840205995), np.float64(0.09542155364113278), np.float64(0.08702712989532786), np.float64(0.17612190518614346), np.float64(0.10991917420807254), np.float64(0.18923734735920456), np.float64(0.13130371352884304), np.float64(0.15094562064506808), np.float64(0.3164404612541367), np.float64(0.15111686478339165), np.float64(0.25075618199024957), np.float64(0.2997885128109108), np.float64(0.2897849163093859), np.float64(0.26271986068520065), np.float64(0.3422659865230796), np.float64(0.281957718858226), np.float64(0.2615282903860422), np.float64(0.3280876133475266), np.float64(0.3532974783562248), np.float64(0.235742407111588), np.float64(0.26678357413778314), np.float64(0.3413566949715339), np.float64(0.5023265459013294), np.float64(0.34003765313209944), np.float64(0.802883597176342), np.float64(0.2647199840666022), np.float64(0.7113254660814103), np.float64(0.6605937120810347), np.float64(2.0102753796534296), np.float64(1.237724238364954), np.float64(0.5563573396051357), np.float64(0.915481892978256), np.float64(1.2415970946715602), np.float64(0.9894761235212687), np.float64(2.903082346581886), np.float64(1.4669313544091243), np.float64(1.0924002025368917), np.float64(0.14875166787103125), np.float64(0.011292614774820083), np.float64(4.452571331875671e-05)], [np.float64(0.0022622347483269236), np.float64(0.006621564518714589), np.float64(0.030673510530404603), np.float64(0.0029933764938429434), np.float64(0.0032835879157391223), np.float64(0.005096126089165808), np.float64(0.012971037941428096), np.float64(0.03692624821878248), np.float64(0.006720979232797607), np.float64(0.004380325062719126), np.float64(0.0021242396738720424), np.float64(0.004151165613825553), np.float64(0.022608435321885573), np.float64(0.0032941562908344216), np.float64(0.0026485731707235017), np.float64(0.0014590088408522207), np.float64(0.007436206600200519), np.float64(0.004559016227659081), np.float64(0.004110756779077715), np.float64(0.014700168689924645), np.float64(0.0029134225802079166), np.float64(0.003668604196601784), np.float64(0.03293660206217447), np.float64(0.012656273968992689), np.float64(0.042105230360703474), np.float64(0.002570290908054152), np.float64(0.0034913248067196716), np.float64(0.015429528030766401), np.float64(0.0028937646107850307), np.float64(0.003242953211093177), np.float64(0.0038176581617550202), np.float64(0.0038158749184492354), np.float64(0.004644982863459181), np.float64(0.0038139116269620753), np.float64(0.0037881616919101272), np.float64(0.012658053887862888), np.float64(0.003130375533825445), np.float64(0.001598485789416239), np.float64(0.010375721308037544), np.float64(0.005023510871254668), np.float64(0.004392254798095243), np.float64(0.0038025591405511003), np.float64(0.005533992560256509), np.float64(0.02379280259446923), np.float64(0.002287153291547375), np.float64(0.0032368458167262555), np.float64(0.02425931964303797), np.float64(0.0013808877959549117), np.float64(0.012113958415521027), np.float64(0.003038359692383451), np.float64(0.0037821863786127894), np.float64(0.009525101613215035), np.float64(0.0046016266135394624), np.float64(0.01372897317475775), np.float64(0.0024611814403443654), np.float64(0.005784820667605079), np.float64(0.0035350959357740744), np.float64(0.005034006425543715), np.float64(0.025679774394458142), np.float64(0.007583907083069343), np.float64(0.004332115704683044), np.float64(0.007648883211595761), np.float64(0.011446245201888068), np.float64(0.0060261755891778835), np.float64(0.0023052528742895755), np.float64(0.0018399503873067333), np.float64(0.004038206307853247), np.float64(0.006698562230453056), np.float64(0.012222510897582162), np.float64(0.006359043713691912), np.float64(0.028387998506566814), np.float64(0.002873245464715861), np.float64(0.0033102044928089054), np.float64(0.004721646709673786), np.float64(0.01999690843627291), np.float64(0.0026732821926192113), np.float64(0.02331381400017403), np.float64(0.006290291495487367), np.float64(0.004887505033876594), np.float64(0.012627619246404551), np.float64(0.021370464079770692), np.float64(0.006861278933213869), np.float64(0.009098488873338794), np.float64(0.009852736491308136), np.float64(0.04879455574382802), np.float64(0.0072566650588582774), np.float64(0.011987120650880444), np.float64(0.007940008152411169), np.float64(0.02229735752346227), np.float64(0.018601811078172308), np.float64(0.017943831160949577), np.float64(0.014108058906171601), np.float64(0.011122237264962647), np.float64(0.0239140685203258), np.float64(0.013721917297206352), np.float64(0.008797685664891376), np.float64(0.010037849634845072), np.float64(0.04447460313588787), np.float64(0.00694161179526473), np.float64(0.015480660240721237), np.float64(0.014499295322460632), np.float64(0.015255449462764586), np.float64(0.0073988557592015785), np.float64(0.011648571716760021), np.float64(0.017542516490795777), np.float64(0.021655857305968713), np.float64(0.014035159859565348), np.float64(0.018287992006909788), np.float64(0.018769461582250506), np.float64(0.025659252464002486), np.float64(0.009451050733842468), np.float64(0.01851730561047802), np.float64(0.021812587838835433), np.float64(0.01153631354300216), np.float64(0.033509068674653336), np.float64(0.031115048485126414), np.float64(0.019352821474489322), np.float64(0.021988770419849746), np.float64(0.023501018306682022), np.float64(0.026443238018553944), np.float64(0.026557885287073195), np.float64(0.01547725684717738), np.float64(0.02351372820034843), np.float64(0.07209033203223679), np.float64(0.03248984383157228), np.float64(0.029512692563973694), np.float64(0.04555138731512281), np.float64(0.035325436425661834), np.float64(0.02616220550457868), np.float64(0.03220474150793994), np.float64(0.021962397350800925), np.float64(0.03367664046436317), np.float64(0.023484827619546934), np.float64(0.034056881233845544), np.float64(0.044063734998833565), np.float64(0.03404634324912916), np.float64(0.02648927947713127), np.float64(0.03892278354066156), np.float64(0.07863831927454615), np.float64(0.04236310903758849), np.float64(0.06573018155834251), np.float64(0.047516977669568465), np.float64(0.037278644528355685), np.float64(0.08199176884863515), np.float64(0.04888059610592776), np.float64(0.04126515639923291), np.float64(0.04750879506882699), np.float64(0.09028499640950541), np.float64(0.0875892540482801), np.float64(0.039618432142689314), np.float64(0.06599365395850093), np.float64(0.061614646300110036), np.float64(0.060462096570152855), np.float64(0.07001090307879779), np.float64(0.11766692859178436), np.float64(0.03774518408098384), np.float64(0.14772276414710575), np.float64(0.07129663738283236), np.float64(0.1591616426264574), np.float64(0.03597148964709583), np.float64(0.13664274439152144), np.float64(0.13867060532625317), np.float64(0.1749109192932382), np.float64(0.15550307266153132), np.float64(0.0994686435111882), np.float64(0.2926622473700725), np.float64(0.20502228671274386), np.float64(0.10329104109104388), np.float64(0.03055332454055275), np.float64(0.03043382469943732), np.float64(0.24388915939972247), np.float64(0.02938074571579064), np.float64(0.22671901149430798), np.float64(0.02843038025497591), np.float64(0.23294621926809417), np.float64(0.15851418345665536), np.float64(0.19361881635729597), np.float64(0.026199461414767155), np.float64(0.35036101636004985), np.float64(0.3024092603860614), np.float64(0.03258691505184969), np.float64(0.007780841822972578), np.float64(0.2936350609437962), np.float64(0.2668624311304298), np.float64(0.09214116191766693), np.float64(0.03936497894403156), np.float64(0.3728806459882067), np.float64(0.007957320386505413), np.float64(0.30239234233393786), np.float64(0.09469316865394052), np.float64(0.49947292836537155), np.float64(0.4204305560837709), np.float64(0.016136469695726834), np.float64(0.04545447631746902), np.float64(0.015886945747327397), np.float64(0.28549028003561716), np.float64(0.019770642403923042), np.float64(0.026728797651900976), np.float64(0.2941924267307491), np.float64(0.051217329787389305), np.float64(0.010905500312678068), np.float64(0.2504143062448113), np.float64(1.0222217950233485), np.float64(0.009887412603560774), np.float64(0.18974243625801615), np.float64(0.9104892160659059), np.float64(0.026584793064786612), np.float64(0.258102824396356), np.float64(0.01282699859274029), np.float64(0.9411215100829765), np.float64(0.011110144337022723), np.float64(1.254283286541528), np.float64(0.4116733906343065), np.float64(0.72172728558914), np.float64(1.1264562994531018), np.float64(0.03889993532642398), np.float64(0.20879756428237423), np.float64(0.5088763646706593), np.float64(0.22891874205743162), np.float64(0.03543378248886122), np.float64(0.32614074484903877), np.float64(1.3578952541962548), np.float64(0.5303845284071749), np.float64(0.358266242312738), np.float64(1.6904700634511372), np.float64(1.281253013637725), np.float64(0.40000000518976353), np.float64(0.1443856384105393), np.float64(0.012166504518788996), np.float64(0.00023275739749152726), np.float64(1.1350692957314863e-07)], [np.float64(0.002934078768293084), np.float64(0.013315844136819738), np.float64(0.003895194560082638), np.float64(0.002949805303509621), np.float64(0.0033086541439741783), np.float64(0.028608486745226234), np.float64(0.020827555440697924), np.float64(0.0029444875778579967), np.float64(0.0029485290412937484), np.float64(0.0019439017536964434), np.float64(0.002947555968458433), np.float64(0.03785853176689657), np.float64(0.00485306090437586), np.float64(0.004241008683894547), np.float64(0.017015106624260614), np.float64(0.010659501819827333), np.float64(0.0035735338147603077), np.float64(0.003574594563684279), np.float64(0.0028829093884243187), np.float64(0.002836606830850628), np.float64(0.0018966872293639018), np.float64(0.006645510849893853), np.float64(0.003812884655010433), np.float64(0.007538886761486989), np.float64(0.002922144552702721), np.float64(0.0024229067639941148), np.float64(0.001728089827691916), np.float64(0.0040705001593456), np.float64(0.003565729987843058), np.float64(0.0029216375587236207), np.float64(0.0045586459798901925), np.float64(0.011788917470210627), np.float64(0.0046167436618819455), np.float64(0.002915127657666712), np.float64(0.00291037812211426), np.float64(0.006245305846178139), np.float64(0.026184192906733773), np.float64(0.00693927347848977), np.float64(0.007390909165831149), np.float64(0.002904411869069057), np.float64(0.0029044578158482514), np.float64(0.006578621607557924), np.float64(0.0072960361283008444), np.float64(0.0034411396711057614), np.float64(0.005078346215793801), np.float64(0.0035379358541715606), np.float64(0.005965005537856608), np.float64(0.027998291136144205), np.float64(0.0039320699393520925), np.float64(0.0004335632410549297), np.float64(0.032651930906754306), np.float64(0.0043272166286357815), np.float64(0.030717816004505627), np.float64(0.0014388190185884496), np.float64(0.0049462055738513176), np.float64(0.0009032857742412057), np.float64(0.005182648569488084), np.float64(0.00287617262768816), np.float64(0.005422657854701536), np.float64(0.001209098110868248), np.float64(0.006445417549271578), np.float64(0.0053033021885239865), np.float64(0.0016572073082660626), np.float64(0.014376119950237845), np.float64(0.005867088879173883), np.float64(0.002868960722654108), np.float64(0.025437143977985587), np.float64(0.01467081932928791), np.float64(0.007653450985936914), np.float64(0.002862123919482819), np.float64(0.0016678503437150029), np.float64(0.011406192710730383), np.float64(0.023294679605897452), np.float64(0.0052142814747198835), np.float64(0.007690997786433552), np.float64(0.005988665977608312), np.float64(0.0014985481559858964), np.float64(0.01812411171255853), np.float64(0.028101358728845956), np.float64(0.009261992407968916), np.float64(0.047504123248320915), np.float64(0.0024202012258134277), np.float64(0.04319340679870176), np.float64(0.010308956439153305), np.float64(0.0030345876568829595), np.float64(0.027897194501620738), np.float64(0.01849225298917822), np.float64(0.0048262585452142105), np.float64(0.0019814804056822203), np.float64(0.0013413329914703095), np.float64(0.012519206897725604), np.float64(0.0034065116054240096), np.float64(0.0020635010792802765), np.float64(0.0029387245428134866), np.float64(0.049149255060380086), np.float64(0.02067231383724147), np.float64(0.013986566489323537), np.float64(0.014242721729141511), np.float64(0.00243317622565446), np.float64(0.023301480899720655), np.float64(0.0031728923768273), np.float64(0.04627657669853188), np.float64(0.004895625225402915), np.float64(0.007387355543592908), np.float64(0.004402912424617645), np.float64(0.0036787858871321646), np.float64(0.034465208859112674), np.float64(0.00842576802756737), np.float64(0.0027051501341408732), np.float64(0.002425343216971786), np.float64(0.061800944331157), np.float64(0.006118745086057678), np.float64(0.054594805396869985), np.float64(0.005910921649728961), np.float64(0.0026958522377111887), np.float64(0.010716594110297753), np.float64(0.02762555003298725), np.float64(0.024321440709754186), np.float64(0.02387001378415834), np.float64(0.0075907232410690915), np.float64(0.007363211260341786), np.float64(0.0061952238787589264), np.float64(0.0952736395463227), np.float64(0.07173098772750298), np.float64(0.010482766902543045), np.float64(0.010848612773802958), np.float64(0.039114916482068066), np.float64(0.012104171690957372), np.float64(0.01517945063687952), np.float64(0.015931336848978853), np.float64(0.043700663492606914), np.float64(0.012405559394370543), np.float64(0.046615413607679713), np.float64(0.05258990296681248), np.float64(0.05791700287707634), np.float64(0.05826626152015629), np.float64(0.07281723359237378), np.float64(0.016002125204142615), np.float64(0.03873870359193278), np.float64(0.02389063331210271), np.float64(0.049592874569494086), np.float64(0.025901990053767532), np.float64(0.0845291764552164), np.float64(0.10367229767119684), np.float64(0.012751817193635294), np.float64(0.02290480612749705), np.float64(0.04308566736880327), np.float64(0.21917219802678722), np.float64(0.01585151969178028), np.float64(0.023794557928653686), np.float64(0.057307049800697604), np.float64(0.12072849864243136), np.float64(0.04466091169806287), np.float64(0.04863439890780203), np.float64(0.037759970519729895), np.float64(0.12435482792762423), np.float64(0.0561050870324387), np.float64(0.1066072417834163), np.float64(0.0679303458236022), np.float64(0.057020169662091495), np.float64(0.041957150462947984), np.float64(0.06395593550763168), np.float64(0.16665537243089798), np.float64(0.043022435004814924), np.float64(0.18572385241073341), np.float64(0.05639226360871039), np.float64(0.08900379548335272), np.float64(0.11210441322209866), np.float64(0.27273774909344634), np.float64(0.06920261321311569), np.float64(0.2580864796558521), np.float64(0.12388457156340762), np.float64(0.1627751715989778), np.float64(0.20994194769875288), np.float64(0.20835905977453795), np.float64(0.34627619999687465), np.float64(0.27213968284290535), np.float64(0.46323608130971533), np.float64(0.19457025921572874), np.float64(0.6303959620347687), np.float64(0.532246430296518), np.float64(0.6261018775407393), np.float64(0.23424087046522282), np.float64(0.8013964141478248), np.float64(1.1859632241750944), np.float64(0.5009775850335798), np.float64(0.6496997177836801), np.float64(0.6851721293815727), np.float64(1.5553744343416902), np.float64(1.6840844491379523), np.float64(0.6677993129755496), np.float64(2.556647463102446), np.float64(1.0341724868747977), np.float64(2.3549169204758345), np.float64(1.5590274835464293), np.float64(0.37036770315359857), np.float64(0.06839384150445027), np.float64(0.009110137144063234), np.float64(8.122024692395494e-05)]]"
5,1000,12,1332.2770655680765,3.413594055175781,9613.761878271567,1000.0,False,-5.893022937688517,"[[np.float64(3.87900326237556e-12), np.float64(6.3606884735144866e-12), np.float64(5.117865526775343e-12), np.float64(3.8557050478080795e-12), np.float64(1.3122264676100393e-11), np.float64(1.018252370589803e-11), np.float64(6.825856106058187e-12), np.float64(1.3072081853584888e-10), np.float64(1.1183091607802051), np.float64(4.247344492314424e-12), np.float64(9.813209164808738e-11), np.float64(3.412280243814433e-11), np.float64(8.494083316056377e-12), np.float64(8.705105473170783e-12), np.float64(6.819010727895181e-12), np.float64(3.7777813636440866e-12), np.float64(5.082492596229588e-12), np.float64(8.492772989463882e-12), np.float64(8.499118198677433e-12), np.float64(7.59193023820652e-11), np.float64(8.496600872366426e-12), np.float64(6.353202510390323e-12), np.float64(6.352887824297582e-12), np.float64(6.352731780673538e-12), np.float64(5.1197285323582465e-12), np.float64(5.116406684149831e-11), np.float64(2.7040851692225092e-11), np.float64(6.8204594330905064e-12), np.float64(2.6207680707401904e-11), np.float64(5.1152865238581585e-12), np.float64(3.733681693429321e-12), np.float64(5.114792549055535e-12), np.float64(9.244381637802133e-12), np.float64(6.354038338260469e-12), np.float64(1.4237962341303225), np.float64(1.0138536145658605e-11), np.float64(6.3373510546425545e-12), np.float64(6.3392191616335086e-12), np.float64(6.344037477019285e-12), np.float64(2.615308759607139e-11), np.float64(5.104567146341222e-12), np.float64(6.337544269230798e-12), np.float64(1.0844684108432696), np.float64(6.794069575433671e-12), np.float64(4.2655798698815716e-12), np.float64(1.503980979347902e-11), np.float64(8.464540392793376e-12), np.float64(3.135335575479753e-11), np.float64(1.504181682832852e-11), np.float64(8.468547587717065e-12), np.float64(2.6953035620331436e-11), np.float64(4.2345201668403145e-12), np.float64(0.7074051883560118), np.float64(1.1252437325533316e-11), np.float64(6.337572251744608e-12), np.float64(8.468920792638059e-12), np.float64(6.330682208479523e-12), np.float64(9.137136639308903e-11), np.float64(6.334490880023485e-12), np.float64(1.8325259123400698e-10), np.float64(6.3334364878374405e-12), np.float64(6.796229020903132e-12), np.float64(8.476504745854119e-12), np.float64(1.2281742956153182e-11), np.float64(8.466786441790188e-12), np.float64(3.135214608715918e-11), np.float64(5.588753545754939e-12), np.float64(6.333471523912409e-12), np.float64(8.358480716981712e-12), np.float64(1.0866584034470104e-10), np.float64(6.339351319596844e-12), np.float64(1.0127099381453324e-11), np.float64(6.3382489387561555e-12), np.float64(1.1233756844167981), np.float64(2.6932467658778453e-11), np.float64(1.674260450738928e-10), np.float64(3.134059820008879e-11), np.float64(4.402268921474641e-12), np.float64(8.46066025317225e-12), np.float64(1.0179761848196079e-10), np.float64(8.678613560896336e-12), np.float64(8.512779332550927e-12), np.float64(4.237877566561815e-12), np.float64(5.09691180508392e-12), np.float64(4.232749033198613e-12), np.float64(0.8912424750405156), np.float64(8.458461448870872e-12), np.float64(2.6954857038557603e-11), np.float64(6.797950982141768e-12), np.float64(6.3271554451440856e-12), np.float64(1.0623949767638078e-10), np.float64(9.208294914247752e-12), np.float64(1.1072603898071003e-10), np.float64(6.332397720072842e-12), np.float64(6.328654025764391e-12), np.float64(6.32625061732698e-12), np.float64(2.5493882222494817e-11), np.float64(6.329188936791078e-12), np.float64(8.3497600027608e-12), np.float64(6.332515884178978e-12), np.float64(2.618163299377747e-11), np.float64(5.3286640010856555e-12), np.float64(2.69686150377801e-11), np.float64(6.3281981962280825e-12), np.float64(6.333740882959017e-12), np.float64(3.132446651429799e-11), np.float64(2.6944354804387333e-11), np.float64(8.46371794324755e-12), np.float64(0.5765794899216395), np.float64(2.6944697400114988e-11), np.float64(6.8035226888258865e-12), np.float64(1.299888437560045e-10), np.float64(5.583395477464344e-12), np.float64(5.591357683072838e-12), np.float64(8.413776809232372e-12), np.float64(2.704744994016359e-10), np.float64(9.217921507570585e-12), np.float64(3.131791892216389e-11), np.float64(3.133492512265321e-11), np.float64(3.836352619679345e-12), np.float64(5.584540064480939e-12), np.float64(8.461066535085482e-12), np.float64(1.0127689647861438e-11), np.float64(8.47240303009484e-12), np.float64(1.6884132549960675), np.float64(2.2338597474532562e-10), np.float64(6.334871120188547e-12), np.float64(9.210503562363264e-12), np.float64(5.0930809590399525e-12), np.float64(8.358753888143819e-12), np.float64(9.767398823729412e-11), np.float64(6.770857458506043e-12), np.float64(3.132422619586139e-11), np.float64(1.8313256869659115e-10), np.float64(1.0124271692343056e-11), np.float64(2.694182747400403e-11), np.float64(2.6936433420925762e-11), np.float64(4.263132067684801e-12), np.float64(1.1390939016104557e-10), np.float64(8.348150170093145e-12), np.float64(2.2684895434441407e-10), np.float64(8.35774110961156e-12), np.float64(6.327778310798043e-12), np.float64(2.0732359500969919e-10), np.float64(6.791073652343754e-12), np.float64(1.0124868967213634e-11), np.float64(1.1193354850925347e-11), np.float64(8.458466525322617e-12), np.float64(1.0121101020782608e-11), np.float64(4.230307456288427e-12), np.float64(5.093398041565021e-12), np.float64(4.230855875879428e-12), np.float64(2.693056675675981e-11), np.float64(6.793910993287738e-12), np.float64(2.4422418587320617e-10), np.float64(1.1376268985445381e-11), np.float64(3.169981994550806e-10), np.float64(1.233578624857746e-10), np.float64(6.335170738596519e-12), np.float64(6.326934472206952e-12), np.float64(1.4078322203828604e-10), np.float64(2.0709912674380552e-11), np.float64(2.693810420101796e-11), np.float64(8.463057755854368e-12), np.float64(6.3283584648145404e-12), np.float64(4.367593613998939e-12), np.float64(4.233428463208186e-12), np.float64(1.4004211250386274e-10), np.float64(6.793241479877462e-12), np.float64(3.854376723702922e-10), np.float64(1.1246852383907355e-11), np.float64(6.3286193496016925e-12), np.float64(6.329449903004677e-12), np.float64(7.277331404532572e-11), np.float64(4.2620427780035016e-12), np.float64(1.0121587745568902e-11), np.float64(5.583203234654494e-12), np.float64(1.0215088150952889e-10), np.float64(3.1326305936103235e-11), np.float64(3.763073483118929e-12), np.float64(8.463137122141617e-12), np.float64(8.34777543496519e-12), np.float64(1.4087091331536721e-10), np.float64(6.329607380561378e-12), np.float64(6.330648404429749e-12), np.float64(8.672727159530583e-12), np.float64(6.3277333060468656e-12), np.float64(6.327510084573521e-12), np.float64(2.696343569172848e-11), np.float64(1.012293816443382e-11), np.float64(6.333635017368794e-12), np.float64(3.1339532438107584e-11), np.float64(8.476603837285961e-12), np.float64(2.6959369368595585e-11), np.float64(6.3279256499054764e-12), np.float64(1.012828422930769e-11), np.float64(3.775167579182768e-12), np.float64(1.1278491848518396e-11), np.float64(6.326538939759225e-12), np.float64(5.582077225332497e-12), np.float64(2.6106466666826536e-11), np.float64(6.327516536551426e-12), np.float64(4.234184589340116e-12), np.float64(8.40627195375722e-12), np.float64(5.583674184006711e-12), np.float64(2.612142270394447e-11), np.float64(6.332587160207877e-12), np.float64(3.3795573038245903e-11), np.float64(5.580939207330535e-12), np.float64(6.336156101802897e-12), np.float64(6.791610555536988e-12), np.float64(8.463637107206213e-12), np.float64(1.0124591146464593e-11), np.float64(5.581747105516926e-12), np.float64(4.233932906440021e-12), np.float64(5.093390022201817e-12), np.float64(6.799486605015256e-12), np.float64(2.69448838932996e-11), np.float64(1.0471680456914071e-10), np.float64(1.1386928353911328e-10), np.float64(8.359654470877142e-12), np.float64(3.135602208746219e-11), np.float64(6.33002455165116e-12), np.float64(1.3065291786582644e-11), np.float64(2.6112877127180306e-11), np.float64(4.234520423147477e-12), np.float64(1.4090671485304385e-10), np.float64(5.584427123791796e-12), np.float64(8.463721678172008e-12), np.float64(5.584081284622312e-12), np.float64(6.328690900073225e-12), np.float64(5.093383630597066e-12), np.float64(5.06772823519128e-12), np.float64(8.354482233160007e-12), np.float64(6.327310174826082e-12), np.float64(2.1043378923497459e-10), np.float64(6.790681258281774e-12), np.float64(3.659162079440182e-11), np.float64(3.133762332228629e-11), np.float64(6.3346001626093564e-12), np.float64(3.8334443853178785e-12), np.float64(5.58394929628095e-12), np.float64(1.0130554788268537e-11), np.float64(1.3053284608725047e-11), np.float64(2.0862369354065807e-10), np.float64(8.464462739366059e-12), np.float64(2.6198144809461766e-11), np.float64(6.330403036411653e-12), np.float64(6.328186635927324e-12), np.float64(6.329970969642024e-12), np.float64(6.332078973465158e-12), np.float64(8.67301195554562e-12), np.float64(1.7050299215795515), np.float64(3.122345267007144e-11), np.float64(1.3273466282406983e-10), np.float64(1.0149031272502826e-10), np.float64(5.0793158713597626e-12), np.float64(9.883791463473394e-11), np.float64(1.0147339974262709e-10), np.float64(1.009488469089125e-11), np.float64(6.771573373702357e-12), np.float64(8.433852609715383e-12), np.float64(5.565532606448102e-12), np.float64(2.685950945629742e-11), np.float64(1.0408891167986746e-10), np.float64(1.0166291477710325e-11), np.float64(5.572488070717738e-12), np.float64(2.6020237017448385e-11), np.float64(5.0766339171184525e-12), np.float64(6.309408162495092e-12), np.float64(8.439225070541895e-12), np.float64(1.8819604183470888e-10), np.float64(8.48921085592694e-12), np.float64(4.222411812189399e-12), np.float64(5.568222230516032e-12), np.float64(8.644530397745238e-12), np.float64(8.380898499776367e-12), np.float64(6.770323275538069e-12), np.float64(6.312712633045523e-12), np.float64(6.310173656320128e-12), np.float64(1.0899735702456223e-10), np.float64(1.0094662388163919e-11), np.float64(1.4983370910308438e-11), np.float64(8.487876242287389e-12), np.float64(1.3052148320056817e-11), np.float64(1.0414794845808053e-10), np.float64(6.3081206527662515e-12), np.float64(2.6864665407278404e-11), np.float64(2.6037456627937673e-11), np.float64(6.306801840961605e-12), np.float64(8.438435988225728e-12), np.float64(6.77042767334723e-12), np.float64(5.080749806619964e-12), np.float64(8.433339154870275e-12), np.float64(1.9341067925948e-10), np.float64(1.0034420978335121e-11), np.float64(6.771583741943199e-12), np.float64(8.435618981155247e-12), np.float64(8.645160970836344e-12), np.float64(6.317825778335112e-12), np.float64(1.008808947481435e-11), np.float64(2.967638582863459e-11), np.float64(6.3148006592788364e-12), np.float64(1.0093727630499775e-11), np.float64(6.307127138071866e-12), np.float64(3.387030536084991e-11), np.float64(8.442795027026911e-12), np.float64(1.4036499796405983e-10), np.float64(1.0157146603744022e-11), np.float64(6.313468640614257e-12), np.float64(1.0092722052049297e-11), np.float64(5.0828585877691815e-12), np.float64(6.771812754379812e-12), np.float64(1.0090865291439166e-11), np.float64(1.3950605656325669e-10), np.float64(8.430931964028757e-12), np.float64(3.821827993756058e-12), np.float64(6.773340009024554e-12), np.float64(4.251148458100412e-12), np.float64(5.564296420669152e-12), np.float64(6.314799140787317e-12), np.float64(6.308716925551114e-12), np.float64(6.3058375602551355e-12), np.float64(6.307433221077299e-12), np.float64(1.0092362735199003e-11), np.float64(6.307600421810895e-12), np.float64(6.772405285427959e-12), np.float64(3.82337010784996e-12), np.float64(1.3016080341904886e-11), np.float64(6.089011690123088e-10), np.float64(8.323927845336318e-12), np.float64(6.769473944808146e-12), np.float64(4.220668787660448e-12), np.float64(1.0094299209521984e-11), np.float64(8.323388947485162e-12), np.float64(6.775925893926651e-12), np.float64(3.125032298634303e-11), np.float64(8.436139402635198e-12), np.float64(6.772102248697149e-12), np.float64(8.438810036987672e-12), np.float64(5.7010443964235634e-11), np.float64(8.43246935911869e-12), np.float64(1.1797124137395147e-10), np.float64(1.0094252368659858e-11), np.float64(1.0803509541634377e-10), np.float64(5.563802933772042e-12), np.float64(6.770672909826025e-12), np.float64(4.217080448880744e-12), np.float64(6.313088319485893e-12), np.float64(6.74758245966379e-12), np.float64(3.387818431448118e-11), np.float64(6.306068377696056e-12), np.float64(6.773451366722097e-12), np.float64(6.307688749763246e-12), np.float64(5.564510358273232e-12), np.float64(2.68753967079943e-11), np.float64(6.309549938601767e-12), np.float64(3.8226011247640654e-12), np.float64(5.077257518536188e-12), np.float64(8.327305824195171e-12), np.float64(6.308277695713592e-12), np.float64(2.686647873876357e-11), np.float64(1.0794942395324296e-10), np.float64(6.309287568327859e-12), np.float64(6.771398087249088e-12), np.float64(4.353554085588098e-12), np.float64(1.0806369462114356e-10), np.float64(1.0093195230338681e-11), np.float64(2.6858566840147144e-11), np.float64(1.0151665294122468e-11), np.float64(1.0090129790207109e-11), np.float64(8.432106570810636e-12), np.float64(6.311726781242586e-12), np.float64(5.0777166236914e-12), np.float64(6.309355036342505e-12), np.float64(6.7720786803529224e-12), np.float64(8.432874144835453e-12), np.float64(1.0093958433224643e-11), np.float64(5.571521997707997e-12), np.float64(2.610753020115732e-11), np.float64(2.6030514178120707e-11), np.float64(6.3069442780328705e-12), np.float64(2.0652666053720396e-10), np.float64(1.498995534632166e-11), np.float64(2.6868089594610184e-11), np.float64(1.180365416567374e-10), np.float64(2.6845817242755356e-11), np.float64(6.315253995024669e-12), np.float64(1.0092482741809204e-11), np.float64(5.0932710917069e-11), np.float64(1.0096337504271221e-11), np.float64(4.388343332268935e-12), np.float64(6.30684102669101e-12), np.float64(5.081108628255233e-12), np.float64(3.122882581486751e-11), np.float64(4.386765345179e-12), np.float64(6.7735890259102245e-12), np.float64(9.882392451769487e-11), np.float64(8.649171679072612e-12), np.float64(1.002988203188091e-11), np.float64(6.7750239229916755e-12), np.float64(7.080259334330426e-11), np.float64(6.310736039618796e-12), np.float64(0.6632558090640331), np.float64(2.6017020514322112e-11), np.float64(5.149549875189376e-10), np.float64(5.5663809538642596e-12), np.float64(1.3833790446024246e-10), np.float64(6.767649888431968e-12), np.float64(6.775693264006293e-12), np.float64(6.7692678945797176e-12), np.float64(5.567333337859149e-12), np.float64(8.383821316567138e-12), np.float64(4.820739436936923e-12), np.float64(6.769428824723772e-12), np.float64(8.642680392346127e-12), np.float64(6.308634766616685e-12), np.float64(1.0154864216649353e-11), np.float64(3.123106535201245e-11), np.float64(6.308272948561879e-12), np.float64(3.124419662069071e-11), np.float64(1.009260440427227e-11), np.float64(6.305722426621966e-12), np.float64(6.310651218278131e-12), np.float64(1.1040944757970982e-10), np.float64(8.322888055916737e-12), np.float64(6.769118192422643e-12), np.float64(5.080820662166738e-12), np.float64(2.3677019958665615e-10), np.float64(8.322205796692871e-12), np.float64(6.310250113624229e-12), np.float64(4.218520864819305e-12), np.float64(6.3083828145019865e-12), np.float64(4.385833497109997e-12), np.float64(1.1208986072718524e-11), np.float64(2.6865356601841028e-11), np.float64(1.4173936243809981), np.float64(5.5583586286814874e-12), np.float64(7.071109054238484e-11), np.float64(3.1198414874363384e-11), np.float64(5.071840222669e-12), np.float64(6.7636617827780674e-12), np.float64(1.0077981392863436e-11), np.float64(3.119492888625419e-11), np.float64(3.820330573712688e-12), np.float64(1.0788533221606248e-10), np.float64(6.762817179553362e-12), np.float64(6.767178171687454e-12), np.float64(8.63661755526265e-12), np.float64(1.0140124485038092e-11), np.float64(6.771343232603723e-12), np.float64(1.0077426785402742e-11), np.float64(6.300911229077603e-12), np.float64(9.869059577283733e-11), np.float64(2.0633765613055885e-10), np.float64(5.078204780670552e-12), np.float64(6.76453153689937e-12), np.float64(8.430099462958057e-12), np.float64(9.87085329232435e-11), np.float64(1.393261719275258e-10), np.float64(1.007979320657152e-11), np.float64(3.118440232510513e-11), np.float64(8.323478844773645e-12), np.float64(2.365404104785884e-10), np.float64(6.3002231870233624e-12), np.float64(5.0726595899155945e-12), np.float64(1.488391034021871), np.float64(5.5529669017332695e-12), np.float64(8.627686175278233e-12), np.float64(1.0073061306897717e-11), np.float64(1.0395855158584691e-10), np.float64(8.419347246611054e-12), np.float64(8.416204510784149e-12), np.float64(6.2978722007893255e-12), np.float64(5.555032507663753e-12), np.float64(5.553732131144158e-12), np.float64(1.7658850531533347e-10), np.float64(1.0121860341375395e-10), np.float64(6.7658451023956874e-12), np.float64(4.3470015810306e-12), np.float64(8.42337491090804e-12), np.float64(5.561418720675974e-12), np.float64(8.421044690441675e-12), np.float64(8.318666539655983e-12), np.float64(8.629618896188332e-12), np.float64(6.899209166327604e-11), np.float64(8.419811948009789e-12), np.float64(6.7582207426188056e-12), np.float64(6.297068190157739e-12), np.float64(1.0776834337143708e-10), np.float64(6.761863689804166e-12), np.float64(5.068968828102036e-12), np.float64(3.746176035217025e-12), np.float64(4.240994047719686e-12), np.float64(8.424956233162826e-12), np.float64(6.7588989781661804e-12), np.float64(2.5969978485170318e-11), np.float64(6.296217822091093e-12), np.float64(6.296997036292477e-12), np.float64(5.555528483133634e-12), np.float64(6.29736939904967e-12), np.float64(5.069616910921991e-12), np.float64(6.7585239727389644e-12), np.float64(2.5978335932669452e-11), np.float64(5.068827718614481e-12), np.float64(8.423317867846583e-12), np.float64(3.220206768226686e-10), np.float64(6.303103927969098e-12), np.float64(2.6023518279456462e-11), np.float64(1.4827604307761456e-10), np.float64(2.604783060333327e-11), np.float64(9.860860438253507e-11), np.float64(1.228249778276534e-10), np.float64(9.729008283961958e-11), np.float64(6.297053864827807e-12), np.float64(1.1771397359706156e-10), np.float64(8.415463824862838e-12), np.float64(6.295645802563887e-12), np.float64(5.561647115490134e-12), np.float64(1.1224584620130949e-11), np.float64(4.381378462996177e-12), np.float64(6.296680199139014e-12), np.float64(6.294718420353436e-12), np.float64(6.296838477126228e-12), np.float64(8.415556049259633e-12), np.float64(8.311806011321124e-12), np.float64(6.295626565118123e-12), np.float64(5.068197182611609e-12), np.float64(3.839842438055149e-12), np.float64(6.295913681806604e-12), np.float64(6.296422153587524e-12), np.float64(6.295964928093898e-12), np.float64(8.629846900906982e-12), np.float64(4.350315676947996e-12), np.float64(4.799793791403029e-12), np.float64(1.1322455266638385e-10), np.float64(7.630883425416088e-10), np.float64(6.302649825893366e-12), np.float64(2.41535652578233e-10), np.float64(3.3854917882787323e-10), np.float64(6.763704733270606e-12), np.float64(6.296247197591769e-12), np.float64(3.1175069784965714e-11), np.float64(1.1227284784782944e-11), np.float64(8.315704527693353e-12), np.float64(5.0353712020761034e-12), np.float64(8.417433524872306e-12), np.float64(3.1172185120833505e-11), np.float64(5.558284989230898e-12), np.float64(8.41984553877567e-12), np.float64(8.317930339393169e-12), np.float64(6.3013029872728565e-12), np.float64(1.1228830872413409e-11), np.float64(4.2107522154508554e-12), np.float64(5.06814403379078e-12), np.float64(1.7668491739019148e-10), np.float64(3.3990312412311943e-12), np.float64(1.4014287478448365e-10), np.float64(8.419955605946489e-12), np.float64(3.1171565359720466e-11), np.float64(3.118179263699299e-11), np.float64(1.0072584638320366e-11), np.float64(5.06874381364907e-12), np.float64(9.874866124771998e-11), np.float64(6.2984883371161094e-12), np.float64(5.072241170441099e-12), np.float64(8.31267425800843e-12), np.float64(6.296598669039597e-12), np.float64(8.628085768292982e-12), np.float64(6.759614962871646e-12), np.float64(8.42122036086718e-12), np.float64(6.295456180123698e-12), np.float64(8.415818441949154e-12), np.float64(6.758858190893375e-12), np.float64(3.816017208471778e-12), np.float64(8.30868445939957e-12), np.float64(6.3009095573946605e-12), np.float64(6.296336778412349e-12), np.float64(1.3217887885809163), np.float64(3.113975537904608e-11), np.float64(3.838129970956125e-12), np.float64(6.294657392921068e-12), np.float64(9.851013730183341e-11), np.float64(6.752513748010494e-12), np.float64(5.063778713520792e-12), np.float64(6.747794466395892e-12), np.float64(2.399986383898909e-10), np.float64(8.299190868332728e-12), np.float64(8.404863947382705e-12), np.float64(2.9580908816879607e-11), np.float64(5.548322211464785e-12), np.float64(6.291811573261036e-12), np.float64(2.057869659366058e-10), np.float64(3.358118054240596e-11), np.float64(8.406033748767908e-12), np.float64(1.6315637463899961), np.float64(7.044817475096884e-11), np.float64(6.2820154013500695e-12), np.float64(6.2775446340757725e-12), np.float64(1.004210502527193e-11), np.float64(1.6666574230876954), np.float64(8.36370664994076e-12), np.float64(6.2571223007495735e-12), np.float64(1.0012883759396132e-11), np.float64(6.260348989615065e-12), np.float64(1.0011520402558444e-11), np.float64(3.0982895046662224e-11), np.float64(3.09870556686647e-11), np.float64(6.718767142797123e-12), np.float64(8.266472611773942e-12), np.float64(3.0979136661582794e-11), np.float64(8.422706062463088e-12), np.float64(6.257069739953572e-12), np.float64(3.097462541781646e-11), np.float64(1.0013470385299459e-11), np.float64(8.36476179550822e-12), np.float64(1.0006244030194491e-11), np.float64(2.5823951090200385e-11), np.float64(7.018530411689128e-11), np.float64(5.523591699360593e-12), np.float64(8.365904407543275e-12), np.float64(5.036121743190871e-12), np.float64(6.2574698857238145e-12), np.float64(3.097733519373148e-11), np.float64(1.0494349559797284e-10), np.float64(8.573388441737293e-12), np.float64(8.322346511152407e-12), np.float64(1.1251674439066007e-10), np.float64(8.313054608482192e-12), np.float64(9.155780210671432e-12), np.float64(8.365292396126972e-12), np.float64(7.02045180620422e-11), np.float64(1.0011458563775452e-11), np.float64(1.170245905074449e-10), np.float64(8.258465056260794e-12), np.float64(6.257258308241036e-12), np.float64(6.261482187165727e-12), np.float64(3.51795145399102e-10), np.float64(1.2914860836673137e-11), np.float64(6.257021850710108e-12), np.float64(6.25784088949337e-12), np.float64(6.2626963742505415e-12), np.float64(1.3930462209057128e-10), np.float64(6.723170378899117e-12), np.float64(2.0480117653959973e-10), np.float64(3.790320837481178e-12), np.float64(1.3931139585368533e-10), np.float64(6.257810568760583e-12), np.float64(8.25413307811061e-12), np.float64(1.111192200420705e-11), np.float64(8.36535845958478e-12), np.float64(8.257109570739661e-12), np.float64(6.2621423525191264e-12), np.float64(4.186822733388715e-12), np.float64(1.1703264317636247e-10), np.float64(8.368394042437586e-12), np.float64(5.242510696032085e-10), np.float64(1.3849757483653762e-10), np.float64(8.364740937666029e-12), np.float64(6.26395700610869e-12), np.float64(3.341351548548272e-11), np.float64(1.8090045132946516e-10), np.float64(2.551325004208001e-10), np.float64(5.012229416513787e-12), np.float64(5.036465708557325e-12), np.float64(8.313630165198229e-12), np.float64(4.182964428558619e-12), np.float64(5.040352990528372e-12), np.float64(4.187836079443243e-12), np.float64(8.363862863857225e-12), np.float64(2.40305723092011e-10), np.float64(4.183956159949419e-12), np.float64(4.2144620346592325e-12), np.float64(1.0013145253863907e-11), np.float64(8.365854041038311e-12), np.float64(8.367598483138283e-12), np.float64(5.0377913864064e-12), np.float64(3.674872825157483e-12), np.float64(6.716523677642762e-12), np.float64(8.316903467018555e-12), np.float64(6.263603910660106e-12), np.float64(1.1167563832755537e-10), np.float64(7.022340556708626e-11), np.float64(6.258215534668236e-12), np.float64(6.716730956366261e-12), np.float64(2.210956621541946e-10), np.float64(6.256569931457404e-12), np.float64(9.660904840972049e-11), np.float64(2.581194402988269e-11), np.float64(6.257622559222139e-12), np.float64(7.021203651185149e-11), np.float64(5.0362581751854964e-12), np.float64(8.36581962172695e-12), np.float64(1.0407044097725579e-10), np.float64(6.720224708114104e-12), np.float64(6.722147324924439e-12), np.float64(8.364352052635749e-12), np.float64(1.8687214629859272e-10), np.float64(6.261748881714898e-12), np.float64(2.5806491869089256e-11), np.float64(5.521404088183934e-12), np.float64(6.256575849696159e-12), np.float64(6.716966285224921e-12), np.float64(8.366265426712719e-12), np.float64(4.353829725380124e-12), np.float64(6.257561844311652e-12), np.float64(6.260331012705759e-12), np.float64(1.1699267029746504e-10), np.float64(9.799154013626186e-11), np.float64(1.1710592037319431e-10), np.float64(1.170580392354012e-10), np.float64(4.189637093204825e-12), np.float64(6.71585872353066e-12), np.float64(1.809793105900218e-10), np.float64(2.4038397670559946e-10), np.float64(1.1179952516005047e-10), np.float64(6.716309919871468e-12), np.float64(6.719767305579917e-12), np.float64(3.0970304033561113e-11), np.float64(6.259982633805495e-12), np.float64(7.019748865982958e-11), np.float64(8.57318516509094e-12), np.float64(1.0021181224681552e-11), np.float64(8.36727245296839e-12), np.float64(8.369087041932973e-12), np.float64(6.264413235690654e-12), np.float64(6.715556411462384e-12), np.float64(8.25944328117652e-12), np.float64(6.262874297794028e-12), np.float64(4.2147220977961845e-12), np.float64(2.5817455557775705e-11), np.float64(6.256964442280704e-12), np.float64(8.380554311526572e-12), np.float64(5.520349233516595e-12), np.float64(1.040889190569326e-10), np.float64(5.5209779950425e-12), np.float64(1.0322642104895671e-10), np.float64(9.100994592013347e-12), np.float64(8.579598600011791e-12), np.float64(9.673767323335064e-11), np.float64(6.258941116516172e-12), np.float64(6.660426855260899e-12), np.float64(6.718250942065924e-12), np.float64(8.366290824533352e-12), np.float64(3.674867377161801e-12), np.float64(5.520452056750639e-12), np.float64(6.263988033591384e-12), np.float64(6.258606483999321e-12), np.float64(3.2167898967195976e-12), np.float64(5.009763124012633e-12), np.float64(8.36783040910859e-12), np.float64(8.259993710491654e-12), np.float64(6.7190697589278264e-12), np.float64(5.037260880711653e-12), np.float64(8.36821724323857e-12), np.float64(3.096443289050505e-11), np.float64(1.0012877196258557e-11), np.float64(1.8091503899917586e-10), np.float64(5.035747551350388e-12), np.float64(6.2605217877961435e-12), np.float64(1.03457393033032e-10), np.float64(3.0975317307116475e-11), np.float64(1.1112515099592632e-11), np.float64(2.89062100737467e-10), np.float64(3.0969449269529044e-11), np.float64(6.266850313268944e-12), np.float64(1.1118835154229585e-11), np.float64(5.5197448565321036e-12), np.float64(6.260769693252742e-12), np.float64(6.714397486863449e-12), np.float64(8.364017550238745e-12), np.float64(8.574797298868496e-12), np.float64(1.0058544659520595e-10), np.float64(8.58377497785354e-12), np.float64(6.717271901035168e-12), np.float64(3.098992521982845e-11), np.float64(1.0012469694433824e-11), np.float64(6.2602125488421405e-12), np.float64(4.185886783161478e-12), np.float64(3.0965097143826666e-11), np.float64(1.1154933439142298e-11), np.float64(5.5229527140781325e-12), np.float64(6.265346384283996e-12), np.float64(8.367313891715479e-12), np.float64(8.256512566910967e-12), np.float64(1.4985880468770356), np.float64(2.582848972604713e-11), np.float64(1.2095749357458239), np.float64(8.39808981236807e-12), np.float64(9.993966480891213e-12), np.float64(6.244120910443731e-12), np.float64(6.7084426068446945e-12), np.float64(8.35741923057918e-12), np.float64(9.990669788794787e-12), np.float64(3.5110903438928426e-10), np.float64(6.241696069069781e-12), np.float64(3.355987189514802e-10), np.float64(6.243704905087699e-12), np.float64(6.24446155949268e-12), np.float64(6.245187807778328e-12), np.float64(6.702797439009212e-12), np.float64(5.510787787793055e-12), np.float64(8.561655603485964e-12), np.float64(4.3151408233220534e-12), np.float64(2.57741944166488e-11), np.float64(1.167491277056487e-10), np.float64(6.244688040794706e-12), np.float64(2.5755886019570428e-11), np.float64(1.652317449766344e-10), np.float64(4.177462880760134e-12), np.float64(1.1415339056768067e-10), np.float64(6.249423205275294e-12), np.float64(9.989916185645517e-12), np.float64(1.1124585035335424), np.float64(6.2321538286669426e-12), np.float64(6.234212196948127e-12), np.float64(1.3882841704851813e-10), np.float64(6.688995828442057e-12), np.float64(6.240020858849278e-12), np.float64(6.991970439193712e-11), np.float64(9.975819869647778e-12), np.float64(8.337810164164904e-12), np.float64(6.691542606249358e-12), np.float64(8.225538930547347e-12), np.float64(8.33685153681387e-12), np.float64(3.0855424960914914e-11), np.float64(2.188212006639145e-10), np.float64(1.1115236542733292e-11), np.float64(5.501383148419861e-12), np.float64(8.334062615183572e-12), np.float64(5.498605297912067e-12), np.float64(6.238753746526934e-12), np.float64(6.245096130920095e-12), np.float64(6.6917746879965165e-12), np.float64(8.334878200907852e-12), np.float64(4.986039125893993e-10), np.float64(2.574344539381008e-11), np.float64(8.22534720751976e-12), np.float64(1.1074150438665238e-11), np.float64(4.596600313840904e-10), np.float64(8.22756722226193e-12), np.float64(6.236231751388575e-12), np.float64(2.0400318633563276e-10), np.float64(9.974390008629001e-12), np.float64(4.155444228390567e-12), np.float64(3.088280908666437e-11), np.float64(6.2336327727809e-12), np.float64(1.1663123590545696e-10), np.float64(6.691882807890928e-12), np.float64(1.3772690133330295e-10), np.float64(1.8604600854095432e-10), np.float64(2.3963077152120536e-10), np.float64(9.913541810638798e-12), np.float64(6.691087992254037e-12), np.float64(6.99258110797492e-11), np.float64(1.4680858824521075), np.float64(2.565288539794392e-11), np.float64(6.6793143025154205e-12), np.float64(5.487059926762141e-12), np.float64(6.764328638674019e-12), np.float64(3.344601115238044e-10), np.float64(6.221717690103364e-12), np.float64(6.21825963685041e-12), np.float64(1.364742262909886e-10), np.float64(1.8007025572437742e-10), np.float64(8.315931006531226e-12), np.float64(9.94694536260994e-12), np.float64(4.324178698599785e-12), np.float64(3.079985508881147e-11), np.float64(9.957389367147298e-12), np.float64(6.223057614656566e-12), np.float64(3.767743279887801e-12), np.float64(6.224316695525241e-12), np.float64(8.213070675216243e-12), np.float64(3.2680438313152043e-10), np.float64(8.527442569133213e-12), np.float64(6.219399299622263e-12), np.float64(9.95087864630663e-12), np.float64(1.7979220197317014e-10), np.float64(8.31750610825936e-12), np.float64(8.524664700435702e-12), np.float64(9.95006624412157e-12), np.float64(2.5665268711262645e-11), np.float64(5.488056228970323e-12), np.float64(6.674455969246682e-12), np.float64(6.680959796745333e-12), np.float64(6.677373894039177e-12), np.float64(8.218773375198508e-12), np.float64(6.217029974104598e-12), np.float64(5.006038473754523e-12), np.float64(6.224240768776562e-12), np.float64(5.006661153429058e-12), np.float64(5.48806480774748e-12), np.float64(8.21483561157625e-12), np.float64(6.674214247977167e-12), np.float64(4.1898824031943725e-12), np.float64(5.900718247670567e-10), np.float64(2.9235677365072764e-11), np.float64(8.317833071619371e-12), np.float64(3.359752030236666e-12), np.float64(2.5655735174783805e-11), np.float64(6.220304994584e-12), np.float64(1.1320756933596356e-10), np.float64(9.945255704502275e-12), np.float64(3.323014673071698e-11), np.float64(6.218613716424684e-12), np.float64(1.163593731560933e-10), np.float64(1.3856327157411266e-10), np.float64(6.68346179164132e-12), np.float64(9.955216161094179e-12), np.float64(6.219708843934195e-12), np.float64(1.3751555864731468e-10), np.float64(0.5120015401647013), np.float64(6.224152873672999e-12), np.float64(4.5910797582173157e-10), np.float64(5.033105646101989e-12), np.float64(6.226252008818136e-12), np.float64(2.197797686105679e-10), np.float64(4.159109563182929e-12), np.float64(6.811379572941656e-11), np.float64(8.313065792840932e-12), np.float64(6.206017432087917e-10), np.float64(1.9038402326323384e-10), np.float64(2.5732729615592313e-11), np.float64(4.173636840507639e-12), np.float64(8.525424853482584e-12), np.float64(6.65369240329568e-12), np.float64(3.357657224003792e-12), np.float64(6.676841237626216e-12), np.float64(4.161469266824337e-12), np.float64(8.316479557511623e-12), np.float64(6.679492646956204e-12), np.float64(6.677020775020039e-12), np.float64(1.326225714936798), np.float64(2.382268626241243e-10), np.float64(8.508391840264185e-12), np.float64(1.0730834144755478e-10), np.float64(6.211065079069529e-12), np.float64(9.934950085199118e-12), np.float64(1.2104973475431554e-10), np.float64(6.664675989358802e-12), np.float64(3.3544195457102243e-12), np.float64(4.369495311795688e-10), np.float64(9.9353228471324e-12), np.float64(1.139073081235666e-09), np.float64(8.511497961075118e-12), np.float64(2.385336687163745e-10), np.float64(6.6647199969909135e-12), np.float64(2.0329020852745587e-10), np.float64(1.643840672680684e-10), np.float64(9.737887592608714e-11), np.float64(6.075759595488675e-10), np.float64(2.5621966352336637e-11), np.float64(6.6647883354918225e-12), np.float64(6.6667841251574215e-12), np.float64(6.211024590461624e-12), np.float64(9.936285439981535e-12), np.float64(6.6643086731226905e-12), np.float64(4.999820465725904e-12), np.float64(8.194043501526212e-12), np.float64(6.216407227635736e-12), np.float64(9.984746081523407e-11), np.float64(6.216754909913132e-12), np.float64(6.210516994262402e-12), np.float64(6.209378605959443e-12), np.float64(4.999456093241837e-12), np.float64(5.479402871145233e-12), np.float64(6.666806308700489e-12), np.float64(8.512219116949289e-12), np.float64(5.486458976844032e-12), np.float64(6.6649086526070796e-12), np.float64(6.208825424567692e-12), np.float64(3.3422510122211286e-10), np.float64(3.764194801238314e-12), np.float64(2.1947731575139423e-10), np.float64(6.589902526764333e-10), np.float64(6.209771541922231e-12), np.float64(9.936717163266914e-12), np.float64(3.0756938000644395e-11), np.float64(6.666128065891799e-12), np.float64(9.932180420986622e-12), np.float64(4.998811850667185e-12), np.float64(2.0187447981162657e-10), np.float64(1.405478889182536e-10), np.float64(3.263378582231605e-10), np.float64(9.983891925390101e-11), np.float64(9.934684116743395e-12), np.float64(4.998543423147282e-12), np.float64(1.2047315471633588e-11), np.float64(1.1061531511226688), np.float64(4.317172639225036e-12), np.float64(0.9629722729599941), np.float64(3.07111538117911e-11), np.float64(7.353854753682855e-10), np.float64(6.201039015247007e-12), np.float64(5.889556288146828e-10), np.float64(5.471223567636074e-12), np.float64(6.658625347539554e-12), np.float64(9.023382113001068e-12), np.float64(5.470901754582104e-12)], [np.float64(7.61253605560767e-12), np.float64(1.210744509075488e-11), np.float64(1.5532148095072976e-11), np.float64(1.23215938975976e-11), np.float64(1.5520233438064575e-11), np.float64(7.61006471299391e-12), np.float64(1.7277384133751854e-11), np.float64(7.993596223762284e-11), np.float64(5.558157729325223e-11), np.float64(1.2108915151281407e-11), np.float64(7.61217687986662e-12), np.float64(5.547620180988656e-11), np.float64(7.611220554156518e-12), np.float64(5.887071040078834e-11), np.float64(2.789362764366109e-11), np.float64(1.5177487239525064e-11), np.float64(7.612127368856366e-12), np.float64(2.1597226643352762e-11), np.float64(3.077874125084735e-11), np.float64(3.0563619212898173e-11), np.float64(1.587971219197923e-11), np.float64(1.5516987773963674e-11), np.float64(7.615708972516362e-12), np.float64(1.5514025026468497e-11), np.float64(3.696617987946385e-11), np.float64(3.3775406381201025e-11), np.float64(5.4028084314295855e-11), np.float64(6.963318944724784e-12), np.float64(1.3456310514660272), np.float64(5.993345638741027e-11), np.float64(7.602162708137379e-12), np.float64(0.6529014299256102), np.float64(7.599777575126932e-12), np.float64(1.1785536118969763e-11), np.float64(1.2301978977243495e-11), np.float64(1.2304865753183241e-11), np.float64(3.055440611641135e-11), np.float64(3.8005510491528e-12), np.float64(1.2296653392486716e-11), np.float64(1.5490632005682892e-11), np.float64(1.230239876995985e-11), np.float64(1.5808437682201493), np.float64(9.729369583275583e-10), np.float64(1.2046915932162472e-11), np.float64(7.57494737734744e-12), np.float64(2.0860399671069708e-11), np.float64(1.543945922996502e-11), np.float64(7.694122181179594e-11), np.float64(1.7200354055983833e-11), np.float64(6.382364555437319e-12), np.float64(1.5789873716228743e-11), np.float64(2.084663825207255e-11), np.float64(5.772566687468806e-11), np.float64(7.575184452511094e-12), np.float64(7.685418391049849e-11), np.float64(1.579849984492338e-11), np.float64(7.573983309513496e-12), np.float64(9.746782005489295e-11), np.float64(7.573460990269238e-12), np.float64(2.9283279829983586e-11), np.float64(5.938250419168323e-11), np.float64(3.206368444253113e-11), np.float64(8.358015838325414e-12), np.float64(7.574702976268568e-12), np.float64(3.7539322674714743e-11), np.float64(6.9258353592016206e-12), np.float64(6.96941508906765e-11), np.float64(7.576399879686017e-12), np.float64(3.3582724202864214e-11), np.float64(9.752215820347084e-11), np.float64(7.573030070446802e-12), np.float64(2.0846123444985855e-11), np.float64(7.575321071016242e-12), np.float64(3.042543015509e-11), np.float64(4.878267541792501e-11), np.float64(5.949461751528693e-11), np.float64(1.7192884089064923e-11), np.float64(5.95768923213471e-11), np.float64(7.08052045568927e-11), np.float64(7.574988607795745e-12), np.float64(3.752947293792234e-11), np.float64(7.573489287279514e-12), np.float64(1.6601746952692762), np.float64(1.1938125246247067), np.float64(1.710947107565376e-11), np.float64(5.462466134336566e-11), np.float64(7.651827582662466e-11), np.float64(1.710553424524311e-11), np.float64(7.650050538725331e-11), np.float64(5.823729831020006e-11), np.float64(1.1782103025190738), np.float64(6.926164988469993e-11), np.float64(1.2190151585503964e-11), np.float64(7.649058562271107e-11), np.float64(3.752994310179319e-11), np.float64(5.449191145311224e-11), np.float64(1.2184389894230399e-11), np.float64(1.7090280918256836e-11), np.float64(3.822827713955945e-11), np.float64(5.762651839054856e-11), np.float64(1.7169818175641332), np.float64(9.967575448563083e-11), np.float64(2.8298922419702903e-11), np.float64(3.185582880844888e-11), np.float64(3.7231276410943635e-11), np.float64(5.91301606946712e-11), np.float64(5.7502980475528624e-11), np.float64(1.4984280145040985e-11), np.float64(1.5003640981965386e-11), np.float64(1.5667793674758996e-11), np.float64(6.248279178615233e-11), np.float64(9.682268875352869e-11), np.float64(2.4585270881944484e-10), np.float64(6.360476098349874e-11), np.float64(5.681470046880373e-11), np.float64(1.481605321003266), np.float64(3.732331236670003e-10), np.float64(1.4975514145580096e-11), np.float64(5.90205565022633e-11), np.float64(1.7662517649844771), np.float64(6.892180974538889e-11), np.float64(3.8001101222477483e-11), np.float64(1.2131905966650478e-11), np.float64(1.6995636502127202e-11), np.float64(2.0606502488697722e-11), np.float64(7.59475377111355e-11), np.float64(7.091148212866084e-11), np.float64(6.89454760990114e-11), np.float64(1.3388481895160214), np.float64(7.574063647314126e-11), np.float64(1.6939730675685896e-11), np.float64(1.6938796516267326e-11), np.float64(2.995456513731853e-11), np.float64(5.863179527355471e-11), np.float64(1.5208650976904014e-11), np.float64(1.207677836608796e-11), np.float64(2.0537114753037124e-11), np.float64(2.0536025564603698e-11), np.float64(5.4017666273230404e-11), np.float64(1.6937978570449623e-11), np.float64(2.117129577043354e-11), np.float64(7.607635481170048e-11), np.float64(2.982382400721436e-11), np.float64(3.7846448789970757e-10), np.float64(1.5229323127605023e-11), np.float64(1.6935733985836175e-11), np.float64(0.6664695818879615), np.float64(0.8262002492321483), np.float64(1.6934566145143365e-11), np.float64(9.899347188644764e-11), np.float64(1.427209370829071), np.float64(1.665072827483077e-10), np.float64(1.6159906115498581), np.float64(1.5082946968352591e-09), np.float64(3.303487726365529e-11), np.float64(1.2053582694232444e-11), np.float64(1.2053702511176333e-11), np.float64(9.762259655620793e-12), np.float64(8.318128033312176e-11), np.float64(5.390621798812743e-11), np.float64(2.203760865990404e-10), np.float64(2.9764541753284374e-11), np.float64(8.569981138147267e-10), np.float64(5.3905166513883596e-11), np.float64(7.823146385731804e-11), np.float64(3.155616971711138e-10), np.float64(6.307147354580283e-11), np.float64(2.7230327350178255e-10), np.float64(1.0006703562646614e-09), np.float64(1.5218727712479645), np.float64(3.1516029683770405e-10), np.float64(1.083947278988773), np.float64(1.3058850615473464e-09), np.float64(7.2827468119027e-10), np.float64(3.8559430330966496e-10), np.float64(1.6753324588925367), np.float64(1.4081480767780465), np.float64(7.241774883912976e-10), np.float64(1.589352540361127), np.float64(3.8228253814974683e-10), np.float64(2.7033242224518296e-11), np.float64(3.5845140453253324e-10), np.float64(3.1259155452191504e-10), np.float64(9.493930139656768e-11), np.float64(8.233916317554918e-11), np.float64(1.110587900085038e-09), np.float64(1.5308804669799332), np.float64(2.4103263038135293e-10), np.float64(2.958881445511352e-11), np.float64(1.0354385760100416e-09), np.float64(3.120818412798049e-10), np.float64(3.217272718732916e-10), np.float64(1.4165428929598496), np.float64(0.8743486075931228), np.float64(1.7961574360220152), np.float64(9.452886516966938e-10), np.float64(2.962502262240964e-10), np.float64(1.5889143742313827e-10), np.float64(3.2327344559075994e-11), np.float64(3.710837087104088e-11), np.float64(3.7113230855986943e-11), np.float64(1.7510096927135044), np.float64(1.1294447795841375e-10), np.float64(7.514377508724956e-10), np.float64(0.682747347190836), np.float64(3.101730798541847e-10), np.float64(1.053575398075041), np.float64(3.100965106631114e-10), np.float64(3.626785580798098e-11), np.float64(1.0296575720802663e-09), np.float64(3.6468811708817765e-11), np.float64(3.101614541515039e-10), np.float64(3.102334719584649e-10), np.float64(1.0291419979560949e-09), np.float64(3.7091579379522244e-11), np.float64(2.9392441743208806e-11), np.float64(9.075984184218559e-10), np.float64(3.100980962039781e-10), np.float64(8.737726128919955e-10), np.float64(1.0187485013790672e-09), np.float64(1.6332676662229408), np.float64(3.695862794335249e-11), np.float64(3.090728767893015e-10), np.float64(6.537261016133434e-10), np.float64(2.950696298657575e-10), np.float64(1.0158573479431015e-09), np.float64(1.809116872519271e-09), np.float64(1.0997133602629425e-09), np.float64(1.3030917569250362e-09), np.float64(1.3701944062233489), np.float64(1.1251275802705771), np.float64(1.8352084793247838e-09), np.float64(1.696282813124704e-09), np.float64(3.624097506111944e-11), np.float64(5.913526577443014e-10), np.float64(3.686297013703573e-11), np.float64(3.685911516122265e-11), np.float64(3.685777173486681e-11), np.float64(3.08245646728588e-10), np.float64(5.909520235151202e-10), np.float64(1.1221457190236024e-10), np.float64(1.1221152074993835e-10), np.float64(1.6515836020178566e-09), np.float64(3.686001176807328e-11), np.float64(3.6861730764276945e-11), np.float64(1.8072935165200305e-09), np.float64(1.130570899473872), np.float64(1.3506636103578434e-09), np.float64(1.7015057529004953e-09), np.float64(1.697237732060126e-09), np.float64(1.6926993164974082e-09), np.float64(1.1211954803266904e-10), np.float64(6.631619022567596e-10), np.float64(1.5393955790821535e-10), np.float64(3.682665721996818e-11), np.float64(3.6825981762284084e-11), np.float64(7.457580654628739e-10), np.float64(3.0787928381367224e-10), np.float64(3.078697046453249e-10), np.float64(1.3033553906398596e-09), np.float64(1.5040967239087923e-10), np.float64(3.0800570369287865e-10), np.float64(1.6059424055807432e-09), np.float64(3.0789499235123743e-10), np.float64(1.011423701491751e-09), np.float64(3.0796094445923136e-10), np.float64(3.231609180082454e-10), np.float64(1.604909117849128e-09), np.float64(3.223720034420049e-11), np.float64(1.6490719660076776e-09), np.float64(3.079160078217561e-10), np.float64(8.670045762049776e-10), np.float64(2.6656525277149503e-11), np.float64(1.2722466459623832e-09), np.float64(8.031959404048011e-10), np.float64(4.743574012900784e-10), np.float64(3.682659767508488e-11), np.float64(3.682482942713586e-11), np.float64(1.692751680209822e-09), np.float64(1.8447714974113371e-09), np.float64(3.6827593441229096e-11), np.float64(3.6826726021955655e-11), np.float64(3.683989880900039e-11), np.float64(1.1211551443467584e-10), np.float64(7.45518238416489e-10), np.float64(1.5270781369518167e-09), np.float64(3.682702035168716e-11), np.float64(1.4436790808328206), np.float64(3.0722399032822645e-10), np.float64(1.536374367422212e-10), np.float64(1.2918951664598577e-09), np.float64(1.238198603518908e-09), np.float64(8.654331042117785e-10), np.float64(3.675120501694127e-11), np.float64(1.0098435020916072e-09), np.float64(3.5935451055817603e-11), np.float64(1.8126350241709795e-09), np.float64(1.1646506888196695), np.float64(3.6687559716551285e-11), np.float64(7.590202526478576e-10), np.float64(1.6012377613571905e-09), np.float64(1.1171604446717149e-10), np.float64(1.1172145419048521e-10), np.float64(3.0670717116921796e-10), np.float64(1.467618707626292e-09), np.float64(3.5689069354702014e-11), np.float64(3.0672013488693225e-10), np.float64(3.0677518228763616e-10), np.float64(1.1715266221460848e-09), np.float64(3.21200042030037e-11), np.float64(2.48464766487238e-09), np.float64(1.533861124034836e-10), np.float64(1.5999548426556624e-09), np.float64(1.6026094130740089e-09), np.float64(3.5874667784982266e-11), np.float64(3.669281443476054e-11), np.float64(3.0676362626739574e-10), np.float64(3.587722434651428e-11), np.float64(1.570716701676346e-10), np.float64(1.3418989114134808e-09), np.float64(1.23628142950494e-09), np.float64(3.668860319479595e-11), np.float64(3.068371376573176e-10), np.float64(3.2194085753619946e-10), np.float64(0.7409152440908673), np.float64(1.8091478915404088e-09), np.float64(3.0679619405375643e-10), np.float64(1.3479459082968151e-09), np.float64(3.669480130402055e-11), np.float64(8.435930539088692e-10), np.float64(7.589133038445327e-10), np.float64(1.346732858053752), np.float64(3.6689061690625655e-11), np.float64(3.6689332572272267e-11), np.float64(3.068133241377261e-10), np.float64(1.5338195224582467e-10), np.float64(3.668874323130693e-11), np.float64(1.267432405302545e-09), np.float64(3.06784885067128e-10), np.float64(3.668934957388016e-11), np.float64(4.868584666189297e-10), np.float64(2.0782898501115633e-09), np.float64(2.040999772185718e-09), np.float64(1.96463794927537e-09), np.float64(3.067416035496858e-10), np.float64(3.6689159203858194e-11), np.float64(2.7615958430839213e-11), np.float64(3.66893580580366e-11), np.float64(8.434709721387371e-10), np.float64(3.668796425638796e-11), np.float64(3.66886911837095e-11), np.float64(1.6848697358011165e-09), np.float64(1.0075435386923082e-09), np.float64(3.668447591726756e-11), np.float64(1.1711489192389192e-09), np.float64(1.00807624107999e-09), np.float64(3.0669672449398144e-10), np.float64(1.0071952325071357e-09), np.float64(1.1720820441916972e-09), np.float64(1.403152428728139e-09), np.float64(3.587316334492613e-11), np.float64(3.06757689349336e-10), np.float64(7.998564866684319e-10), np.float64(2.9283286036835814e-10), np.float64(2.3708558442047347e-09), np.float64(2.76170976102166e-11), np.float64(3.6686568344345596e-11), np.float64(3.668999164477061e-11), np.float64(1.1720029849443908e-09), np.float64(1.008181228941121e-09), np.float64(0.9226233687363378), np.float64(2.929363282017055e-10), np.float64(1.0920322090421332e-09), np.float64(4.868247620677088e-10), np.float64(2.8229531228352057e-09), np.float64(1.5336798323468343e-10), np.float64(1.6869395705308859e-09), np.float64(2.90716571735147e-11), np.float64(1.2680782890159459e-09), np.float64(3.0671329432352587e-10), np.float64(3.0666140952616973e-10), np.float64(2.0719989930004762e-09), np.float64(1.599240097559767e-09), np.float64(1.171977820073486e-09), np.float64(1.2657411200650317e-09), np.float64(8.00294411074381e-10), np.float64(0.836226693440308), np.float64(1.4448955590715776e-09), np.float64(1.5657567730091433e-09), np.float64(0.9087465378330715), np.float64(2.9271385546784273e-10), np.float64(1.7380893602814184e-09), np.float64(2.9269064614081537e-10), np.float64(1.9714198477213227e-09), np.float64(1.297125669222053e-09), np.float64(1.5647110058852955e-09), np.float64(3.0647364517662713e-10), np.float64(2.388386540844698e-09), np.float64(1.0071110519218565e-09), np.float64(3.065138134979405e-10), np.float64(7.586329902753457e-10), np.float64(1.2904477903408184e-09), np.float64(3.604445503332901e-11), np.float64(1.8035932543834387e-09), np.float64(2.0131306923808992e-09), np.float64(1.421618460249255), np.float64(7.791983463782036e-10), np.float64(1.0478195557741137e-09), np.float64(0.41742907171139365), np.float64(3.184658221559061e-11), np.float64(5.862487741316919e-10), np.float64(1.5948636858048862e-09), np.float64(1.905882426499633e-09), np.float64(1.5954848665849403e-09), np.float64(1.437690685319377), np.float64(3.1116420040639405e-09), np.float64(1.5908320896984414e-09), np.float64(2.889416789838919e-11), np.float64(1.524376926487088e-10), np.float64(7.26623770219299e-10), np.float64(3.048431817077823e-10), np.float64(1.7261554027911497e-09), np.float64(1.6761592046781327e-09), np.float64(3.5653048878248413e-11), np.float64(1.7355976377910865e-09), np.float64(1.7299978838217675e-09), np.float64(2.4229944785634183e-09), np.float64(1.1970312196784102e-09), np.float64(3.048342389468797e-10), np.float64(3.0488832350460516e-10), np.float64(1.1660395577593066e-09), np.float64(1.2828065517480615e-09), np.float64(3.04831937268356e-10), np.float64(1.4579812422096216e-09), np.float64(1.4576452911049213e-09), np.float64(1.5899679393452148e-09), np.float64(1.2454907872244714e-09), np.float64(3.0483304511409865e-10), np.float64(3.56517816276418e-11), np.float64(1.2586160797397939e-09), np.float64(1.5242217219769174e-10), np.float64(3.0489426723904763e-10), np.float64(6.654082205211194e-10), np.float64(1.2572917947193584e-09), np.float64(1.5242970954316416e-10), np.float64(3.048329628363885e-10), np.float64(3.228909669448483e-09), np.float64(3.19998654435177e-10), np.float64(1.8163688610634404e-09), np.float64(2.0321793295715225e-09), np.float64(1.3684954766168835e-09), np.float64(1.5242770465169598e-10), np.float64(1.6773257401785168e-09), np.float64(1.9881521194932575e-09), np.float64(1.436792105512664e-09), np.float64(1.2318507122776035e-09), np.float64(3.5652191968114417e-11), np.float64(0.6714171031669572), np.float64(3.064789607850056e-09), np.float64(1.1645942108380847e-09), np.float64(4.0377820766038817e-11), np.float64(3.0486694732887593e-10), np.float64(0.8688863664645426), np.float64(7.951037991186645e-10), np.float64(2.9116308917813285e-10), np.float64(1.524241760863758e-10), np.float64(1.5454521556372273e-09), np.float64(1.5245118851110235e-10), np.float64(7.947460163773745e-10), np.float64(1.4357143389322832e-09), np.float64(2.052827211654986e-09), np.float64(1.9864346627865537e-09), np.float64(3.58549586198527e-11), np.float64(2.472157520481101e-09), np.float64(1.138249676243571), np.float64(1.3812578732503678), np.float64(1.3665886049375483e-09), np.float64(2.467210218725655e-09), np.float64(2.944408103182834e-09), np.float64(3.042775636269288e-10), np.float64(1.5873807942678555e-09), np.float64(3.0423049719045204e-10), np.float64(2.905049999834348e-10), np.float64(1.5169945399657234), np.float64(2.8960623891564496e-09), np.float64(1.047323446698185), np.float64(3.527154928315223e-11), np.float64(3.032520914616947e-10), np.float64(2.4579589455376573e-09), np.float64(3.0320751040920243e-10), np.float64(3.1752375928675416e-11), np.float64(1.1580072096432246e-09), np.float64(1.580327054914657e-09), np.float64(3.032490865480108e-10), np.float64(1.5162360953457795e-10), np.float64(1.2518504774082267e-09), np.float64(3.032569582705979e-10), np.float64(3.0323121806295347e-10), np.float64(1.2517892477583615e-09), np.float64(1.1587981571397567e-09), np.float64(2.2469185861816235e-09), np.float64(1.581140486365405e-09), np.float64(2.9886756409888933e-09), np.float64(1.5162432259952e-10), np.float64(3.032354119630114e-10), np.float64(1.516355664032065e-10), np.float64(1.5817446878088171e-09), np.float64(3.032343633152088e-10), np.float64(1.6986209133757117e-09), np.float64(1.4800739698669963e-09), np.float64(2.5930827211996233e-09), np.float64(1.5814752051867204e-09), np.float64(3.033149178081376e-10), np.float64(1.002982883489268), np.float64(2.2006386973036927e-09), np.float64(2.017953663310849e-09), np.float64(3.172496339640202e-11), np.float64(2.015604047292462e-09), np.float64(1.3590915787653082e-09), np.float64(3.0300148499040454e-10), np.float64(7.904655672041235e-10), np.float64(3.0296217054922694e-10), np.float64(2.01469286929991e-09), np.float64(1.55157501074478e-10), np.float64(2.015162489566753e-09), np.float64(1.979743189637906e-09), np.float64(1.2825052862394902e-09), np.float64(2.62318030975229e-09), np.float64(1.260704685136654), np.float64(2.4375708692302748e-09), np.float64(4.764407515798343e-09), np.float64(3.505343717915655e-09), np.float64(2.0139934219991883e-09), np.float64(1.4240723776095786e-09), np.float64(3.0228932602963094e-10), np.float64(1.0351119608939912e-09), np.float64(2.20935736678622e-09), np.float64(2.86508101912359e-11), np.float64(3.023029883590089e-10), np.float64(1.5766692867309308e-09), np.float64(1.6116801269871494e-09), np.float64(1.8025902239928499e-09), np.float64(2.8650442428327656e-11), np.float64(1.1907580194818395), np.float64(1.4741641111759951e-10), np.float64(3.821537169349031e-09), np.float64(1.3919607592756074), np.float64(3.0171943914492206e-10), np.float64(1.5086730913083455e-10), np.float64(1.3767773378177592), np.float64(3.158682048465416e-11), np.float64(3.016742929061305e-10), np.float64(1.9820179230260136e-09), np.float64(3.166292512949706e-10), np.float64(3.5046540173714946e-09), np.float64(3.9066617990447085e-09), np.float64(3.1586749769823406e-11), np.float64(4.575369316594436e-09), np.float64(2.8479767431360608e-09), np.float64(2.1190044264443665e-09), np.float64(2.889510127303214e-09), np.float64(2.007638032955163e-09), np.float64(3.1587233508972654e-11), np.float64(2.381438889606973e-09), np.float64(1.214325843218192e-09), np.float64(1.4689119838128745e-09), np.float64(2.3951236638342275e-09), np.float64(3.016428095324714e-10), np.float64(7.69721486336885e-10), np.float64(3.158667637275217e-11), np.float64(1.5728074935131858e-09), np.float64(3.0175306022873555e-10), np.float64(1.573311407029057e-09), np.float64(2.0098023014982108e-09), np.float64(2.3509401684108192e-09), np.float64(3.0165987733132763e-10), np.float64(3.016624539914669e-10), np.float64(1.572860787260322e-09), np.float64(1.5744274813289865e-09), np.float64(2.614105119411066e-09), np.float64(2.3843976057720847e-09), np.float64(2.880602410321715e-10), np.float64(3.0163173549330963e-10), np.float64(3.016441107264144e-10), np.float64(3.0067158553031054e-09), np.float64(1.0558580637410195), np.float64(3.1570490382095875e-11), np.float64(2.0060303935321185e-09), np.float64(3.01529146658349e-10), np.float64(2.857800785483531e-11), np.float64(3.0153446080197493e-10), np.float64(5.1239671987974245e-09), np.float64(3.0152281188955164e-10), np.float64(3.0791565343206824e-09), np.float64(2.8316911536510968e-09), np.float64(2.0088208751132625e-09), np.float64(2.857824224635473e-11), np.float64(2.320214298070529e-09), np.float64(1.5733509781996323e-09), np.float64(1.5707939310811179e-09), np.float64(3.526267893397152e-11), np.float64(3.015102851597731e-10), np.float64(1.3806257072806763e-09), np.float64(1.5716643817593462e-09), np.float64(2.6104544779733392e-11), np.float64(2.4302013913368715e-09), np.float64(1.5710984816083083e-09), np.float64(1.4200169988639736e-09), np.float64(3.157013613390278e-11), np.float64(1.6153254954370644e-09), np.float64(3.01491506097378e-10), np.float64(3.55113570155189e-09), np.float64(2.794952742807244e-09), np.float64(3.014249131052118e-10), np.float64(2.008117151325499e-09), np.float64(3.164196462581846e-10), np.float64(6.582954910911975e-10), np.float64(3.0149394100374995e-10), np.float64(3.015099761308205e-10), np.float64(3.0151903305186284e-10), np.float64(3.01482399153762e-10), np.float64(2.857790703136785e-11), np.float64(1.5075435235974757e-10), np.float64(3.495175564972095e-09), np.float64(3.1646916036880305e-10), np.float64(2.3507240682396356e-09), np.float64(2.579629445194912e-09), np.float64(2.8789657977290296e-10), np.float64(2.8577542828715164e-11), np.float64(1.5440230186439891e-10), np.float64(2.8706713298210853e-11), np.float64(3.0051705027259655e-09), np.float64(2.921754386010288e-09), np.float64(5.964976804473067e-10), np.float64(1.183893877138481e-09), np.float64(3.0148297235260565e-10), np.float64(2.82627221407111e-09), np.float64(1.350461870234539), np.float64(2.4011931099711434e-09), np.float64(1.9670183991655716e-09), np.float64(3.150745086261754e-11), np.float64(1.3762165094552166e-09), np.float64(2.872908115733825e-10), np.float64(3.3636285859129953e-09), np.float64(1.4384037868456295e-09), np.float64(2.873704185385023e-10), np.float64(1.7705549021411675e-09), np.float64(1.020851666935495), np.float64(3.005713188863306e-10), np.float64(2.8488535784484733e-11), np.float64(1.4164087465126348e-09), np.float64(2.6597677426331563e-09), np.float64(1.8003141131250516e-09), np.float64(2.5336702302977317e-09), np.float64(3.0172377095019617e-09), np.float64(3.005301902265609e-10), np.float64(5.8696844459527865e-09), np.float64(2.820329837686181e-09), np.float64(3.0061915060821684e-10), np.float64(3.515250866073656e-11), np.float64(2.870222537012617e-10), np.float64(2.8698992611017733e-10), np.float64(1.502901842689212e-10), np.float64(3.0058381619856894e-10), np.float64(3.4126715478389957e-09), np.float64(3.486046326267326e-09), np.float64(2.99598640602931e-09), np.float64(2.34630460326555e-09), np.float64(3.005392635171647e-10), np.float64(1.0143284918924975e-09), np.float64(3.0056588659695153e-10), np.float64(3.51528384254783e-11), np.float64(3.005651845457426e-10), np.float64(2.3852229442747503e-09), np.float64(1.4373198767989414e-09), np.float64(1.7358840451954598), np.float64(2.331693954895188e-09), np.float64(1.4097285745585887e-09), np.float64(1.9932727904127506e-09), np.float64(3.4616918205415474e-09), np.float64(3.476706227361573e-09), np.float64(2.8132407069586473e-09), np.float64(1.650618308500466e-09), np.float64(1.0730945892789425), np.float64(2.3273041936952613e-09), np.float64(2.405974092775541e-09), np.float64(2.556489097571169e-09), np.float64(5.068345952796184e-09), np.float64(2.9884677788912564e-10), np.float64(3.129179812102768e-11), np.float64(2.100647013448988e-09), np.float64(1.988819937256392e-09), np.float64(2.9885359364206184e-10), np.float64(2.0929951688966456e-09), np.float64(2.555684609760739e-09), np.float64(3.958036785356543e-11), np.float64(8.415523451181934e-10), np.float64(4.529208160578718e-09), np.float64(2.9889322482049507e-10), np.float64(1.9906853956193297e-09), np.float64(2.9885494815545225e-10), np.float64(2.443354354274866e-09), np.float64(2.6394160655528905e-09), np.float64(2.3295852448971494e-09), np.float64(2.189285484428876e-09), np.float64(2.9880996904525293e-10), np.float64(2.3555610959632883e-09), np.float64(2.853925374664533e-10), np.float64(2.1593216092811175e-09), np.float64(4.687886174625969e-09), np.float64(1.9893173267420464e-09), np.float64(1.9617087961134703e-09), np.float64(2.326928579332861e-09), np.float64(2.8452925361538656e-11), np.float64(3.129135449865352e-11), np.float64(2.6558962302781414e-09), np.float64(1.4943066661955242e-10), np.float64(2.1915293350016294e-09), np.float64(1.954288942313441e-09), np.float64(1.9877118677049988e-09), np.float64(2.4436240244350827e-09), np.float64(1.696814438430543e-09), np.float64(0.49164498465107387), np.float64(2.9885913366583074e-10), np.float64(4.74540058631238e-09), np.float64(3.958187668787952e-11), np.float64(2.988627393794062e-10), np.float64(3.1293220629591876e-11), np.float64(1.173196553098241e-09), np.float64(3.495327933379261e-11), np.float64(2.9889326484734553e-10), np.float64(1.4292448966942285e-09), np.float64(3.495238402311166e-11), np.float64(1.989009743657897e-09), np.float64(1.1982212729515869), np.float64(2.193445406787332e-09), np.float64(2.8146286931363918e-09), np.float64(2.6530341030845358e-09), np.float64(1.9882536802821e-09), np.float64(1.3180849667165895), np.float64(6.681470598449933e-09), np.float64(2.986478528639327e-10), np.float64(2.3298746701962683e-09), np.float64(2.8305001095155216e-11), np.float64(2.085851057004795e-09), np.float64(1.9853518981672128e-09), np.float64(1.202436097920636e-09), np.float64(0.6809450432068124), np.float64(1.988353853084336e-09), np.float64(2.9868272699990635e-10), np.float64(2.6398432387261934e-09), np.float64(1.5476829235132221), np.float64(4.7626562720580794e-09), np.float64(2.986245975621972e-10), np.float64(2.442977278989032e-09), np.float64(2.985836737668627e-10), np.float64(2.8430602144676284e-11), np.float64(2.8303186235879094e-11), np.float64(5.820417697166824e-09), np.float64(3.2741497232920935e-09), np.float64(2.986143393909853e-10), np.float64(6.6483428028323056e-09), np.float64(5.43664518334026e-09), np.float64(1.3048371104515792e-09), np.float64(2.769072357563397e-09), np.float64(2.985863038225308e-10), np.float64(2.986008591630976e-10), np.float64(4.273974274530632e-09), np.float64(7.2759209139533e-09), np.float64(3.3111170831629756e-09), np.float64(2.4032372290169165e-09), np.float64(2.8302827998946362e-11), np.float64(3.985335639143313e-09), np.float64(4.036694058272969e-09), np.float64(2.100158312038189e-09), np.float64(2.8303266712217255e-11), np.float64(2.9916378120484195e-09), np.float64(2.986326739898744e-10), np.float64(5.0427606285244365e-09), np.float64(5.813558042488138e-09), np.float64(4.33475510064893e-09), np.float64(1.9866529426171654e-09), np.float64(5.0511959528424346e-09), np.float64(1.9893971454335326e-09), np.float64(2.9859728054311884e-10), np.float64(2.985875681793331e-10), np.float64(2.9858763788841033e-10), np.float64(5.327211013799714e-09), np.float64(2.0855126299212236e-09), np.float64(3.492339339456718e-11), np.float64(2.986467941781468e-10), np.float64(2.043665154186947e-09), np.float64(1.7593301905472738e-09), np.float64(5.0630305663702e-09), np.float64(2.3520349238967505e-09), np.float64(2.9866632736694944e-10), np.float64(2.04595068126044e-09), np.float64(1.9868501649706775e-09), np.float64(3.6957869587202645e-09), np.float64(2.843047251237596e-11), np.float64(8.408061644620403e-10), np.float64(1.4279695624079777e-09), np.float64(1.6956976560132754e-09), np.float64(1.5992818548180717e-09), np.float64(4.710991480179434e-09), np.float64(3.492333681576923e-11), np.float64(2.3267670573471982e-09), np.float64(0.9793303587477957), np.float64(3.6652003747353347e-09), np.float64(2.589696203170079e-09), np.float64(2.369931537197757e-09), np.float64(1.4070430027996063e-09), np.float64(3.5113793979429616e-11), np.float64(2.212915312404129e-09), np.float64(2.8166901259383836e-09), np.float64(2.985653968349235e-10), np.float64(2.3696518377609287e-09), np.float64(1.9887525010655767e-09), np.float64(5.151533436185772e-09), np.float64(2.098736972260727e-09), np.float64(2.8018916201953188e-09), np.float64(1.9858355883280863e-09), np.float64(2.9859044185768713e-10), np.float64(3.1419453919234985e-11), np.float64(1.4066642809695918e-09), np.float64(5.973278312295113e-09), np.float64(1.9871182837253463e-09), np.float64(1.428557367545764e-09), np.float64(2.007374683961672e-09), np.float64(2.9859899786934505e-10), np.float64(2.986032257989458e-10), np.float64(3.193479968837977e-09), np.float64(1.1718202281783349e-09), np.float64(4.749476536678073e-09), np.float64(1.4929640749894606e-10), np.float64(1.9894928482281882e-09), np.float64(2.5538485767404933e-09), np.float64(2.8428104730058813e-11), np.float64(3.491979087110236e-11), np.float64(3.133696489520243e-10), np.float64(2.851052636410886e-10), np.float64(3.12632549852663e-11), np.float64(2.9859536849563225e-10), np.float64(4.702002969035585e-09), np.float64(1.7878387790355362e-09), np.float64(2.992511563937646e-09), np.float64(1.4586054457164049e-10), np.float64(5.069415158259244e-09), np.float64(2.9862100899807795e-10), np.float64(1.4506178945607873e-09), np.float64(2.8152055094666214e-09), np.float64(4.399298259389266e-09), np.float64(5.833028077917591e-09), np.float64(2.9855941126886643e-10), np.float64(2.985957328492605e-10), np.float64(2.098368805864845e-09), np.float64(1.9871684445728856e-09), np.float64(2.367886173537651e-09), np.float64(3.6897297139218055e-09), np.float64(2.985898010423036e-10), np.float64(3.126344432121421e-11), np.float64(2.4409324982967687e-09), np.float64(2.9859114610133255e-10), np.float64(2.5307559475132676e-09), np.float64(1.5290315540333562e-10), np.float64(4.0278383122776535e-09), np.float64(2.6541432016599185e-09), np.float64(1.5927522033855959), np.float64(3.1017145065699666e-11), np.float64(2.5446669229918784e-09), np.float64(1.982265120772282e-09), np.float64(2.64634003096372e-09), np.float64(2.548725587310541e-09), np.float64(2.397279305311016e-09), np.float64(4.018289054167656e-09), np.float64(3.1246299844186816e-10), np.float64(2.5473959526898963e-09), np.float64(0.9706278432662735), np.float64(4.014696288889902e-09), np.float64(2.9724887798276556e-10), np.float64(3.476138205988869e-11), np.float64(2.575567602725714e-09), np.float64(2.8385306525645175e-10), np.float64(2.8171830375749486e-11), np.float64(1.9782406076066973e-09), np.float64(0.4678847723423617), np.float64(8.36780661141403e-10), np.float64(1.5917992747644913e-09), np.float64(2.9727298988378053e-10), np.float64(1.486323240937967e-10), np.float64(2.4342067219495843e-09), np.float64(5.792667162242582e-09), np.float64(2.8175949016952728e-11), np.float64(6.994031003257828e-09), np.float64(2.544155130232017e-09), np.float64(3.4766034498788596e-11), np.float64(2.9728371781585354e-10), np.float64(2.8010146778654685e-09), np.float64(2.817508368374423e-11), np.float64(1.4864029443456853e-10), np.float64(5.802405007918267e-09), np.float64(2.756581620712251e-09), np.float64(6.617471213453728e-09), np.float64(4.766267837950958e-09), np.float64(4.25535093496195e-09), np.float64(2.8175753520612544e-11), np.float64(1.4214526639702442e-09), np.float64(5.203776581105516e-09), np.float64(2.75592115388543e-09), np.float64(4.730855122086162e-09), np.float64(2.972818390301748e-10), np.float64(6.662137223251416e-09), np.float64(3.476573668763581e-11), np.float64(3.2614167873461065e-09), np.float64(1.9788036531762443e-09), np.float64(3.1125293445618065e-11), np.float64(2.4313197753373815e-09), np.float64(2.972682602211955e-10), np.float64(4.678552367323329e-09), np.float64(2.838335770239052e-10), np.float64(2.037396045383908e-09), np.float64(4.3014254820905834e-09), np.float64(1.4520769343387897e-10), np.float64(2.8027474915007354e-09), np.float64(2.645816306242302e-09), np.float64(2.973352451205373e-10), np.float64(2.972512264610544e-10), np.float64(1.486305440076381e-10), np.float64(2.212310115875047e-09), np.float64(5.1942467674424765e-09), np.float64(3.3130286217866205e-09), np.float64(2.9725211320881384e-10), np.float64(1.6881441960071944e-09), np.float64(1.6879197051694793e-09), np.float64(1.687608960453052e-09), np.float64(1.5341470114010827), np.float64(3.110637673494077e-10), np.float64(2.9637822590911313e-10), np.float64(2.422978338116448e-09), np.float64(5.30118230295041e-09), np.float64(2.9640839206513847e-10), np.float64(1.971436027934446e-09), np.float64(5.024754021583178e-09), np.float64(2.421332711292624e-09), np.float64(1.9732738251666547e-09), np.float64(1.481901430403145e-10), np.float64(3.253155086748176e-09), np.float64(3.2508129607788206e-09), np.float64(1.1927117190851007e-09), np.float64(1.970723492379607e-09), np.float64(2.9638929569507667e-10), np.float64(1.9721959372775174e-09), np.float64(2.9636561023397943e-10), np.float64(3.088043881454898e-11), np.float64(1.9927703728696493e-09), np.float64(3.1032533060262114e-11), np.float64(2.0818423144866215e-09), np.float64(2.963991145911346e-10), np.float64(3.110359094223191e-10), np.float64(2.964226670558518e-10), np.float64(2.9996046883380724e-09), np.float64(3.103269681026736e-11), np.float64(2.9639483152246423e-10), np.float64(5.85902168802926e-09), np.float64(2.964019085743699e-10), np.float64(2.352221774836971e-09), np.float64(4.701925356642106e-09), np.float64(1.9732738268491822e-09), np.float64(5.8285286936912655e-09), np.float64(2.963885251439419e-10), np.float64(2.963846447858027e-10), np.float64(2.424245947068406e-09), np.float64(2.9638136522524076e-10), np.float64(1.973975298077331e-09), np.float64(4.653884841454313e-09), np.float64(2.9637240898299195e-10), np.float64(2.963660363610724e-10), np.float64(2.357358301437484e-09), np.float64(0.9641780793767457), np.float64(4.223004723536872e-09), np.float64(1.191831804510933e-09), np.float64(2.9605554040912187e-10), np.float64(2.7903868834174897e-09), np.float64(1.5160783291063951e-10), np.float64(2.744972642486334e-09), np.float64(5.38409580331837e-09), np.float64(1.4462209722395422e-10), np.float64(3.947122593098284e-09), np.float64(1.4379518514600354e-09), np.float64(3.462479227294298e-11), np.float64(1.0808021053277708), np.float64(2.9554257760152675e-10), np.float64(3.102933965410057e-10), np.float64(4.844933507314212e-09), np.float64(5.818042654699927e-09), np.float64(1.988240006394213e-09), np.float64(2.0753950262374384e-09), np.float64(1.9662735100386097e-09), np.float64(1.0647177920218507), np.float64(3.0996563898240896e-10)], [np.float64(7.753469891778497e-12), np.float64(9.823848285017086e-11), np.float64(3.794327509419746e-11), np.float64(8.175618881699145e-12), np.float64(1.2943151601621595e-11), np.float64(1.048720815759112e-11), np.float64(8.160955629425268e-12), np.float64(1.1702903887233305e-10), np.float64(1.0727979385952308e-11), np.float64(8.710351740428686e-12), np.float64(7.752571471488854e-12), np.float64(9.551298012087529e-12), np.float64(8.80922282348114e-12), np.float64(7.750845716969865e-12), np.float64(7.752247041032395e-12), np.float64(1.1766758368254782), np.float64(1.0058712049956523e-11), np.float64(8.800745017703676e-12), np.float64(7.50006302800788e-12), np.float64(6.805547381379599e-12), np.float64(7.491558688935032e-12), np.float64(7.740411236017837e-12), np.float64(5.972065795506505e-12), np.float64(2.2963997944966884e-11), np.float64(7.492295372735749e-12), np.float64(8.898699822953256e-12), np.float64(3.852762467675676e-11), np.float64(7.742528282063409e-12), np.float64(7.747551560297034e-12), np.float64(4.570366119516039e-10), np.float64(1.3652116928383266e-11), np.float64(7.753082855704515e-12), np.float64(7.493653739637636e-12), np.float64(9.666619852112835e-12), np.float64(1.3972257430182466), np.float64(8.792507758921425e-12), np.float64(3.744998472314572e-12), np.float64(7.741442230363528e-12), np.float64(3.995738034610842e-10), np.float64(1.2004502065366563e-10), np.float64(3.3643242577920246e-11), np.float64(2.965241790714305e-11), np.float64(7.740837457011308e-12), np.float64(8.872744213136518e-11), np.float64(6.137524211139904e-12), np.float64(7.742059831303064e-12), np.float64(2.294489913877045e-11), np.float64(1.0715199714428175e-11), np.float64(8.150583799615873e-12), np.float64(2.2943918765404083e-11), np.float64(1.4940241183238), np.float64(1.1469439205464499e-11), np.float64(8.808523131311327e-11), np.float64(4.943817175208239e-12), np.float64(7.742067495002401e-12), np.float64(2.2940895387108006e-11), np.float64(8.161335191221645e-12), np.float64(7.486030314976673e-12), np.float64(2.292600642406426e-11), np.float64(3.790687326692637e-11), np.float64(3.3194224834697533e-10), np.float64(0.9636272949800153), np.float64(9.318548649536933e-12), np.float64(2.966938146682014e-11), np.float64(7.48574764660203e-12), np.float64(2.2939241778597958e-11), np.float64(1.2922741172629235e-11), np.float64(7.736717275187804e-12), np.float64(2.175706012066585e-10), np.float64(4.1152994600949227e-11), np.float64(1.5621851345312404e-11), np.float64(5.9665002158301e-12), np.float64(7.740427550424399e-12), np.float64(1.2723169541321093), np.float64(7.472850293516896e-12), np.float64(3.3577021044198336e-11), np.float64(7.472798531877496e-12), np.float64(7.64298471358036e-11), np.float64(7.722312997407092e-12), np.float64(2.2898186182948146e-11), np.float64(3.355667464099928e-11), np.float64(3.737362762717764e-12), np.float64(5.951291013375703e-12), np.float64(2.2884105763274135e-11), np.float64(7.723868837669748e-12), np.float64(2.1715862305537474e-10), np.float64(7.472413604423575e-12), np.float64(6.075744799316948e-11), np.float64(2.2885673378473663e-11), np.float64(7.47220401007802e-12), np.float64(7.72232406019951e-12), np.float64(8.146314692764029e-12), np.float64(1.0829678580412767e-10), np.float64(2.2906070922375654e-11), np.float64(1.8767400554576779), np.float64(7.448762996954099e-12), np.float64(1.4396265176340852), np.float64(2.2798129813198734e-11), np.float64(8.809715982093402e-11), np.float64(1.4572539736896682e-11), np.float64(8.760852949001881e-11), np.float64(1.2250867914785157), np.float64(1.0762734138054615e-10), np.float64(1.5116031443371516), np.float64(5.9206932157383714e-12), np.float64(1.9721823804101585e-10), np.float64(0.9499748253751888), np.float64(7.435014962247115e-12), np.float64(1.0761038058748699e-10), np.float64(6.094820164835049e-12), np.float64(7.683091449233341e-12), np.float64(1.0760002484405538e-10), np.float64(3.6174327982956584e-11), np.float64(1.5117997894867645e-10), np.float64(4.565001775932423e-10), np.float64(1.2831953163625433e-11), np.float64(7.436232189085808e-12), np.float64(1.075451364403497e-10), np.float64(7.68533790997041e-12), np.float64(3.71754662472823e-12), np.float64(7.68529163107199e-12), np.float64(1.4207579322677386), np.float64(1.0852131960712809e-09), np.float64(2.9375025592722003e-11), np.float64(7.417639320457357e-12), np.float64(7.667225941204027e-12), np.float64(8.073827601935165e-10), np.float64(6.302035976753515e-10), np.float64(3.710839754637969e-10), np.float64(1.2235526940808603), np.float64(1.0360485599004249e-11), np.float64(2.2713269884400432e-11), np.float64(0.8155685376910563), np.float64(0.8797689901807035), np.float64(6.905034738036634e-10), np.float64(7.40150050786517e-12), np.float64(7.401444205988345e-12), np.float64(7.648920551576422e-12), np.float64(7.401512969953286e-12), np.float64(6.032215135428028e-10), np.float64(2.931615365722534e-11), np.float64(1.4945055515810155e-11), np.float64(5.430369721155223e-10), np.float64(6.072186175502077e-12), np.float64(3.701137869605538e-12), np.float64(1.0351414162932792e-11), np.float64(2.8975412653420278e-11), np.float64(3.745556956139703e-12), np.float64(7.408854977555221e-12), np.float64(2.930005369667789e-11), np.float64(5.061383257452746e-10), np.float64(7.650690764370923e-12), np.float64(7.650566836169278e-12), np.float64(7.648708825453084e-12), np.float64(8.070390621986553e-12), np.float64(1.0354675383929016e-11), np.float64(5.036498711865046e-10), np.float64(7.405355040354739e-12), np.float64(1.3044339654436734), np.float64(1.0119375855413795e-10), np.float64(6.945684536392139e-10), np.float64(1.4482048310290966e-11), np.float64(8.481724823372905e-10), np.float64(7.38948244710582e-12), np.float64(5.006938443039444e-10), np.float64(7.637778480659271e-12), np.float64(1.2756903417052576e-11), np.float64(7.391267945237865e-12), np.float64(3.7401305564941306e-11), np.float64(3.447255217990833e-10), np.float64(7.639451205190619e-12), np.float64(1.026912439773542e-09), np.float64(7.63775276633825e-12), np.float64(7.390992525596297e-12), np.float64(2.927083803917324e-11), np.float64(1.0337184454654274e-11), np.float64(1.4933401892793644e-11), np.float64(1.0780544824496288), np.float64(7.384443585980214e-12), np.float64(4.877622313769199e-12), np.float64(7.393014437565784e-12), np.float64(9.916291808799296e-10), np.float64(1.737916937481693), np.float64(5.048627950818207e-10), np.float64(1.0329480960847985e-11), np.float64(9.920637901321322e-12), np.float64(3.7986082654052896e-11), np.float64(8.769393558609947e-11), np.float64(8.053008596983315e-12), np.float64(6.05373045386137e-12), np.float64(7.633428878706347e-12), np.float64(2.923919109290584e-11), np.float64(7.392417412870143e-12), np.float64(1.606625718668993), np.float64(4.992292967774465e-10), np.float64(7.364747616567673e-12), np.float64(1.2822788751968237), np.float64(7.597240440461498e-12), np.float64(8.016310720106526e-12), np.float64(1.1495293970506794e-10), np.float64(7.351604816151209e-12), np.float64(3.676226730836025e-12), np.float64(7.35181804284162e-12), np.float64(1.4415940104339628e-11), np.float64(9.71078956986473e-12), np.float64(8.015069624104435e-12), np.float64(1.0282855364771036e-11), np.float64(7.597175513353533e-12), np.float64(6.269613542947363e-12), np.float64(1.790138073728573e-09), np.float64(6.692005279623889e-10), np.float64(0.9086569170341616), np.float64(7.597142051994663e-12), np.float64(7.597477792789717e-12), np.float64(2.2536075423850512e-11), np.float64(3.5286050861365602e-12), np.float64(1.7894311978077886e-09), np.float64(2.1216975116060316e-10), np.float64(3.4282642937700935e-10), np.float64(1.491888585970475e-10), np.float64(4.440205090214699e-10), np.float64(1.198754319562001e-09), np.float64(3.4287541973636935e-10), np.float64(2.9095332679502967e-11), np.float64(7.599190907827452e-12), np.float64(7.357684140407507e-12), np.float64(4.4385657498885617e-10), np.float64(2.6037825012982305e-10), np.float64(7.357083453943764e-12), np.float64(1.7955563395545134e-09), np.float64(7.349494364221102e-12), np.float64(7.595375416787022e-12), np.float64(8.01393602432503e-12), np.float64(2.8786833232014474e-11), np.float64(7.357367736730924e-12), np.float64(1.027758617312476e-11), np.float64(1.537534929929889), np.float64(4.98153791692057e-10), np.float64(7.592782662195656e-12), np.float64(7.346304966983114e-12), np.float64(4.439682274980985e-10), np.float64(1.0276012014590659e-11), np.float64(1.1480774878819736e-10), np.float64(7.345076636399862e-12), np.float64(7.593872247644037e-12), np.float64(8.919163287046101e-10), np.float64(7.345507703607015e-12), np.float64(4.4371021801964e-10), np.float64(7.345189451407126e-12), np.float64(4.982083778020208e-10), np.float64(7.346875132053795e-12), np.float64(7.593966028647733e-12), np.float64(1.3341324089059614e-09), np.float64(4.996499471236292e-10), np.float64(1.4833363939619397e-11), np.float64(7.594117821710296e-12), np.float64(1.3442938040407302e-09), np.float64(1.2410723020368903), np.float64(3.575351467190912e-11), np.float64(1.2681801850248967e-11), np.float64(7.346347415653235e-12), np.float64(8.928729263492343e-10), np.float64(7.592971734726383e-12), np.float64(4.978133435954467e-10), np.float64(1.148899262956013e-10), np.float64(7.344876332267259e-12), np.float64(1.3087363611444625), np.float64(4.871004610069562e-10), np.float64(7.59103150534156e-12), np.float64(3.673339348350834e-12), np.float64(9.865393959110163e-12), np.float64(1.8254348645031712e-09), np.float64(7.592826827204555e-12), np.float64(1.0633067189984899e-10), np.float64(1.1257356095190184e-11), np.float64(4.436712780880061e-10), np.float64(3.577371874537484e-11), np.float64(2.8787357220900978e-11), np.float64(4.979658127338999e-10), np.float64(1.2971231798118413e-09), np.float64(1.4801981867819254), np.float64(1.1463705469002376e-10), np.float64(7.327200309660389e-12), np.float64(2.1663652400469494e-11), np.float64(2.902281224883526e-11), np.float64(7.572655222113792e-12), np.float64(7.32844648347002e-12), np.float64(1.0605869894713863e-10), np.float64(4.148574191116917e-12), np.float64(1.4900292560510418e-10), np.float64(1.2108762521209433e-09), np.float64(7.328251662464004e-12), np.float64(4.985093858422503e-10), np.float64(4.987730298627957e-10), np.float64(4.4258357338127567e-10), np.float64(7.328328417521401e-12), np.float64(1.0246381565960576e-11), np.float64(8.902111409978078e-10), np.float64(1.1231992660012485e-11), np.float64(2.869305935754577e-11), np.float64(7.335486298963256e-12), np.float64(1.2436970779485468e-09), np.float64(7.335720290757002e-12), np.float64(2.2129508839125895e-10), np.float64(2.2117629943773015e-10), np.float64(7.329258909800162e-12), np.float64(4.4300620751022655e-10), np.float64(2.868897971142321e-11), np.float64(1.2646338903071515e-11), np.float64(7.328531662269914e-12), np.float64(2.9009061036046563e-11), np.float64(7.575572564294724e-12), np.float64(1.4871651720047255e-10), np.float64(7.328043547174452e-12), np.float64(3.7085198539920733e-11), np.float64(3.419921393160043e-10), np.float64(7.32924288744697e-12), np.float64(7.335784358921203e-12), np.float64(2.9014088914926125e-11), np.float64(1.3995590425761436e-11), np.float64(1.0600361079537724e-10), np.float64(1.4871840797829446e-10), np.float64(4.200812633389617e-12), np.float64(4.249070616723004e-12), np.float64(1.488452288957395e-10), np.float64(3.4179062371469115e-10), np.float64(7.32691402490458e-12), np.float64(2.2470096021398036e-11), np.float64(1.0250400884928389e-11), np.float64(2.9008706436200217e-11), np.float64(1.2650396344638402e-11), np.float64(8.334360363716488e-10), np.float64(7.328458555198921e-12), np.float64(7.57313982011493e-12), np.float64(1.2949914789851558e-09), np.float64(1.1195426478292392), np.float64(4.41783539819049e-10), np.float64(1.4840454754098943e-10), np.float64(1.6119521669827393e-09), np.float64(1.4738464220876477), np.float64(7.544257345567531e-12), np.float64(3.696650227856964e-11), np.float64(7.299905848502986e-12), np.float64(1.0744265952939025e-09), np.float64(1.5056942364775852e-09), np.float64(7.544974259286894e-12), np.float64(7.542800588554284e-12), np.float64(3.6497720182049836e-12), np.float64(6.746883937287768e-12), np.float64(7.542845967946017e-12), np.float64(6.250553787322875e-10), np.float64(3.6937910625291796e-11), np.float64(1.0565233612373466e-10), np.float64(1.4821435535647254e-10), np.float64(8.873004554299636e-10), np.float64(1.0883294203766967), np.float64(8.876851111985365e-10), np.float64(1.8181668207816108), np.float64(1.052708784244983e-10), np.float64(6.527030424025023e-10), np.float64(2.8817172428604238e-11), np.float64(1.778697721688316e-09), np.float64(1.2558201114604519e-11), np.float64(7.275232670876657e-12), np.float64(1.477133260933179e-10), np.float64(4.953140767116552e-10), np.float64(1.0178433509336562e-11), np.float64(7.521922154189902e-12), np.float64(1.115841268352193e-11), np.float64(1.0526555372062454e-10), np.float64(3.4584851258876345e-11), np.float64(6.719348196562019e-12), np.float64(7.275516080027112e-12), np.float64(1.1389183888757128e-10), np.float64(1.5024965693617424e-09), np.float64(1.4653866078118122e-09), np.float64(4.934831076525335e-10), np.float64(1.9827369385778794e-09), np.float64(3.638277064403468e-12), np.float64(1.0177611325082192e-11), np.float64(1.1370285128234788e-10), np.float64(1.0527835941287925e-10), np.float64(3.685309656873207e-11), np.float64(7.934178397472542e-12), np.float64(1.4797906125302132e-10), np.float64(3.638180875497424e-12), np.float64(2.3588487616547345e-09), np.float64(1.0178413699450756e-11), np.float64(2.8803701285901376e-11), np.float64(7.275647555044096e-12), np.float64(7.519941220029004e-12), np.float64(3.685255615026947e-11), np.float64(3.541196514172993e-11), np.float64(1.477809234166167e-10), np.float64(1.1273950364993877), np.float64(2.848304570189908e-11), np.float64(1.017369051664161e-11), np.float64(7.276332142933842e-12), np.float64(1.6888978930618282e-09), np.float64(1.1375486479420609e-10), np.float64(2.229888313524561e-11), np.float64(5.799244853324452e-12), np.float64(4.969411176705523e-10), np.float64(7.529962511689209e-12), np.float64(7.283710163941821e-12), np.float64(7.519061501155825e-12), np.float64(7.520824467456743e-12), np.float64(2.8813115030627254e-11), np.float64(4.952680107763503e-10), np.float64(1.6223514349466253e-09), np.float64(7.276121057832114e-12), np.float64(1.052995389457465e-10), np.float64(7.672792292646423e-10), np.float64(1.2553006848088942e-11), np.float64(4.949630038095018e-10), np.float64(3.639784957577403e-12), np.float64(1.8532706842737114), np.float64(2.8720988274738816e-11), np.float64(1.3005306251327456e-09), np.float64(7.260088593902407e-12), np.float64(4.930962252713279e-10), np.float64(7.496073908817261e-12), np.float64(1.5857300781414414), np.float64(4.943709653299107e-10), np.float64(9.55604450318602e-12), np.float64(7.477433173004572e-12), np.float64(3.6636298087414506e-11), np.float64(7.477835465815918e-12), np.float64(4.925886273462038e-10), np.float64(7.477667552191866e-12), np.float64(1.386673297281897), np.float64(3.518394119115759e-11), np.float64(2.343771478838545e-09), np.float64(3.519144561799936e-11), np.float64(1.2479412041702816e-11), np.float64(2.8440755378057537e-09), np.float64(2.459911289864749e-10), np.float64(8.860601483730585e-10), np.float64(1.9122669935532892e-09), np.float64(8.034488026278339e-10), np.float64(3.661617553091421e-11), np.float64(1.6801306577835399e-09), np.float64(4.922893507259584e-10), np.float64(6.482973878095212e-10), np.float64(4.775871126877414e-12), np.float64(7.473858332026471e-12), np.float64(1.7707706312160295e-09), np.float64(1.0470581713594717e-10), np.float64(1.0113374717897228e-11), np.float64(7.474180525680367e-12), np.float64(1.100499297215536), np.float64(2.4474353500431856e-09), np.float64(1.6753081409723068e-09), np.float64(7.470575639389555e-12), np.float64(1.0465624772558261e-10), np.float64(7.470444418393838e-12), np.float64(7.470461989124074e-12), np.float64(2.0916832990859747e-10), np.float64(7.470195188223157e-12), np.float64(7.469771500373512e-12), np.float64(1.0464809121567992e-10), np.float64(7.470581426089618e-12), np.float64(8.792254925877404e-10), np.float64(2.643836638399705e-09), np.float64(4.944065789571175e-10), np.float64(7.470548630703323e-12), np.float64(1.0464191494663424e-10), np.float64(7.470528124485325e-12), np.float64(7.470552108399408e-12), np.float64(1.7529883375489683), np.float64(7.469819622171443e-12), np.float64(1.2789146603620662), np.float64(1.7478368693056228e-09), np.float64(1.7584849918404316e-09), np.float64(2.1311818740316414e-09), np.float64(1.2427204102841491), np.float64(1.2299911674465456e-09), np.float64(7.456045876302375e-12), np.float64(5.9125989686456945e-12), np.float64(1.2713482680232605e-09), np.float64(7.964309948015637e-10), np.float64(8.019148040339117e-10), np.float64(2.2701266205751227e-09), np.float64(7.455903516850065e-12), np.float64(7.455854942090505e-12), np.float64(7.456007210939307e-12), np.float64(1.0444265272401621e-10), np.float64(3.5104924751981487e-11), np.float64(1.2739544681385322e-09), np.float64(4.909908082754873e-10), np.float64(1.6724163316428883e-09), np.float64(1.0441392810173214e-10), np.float64(7.455877833119145e-12), np.float64(1.2495354719733656e-09), np.float64(4.910997779910691e-10), np.float64(7.456022925256079e-12), np.float64(1.5886852898895082e-09), np.float64(7.456241123653638e-12), np.float64(1.1522242213963463), np.float64(1.6712025055447587e-09), np.float64(7.456724589110486e-12), np.float64(8.119636954385174e-10), np.float64(1.2722501032202843e-09), np.float64(8.019906860021102e-10), np.float64(1.0697189294338452e-09), np.float64(4.840481824841291e-09), np.float64(1.5609852657492047), np.float64(2.1131767748472807e-09), np.float64(7.461080603892602e-12), np.float64(2.858259021552571e-11), np.float64(1.1132840908594752e-11), np.float64(4.892775838644763e-10), np.float64(1.1132864350535971e-11), np.float64(2.0885108337066182e-10), np.float64(1.1206545222434767e-09), np.float64(1.0096273143205414e-11), np.float64(2.8582996528838965e-11), np.float64(1.7557105120233054e-09), np.float64(4.934790841348443e-10), np.float64(7.461181779664994e-12), np.float64(1.4715521229500463), np.float64(8.811148307186753e-10), np.float64(7.46023601071931e-12), np.float64(7.459996775874092e-12), np.float64(2.274250557343814e-09), np.float64(2.8582936578426702e-11), np.float64(7.459997296582509e-12), np.float64(2.857977185173409e-11), np.float64(1.0453608969942887), np.float64(2.0851731541362368e-10), np.float64(1.0555221909934306e-09), np.float64(8.351845964920096e-10), np.float64(1.756612127189167e-09), np.float64(1.11289514603801e-11), np.float64(7.458676399968096e-12), np.float64(1.4572988770237823e-11), np.float64(3.623407678797739e-10), np.float64(4.892987911118988e-10), np.float64(8.775825072938674e-10), np.float64(2.870610944020335e-09), np.float64(1.0447215301278511e-10), np.float64(7.458562909447346e-12), np.float64(4.912783905311765e-10), np.float64(2.331820380784629e-09), np.float64(1.8801066857438253e-09), np.float64(3.42855205080918e-11), np.float64(7.45917690233272e-12), np.float64(6.471467017987229e-10), np.float64(1.2455368456078168e-11), np.float64(1.6740358036440878e-09), np.float64(2.8726125570780195e-09), np.float64(1.8262510492809783), np.float64(4.876728347976852e-10), np.float64(2.0827174089942297e-10), np.float64(1.4590824528088632e-10), np.float64(1.6676714098377255e-09), np.float64(4.875246334331349e-10), np.float64(2.8490112010604895e-11), np.float64(7.436014437805828e-12), np.float64(2.4533468738914877e-10), np.float64(5.896732213783464e-12), np.float64(7.435808369141621e-12), np.float64(1.1470366936908397e-09), np.float64(1.2413953630966721e-11), np.float64(8.743437061900862e-10), np.float64(4.8773338796465e-10), np.float64(1.7585460773992569e-09), np.float64(2.085824076989836e-10), np.float64(1.1070416937851955), np.float64(3.232387926329433e-09), np.float64(2.6333087046674364e-09), np.float64(1.240411140571585e-11), np.float64(8.737390884032848e-10), np.float64(1.4583513865105947e-10), np.float64(1.748313954762031e-09), np.float64(4.86687380743667e-10), np.float64(7.425857975415861e-12), np.float64(4.166287315300165e-12), np.float64(1.4083369412467639e-11), np.float64(1.7488596538524543e-09), np.float64(1.0400581234147418e-10), np.float64(7.42573953951409e-12), np.float64(4.890083102323947e-10), np.float64(7.425900171527399e-12), np.float64(2.857514176489556e-09), np.float64(2.859101057268545e-09), np.float64(1.2397664421267652e-11), np.float64(1.7493889851735675e-09), np.float64(1.2652407189268235e-09), np.float64(7.42576947420963e-12), np.float64(1.0400965245551062e-10), np.float64(7.42577656518695e-12), np.float64(1.4605135238697836e-10), np.float64(1.0048416041974213e-11), np.float64(1.7493267571765021e-09), np.float64(1.0253243165258786e-09), np.float64(1.4585719255761127e-10), np.float64(4.890377900689961e-10), np.float64(7.426051694324241e-12), np.float64(2.8449501242386795e-11), np.float64(1.747366220421285e-09), np.float64(1.240092767787305e-11), np.float64(4.888253749579421e-10), np.float64(7.425869620247718e-12), np.float64(1.4561771073711336), np.float64(1.7434408020370098), np.float64(7.412573611295307e-12), np.float64(1.7454421620630735e-09), np.float64(3.9415994617520895e-09), np.float64(8.714015929752826e-10), np.float64(1.0030583846417375e-11), np.float64(1.9138067764027964e-09), np.float64(7.41279163939854e-12), np.float64(8.748354243769003e-10), np.float64(1.038256382430295e-10), np.float64(7.412637860490228e-12), np.float64(2.8462696053630774e-09), np.float64(1.7456896757574142e-09), np.float64(1.7448123045514304e-09), np.float64(2.644466979141776e-09), np.float64(1.7498661937446442e-09), np.float64(7.412553382598366e-12), np.float64(1.2643620526613854e-09), np.float64(7.412710080560812e-12), np.float64(1.0381464680313812e-10), np.float64(2.8398782886642925e-11), np.float64(2.8400845448220093e-11), np.float64(7.412641199347807e-12), np.float64(7.412743310778162e-12), np.float64(8.721709436587057e-10), np.float64(2.4313015046069234e-09), np.float64(5.878283988203965e-12), np.float64(1.743172012268086e-09), np.float64(2.839868263885465e-11), np.float64(4.756474498907441e-10), np.float64(7.412708445365788e-12), np.float64(1.0331584807804627e-09), np.float64(1.0383172159964482e-10), np.float64(1.7521472075812703e-09), np.float64(1.174188046733099), np.float64(3.5778073689021483e-09), np.float64(1.7417436727911434e-09), np.float64(1.7420836649241018e-09), np.float64(5.198097216883063e-09), np.float64(1.047721733692878e-09), np.float64(1.6591450897831691e-09), np.float64(5.871250368805187e-12), np.float64(7.404534871094397e-12), np.float64(1.743221698243206e-09), np.float64(1.662421888972025e-09), np.float64(6.421707322982702e-10), np.float64(1.5671426799006716), np.float64(2.2245827361983937e-09), np.float64(7.4029937461117e-12), np.float64(7.403244805309919e-12), np.float64(7.403165257967302e-12), np.float64(3.4844728005248967e-11), np.float64(1.0370131305754202e-10), np.float64(2.644989215624376e-09), np.float64(7.403222346819074e-12), np.float64(1.7431206085973836e-09), np.float64(1.74230195363436e-09), np.float64(7.403165931738744e-12), np.float64(1.752196790453101e-09), np.float64(1.001771433240754e-11), np.float64(7.403213754221531e-12), np.float64(5.279817616869907e-09), np.float64(8.704607932314e-10), np.float64(7.40320270860458e-12), np.float64(8.70682693269752e-10), np.float64(5.87066297792675e-12), np.float64(0.2987353828511028), np.float64(2.2957092898274907e-09), np.float64(8.507985411267226e-11), np.float64(1.2737988569237122e-09), np.float64(1.7519464721562823), np.float64(1.8374117380315453e-09), np.float64(1.5654494760159003), np.float64(1.0307519833878618e-10), np.float64(2.867521741624353e-09), np.float64(5.167996608131622e-09), np.float64(1.6791632165445955), np.float64(7.340026947630657e-12), np.float64(2.827805537464971e-09), np.float64(3.200473509020345e-09), np.float64(2.622473387531582e-09), np.float64(2.669175128364305e-09), np.float64(1.0949357111513153e-11), np.float64(2.6224511807174932e-09), np.float64(1.8759225947413335e-09), np.float64(2.8258488618561453e-09), np.float64(4.124258716024183e-09), np.float64(2.555251468390127e-09), np.float64(2.6648716731456073e-09), np.float64(4.690376580371918e-12), np.float64(5.820827442179256e-12), np.float64(1.2561942584477817e-09), np.float64(9.990767644009605e-10), np.float64(2.8123258257519564e-11), np.float64(7.340922652443317e-12), np.float64(1.7352507128840767e-09), np.float64(2.653873902150958e-09), np.float64(1.1275457423071177e-09), np.float64(2.2944600688891432e-09), np.float64(3.7075625136036936e-09), np.float64(2.5254029141278566e-09), np.float64(1.6652425423811246), np.float64(9.905521369694113e-12), np.float64(1.3691039043164406), np.float64(2.7990335451662462e-11), np.float64(7.305797932837133e-12), np.float64(1.3976160704846847e-09), np.float64(1.2196526343892937e-11), np.float64(1.7274650145610926e-09), np.float64(2.6106103096383983e-09), np.float64(4.8539162133454174e-09), np.float64(2.82029608856644e-09), np.float64(5.115033333146931e-09), np.float64(7.305813879947466e-12), np.float64(2.7988846540674647e-11), np.float64(1.4233085128868679e-09), np.float64(2.528114047559732e-09), np.float64(1.8685463806480974e-09), np.float64(2.6065600457058566e-09), np.float64(1.2212796814369218), np.float64(2.8065766805550317e-09), np.float64(4.928086780903845e-09), np.float64(2.019444955805701e-09), np.float64(7.29221001207916e-12), np.float64(1.2177226498950825e-11), np.float64(2.8795848312286324e-09), np.float64(7.292215500413292e-12), np.float64(9.867566021390898e-12), np.float64(1.4198716086937301e-09), np.float64(2.8132839534694077e-09), np.float64(3.0335140904126825e-09), np.float64(3.2487202855900104e-09), np.float64(7.29230319193965e-12), np.float64(2.8087154397078304e-09), np.float64(3.773974933303168e-09), np.float64(1.2177616167078383e-11), np.float64(2.8098711092821687e-09), np.float64(5.782768481523583e-12), np.float64(9.304013605111847e-10), np.float64(5.7827057635941355e-12), np.float64(2.5377603789640917e-09), np.float64(1.3821709058349866e-11), np.float64(3.352587757642651e-11), np.float64(1.217735500349297e-11), np.float64(2.2316113310378985e-09), np.float64(4.485627805154073e-09), np.float64(7.292332670938291e-12), np.float64(3.6754974512665384e-09), np.float64(1.725130387792548e-09), np.float64(1.4216597963825555e-09), np.float64(2.89238192250528e-09), np.float64(7.292223983421804e-12), np.float64(1.2531457406350583), np.float64(4.456508287504411e-09), np.float64(1.3273627221495672), np.float64(1.5051614858705797), np.float64(3.1520735583972503e-09), np.float64(1.080952975563848e-11), np.float64(2.404726414527986e-09), np.float64(7.244965747593844e-12), np.float64(7.245201632252968e-12), np.float64(7.244901928026051e-12), np.float64(7.24492906094774e-12), np.float64(1.0137149324121524e-09), np.float64(7.244954039941168e-12), np.float64(2.629618493891249e-09), np.float64(1.0144057911404873e-10), np.float64(3.016632834680232e-09), np.float64(7.245644383552178e-12), np.float64(3.997120630201019e-09), np.float64(2.539864609039447e-09), np.float64(3.961941224069826e-09), np.float64(8.437353403449432e-09), np.float64(2.540759824777155e-09), np.float64(2.7914559262068583e-09), np.float64(4.440572312294923e-09), np.float64(7.244937769207976e-12), np.float64(2.797083377314082e-09), np.float64(2.7757666738198632e-11), np.float64(7.2449373637980044e-12), np.float64(7.244937771762446e-12), np.float64(2.7755358577902082e-11), np.float64(1.235909273212121e-09), np.float64(2.3848438649563827e-09), np.float64(1.2097890065458098e-11), np.float64(1.2786122379814626e-09), np.float64(7.2447556378339385e-12), np.float64(4.441552445773037e-09), np.float64(7.2448857655819124e-12), np.float64(5.758592314158343e-09), np.float64(0.9063542676466569), np.float64(3.1430244192644106e-09), np.float64(7.243408738840777e-12), np.float64(4.449021459355198e-09), np.float64(7.2436767384148915e-12), np.float64(7.550587018648127e-09), np.float64(5.7442123795150745e-12), np.float64(7.243349721873775e-12), np.float64(3.663037609524554e-09), np.float64(2.6429629987579766e-09), np.float64(7.243702055520435e-12), np.float64(1.0145762453403754e-10), np.float64(7.2436668717488565e-12), np.float64(2.775047022116157e-11), np.float64(2.0042667865840043e-09), np.float64(1.711955187946195e-09), np.float64(2.4877498911159638e-09), np.float64(7.2436512117776205e-12), np.float64(7.243709330090794e-12), np.float64(3.971302104568217e-09), np.float64(4.4580453401408844e-09), np.float64(2.8558783483735373e-09), np.float64(1.237075831523233e-09), np.float64(1.825890804690914e-09), np.float64(3.2424461867761242e-09), np.float64(1.014641581635756e-10), np.float64(2.5379376279655485e-09), np.float64(3.299910589882843e-09), np.float64(3.989485443646871e-09), np.float64(1.1079971884021458e-09), np.float64(1.014264402442333e-10), np.float64(7.243644668755746e-12), np.float64(1.8905031201313793e-09), np.float64(2.6259819079449406e-09), np.float64(4.2899124213358865e-09), np.float64(2.499363943276447e-09), np.float64(7.2437334942399366e-12), np.float64(5.079364361367016e-09), np.float64(1.0145558252789254e-10), np.float64(7.243496967292437e-12), np.float64(7.243543745117004e-12), np.float64(1.7132215058243324e-09), np.float64(0.7315947771503007), np.float64(2.775780525914142e-11), np.float64(7.245087407686277e-12), np.float64(1.3735426208433045e-11), np.float64(1.0144515439337456e-10), np.float64(2.493249364121711e-09), np.float64(7.245002368646664e-12), np.float64(4.019838118206355e-09), np.float64(1.1130579571302467e-09), np.float64(3.1309602986136922e-09), np.float64(1.0147588743585053e-10), np.float64(1.4096488473884618e-09), np.float64(2.37055112516851e-09), np.float64(7.2447449180090666e-12), np.float64(4.289540559527833e-09), np.float64(2.3709191005936498e-09), np.float64(3.746345852913083e-09), np.float64(2.775840118764927e-11), np.float64(7.244874114091831e-12), np.float64(2.795567763849918e-09), np.float64(2.7946104527125e-09), np.float64(3.5707415745762996e-09), np.float64(1.2357035101574475e-09), np.float64(1.278933323634847e-09), np.float64(7.2447533460556245e-12), np.float64(2.5404286799354824e-09), np.float64(7.1107873573225535e-09), np.float64(7.2449168294783716e-12), np.float64(7.244961713709062e-12), np.float64(1.0147554622454723e-10), np.float64(2.791665667914296e-09), np.float64(1.8916371740418484e-09), np.float64(2.2206039850259253e-09), np.float64(3.1514739842213016e-09), np.float64(4.629606208524947e-12), np.float64(1.0147748855168247e-10), np.float64(7.680838532664027e-09), np.float64(7.244858469114887e-12), np.float64(7.244907089945259e-12), np.float64(5.0934325030943e-09), np.float64(7.244978788339375e-12), np.float64(2.623112555611961e-09), np.float64(1.7132685342559914e-09), np.float64(2.7756966671551498e-11), np.float64(2.4899695214905478e-09), np.float64(1.2094811038535175e-11), np.float64(3.411006247390615e-11), np.float64(2.7758870145908e-11), np.float64(9.803264618950414e-12), np.float64(4.3967008738059604e-09), np.float64(9.803517664239301e-12), np.float64(2.775552956011575e-11), np.float64(5.1067821530659225e-09), np.float64(2.3438620999523933e-09), np.float64(2.3871587060851722e-09), np.float64(2.5407370011908877e-09), np.float64(7.244894986776606e-12), np.float64(2.4959945547592382e-09), np.float64(2.216611292942624e-09), np.float64(0.7595542619069037), np.float64(5.089102506929282e-09), np.float64(9.803038222943406e-12), np.float64(3.249570176217484e-09), np.float64(2.375034097362713e-09), np.float64(1.2097435482540978e-11), np.float64(9.803143015474368e-12), np.float64(7.244643632160438e-12), np.float64(1.4866709223471165e-09), np.float64(3.1564065621358447e-09), np.float64(2.4926430434358312e-09), np.float64(2.388116752895943e-09), np.float64(2.7753705419573944e-11), np.float64(2.7916762792868748e-09), np.float64(2.7754289411612936e-11), np.float64(7.68821284954458e-09), np.float64(7.2446032934126175e-12), np.float64(7.244430844986915e-12), np.float64(8.02184317658385e-09), np.float64(7.244555264032469e-12), np.float64(7.244583281754311e-12), np.float64(7.97679969362067e-09), np.float64(1.0806315633673219e-11), np.float64(1.8914024031898353e-09), np.float64(4.7743039077836715e-09), np.float64(7.244139043531625e-12), np.float64(4.781496609701967e-09), np.float64(7.24459257220886e-12), np.float64(3.984923702299671e-09), np.float64(1.0809337175291842e-11), np.float64(2.730828096591052e-09), np.float64(4.633743351314856e-10), np.float64(4.7734553142980885e-09), np.float64(2.775399487623218e-11), np.float64(2.6256517797133563e-09), np.float64(3.821666034672467e-09), np.float64(7.255741772773565e-10), np.float64(1.1346140284278872e-09), np.float64(2.4929029156497882e-09), np.float64(3.845348200087633e-09), np.float64(1.8903212507509337e-09), np.float64(2.104056843273828e-09), np.float64(2.179129393339406e-09), np.float64(2.7755914071732314e-11), np.float64(7.244583535030448e-12), np.float64(7.244480810073994e-12), np.float64(3.4108832195787573e-11), np.float64(1.209775307866545e-11), np.float64(1.7802521205214752e-09), np.float64(2.2169659806659283e-09), np.float64(2.6307674506107133e-09), np.float64(7.129499060019929e-10), np.float64(1.246574852502915e-09), np.float64(2.6414422356637004e-09), np.float64(2.539847805728835e-09), np.float64(9.803170456798506e-12), np.float64(5.088011933993919e-09), np.float64(2.543751572377837e-09), np.float64(9.80300947916124e-12), np.float64(4.0644340256214604e-12), np.float64(1.0143938618412036e-10), np.float64(3.9435556100388015e-09), np.float64(1.8356929631365753), np.float64(2.902144987077806e-09), np.float64(9.774358759512317e-12), np.float64(2.267050459120975e-09), np.float64(2.788983680794754e-09), np.float64(4.4971079039962925e-09), np.float64(7.223343906265351e-12), np.float64(7.223274822673076e-12), np.float64(1.3883268539493305), np.float64(7.208440687741785e-12), np.float64(7.208533970127909e-12), np.float64(7.208481328888456e-12), np.float64(4.280595269785009e-09), np.float64(3.539030616150345e-09), np.float64(4.414615219495348e-09), np.float64(1.7032732549840583e-09), np.float64(4.754145277707574e-09), np.float64(1.2033771474190577e-11), np.float64(1.7043864708922712e-09), np.float64(8.284198586388848e-11), np.float64(7.208394485187255e-12), np.float64(2.7747652757976388e-09), np.float64(2.942576743582239e-09), np.float64(3.167525717613967e-09), np.float64(7.208480699900454e-12), np.float64(1.7050626629229915e-09), np.float64(1.8799340663311515e-09), np.float64(3.212831166220062e-09), np.float64(7.208480359836562e-12), np.float64(1.4724874686830032), np.float64(7.196788494862689e-12), np.float64(1.7009835471313837e-09), np.float64(1.8381622856598456e-09), np.float64(2.7064390237823113e-09), np.float64(2.3546387901216967e-09), np.float64(1.701193316987316e-09), np.float64(1.2014054309560772e-11), np.float64(4.407448062353425e-09), np.float64(7.196535534849547e-12), np.float64(1.073724045282429e-11), np.float64(7.1965223938534405e-12), np.float64(7.861863861240241e-09)], [np.float64(2.2439135356358856e-11), np.float64(9.80778840448084e-12), np.float64(2.1674403114922868e-11), np.float64(1.3291974142850981e-11), np.float64(1.837691266992814e-11), np.float64(1.8732261517193892e-11), np.float64(1.3513994917929983e-10), np.float64(1.8728538909157878e-11), np.float64(3.352162014616587e-11), np.float64(9.807275756365897e-12), np.float64(2.6612089089888664e-11), np.float64(2.7065419672885523e-11), np.float64(1.9162176694810422e-11), np.float64(1.350102177263305e-10), np.float64(6.522775014311229e-11), np.float64(2.661366901651506e-11), np.float64(5.1024572327747006e-11), np.float64(1.839758385592191), np.float64(0.6484106484424385), np.float64(2.0725759684993477e-11), np.float64(1.5688351567369372), np.float64(1.2947790814112896), np.float64(3.2509836000962707e-10), np.float64(2.7504687733713853e-11), np.float64(9.782771333770131e-12), np.float64(8.951965746942606e-11), np.float64(3.340577966155975e-11), np.float64(9.782908423061469e-12), np.float64(3.943217255626987e-10), np.float64(5.977932379100807e-11), np.float64(9.781737246421911e-12), np.float64(1.566408169935653), np.float64(1.3479640763952587e-10), np.float64(9.78103520667026e-12), np.float64(4.160152881041819e-11), np.float64(2.0548596458617208e-11), np.float64(1.86780055194187e-11), np.float64(3.342846580437024e-11), np.float64(9.779256672433865e-12), np.float64(2.9851355186551715e-10), np.float64(2.070490756153453), np.float64(1.1584207207589689e-10), np.float64(8.466513284388914e-11), np.float64(1.5712877783096177), np.float64(1.3384308035913395e-10), np.float64(9.717914479461362e-12), np.float64(2.865265153106863e-10), np.float64(2.0582265707261865e-10), np.float64(2.476859698377581e-10), np.float64(1.1557323625121271e-10), np.float64(9.711078261547301e-12), np.float64(2.867746361973867e-10), np.float64(9.713914498496648e-12), np.float64(2.724754513232678e-10), np.float64(2.964506206462938e-10), np.float64(8.721940519954425e-11), np.float64(3.2631981436564834e-10), np.float64(2.6357724843014702e-11), np.float64(1.6149189988111878e-10), np.float64(8.725982771138962e-11), np.float64(2.9722237682153134e-10), np.float64(9.71163984579169e-12), np.float64(5.780561323529874e-11), np.float64(1.7111001284336169e-10), np.float64(1.2685532044279373), np.float64(2.4762308412210356e-10), np.float64(2.4761084082247623e-10), np.float64(2.5727477809362194e-10), np.float64(2.5215590029980683e-10), np.float64(6.368816522755061e-12), np.float64(8.715320130406216e-11), np.float64(1.5606859125822596), np.float64(1.4917887580369291), np.float64(2.7150909833985445e-10), np.float64(1.1547961116641653e-10), np.float64(9.69895218077656e-12), np.float64(9.698575488352962e-12), np.float64(3.684178914092749e-10), np.float64(1.851860811292346e-11), np.float64(1.5912224924000549e-10), np.float64(3.127471261165655e-10), np.float64(2.631706353259366e-11), np.float64(9.697112660015808e-12), np.float64(2.6317429146065687e-11), np.float64(2.520785381369561e-10), np.float64(2.6319404070294724e-11), np.float64(2.315024264874743e-10), np.float64(1.1539957429987694e-10), np.float64(9.695863115301537e-12), np.float64(2.9634241617840997e-10), np.float64(2.9568716499872105e-10), np.float64(2.47580996920126e-10), np.float64(2.631210068616297e-11), np.float64(3.549511576874521e-10), np.float64(5.431309545637401e-10), np.float64(3.408140359484448e-11), np.float64(8.713039616834142e-11), np.float64(3.181541690602013e-10), np.float64(9.696771724255076e-12), np.float64(4.1508450030972906e-10), np.float64(1.3398287638583166), np.float64(3.677470166243452e-10), np.float64(2.714649587753707e-10), np.float64(4.136413224288345e-10), np.float64(1.7060996024012422e-10), np.float64(2.711057492659552e-10), np.float64(1.3554439964388412), np.float64(1.1372848465083696e-10), np.float64(4.638390605621747e-10), np.float64(9.657319031578987e-12), np.float64(8.67306146420718e-11), np.float64(1.3723196472582144e-10), np.float64(3.4644745427084547e-10), np.float64(9.654765810287707e-12), np.float64(3.1735275487292874e-10), np.float64(3.313375343582423e-10), np.float64(1.5819761024444847), np.float64(1.5792141584083272e-10), np.float64(1.2622593440335992e-10), np.float64(1.0816491358764962e-10), np.float64(1.623714827309085e-10), np.float64(2.30966527801076e-10), np.float64(1.1763416641846234e-09), np.float64(2.907598531979432e-10), np.float64(4.120281962482562e-10), np.float64(5.183960594214283e-10), np.float64(2.0740383912316332e-10), np.float64(1.837965392253837), np.float64(9.59143262053486e-12), np.float64(1.1117821952204876), np.float64(2.0313853102643984e-10), np.float64(1.7172571618543548e-10), np.float64(6.286208047101438e-12), np.float64(5.356366271044721e-10), np.float64(9.576960445282578e-12), np.float64(9.576873423473276e-12), np.float64(1.6161691401182963e-10), np.float64(1.3612357919258307e-10), np.float64(9.577076650987587e-12), np.float64(2.1169069157210583e-10), np.float64(1.103872727337135), np.float64(3.860261915876157e-10), np.float64(1.9997651360634152e-10), np.float64(3.209221155699815e-10), np.float64(2.6854104387385784e-10), np.float64(1.4563079734263975), np.float64(6.172918742551558e-10), np.float64(3.9434705910561197e-10), np.float64(9.547656500860335e-12), np.float64(5.141015626879964e-10), np.float64(9.547240218824432e-12), np.float64(9.547380428757555e-12), np.float64(2.4819750970957394e-10), np.float64(2.5281066408203455e-10), np.float64(9.547491741270042e-12), np.float64(3.199886150860189e-10), np.float64(6.266619122683598e-12), np.float64(2.68124976608512e-10), np.float64(0.9211312023758864), np.float64(2.1100729220915496e-10), np.float64(1.5662376782893143e-10), np.float64(2.6827616315386885e-10), np.float64(2.0249145200894032e-10), np.float64(2.888355158722641e-10), np.float64(2.5943682243495635e-10), np.float64(1.354438332723806), np.float64(4.5848590887447443e-10), np.float64(9.545639964957517e-12), np.float64(8.474497612875318e-10), np.float64(6.040647602134379e-10), np.float64(9.545528661033836e-12), np.float64(1.2702306501742548), np.float64(9.53095803157172e-12), np.float64(4.2323170266263144e-10), np.float64(6.255854532204985e-12), np.float64(1.608157109452453e-10), np.float64(3.9967593535555686e-10), np.float64(5.184722318324423e-10), np.float64(1.6086207969194143e-10), np.float64(2.522814396299119e-10), np.float64(2.6699709289351374e-10), np.float64(9.530829952936599e-12), np.float64(4.077193727365841e-10), np.float64(9.319251673417644e-10), np.float64(3.500607697281842e-10), np.float64(8.178542547323237e-10), np.float64(1.118263360789351e-09), np.float64(1.0189509728107964e-09), np.float64(1.1643239374391152), np.float64(9.728701091987979e-10), np.float64(1.6066486644049022e-10), np.float64(1.2260832968418188e-10), np.float64(2.6724787639466955e-10), np.float64(9.520522408221567e-12), np.float64(9.519804409917335e-12), np.float64(9.520197281288311e-12), np.float64(7.618600714876108e-10), np.float64(1.2442772753803213), np.float64(9.511013510747325e-12), np.float64(9.308122363147078e-10), np.float64(9.511196457247482e-12), np.float64(1.348571336720145), np.float64(3.3721525532670936e-10), np.float64(0.8814532752348528), np.float64(2.4273342849758547e-10), np.float64(3.189840045449958e-10), np.float64(1.1149278681856585), np.float64(1.234675177216185e-10), np.float64(0.6136665121505739), np.float64(1.8150152757418388e-11), np.float64(9.502867650928978e-12), np.float64(2.573868429180488e-09), np.float64(9.502828105951397e-12), np.float64(4.4872127403810844e-10), np.float64(8.203863728836733e-10), np.float64(2.0159927403164376e-10), np.float64(2.4250468378927153e-10), np.float64(0.8433434736494014), np.float64(9.497695328361915e-12), np.float64(9.497520106950643e-12), np.float64(1.1012777291724717e-09), np.float64(9.497682633590077e-12), np.float64(8.190692005782543e-10), np.float64(1.1809654158955072e-09), np.float64(3.2610278252752664e-10), np.float64(1.4153702049916445e-09), np.float64(6.435002155426333e-10), np.float64(2.4241166120509146e-10), np.float64(2.1011567889926857e-10), np.float64(8.217445452232325e-10), np.float64(1.2089480544006688), np.float64(8.202647962864707e-10), np.float64(1.2328418270768035e-10), np.float64(4.6341371887997686e-10), np.float64(4.726254343010166e-10), np.float64(9.49138835010664e-12), np.float64(2.512765752772654e-10), np.float64(5.136431267408499e-10), np.float64(7.00370457685309e-10), np.float64(1.0973540950865062e-09), np.float64(1.1845131998885057), np.float64(9.478505916897165e-12), np.float64(1.220607195635993e-10), np.float64(1.810430420505583e-11), np.float64(1.2221548971726608), np.float64(9.266904533832845e-10), np.float64(1.0252818885194157e-09), np.float64(7.386275234652976e-10), np.float64(1.0568987247667102e-09), np.float64(8.969937411551485e-10), np.float64(2.250659574926397e-09), np.float64(4.499871611027259e-10), np.float64(1.2974609442352933), np.float64(8.161271650099512e-10), np.float64(1.205932048629183), np.float64(7.16457316997896e-10), np.float64(9.439840622476619e-12), np.float64(9.893667147560365e-10), np.float64(1.201464707360204e-09), np.float64(1.4042237850780043e-09), np.float64(3.465725113710015e-10), np.float64(1.2006623195457592e-09), np.float64(9.439746040939234e-12), np.float64(6.712518319016992e-10), np.float64(1.8237532843485432e-09), np.float64(1.2038928666201558e-09), np.float64(3.6061786326920544e-11), np.float64(1.8030295879277637e-11), np.float64(9.439867765496825e-12), np.float64(1.1121033510540334e-09), np.float64(9.439831789925111e-12), np.float64(1.7183263212690468e-09), np.float64(8.702198075763289e-10), np.float64(0.8272033935999644), np.float64(9.438736028265037e-12), np.float64(7.079685845696221e-12), np.float64(9.566590088137537e-10), np.float64(9.438602389126337e-12), np.float64(4.695954183723364e-10), np.float64(1.0980282179681362e-09), np.float64(1.4315474648318756), np.float64(2.659378242426132e-10), np.float64(8.674717168758914e-10), np.float64(9.417468862370017e-12), np.float64(3.597512842584592e-11), np.float64(9.619224296957344e-10), np.float64(9.417397713696365e-12), np.float64(6.409276603650864e-10), np.float64(3.356029475463359e-10), np.float64(8.129199701470322e-10), np.float64(8.149079424647394e-10), np.float64(1.4594880759631165e-09), np.float64(9.417221184734165e-12), np.float64(9.417552914563188e-12), np.float64(9.417146896605334e-12), np.float64(1.0186903195945031e-09), np.float64(6.957093098542175e-10), np.float64(2.6588822283749614e-10), np.float64(6.697342857832983e-10), np.float64(9.417479270426765e-12), np.float64(1.5164755719839193e-09), np.float64(9.41732237409045e-12), np.float64(1.47886727155792), np.float64(9.395632944030905e-12), np.float64(1.0176116804584636e-09), np.float64(1.1045850550081825e-09), np.float64(8.997087100759853e-10), np.float64(9.39561706920264e-12), np.float64(7.647494612647636e-10), np.float64(9.395850619191222e-12), np.float64(8.836186748557881e-10), np.float64(1.5839490868728275e-09), np.float64(4.675571330568444e-10), np.float64(1.4090894294134216e-11), np.float64(9.395721800229506e-12), np.float64(8.922938868841842e-10), np.float64(2.0775744588847054e-10), np.float64(1.9718951704634347e-11), np.float64(1.2122135391613426e-09), np.float64(9.395754749171195e-12), np.float64(2.652131151204404e-10), np.float64(1.1244742152405714e-09), np.float64(9.395723758659274e-12), np.float64(0.6712044054617651), np.float64(9.395858584174632e-12), np.float64(8.118696431996349e-10), np.float64(3.6647865017504423e-10), np.float64(9.606068982678678e-10), np.float64(9.597017305028058e-10), np.float64(6.1671832428121315e-12), np.float64(8.852467540874372e-10), np.float64(9.395900027904474e-12), np.float64(1.7890846079998618e-09), np.float64(8.113733478724761e-10), np.float64(3.316432084884007e-10), np.float64(1.373714271019797), np.float64(9.57700950028009e-10), np.float64(1.0911851296295849e-09), np.float64(1.7808360333670283e-09), np.float64(1.641159517106689e-09), np.float64(9.377652484171222e-12), np.float64(1.0349089388655486e-09), np.float64(1.8194819075790936), np.float64(9.15601935162583e-10), np.float64(1.785219265778218e-11), np.float64(6.862445972110569e-10), np.float64(7.459131003061448e-10), np.float64(1.0178003408289698), np.float64(1.311970562974133), np.float64(1.4470517598236383), np.float64(1.4774709709865174e-09), np.float64(9.703892378426974e-10), np.float64(1.00714785038382e-09), np.float64(1.7672676334167355e-09), np.float64(1.4583710887487325e-09), np.float64(1.0068099365750315e-09), np.float64(9.300014500067858e-12), np.float64(0.8704702497567806), np.float64(1.8914846723396128), np.float64(4.609279274098612e-10), np.float64(1.6032671009912741e-09), np.float64(1.5998975720686943e-09), np.float64(9.26187162033432e-12), np.float64(7.945345602675664e-10), np.float64(9.261577235420824e-12), np.float64(8.539734494344492e-10), np.float64(1.5792379637647887e-09), np.float64(1.0026339704258582e-09), np.float64(1.0022297846773112e-09), np.float64(9.261879604928573e-12), np.float64(9.261813307089988e-12), np.float64(1.148283711684408), np.float64(1.4219355911705133e-09), np.float64(6.06964279395121e-12), np.float64(1.054441920126748e-09), np.float64(9.247191466300933e-12), np.float64(2.0239210829225524e-09), np.float64(0.9187863034560962), np.float64(6.798497250737143e-10), np.float64(0.5179727204311737), np.float64(1.0535889052016458e-09), np.float64(1.3576682942541295e-09), np.float64(9.248400926374781e-12), np.float64(1.5945301221812939e-09), np.float64(9.248320414241175e-12), np.float64(2.7189499107140705e-09), np.float64(9.710419660740119e-10), np.float64(1.7664396029018958e-11), np.float64(4.685216985727447e-10), np.float64(1.1393569067521497e-09), np.float64(1.1392463741130883e-09), np.float64(1.449285415857172e-09), np.float64(3.53291459439935e-11), np.float64(1.2421836917062892e-09), np.float64(1.2886347006866823e-09), np.float64(1.3716969721912083e-09), np.float64(1.1380507681348005e-09), np.float64(1.9410149442011317e-11), np.float64(9.248426481223903e-12), np.float64(1.3064552902584112e-09), np.float64(1.1507229666896887e-09), np.float64(8.528217152216314e-10), np.float64(9.248450513594398e-12), np.float64(1.0790901995607027), np.float64(8.52916463665888e-10), np.float64(1.0010018186400663e-09), np.float64(1.137658800755792e-09), np.float64(1.1582907148717824e-09), np.float64(3.5318754391702925e-11), np.float64(1.1489079903399186e-09), np.float64(4.601648947942151e-10), np.float64(8.530325522251217e-10), np.float64(1.0863659238302384e-09), np.float64(9.245272369975135e-12), np.float64(1.7652025794664592e-09), np.float64(8.529682780395075e-10), np.float64(9.245308430682772e-12), np.float64(4.332138757504247e-10), np.float64(1.7403608001764836e-09), np.float64(1.307636417450987e-09), np.float64(1.4264325787329296e-09), np.float64(1.4893499923669781e-09), np.float64(9.04704601852218e-10), np.float64(1.9403803162071957e-11), np.float64(9.245255780619658e-12), np.float64(7.382425837744006e-10), np.float64(1.5671300761767285e-09), np.float64(9.245397614586745e-12), np.float64(2.0212840627322737e-09), np.float64(9.245527750447421e-12), np.float64(2.0255029204871476e-09), np.float64(2.522630081374916e-09), np.float64(1.9167484950364597e-09), np.float64(9.245409325934487e-12), np.float64(3.531728896292237e-11), np.float64(1.9403878322620047e-11), np.float64(9.24524752611263e-12), np.float64(1.2532032621216138), np.float64(9.67265113286366e-10), np.float64(8.508243228855402e-10), np.float64(1.328545900464953), np.float64(1.759047624665752e-11), np.float64(9.209322656210202e-12), np.float64(1.1262910213697959), np.float64(1.7578050321514342e-11), np.float64(9.203028579396223e-12), np.float64(9.202969870066894e-12), np.float64(1.6402866941790832e-09), np.float64(8.823551456223702e-10), np.float64(1.0671568576390487), np.float64(2.8915183160945543e-09), np.float64(9.958356356360118e-10), np.float64(8.479975334837815e-10), np.float64(9.19618956160329e-12), np.float64(1.7564834309045347e-11), np.float64(1.132298957311028e-09), np.float64(2.656418779953905e-09), np.float64(1.0478826360756948e-09), np.float64(9.967588286443496e-10), np.float64(1.6555092363217008), np.float64(9.934901200385722e-10), np.float64(9.916189012164233e-10), np.float64(1.1634369306385293), np.float64(1.4581191839908906e-09), np.float64(1.1361734404835675e-09), np.float64(2.158296411806084e-09), np.float64(9.283857403881772e-10), np.float64(2.1134290012346087e-09), np.float64(9.158435347590837e-12), np.float64(2.023691684039993e-09), np.float64(2.36978516352109e-09), np.float64(2.4691660869070553e-09), np.float64(9.158697865038496e-12), np.float64(2.493645422063076e-09), np.float64(6.619763764036586e-10), np.float64(9.158754667288048e-12), np.float64(0.9167393520876864), np.float64(2.3687052620075506e-09), np.float64(1.8946709822504754e-09), np.float64(8.438714668749562e-10), np.float64(9.154927932439067e-12), np.float64(1.291605513604388e-09), np.float64(1.7174681035170596), np.float64(1.0775248800336759), np.float64(2.601441302648745e-09), np.float64(1.0483497361359015), np.float64(2.3959239944660663e-09), np.float64(1.3560574067877444e-09), np.float64(5.972908160066716e-12), np.float64(8.661745276440695e-10), np.float64(9.100053445745412e-12), np.float64(0.8723310399301413), np.float64(1.3146568752614343), np.float64(4.5165143831885895e-10), np.float64(1.8207009766732772e-09), np.float64(9.078452280030635e-12), np.float64(1.0956638798161076), np.float64(8.360551709832169e-10), np.float64(9.069887230100153e-12), np.float64(2.6724313816174867e-09), np.float64(2.7968451407300454e-09), np.float64(1.2642702045175245), np.float64(9.809805104958663e-10), np.float64(9.05816372671666e-12), np.float64(2.46983258033264e-09), np.float64(2.4342326597315845e-09), np.float64(1.4977095319513827), np.float64(1.1239650588545512e-09), np.float64(1.2783424408893878e-09), np.float64(5.060177067489485e-10), np.float64(2.003247561288781e-09), np.float64(1.2138639221203796e-09), np.float64(7.472082985442349e-10), np.float64(9.037375135126495e-12), np.float64(1.6212871843626932e-09), np.float64(1.120242403465144e-09), np.float64(1.5850685370856696), np.float64(9.01147838823565e-12), np.float64(1.721216254267678e-11), np.float64(1.885883123530652e-09), np.float64(4.786189916482782e-10), np.float64(2.9559176400300665e-09), np.float64(9.01143049139916e-12), np.float64(9.748337272858094e-10), np.float64(2.28101898948586e-09), np.float64(5.914912394429328e-12), np.float64(2.4562257129130444e-09), np.float64(9.755376813517191e-10), np.float64(1.6073945255533602e-09), np.float64(9.011494724162265e-12), np.float64(8.311141898730698e-10), np.float64(1.891320247941304e-11), np.float64(9.011454807755205e-12), np.float64(2.4259291397274452e-09), np.float64(1.258190745510413e-09), np.float64(8.396829403895425e-10), np.float64(2.0842353970394226e-09), np.float64(8.312227494768789e-10), np.float64(0.44776296420061557), np.float64(2.4179985386258018e-09), np.float64(3.6343926961552272e-09), np.float64(2.7335103940070576e-09), np.float64(3.197135841331283e-09), np.float64(1.2759486494045663e-09), np.float64(1.272775945940358e-09), np.float64(9.1317371043482e-10), np.float64(2.1590365605607226e-09), np.float64(1.1567800814308717e-09), np.float64(2.426393058692152e-09), np.float64(9.011965396548334e-12), np.float64(2.823330248677e-09), np.float64(1.5608350959216998e-09), np.float64(9.012047711240447e-12), np.float64(1.9545956177525513e-09), np.float64(2.8568874939571814e-09), np.float64(9.01198192078458e-12), np.float64(2.038074133360186e-09), np.float64(9.01201218280749e-12), np.float64(2.4216635498874658e-09), np.float64(1.2207463261568366e-11), np.float64(1.6768505374236984e-09), np.float64(3.1603483154508376e-09), np.float64(1.3515576824534067e-11), np.float64(2.083072253547597e-09), np.float64(2.657039919814446e-09), np.float64(1.1086704280124038e-09), np.float64(9.011960251911524e-12), np.float64(3.726886531033018e-09), np.float64(9.011915140407162e-12), np.float64(3.442619207798461e-11), np.float64(9.011913285316251e-12), np.float64(2.4154464397071403e-09), np.float64(2.8177179883094815e-09), np.float64(9.011859903401996e-12), np.float64(2.430750097200765e-09), np.float64(7.439994523536126e-10), np.float64(1.575529560580237), np.float64(1.156089764193534e-09), np.float64(3.442481570523681e-11), np.float64(9.011547339456028e-12), np.float64(8.307176909672614e-10), np.float64(2.5702342149858382e-09), np.float64(3.1851589156313866e-09), np.float64(3.442463290910369e-11), np.float64(9.011495716011905e-12), np.float64(1.3104713693807435), np.float64(9.004579379289049e-12), np.float64(3.439772931151601e-11), np.float64(9.004702914596074e-12), np.float64(8.298441178809042e-10), np.float64(9.004579319508307e-12), np.float64(4.151291652378498e-09), np.float64(2.6284427725762075e-09), np.float64(1.1367710685760508), np.float64(5.487046664918291e-09), np.float64(5.368392695163622e-09), np.float64(8.995794303004821e-12), np.float64(1.9582446897342575e-09), np.float64(2.449723265803196e-09), np.float64(2.572901847940849e-09), np.float64(9.731555432251255e-10), np.float64(8.99567676312643e-12), np.float64(8.289864633884674e-10), np.float64(2.824367719326749e-09), np.float64(1.2738043482844123e-09), np.float64(2.727488677477639e-09), np.float64(8.995759617526885e-12), np.float64(1.9887680278132364e-09), np.float64(1.1446066904187584), np.float64(3.594593601041994e-09), np.float64(8.984270841112785e-12), np.float64(4.481937869540338e-09), np.float64(8.98449238655416e-12), np.float64(3.6573783027972183e-09), np.float64(3.7224054567018223e-09), np.float64(8.277812362449127e-10), np.float64(8.984524072091999e-12), np.float64(2.6708263472932786e-09), np.float64(2.418853156352646e-09), np.float64(2.723424500996729e-09), np.float64(5.04362799991766e-09), np.float64(2.1217881637641375e-09), np.float64(8.793022299500118e-10), np.float64(2.417481704728267e-09), np.float64(4.469606146086011e-09), np.float64(2.7904864698920196e-09), np.float64(1.949974340503135e-09), np.float64(2.7208328061382282e-09), np.float64(1.2664745677123042e-09), np.float64(2.5601343021015058e-09), np.float64(8.796314760430873e-10), np.float64(8.650226771701454e-10), np.float64(2.6961183447564647e-11), np.float64(8.984427858879392e-12), np.float64(3.5878324212306856e-09), np.float64(3.4213098806900754e-09), np.float64(1.990750246029121e-09), np.float64(8.283885053199629e-10), np.float64(1.9487343764483245e-09), np.float64(2.13910267370584e-09), np.float64(8.984494196432876e-12), np.float64(2.768717338617918e-09), np.float64(8.984414646427916e-12), np.float64(1.7160422421086524e-11), np.float64(1.0435099894570382e-09), np.float64(1.2075754150970482e-09), np.float64(8.793860116508928e-10), np.float64(2.766716334405555e-09), np.float64(9.374298202330207e-10), np.float64(1.1521910958450026e-09), np.float64(1.1603429045995555), np.float64(2.2564445772666543e-09), np.float64(1.265807320037904e-09), np.float64(9.713805852152407e-10), np.float64(8.974560094842987e-12), np.float64(4.0761749645738685e-09), np.float64(1.3459348695882943e-11), np.float64(6.249859188924406e-09), np.float64(2.4120615035864584e-09), np.float64(8.26755369863866e-10), np.float64(8.974489314567012e-12), np.float64(1.944090685004705e-09), np.float64(2.411069542483722e-09), np.float64(4.4668519735426023e-10), np.float64(3.7173010073782193e-09), np.float64(1.8835682007151253e-11), np.float64(8.974549282283659e-12), np.float64(1.6107574432252296e-09), np.float64(2.811097540976392e-09), np.float64(9.09393775920881e-10), np.float64(1.708403842618836), np.float64(2.4045994802914777e-09), np.float64(2.8410633104588985e-09), np.float64(2.196856558880135e-09), np.float64(8.953380728168237e-12), np.float64(4.844941082376115e-10), np.float64(1.879098476333896e-11), np.float64(7.096034858436173e-12), np.float64(1.0400425971369452e-09), np.float64(1.710113350659346e-11), np.float64(1.2742468492246084e-09), np.float64(1.2023850944704787e-09), np.float64(8.95326433217953e-12), np.float64(1.1216854645147374e-09), np.float64(1.7101035944178215e-11), np.float64(5.060589940475143e-09), np.float64(1.4654725223955383), np.float64(3.3317313217186333e-09), np.float64(1.3421755328936385e-11), np.float64(1.3767476447119467e-09), np.float64(1.8739195765703238e-09), np.float64(8.949371870126777e-12), np.float64(2.551233844567885e-09), np.float64(2.4046773070791697e-09), np.float64(8.949369854590864e-12), np.float64(1.4358541263738647), np.float64(2.795418127488564e-09), np.float64(2.6755294884324544e-09), np.float64(1.8778776474190546e-11), np.float64(8.947612238382303e-12), np.float64(1.8489213030275316e-09), np.float64(4.609937070551293e-09), np.float64(1.2120190823410343e-11), np.float64(2.2012155588199975e-09), np.float64(5.191493690270621e-09), np.float64(8.947516506202955e-12), np.float64(0.7012324774170237), np.float64(2.2433924824364038e-09), np.float64(4.453613136725168e-09), np.float64(2.5460062035098345e-09), np.float64(3.418745444181731e-11), np.float64(9.710448737963005e-10), np.float64(3.2616962291030425e-09), np.float64(2.843269677196913e-09), np.float64(1.5976715190023452e-09), np.float64(2.661159102574341e-09), np.float64(3.3157833078643375e-09), np.float64(5.958002802616269e-09), np.float64(2.661640020167784e-09), np.float64(8.949453816196197e-12), np.float64(3.7237664949599596e-09), np.float64(8.949506969012047e-12), np.float64(4.58051288161029e-09), np.float64(8.94952302453629e-12), np.float64(2.0162623811150346e-09), np.float64(2.7783683386666885e-09), np.float64(4.501970251137694e-09), np.float64(3.704214183862058e-09), np.float64(2.6791643879621926e-09), np.float64(8.94947843275881e-12), np.float64(2.198162821212214e-09), np.float64(6.691872060745492e-09), np.float64(1.212285010859759e-11), np.float64(1.5314061426210098e-09), np.float64(7.207813923835534e-10), np.float64(1.2021610125104626e-09), np.float64(2.196783367374724e-09), np.float64(3.418702230062945e-11), np.float64(8.949515184243335e-12), np.float64(2.9212671650295836e-09), np.float64(1.2624586497736796e-09), np.float64(4.453256463232475e-09), np.float64(2.548868907238594e-09), np.float64(2.197105645592143e-09), np.float64(1.878270366056582e-11), np.float64(8.949540259692258e-12), np.float64(3.5701161686038194e-09), np.float64(1.709353871964306e-11), np.float64(5.015258422799432e-09), np.float64(1.873716799995552e-09), np.float64(2.1977594463449477e-09), np.float64(2.1957917945653763e-09), np.float64(2.4106644163094393e-09), np.float64(1.3687752290245554), np.float64(5.729179917185981e-09), np.float64(6.27409139956956e-09), np.float64(3.053381128237615e-09), np.float64(2.3992603655465473e-09), np.float64(8.943533984819076e-12), np.float64(2.4054715453146696e-09), np.float64(1.7266075569373603e-09), np.float64(6.708365756674334e-12), np.float64(3.7088433995360936e-09), np.float64(9.695901620942164e-10), np.float64(3.3179811216638657e-09), np.float64(8.943784845991362e-12), np.float64(8.943445157681025e-12), np.float64(2.4045612825654384e-09), np.float64(2.7484765505813328e-09), np.float64(2.6784220415579748e-09), np.float64(2.5012591701715146e-09), np.float64(8.943647213009521e-12), np.float64(2.7588969668598007e-09), np.float64(6.105555810288969e-09), np.float64(1.0577363560915787), np.float64(3.69195328302675e-09), np.float64(1.978072862496884e-09), np.float64(2.192350305242173e-09), np.float64(2.720041973127919e-09), np.float64(8.935265092264868e-12), np.float64(2.3976090687633817e-09), np.float64(3.4433905333824442e-09), np.float64(2.6526446586846845e-09), np.float64(2.405386281407216e-09), np.float64(8.935247850858468e-12), np.float64(1.170731962268937), np.float64(3.128602285740893e-09), np.float64(8.924806677605205e-12), np.float64(0.8034294852677353), np.float64(1.704282503702185e-11), np.float64(2.0496703632544834e-09), np.float64(1.3411633824254914), np.float64(1.1964608210272696e-09), np.float64(1.5224921142495493e-09), np.float64(8.90786081980654e-12), np.float64(6.23815033360772e-09), np.float64(4.892549269723607e-09), np.float64(1.128519752201392), np.float64(1.5598682111549991e-09), np.float64(3.274804899053363e-09), np.float64(2.663740318946841e-09), np.float64(8.893293832265197e-12), np.float64(2.5975445953569677e-09), np.float64(3.3058581535003556e-09), np.float64(2.913026512554714e-09), np.float64(2.8263977226218936e-09), np.float64(2.738389576864178e-09), np.float64(3.41913476618199e-09), np.float64(2.5911898597704183e-09), np.float64(1.2672236241293453e-09), np.float64(5.324948181467398e-09), np.float64(8.893363863792192e-12), np.float64(9.64909956731536e-10), np.float64(1.7058160650897587), np.float64(3.676097049233753e-09), np.float64(1.2007234104229502e-11), np.float64(4.151534314438114e-09), np.float64(3.3313500713517916e-09), np.float64(8.527812553298277e-10), np.float64(1.5329311045354072e-09), np.float64(2.8928571782130687e-09), np.float64(8.864051799549628e-12), np.float64(1.959700211315535e-09), np.float64(1.428795211733718e-09), np.float64(4.446271953414738e-09), np.float64(1.2348558441321758), np.float64(1.6906698397518413e-09), np.float64(2.7462405072861555e-09), np.float64(1.1017545275736933e-09), np.float64(3.763323237144423e-09), np.float64(1.3521266205137294), np.float64(2.6765874197787307e-09), np.float64(4.889728762379656e-09), np.float64(2.6414766307242764e-09), np.float64(2.8062508519910905e-09), np.float64(2.873645109039771e-09), np.float64(8.844545566712673e-12), np.float64(1.232032440160042e-09), np.float64(2.651986157952144e-09), np.float64(5.2969157932561725e-09), np.float64(4.812356251067236e-09), np.float64(5.317559549872134e-09), np.float64(4.223631376706041e-09), np.float64(4.221253765285321e-09), np.float64(4.985979079065968e-09), np.float64(3.099288704824941e-09), np.float64(4.0785234222099425e-09), np.float64(8.844378967198981e-12), np.float64(2.381584106839845e-09), np.float64(1.5010272844439369e-09), np.float64(1.68916613880834e-09), np.float64(1.6201741222616988), np.float64(1.683864694828075e-09), np.float64(4.591431827486605e-09), np.float64(4.1439755589417854e-09), np.float64(2.514012665922768e-09), np.float64(4.6050297881567424e-09), np.float64(2.6374269301256283e-09), np.float64(2.06459904206394e-09), np.float64(4.137317982691678e-09), np.float64(3.740200591548502e-09), np.float64(2.6747341993985504e-09), np.float64(1.6860018689850645e-09), np.float64(1.6820184357659414e-09), np.float64(2.512357542296242e-09), np.float64(1.684617061841375e-11), np.float64(2.5709682440474715e-09), np.float64(0.9806500289005918), np.float64(8.818092976257898e-12), np.float64(3.368405663829961e-11), np.float64(6.080038006232224e-09), np.float64(3.097643012763482e-09), np.float64(8.817961487030996e-12), np.float64(9.551549366372203e-10), np.float64(2.0625509070740605e-09), np.float64(2.800421103026576e-09), np.float64(2.7938590093268272e-09), np.float64(5.2954226110024785e-09), np.float64(4.140829317081162e-09), np.float64(8.154145927224739e-09), np.float64(2.4931743780770963e-09), np.float64(8.818094858206348e-12), np.float64(3.0930547772712953e-09), np.float64(8.818039929483486e-12), np.float64(4.102534209301776e-09), np.float64(8.818023595273553e-12), np.float64(3.368440025584547e-11), np.float64(8.81804980120259e-12), np.float64(1.9107172463441687e-09), np.float64(8.818077965646711e-12), np.float64(3.7371093636003505e-09), np.float64(1.6842438119288067e-11), np.float64(3.765956572242036e-09), np.float64(2.5128854862485907e-09), np.float64(2.8216989832075925e-09), np.float64(5.4222872172012575e-09), np.float64(8.81801104940023e-12), np.float64(2.6423628971593936e-09), np.float64(2.673231458163767e-09), np.float64(4.130306445235791e-09), np.float64(2.3748369345856377e-09), np.float64(3.0910517606423988e-09), np.float64(1.0945454379857942e-09), np.float64(1.495922121979137e-09), np.float64(2.641838732633157e-09), np.float64(1.9064115541150543e-09), np.float64(3.091748263879438e-09), np.float64(8.817898663464649e-12), np.float64(4.561913872471152e-09), np.float64(2.3730357875319676e-09), np.float64(4.484863342378056e-09), np.float64(1.6842533036401015e-11), np.float64(3.0921934341645033e-09), np.float64(1.850668697411403e-11), np.float64(8.818003366083738e-12), np.float64(4.7399555799281494e-09), np.float64(1.6842624861335824e-11), np.float64(3.3233879004187467e-09), np.float64(2.9891944216491263e-09), np.float64(2.7979434376087846e-09), np.float64(0.9273193526441134), np.float64(2.062549506478568e-09), np.float64(9.537419866249613e-10), np.float64(8.807978545327876e-12), np.float64(6.005204439449634e-09), np.float64(4.132003367736158e-09), np.float64(2.5265223095015437e-09), np.float64(8.808021960260203e-12), np.float64(1.6823444736967032e-11), np.float64(2.0624344707910826e-09), np.float64(8.807967501366056e-12), np.float64(5.272677152502571e-09), np.float64(1.193108998485662e-11), np.float64(2.5145797237871275e-09), np.float64(4.685711932111837e-09), np.float64(8.808183156870248e-12), np.float64(8.807917301686356e-12), np.float64(1.2554265323188434e-09), np.float64(2.6644751829134942e-09), np.float64(1.680444676894869e-09), np.float64(3.0814774386947518e-09), np.float64(8.807934348312125e-12), np.float64(3.0837430339391813e-09), np.float64(5.781357517751806e-12), np.float64(1.5992217124209598), np.float64(5.765539632915985e-12), np.float64(4.1270389229785335e-09), np.float64(8.457361881739166e-10), np.float64(8.783878625541131e-12), np.float64(4.14112703556973e-09), np.float64(4.160138618718797e-09), np.float64(1.6757466959567357e-09), np.float64(6.1657108775605505e-09), np.float64(5.285386433790751e-09), np.float64(1.6777487313693784e-11), np.float64(2.5529047190705965e-09), np.float64(1.677374803395438e-09), np.float64(1.0892802480731407e-09), np.float64(3.7539029512194004e-09), np.float64(8.783903903939406e-12), np.float64(2.838476556070471e-09), np.float64(4.565794966366036e-09), np.float64(4.769345497277982e-09), np.float64(2.5039904692531614e-09), np.float64(5.265814629948413e-09), np.float64(8.78376835318442e-12), np.float64(1.9096745082566376e-09), np.float64(4.382619858316445e-09), np.float64(6.475263478190016e-09), np.float64(1.8654369992285442), np.float64(1.4081278431143177e-09), np.float64(1.1847816525316483e-11), np.float64(4.750819435330763e-09), np.float64(4.170392576189257e-09), np.float64(4.310684960122373e-09), np.float64(8.746659398662607e-12), np.float64(8.746465188299763e-12), np.float64(2.2632615291758993e-09), np.float64(4.875364024304381e-09), np.float64(0.8813130019879005), np.float64(3.789244080922231e-09), np.float64(3.7084635892355225e-09), np.float64(1.4090486285640913e-09), np.float64(4.353926035536425e-09), np.float64(4.987023920215999e-09), np.float64(4.092543843405648e-09), np.float64(8.735853491759313e-12), np.float64(1.8980155453495226e-09), np.float64(5.734057131484131e-12), np.float64(0.6810691713374796), np.float64(4.0683443413991664e-09), np.float64(6.119611294396441e-09), np.float64(9.035690023317222e-09), np.float64(5.19394490837173e-09), np.float64(6.644763262462901e-09), np.float64(9.457476359829016e-10), np.float64(1.0439329032312421e-09), np.float64(2.648709050685248e-09), np.float64(5.235596550433464e-09), np.float64(1.8334323374714544e-11)], [np.float64(9.744814230511233e-12), np.float64(4.024239427784917e-11), np.float64(1.2981061357202776e-10), np.float64(4.851795696625164e-11), np.float64(1.9248471258422262e-11), np.float64(2.6239891648273314e-11), np.float64(1.5734841051727255), np.float64(1.9222711074301114e-11), np.float64(2.9626065389910796e-11), np.float64(7.676514038869485e-12), np.float64(7.677439914752217e-12), np.float64(7.675949013711455e-12), np.float64(6.33206868397719e-12), np.float64(3.0972581350952967e-11), np.float64(7.917075965595667e-11), np.float64(1.5199746468378343e-10), np.float64(3.5404060933484843e-11), np.float64(1.3107695348210634e-10), np.float64(3.920728024211167e-11), np.float64(1.1657638873997901e-11), np.float64(3.5284390628832415e-11), np.float64(1.4669353816015598), np.float64(1.9181776129395168e-11), np.float64(1.1641804299044573e-11), np.float64(2.42918418748844e-10), np.float64(7.66729609465891e-12), np.float64(7.665159519238838e-12), np.float64(7.666756208503245e-12), np.float64(4.8482776014714894e-11), np.float64(2.021750856725894e-11), np.float64(2.951605513782503e-11), np.float64(7.665709965889315e-12), np.float64(9.733054779235328e-12), np.float64(7.666857132902861e-12), np.float64(7.713731362270154e-12), np.float64(2.9549461895069707e-11), np.float64(1.626578938732701e-11), np.float64(1.9211830734341583e-11), np.float64(2.955100582255244e-11), np.float64(1.92088131623813e-11), np.float64(6.32425729638734e-12), np.float64(4.8474504866881906e-11), np.float64(4.019343715323832e-11), np.float64(2.7320111668287604e-11), np.float64(3.611335158684377e-11), np.float64(1.9230333629709145e-11), np.float64(2.7308410608043822e-11), np.float64(2.7578285186290543e-11), np.float64(5.482754407760395e-11), np.float64(1.758247542219898e-11), np.float64(1.164815082589103e-11), np.float64(4.0183419448948536e-11), np.float64(3.7030557220802935e-10), np.float64(3.114122008624007e-10), np.float64(4.655346942530965e-10), np.float64(4.8461086029737156e-11), np.float64(2.730096937064081e-11), np.float64(1.518835659459172e-10), np.float64(9.732807529625317e-12), np.float64(7.665209864857041e-12), np.float64(7.666384444585598e-12), np.float64(7.665225917405856e-12), np.float64(6.3233393486696375e-12), np.float64(2.730976297976476e-11), np.float64(4.017916689048973e-11), np.float64(5.239505930249831e-11), np.float64(3.0011968941994963e-10), np.float64(4.844885214956279e-11), np.float64(1.6039923448990888e-11), np.float64(7.664647516673336e-12), np.float64(7.666451853696161e-12), np.float64(7.665635879816058e-12), np.float64(7.665442858784146e-12), np.float64(1.920715337632459e-11), np.float64(1.1634485841811856e-11), np.float64(1.920343522645722e-11), np.float64(7.667319725962592e-12), np.float64(7.666364377783487e-12), np.float64(7.665363466891944e-12), np.float64(9.732428382710747e-12), np.float64(4.0185155702258084e-11), np.float64(4.8477357198621474e-11), np.float64(2.954648617908273e-11), np.float64(1.1640581815375736e-11), np.float64(4.2010345202594047e-10), np.float64(1.6259312305910882e-11), np.float64(1.2097153906530698), np.float64(3.830172108383397e-12), np.float64(7.66009365707163e-12), np.float64(7.65993040033158e-12), np.float64(7.66045329766813e-12), np.float64(7.660250740828601e-12), np.float64(1.91865096678341e-11), np.float64(4.014263550154308e-11), np.float64(1.8124362479969644e-10), np.float64(5.477688076049455e-11), np.float64(2.7292711022594256e-11), np.float64(7.659066252859143e-12), np.float64(1.5508538243094674e-10), np.float64(2.728860985637532e-11), np.float64(7.548119401611237e-11), np.float64(1.612949451560863e-10), np.float64(1.1637898531951517e-11), np.float64(3.702965635140911e-11), np.float64(5.251196840179159e-11), np.float64(1.678897758556044), np.float64(2.960221701134825e-11), np.float64(7.664028875283974e-12), np.float64(7.66188672595616e-12), np.float64(7.662093905222849e-12), np.float64(1.9199055711800688e-11), np.float64(3.831252941458254e-12), np.float64(2.410162034303719e-10), np.float64(2.953381955640388e-11), np.float64(1.9194159107105165e-11), np.float64(1.6259005390786835e-11), np.float64(9.727603347605825e-12), np.float64(3.60828447406703e-11), np.float64(7.662373246838502e-12), np.float64(1.9194830714760854e-11), np.float64(1.812551957456849e-10), np.float64(1.5495403096525782e-10), np.float64(1.5507257060223586e-10), np.float64(1.919424542012839e-11), np.float64(9.727133639632376e-12), np.float64(2.95371798832682e-11), np.float64(1.1633458885510563e-11), np.float64(2.955147675530962e-11), np.float64(3.819550612649258e-12), np.float64(2.954036126421204e-11), np.float64(7.661892010600131e-12), np.float64(7.662831290471109e-12), np.float64(9.729612531104501e-12), np.float64(1.9189378503993993e-11), np.float64(1.5495619952361676e-10), np.float64(4.0156898050338095e-11), np.float64(4.01613669526341e-11), np.float64(4.200942297222978e-10), np.float64(2.950188474039521e-11), np.float64(1.5503840327539586e-10), np.float64(7.662194542342564e-12), np.float64(7.662202467174272e-12), np.float64(7.662161437010926e-12), np.float64(1.182853135207773), np.float64(1.5489899049700454e-10), np.float64(5.224514405684385e-11), np.float64(2.9489436816224984e-11), np.float64(2.947359304616977e-11), np.float64(7.647233867764604e-12), np.float64(7.645504613191442e-12), np.float64(7.646277467523308e-12), np.float64(7.645822338720831e-12), np.float64(7.64548456958083e-12), np.float64(7.646899908792162e-12), np.float64(9.708117923634515e-12), np.float64(7.647486305916358e-12), np.float64(2.9476317354807005e-11), np.float64(1.91540778111946e-11), np.float64(4.0093516102255034e-11), np.float64(4.0083270847589484e-11), np.float64(1.9158167242069866e-11), np.float64(2.943123743086476e-11), np.float64(1.998712179048314e-10), np.float64(1.1609852620566673e-11), np.float64(4.008688973288898e-11), np.float64(1.1609989268467836e-11), np.float64(1.9152443682685502e-11), np.float64(1.6216013360235055e-11), np.float64(5.468838238255606e-11), np.float64(4.008336203986544e-11), np.float64(7.645726614466206e-12), np.float64(7.646483010010633e-12), np.float64(4.0086133922067875e-11), np.float64(7.738390126750534e-11), np.float64(3.823449441912654e-12), np.float64(3.6961794686080056e-11), np.float64(2.943878764154634e-11), np.float64(4.006952285495627e-11), np.float64(8.59866208304802e-11), np.float64(7.646120107053734e-12), np.float64(7.646667744248117e-12), np.float64(7.645391316833925e-12), np.float64(9.707755911286054e-12), np.float64(4.0080330530014984e-11), np.float64(2.7244415774031774e-11), np.float64(1.6412698838236067e-11), np.float64(1.8088669403271246e-10), np.float64(5.434583885828802e-10), np.float64(1.1610372922342038e-11), np.float64(4.0066610438364816e-11), np.float64(1.5479213340590554e-10), np.float64(1.547786893562456e-10), np.float64(3.600624744351201e-11), np.float64(1.9148738789799818e-11), np.float64(4.007936174842707e-11), np.float64(1.5480848120335907e-10), np.float64(7.647103607420029e-12), np.float64(6.307983777777766e-12), np.float64(5.088761520906679e-10), np.float64(8.604630401951602e-11), np.float64(4.0074028928622045e-11), np.float64(4.655067365558201e-10), np.float64(7.645272043596982e-12), np.float64(7.645918004123424e-12), np.float64(7.64602901642852e-12), np.float64(4.008223791245471e-11), np.float64(1.604495141085613), np.float64(1.8360568270346658e-11), np.float64(1.14463556266404), np.float64(1.6190789031143635e-11), np.float64(1.1593671709500708e-11), np.float64(5.047027007281689e-10), np.float64(4.000858187654692e-11), np.float64(4.000031814924227e-11), np.float64(2.942444937768085e-11), np.float64(1.3770962325594422), np.float64(1.9111563489738683e-11), np.float64(1.1586370949389858e-11), np.float64(9.686792863044728e-12), np.float64(2.3979154520308087e-10), np.float64(3.998806022402891e-11), np.float64(8.483962544310084e-11), np.float64(3.81504413719489e-12), np.float64(7.676818076256486e-12), np.float64(2.9404283466087467e-11), np.float64(2.940531249412008e-11), np.float64(1.832464210237895e-11), np.float64(3.9986087343968465e-11), np.float64(2.011383527841442e-11), np.float64(3.999608143334687e-11), np.float64(1.543713816586318e-10), np.float64(1.543955208664986e-10), np.float64(3.686982574636945e-11), np.float64(1.5427940355134644e-10), np.float64(2.943057656349696e-11), np.float64(2.941360753717463e-11), np.float64(9.76352634312854e-12), np.float64(2.940946985735017e-11), np.float64(7.629988342220851e-12), np.float64(6.2927008901566995e-12), np.float64(3.998980693900936e-11), np.float64(3.999812830493326e-11), np.float64(3.9980315827068964e-11), np.float64(1.278159532693375), np.float64(2.941321254154824e-11), np.float64(6.291568756956268e-12), np.float64(3.997087995211965e-11), np.float64(1.5431284295508934e-10), np.float64(1.5422218807707833e-10), np.float64(2.7168624118180156e-11), np.float64(3.9981708284617395e-11), np.float64(1.5437153269276284e-10), np.float64(2.533314415933466e-10), np.float64(1.1586801014544965e-11), np.float64(3.997252992688556e-11), np.float64(2.7181625243771656e-11), np.float64(4.293135817099363e-10), np.float64(7.626688150294072e-12), np.float64(7.628205136080289e-12), np.float64(7.627648509881138e-12), np.float64(7.578929829611155e-12), np.float64(2.7164626446812243e-11), np.float64(3.996981434592551e-11), np.float64(7.581091780732834e-12), np.float64(7.673620198267367e-12), np.float64(2.946318329065948e-11), np.float64(7.626539478164532e-12), np.float64(1.5443493816022987e-10), np.float64(4.109424219753022e-10), np.float64(3.111165359492447e-11), np.float64(1.5420730186955464e-10), np.float64(6.291009643482908e-12), np.float64(3.628427549357313e-10), np.float64(1.617283185250294e-11), np.float64(1.9126348236647004e-11), np.float64(1.9128455234161547e-11), np.float64(3.813618691362668e-12), np.float64(3.686665947717688e-11), np.float64(3.999091592190823e-11), np.float64(3.997507136468789e-11), np.float64(1.9101491814054654e-11), np.float64(1.2952040695871145), np.float64(7.62381732250202e-12), np.float64(7.624165515730181e-12), np.float64(9.68010927713113e-12), np.float64(1.5427160294537046e-10), np.float64(2.7159002081735647e-11), np.float64(3.998153180424376e-11), np.float64(3.1016453611836523e-10), np.float64(2.933945638636269e-11), np.float64(2.9387013639231893e-11), np.float64(1.9097336543151978e-11), np.float64(1.1577488784401214e-11), np.float64(8.476183562857786e-11), np.float64(1.911681715074511e-11), np.float64(5.46846853407599e-11), np.float64(4.3480537022245076e-10), np.float64(7.671158712993498e-12), np.float64(3.9963786249367074e-11), np.float64(2.939530057009094e-11), np.float64(1.910014288845968e-11), np.float64(7.052585641026584e-10), np.float64(2.3952613953711683e-10), np.float64(7.623171221632677e-12), np.float64(7.624250841658827e-12), np.float64(7.62329072141148e-12), np.float64(7.625681085042558e-12), np.float64(7.577106154455177e-12), np.float64(2.7157378266819432e-11), np.float64(1.607184574494355), np.float64(7.597475913168005e-12), np.float64(6.2677054041471095e-12), np.float64(8.098511920960043e-10), np.float64(7.597495593057622e-12), np.float64(7.59755430724527e-12), np.float64(1.1547159997188252e-11), np.float64(9.35108560247134e-10), np.float64(1.9041243724592917e-11), np.float64(3.98257978462791e-11), np.float64(1.1535511722838648e-11), np.float64(3.3630980878265435e-10), np.float64(7.598947964741493e-12), np.float64(7.59769725804403e-12), np.float64(7.60013115766904e-12), np.float64(7.599702519988693e-12), np.float64(7.597647178825862e-12), np.float64(7.599173119499328e-12), np.float64(7.597975016473868e-12), np.float64(7.59962420666104e-12), np.float64(2.3186167907932503e-10), np.float64(7.597636174816611e-12), np.float64(9.645048156721673e-12), np.float64(3.983209918480821e-11), np.float64(7.684879747775404e-11), np.float64(3.9836717453817825e-11), np.float64(5.049181494401748e-10), np.float64(1.995809924176499e-10), np.float64(1.5377205542668634e-10), np.float64(1.9033994894055583e-11), np.float64(3.6731298915543424e-11), np.float64(1.903840118194661e-11), np.float64(2.9292533509377225e-11), np.float64(1.9032009746685038e-11), np.float64(7.683704017686342e-11), np.float64(1.4752138135063835e-11), np.float64(7.683977763877849e-11), np.float64(1.611309389385589e-11), np.float64(2.924921413235235e-11), np.float64(3.578014095305718e-11), np.float64(3.4347127558703518e-12), np.float64(7.728470857289631e-10), np.float64(1.5378998553991852e-10), np.float64(2.3883214244589967e-10), np.float64(2.928486997673135e-11), np.float64(7.684955603167403e-11), np.float64(7.598423319010125e-12), np.float64(7.598639527960848e-12), np.float64(9.647188764307575e-12), np.float64(4.100984492340573e-10), np.float64(7.597947109547392e-12), np.float64(1.9032820757924383e-11), np.float64(4.3502546721701553e-11), np.float64(9.645880398736959e-12), np.float64(2.322194529029355e-10), np.float64(8.450116562209397e-11), np.float64(1.538938729951859e-10), np.float64(2.7071906323625427e-11), np.float64(7.597501378640371e-12), np.float64(7.598953841252632e-12), np.float64(7.59845729414504e-12), np.float64(2.929376555195118e-11), np.float64(7.599056407190503e-12), np.float64(6.26783696731321e-12), np.float64(1.5362436790641754e-10), np.float64(1.5371977669659158e-10), np.float64(1.9036071837101846e-11), np.float64(1.5375151891025413e-10), np.float64(3.9814689674043633e-11), np.float64(2.9281646680795075e-11), np.float64(3.672066202022164e-11), np.float64(7.598263817927036e-12), np.float64(1.905457401341582e-11), np.float64(4.914022916002292e-10), np.float64(3.5626310487381716e-10), np.float64(3.983072620030979e-11), np.float64(3.981919054533941e-11), np.float64(2.1814665532978608e-10), np.float64(3.983278295526423e-11), np.float64(3.981898300248758e-11), np.float64(5.4493016259632103e-11), np.float64(1.903726020806389e-11), np.float64(1.1530330628298403e-11), np.float64(3.79913331501225e-12), np.float64(1.5361859644507965e-10), np.float64(1.9029838441122145e-11), np.float64(2.929476981820461e-11), np.float64(1.9032540920753158e-11), np.float64(3.435122198145275e-12), np.float64(1.536565505735766e-10), np.float64(1.9035058968474483e-11), np.float64(3.6732602782929185e-11), np.float64(7.551288594918763e-12), np.float64(6.360924995977466e-10), np.float64(3.8840859887168975e-11), np.float64(6.141740728024764e-10), np.float64(4.351773799239075e-11), np.float64(1.9018206822160254e-11), np.float64(1.903855978332268e-11), np.float64(3.579802923445733e-11), np.float64(1.5371249608749836e-10), np.float64(1.5372668379925993e-10), np.float64(3.982806509317762e-11), np.float64(7.598181511877968e-12), np.float64(7.599176202441194e-12), np.float64(7.597974601565154e-12), np.float64(9.649261081671867e-12), np.float64(5.4348914731417194e-11), np.float64(3.982603583606928e-11), np.float64(2.973047344779702e-10), np.float64(5.989538442075377e-10), np.float64(3.799349798981465e-12), np.float64(7.551895830719378e-12), np.float64(9.7229952559658e-12), np.float64(1.1539738237811953e-11), np.float64(7.646397310522831e-12), np.float64(1.5373223109445583e-10), np.float64(7.597612244985293e-12), np.float64(9.646149883925206e-12), np.float64(1.5369078164458224e-10), np.float64(7.597824567941647e-12), np.float64(7.599524845156696e-12), np.float64(7.598476061577261e-12), np.float64(5.010768983562972e-10), np.float64(1.5376839695909737e-10), np.float64(7.597143467011041e-12), np.float64(1.90210084732196e-11), np.float64(1.537309772400738e-10), np.float64(1.537900468489071e-10), np.float64(3.799181249510359e-12), np.float64(1.90196406679513e-11), np.float64(1.9034068643404423e-11), np.float64(2.7071210628100574e-11), np.float64(3.477148989996577e-11), np.float64(7.597654775379837e-12), np.float64(9.64756763508003e-12), np.float64(2.0503810325627993e-11), np.float64(7.645583145640904e-12), np.float64(1.536427787251093e-10), np.float64(2.7075310943907438e-11), np.float64(7.645469910031484e-12), np.float64(7.724280883564975e-10), np.float64(3.480957773150524e-10), np.float64(2.707369090205997e-11), np.float64(1.903092650921358e-11), np.float64(1.5375152714787634e-10), np.float64(3.673326860511477e-11), np.float64(3.672972958436331e-11), np.float64(7.598518964292496e-12), np.float64(9.65013207807026e-12), np.float64(1.9037326658435965e-11), np.float64(2.9305536364211975e-11), np.float64(6.268071866416009e-12), np.float64(3.6724632686755235e-11), np.float64(7.644785208448059e-12), np.float64(1.5365119215313806e-10), np.float64(1.905321308207044e-11), np.float64(4.094762896731658e-10), np.float64(1.902931854711677e-11), np.float64(1.6112801360777514e-11), np.float64(1.9036642778336815e-11), np.float64(7.598315205704717e-12), np.float64(7.59889909330546e-12), np.float64(7.598110076230242e-12), np.float64(7.597692868634849e-12), np.float64(1.1537799656597256e-11), np.float64(3.982845491019211e-11), np.float64(7.598554458229666e-12), np.float64(7.59934510270404e-12), np.float64(9.646478030566171e-12), np.float64(1.537487717613012e-10), np.float64(9.338821953627307e-10), np.float64(2.181314362202702e-10), np.float64(4.2144115210189995e-10), np.float64(6.092403628261972e-10), np.float64(8.450556924281488e-11), np.float64(1.9036798345474312e-11), np.float64(1.1538523906672838e-11), np.float64(1.1874309917695614), np.float64(1.5364242250881106e-10), np.float64(1.902016979334322e-11), np.float64(1.6105667401452425e-11), np.float64(1.0225709879775326e-09), np.float64(1.771971419129807e-11), np.float64(4.142176245392783e-10), np.float64(5.009650025012502e-10), np.float64(3.450195687245959e-10), np.float64(1.5883745048500286e-11), np.float64(1.610550973139109e-11), np.float64(5.4148806192339995e-11), np.float64(5.1907985531752396e-11), np.float64(1.570095763801814), np.float64(7.577953427743112e-12), np.float64(9.62279029234707e-12), np.float64(1.150855713345076e-11), np.float64(7.531939652172153e-12), np.float64(9.620340442840245e-12), np.float64(4.200152141112975e-10), np.float64(1.2029743130349033), np.float64(2.3778697508008326e-10), np.float64(1.8956257355585764e-11), np.float64(7.566116034549457e-12), np.float64(1.4686652406064442e-11), np.float64(2.6956412363972207e-11), np.float64(3.7951576650257185e-12), np.float64(7.566086045796181e-12), np.float64(7.56672142885271e-12), np.float64(1.1481406132983736e-11), np.float64(1.4013886852861404), np.float64(5.398267783371831e-11), np.float64(3.541557003457391e-10), np.float64(1.8928740201730904e-11), np.float64(1.5271047389464328e-10), np.float64(2.906220150446662e-11), np.float64(4.884149366137923e-10), np.float64(8.22158893546673e-12), np.float64(5.184974188113891e-10), np.float64(7.550145697957537e-12), np.float64(7.549423723478868e-12), np.float64(7.635009009235382e-11), np.float64(5.135768400180761e-10), np.float64(1.5279758361507192e-10), np.float64(1.5273092013258877e-10), np.float64(1.5275491763373213e-10), np.float64(3.8580359038035346e-11), np.float64(2.90655004938972e-11), np.float64(3.856297498687296e-11), np.float64(3.07993006469708e-11), np.float64(5.398142631458538e-11), np.float64(7.550090535277164e-12), np.float64(9.584006196442745e-12), np.float64(1.8933290994486744e-11), np.float64(6.185365013575725e-10), np.float64(8.394033126551855e-11), np.float64(2.9110218865580385e-11), np.float64(5.397239220752359e-11), np.float64(4.074321458225747e-10), np.float64(1.814037442341978e-10), np.float64(1.5276234255425459e-10), np.float64(0.7782606381799779), np.float64(8.034805281024539e-10), np.float64(7.549054571820347e-12), np.float64(7.501858140067044e-12), np.float64(3.9566970666947884e-11), np.float64(1.990196594489432e-11), np.float64(2.6904937522290824e-11), np.float64(1.526154182942396e-10), np.float64(2.0316379032575404e-10), np.float64(3.956736179403193e-11), np.float64(2.9099026856782355e-11), np.float64(1.8903178140738102e-11), np.float64(2.910187307838009e-11), np.float64(1.8910299459935534e-11), np.float64(2.910638081017352e-11), np.float64(7.59672344440554e-12), np.float64(7.631360282176335e-11), np.float64(1.146311237525509e-11), np.float64(4.686035415690805e-10), np.float64(4.682905032417601e-10), np.float64(2.915041037072958e-11), np.float64(5.1599325428131294e-11), np.float64(2.6901135672232143e-11), np.float64(1.8907848831431934e-11), np.float64(5.397591896619304e-11), np.float64(2.911691485086408e-11), np.float64(1.8915837057135648e-11), np.float64(3.8567802400741096e-11), np.float64(2.910775305229039e-11), np.float64(7.549609394100866e-12), np.float64(6.226384029910148e-12), np.float64(1.6010607424350423e-11), np.float64(1.146412395205978e-11), np.float64(5.615248478145809e-10), np.float64(9.58326466525073e-12), np.float64(7.501878109482353e-12), np.float64(7.548104562393242e-12), np.float64(7.548644348590636e-12), np.float64(9.583462999193432e-12), np.float64(3.956185045990874e-11), np.float64(1.9905969119464402e-11), np.float64(7.548428261374389e-12), np.float64(3.957031308967856e-11), np.float64(1.290357042594812), np.float64(3.955579688322192e-11), np.float64(5.358408311858149e-10), np.float64(7.547701443411654e-12), np.float64(2.911198440294203e-11), np.float64(7.547865209114113e-12), np.float64(7.548074066062459e-12), np.float64(7.596557101217635e-12), np.float64(1.8908800511277107e-11), np.float64(1.2309548496710372), np.float64(3.4684781122790357e-10), np.float64(3.5545162101763993e-11), np.float64(2.3724388265573694e-10), np.float64(4.318966096475085e-11), np.float64(1.0706815188392946e-09), np.float64(3.955520827175344e-11), np.float64(1.6034169225210293), np.float64(4.112020708775526e-10), np.float64(7.540938073960556e-12), np.float64(9.574292668987317e-12), np.float64(7.541710052159603e-12), np.float64(9.57418596996872e-12), np.float64(7.541503723398545e-12), np.float64(7.542018959097864e-12), np.float64(7.541512466270894e-12), np.float64(7.54114431863813e-12), np.float64(1.1453679038814808e-11), np.float64(5.477584848957641e-10), np.float64(1.0693516246779035e-09), np.float64(1.0522652754594755e-09), np.float64(1.1451587802917075e-11), np.float64(6.175566007387128e-10), np.float64(1.8892312261615765e-11), np.float64(1.2065625364721475), np.float64(1.6609827788017817), np.float64(7.506283823793928e-12), np.float64(7.506074645795098e-12), np.float64(7.50609214653645e-12), np.float64(7.50624786061671e-12), np.float64(0.6540986230181643), np.float64(6.058383793691442e-10), np.float64(1.5191507179597084), np.float64(4.2184963394785415e-10), np.float64(5.908141190620586e-10), np.float64(3.525608245464966e-11), np.float64(7.486818102945223e-12), np.float64(7.48665250102049e-12), np.float64(7.486746286456866e-12), np.float64(7.48672356577722e-12), np.float64(7.486764988865013e-12), np.float64(7.48671966305408e-12), np.float64(4.980958440267979e-10), np.float64(2.1350830344441292e-10), np.float64(3.5255378739253863e-11), np.float64(7.486810180879394e-12), np.float64(7.48681541321563e-12), np.float64(7.486780169680493e-12), np.float64(7.486760149348925e-12), np.float64(7.48648297404273e-12), np.float64(1.0614836754781657e-09), np.float64(2.3770406784373144e-09), np.float64(7.48665495936048e-12), np.float64(7.48660426631714e-12), np.float64(7.01981243696377e-10), np.float64(3.3133587020689377e-10), np.float64(5.149780967379167e-10), np.float64(1.0623408766327982e-09), np.float64(3.3842957260759766e-12), np.float64(7.486685834903262e-12), np.float64(7.48664636167598e-12), np.float64(6.175198007831554e-12), np.float64(3.8232342223315513e-10), np.float64(7.204086707627898e-10), np.float64(1.2681126230425574e-09), np.float64(8.324789975840254e-10), np.float64(1.0847935277277598), np.float64(0.6934620308427606), np.float64(1.965753276427727e-10), np.float64(3.5250162576909684e-11), np.float64(1.0227080056661362), np.float64(4.217577653743389e-10), np.float64(4.780980548664922e-10), np.float64(1.329790934970682), np.float64(1.3326972910453707e-09), np.float64(1.6532250130451023e-10), np.float64(6.997936614958507e-10), np.float64(3.514223965186504e-11), np.float64(7.46274140345778e-12), np.float64(7.46273554253988e-12), np.float64(2.0099228222523766e-09), np.float64(1.4127885486152827e-09), np.float64(3.514504916920093e-11), np.float64(7.462925916187065e-12), np.float64(6.998617843199156e-10), np.float64(2.6397691701806805e-10), np.float64(6.995080502369561e-10), np.float64(7.46264787489265e-12), np.float64(1.7544478497852695e-09), np.float64(3.4308063073819023e-10), np.float64(7.462979124620722e-12), np.float64(7.462831327340426e-12), np.float64(7.462798360091525e-12), np.float64(7.46282410275264e-12), np.float64(2.346013030932243e-10), np.float64(7.462804466210499e-12), np.float64(6.155766128120018e-12), np.float64(1.9605561972228894e-10), np.float64(7.230677603893712e-10), np.float64(3.514651036686834e-11), np.float64(7.462816051831749e-12), np.float64(9.474559401609769e-12), np.float64(3.303444747263174e-10), np.float64(3.3828492333612646e-12), np.float64(7.46270388725611e-12), np.float64(7.509421887522182e-12), np.float64(2.3278234613961403e-09), np.float64(1.3608667533028493), np.float64(3.489133033234537e-10), np.float64(7.444871425179032e-12), np.float64(1.0891439256394758e-09), np.float64(3.42106855858748e-10), np.float64(3.4912546892571525e-10), np.float64(6.97836739950765e-10), np.float64(7.445131385032813e-12), np.float64(7.445151496330658e-12), np.float64(7.445225528817539e-12), np.float64(7.445185432240602e-12), np.float64(7.444936518604386e-12), np.float64(3.633359229078647e-10), np.float64(1.0889461224684363e-09), np.float64(7.445077024566174e-12), np.float64(7.445116134519007e-12), np.float64(7.445018007637923e-12), np.float64(7.445122275511726e-12), np.float64(1.2844834128279399), np.float64(1.2595915060799101e-09), np.float64(7.488006738095791e-12), np.float64(1.064369458845521e-09), np.float64(1.1876835754732693), np.float64(7.439921828745264e-12), np.float64(7.440182290822553e-12), np.float64(7.44003629588205e-12), np.float64(7.440006414449627e-12), np.float64(7.440074119470673e-12), np.float64(7.439973547731961e-12), np.float64(7.440013445322221e-12), np.float64(7.43999386626861e-12), np.float64(7.440033685646945e-12), np.float64(7.274062684011922e-10), np.float64(7.92392894335258e-10), np.float64(6.136876157160782e-12), np.float64(1.2376929023845526e-09), np.float64(3.608766600849952e-11), np.float64(5.869563522419021e-10), np.float64(7.440007617112751e-12), np.float64(7.440082996882744e-12), np.float64(7.927450372144974e-10), np.float64(1.2584356338728652e-09), np.float64(1.1909948637208354e-09), np.float64(1.2983919154161596e-09), np.float64(1.5330558893370178e-09), np.float64(1.2608340687016917e-09), np.float64(7.440106015899974e-12), np.float64(7.440111816083788e-12), np.float64(7.440087993383776e-12), np.float64(7.440123135151172e-12), np.float64(1.0867343185960814e-09), np.float64(7.440113066124923e-12), np.float64(9.445581994481908e-12), np.float64(3.0660332691069393e-10), np.float64(8.226135474703327e-10), np.float64(2.935628092449413e-10), np.float64(1.2986703697337515e-09), np.float64(7.439947085863617e-12), np.float64(1.0665638146348819e-09), np.float64(5.821746132453356e-10), np.float64(3.503738895872657e-11), np.float64(6.007522132816601e-10), np.float64(1.1228579552546751e-09), np.float64(1.3306007287364683e-09), np.float64(7.440088213707942e-12), np.float64(7.440004037889247e-12), np.float64(1.0573373348483807e-09), np.float64(5.404517420642023e-10), np.float64(5.408157431147144e-10), np.float64(9.520125740820838e-12), np.float64(4.016431429181359e-10), np.float64(7.440080640458622e-12), np.float64(6.1368723201180535e-12), np.float64(1.1097651454755852e-09), np.float64(1.144407743606083), np.float64(7.901100674919805e-10), np.float64(7.425109137531207e-12), np.float64(7.425075148662902e-12), np.float64(7.425147205103653e-12), np.float64(7.425237910052944e-12), np.float64(7.42522258967852e-12), np.float64(9.426808003631356e-12), np.float64(6.960190676829795e-10), np.float64(1.5426267472471058e-09), np.float64(9.426725163568297e-12), np.float64(1.8997711991075105e-09), np.float64(3.482187042192941e-10), np.float64(1.0547738391448615e-09), np.float64(7.425088112217463e-12), np.float64(7.425119680671208e-12), np.float64(7.425212144693516e-12), np.float64(7.42527373645237e-12), np.float64(9.426725661975779e-12), np.float64(5.002639606357589e-09), np.float64(7.42512732220614e-12), np.float64(7.425100839210962e-12), np.float64(7.425067468277355e-12), np.float64(3.497088056948266e-11), np.float64(1.0544731426277242e-09), np.float64(3.480323099357972e-10), np.float64(1.0848051821224616e-09), np.float64(1.1632405278441864), np.float64(1.5417877033714602e-09), np.float64(5.987666072400724e-10), np.float64(1.0285873339710199), np.float64(1.8956080234961505e-09), np.float64(5.982135285933375e-10), np.float64(1.873578650099557e-09), np.float64(2.834156469114815e-10), np.float64(1.1185418896077264e-09), np.float64(5.844289684076795e-10), np.float64(7.454422965095128e-12), np.float64(5.98429117999416e-10), np.float64(1.2408815889404203e-09), np.float64(1.0525807601439213e-09), np.float64(1.5393664703333499e-09), np.float64(5.090935530286099e-10), np.float64(6.209657667970576e-10), np.float64(1.1233835421118274), np.float64(7.445224768314217e-12), np.float64(5.788764477940286e-10), np.float64(9.213911143130633e-10), np.float64(7.399207737860719e-12), np.float64(7.399166216768814e-12), np.float64(7.39927507506384e-12), np.float64(6.103250082133344e-12), np.float64(2.2807059847844488e-10), np.float64(6.103125403166673e-12), np.float64(3.484681626959407e-11), np.float64(7.399178791527447e-12), np.float64(7.399214904789942e-12), np.float64(7.399140290524886e-12), np.float64(7.399264025302675e-12), np.float64(1.2971216724858578e-09), np.float64(2.5650992137846517e-09), np.float64(6.938029291234842e-10), np.float64(7.353837396355997e-12), np.float64(1.0502578414033373e-09), np.float64(7.399095760208543e-12), np.float64(3.687580167639671e-10), np.float64(7.445292151941191e-12), np.float64(6.945711091824219e-10), np.float64(5.788736159030923e-10), np.float64(6.103263048121716e-12), np.float64(9.293032111988526e-10), np.float64(7.44521118844494e-12), np.float64(1.0819812251863696e-09), np.float64(3.275028038090179e-10), np.float64(1.060104286381691), np.float64(2.4140629728516237e-09), np.float64(1.5354973311968127e-09), np.float64(1.2926450779918212e-09), np.float64(3.4678161851226795e-10), np.float64(4.1699717076211455e-10), np.float64(7.395371254971669e-12), np.float64(9.38897794023551e-12), np.float64(5.491779484151044e-10), np.float64(1.482298781642703), np.float64(0.5068262534768895), np.float64(6.365224018293208e-10), np.float64(1.047950800435168e-09), np.float64(3.000137913154324e-10), np.float64(2.2926202497044095e-09), np.float64(1.798528528317314e-09), np.float64(1.2125609749599562), np.float64(5.9426976311181e-10), np.float64(6.35345022350333e-10), np.float64(1.7865759603532018e-09), np.float64(5.060242320059616e-10), np.float64(1.07508053330029e-09), np.float64(5.809084196306179e-10), np.float64(7.36319353640698e-12), np.float64(7.363287816541643e-12), np.float64(9.348238906292062e-12), np.float64(5.806865919611906e-10), np.float64(1.4523898206625307e-09), np.float64(1.5652992244240285e-09), np.float64(7.363247430669435e-12), np.float64(7.363315336997167e-12), np.float64(7.36320426636919e-12), np.float64(1.864117600855173e-09), np.float64(1.017951437924091), np.float64(2.0111004449694733e-09), np.float64(1.7244101550868486e-09), np.float64(1.363144138792418e-09), np.float64(1.6672004366482258e-09), np.float64(5.058283350027616e-10), np.float64(1.9108598037887938e-09), np.float64(1.985058979520115e-09), np.float64(7.357717416436349e-12), np.float64(1.2317854943964103e-09), np.float64(1.7543529126630412e-09), np.float64(2.148214585306769e-09), np.float64(3.023395607601051e-09), np.float64(3.4649329716291156e-11), np.float64(1.7301680703213585e-09), np.float64(3.679071546566241e-12), np.float64(3.778035901109168e-09), np.float64(6.347631636678614e-10), np.float64(3.466119292085799e-11), np.float64(7.357704600907146e-12), np.float64(7.357763326474666e-12), np.float64(2.212546199473836e-09), np.float64(2.7769288989776324e-09), np.float64(1.7917275102467336e-09), np.float64(1.724745779572502e-09), np.float64(9.243093811592717e-10), np.float64(6.068969299127151e-12), np.float64(2.13267493966407e-09), np.float64(7.357742337769256e-12), np.float64(7.357646653232088e-12), np.float64(1.7543974223908935e-09), np.float64(5.805070647458702e-10), np.float64(4.115904057829107e-12), np.float64(1.5080740590439906e-09), np.float64(7.357643198355462e-12), np.float64(7.357836272519332e-12), np.float64(7.357712976861408e-12), np.float64(7.357750050677362e-12), np.float64(7.357653229373353e-12), np.float64(2.1357442502880586e-09), np.float64(7.35770815139978e-12), np.float64(6.069040398654504e-12), np.float64(2.098042977054231e-09), np.float64(5.807414421178743e-10), np.float64(7.357710786694672e-12), np.float64(7.357728076147016e-12), np.float64(1.725196812826017e-09), np.float64(1.5111360821057889), np.float64(2.4895105913472857e-09), np.float64(2.011628627753193e-09), np.float64(5.937887006672459e-10), np.float64(9.242390411109097e-10), np.float64(1.2688556207232262), np.float64(1.5459162970888278), np.float64(3.675397692749839e-12), np.float64(2.1643130352705446e-09), np.float64(1.361245627835456e-09), np.float64(7.349953384202359e-12), np.float64(9.33117397089581e-12), np.float64(1.3400249044152765e-09), np.float64(0.9593703929781628), np.float64(1.6516173912581726e-09), np.float64(2.3030008437670405e-09), np.float64(5.935492528255632e-10), np.float64(3.67537553304057e-12), np.float64(1.1882687301856412), np.float64(2.673422204520079e-09), np.float64(2.7778756082660657e-09), np.float64(2.541512360489669e-09), np.float64(2.777788015858766e-09), np.float64(1.7826657169134874e-09), np.float64(1.7204264505039589e-09), np.float64(1.7943072620282528e-09), np.float64(5.9952534219406785e-09), np.float64(2.0069595699499876e-09), np.float64(5.044495971258239e-10), np.float64(6.332297861678795e-10), np.float64(5.337254305780274e-10), np.float64(2.205252264324775e-09), np.float64(2.480609119933257e-09), np.float64(2.0461569648855247e-09), np.float64(1.7812773490722922e-09), np.float64(6.97957844112465e-10), np.float64(1.101814101833549), np.float64(3.750794127050658e-09), np.float64(0.585304822725958), np.float64(4.115512300876238e-09), np.float64(1.7867704828148196e-09), np.float64(3.5769488219886835e-09), np.float64(2.12374887151509e-09), np.float64(5.915788255098186e-10), np.float64(2.006712711825957e-09), np.float64(6.970450247592365e-10), np.float64(4.10812534091698e-09), np.float64(1.5363097115989e-09), np.float64(1.7812533002942693e-09), np.float64(5.780218841124312e-10), np.float64(2.7660670350700182e-09), np.float64(2.9874819300678853e-09), np.float64(1.251522022655041e-09), np.float64(2.001081841473508e-09), np.float64(1.4753548043972197e-09), np.float64(1.715577124056393e-09), np.float64(2.12023165065e-09), np.float64(2.6719040811678014e-09), np.float64(1.4784127506451598e-09), np.float64(2.1214015808060843e-09), np.float64(1.6636987285778227e-09), np.float64(1.492983039291885e-09), np.float64(6.318968377473974e-10), np.float64(1.2450379393924327), np.float64(2.1231574143701116e-09)]]"
6,10000,4,5.857392081489646e-08,0.14625167846679688,2.7395989785330056e-16,10.4,True,2.0093523340164303,"[[np.float64(44.627903047599844), np.float64(20.135632039746408), np.float64(19.024687207691816), np.float64(8.821977542343861), np.float64(2.9593970289875364), np.float64(1.2443870019266476), np.float64(0.7000075387153178), np.float64(0.35650063275933175), np.float64(0.11772767549852049), np.float64(0.013602206673710458), np.float64(0.00017595578288059576)], [np.float64(43.36809233767399), np.float64(18.47432583867954), np.float64(18.517027909377518), np.float64(8.467883960280934), np.float64(2.6484853662851133), np.float64(0.9393874038653879), np.float64(0.4538252879881165), np.float64(0.18449761299693035), np.float64(0.03497265584391856), np.float64(0.0012192731252662558), np.float64(1.2063574043187612e-06)], [np.float64(43.028509806808685), np.float64(19.30674504667965), np.float64(18.77328195397109), np.float64(8.63893331601014), np.float64(2.6813147974121914), np.float64(0.8371056204191528), np.float64(0.3206404225289588), np.float64(0.0751393999199712), np.float64(0.004701560845756253), np.float64(1.9642892981820686e-05)], [np.float64(46.71793848995817), np.float64(28.548930440127926), np.float64(15.71876127805417), np.float64(6.583038928181456), np.float64(2.37548916203289), np.float64(1.0762574974142682), np.float64(0.5200189554990045), np.float64(0.199653050109899), np.float64(0.03716186373415628), np.float64(0.001363884073198553), np.float64(1.5465357621263577e-06)], [np.float64(41.87936288894124), np.float64(26.9015743710238), np.float64(14.868456841014137), np.float64(5.8011998412756665), np.float64(1.6544017274027623), np.float64(0.5314518215608848), np.float64(0.12759762749853482), np.float64(0.0103483542648661), np.float64(7.87000072483419e-05)]]"
7,10000,8,99.03119644048948,12.052674674987793,820.614562939244,907.4,False,1.2128242094356767,"[[np.float64(1.7558777733082223), np.float64(0.001699310180313515), np.float64(0.003780872119073578), np.float64(0.0022756562622402946), np.float64(0.0031321016230779365), np.float64(0.0043099647321737135), np.float64(0.0035152771474112176), np.float64(0.004897003143317242), np.float64(0.003087352147992143), np.float64(0.0019026540267539685), np.float64(0.001916926414554882), np.float64(0.00358490722762261), np.float64(0.004442743979942677), np.float64(0.004438593015821238), np.float64(0.0057804892114152965), np.float64(0.00621149898516623), np.float64(0.004565461072382795), np.float64(1.737397321995448), np.float64(0.001475615419585515), np.float64(0.006549651188330345), np.float64(0.001924141141834334), np.float64(0.006903848822138066), np.float64(1.7121645941471184), np.float64(0.003971223766331577), np.float64(0.004222304057337421), np.float64(0.009050155631309004), np.float64(0.004458580834022027), np.float64(0.00269943654114428), np.float64(0.0052615177946441554), np.float64(1.4730142762494274), np.float64(0.008006718267810334), np.float64(0.00850766750868897), np.float64(0.0036386403200542004), np.float64(0.0048726153111802555), np.float64(0.008110707950258651), np.float64(0.0045695738339458425), np.float64(0.003855870850710444), np.float64(0.008003135905606385), np.float64(0.004269895162947225), np.float64(0.00406759524937376), np.float64(0.0053740945132956935), np.float64(0.004917722472586929), np.float64(0.004962627745584414), np.float64(0.009450769290707782), np.float64(0.005078283407500268), np.float64(0.0045319161399717325), np.float64(0.00456864605963433), np.float64(0.004785189541574397), np.float64(0.004179700739849605), np.float64(0.004077992850605917), np.float64(0.005228057313867001), np.float64(0.0066045564442126226), np.float64(0.0054372653280803165), np.float64(0.0047056419993893725), np.float64(0.004311754571640326), np.float64(0.003995734704980676), np.float64(0.004468488512883347), np.float64(1.4611120829322228), np.float64(0.004595909256640194), np.float64(0.004674555414566966), np.float64(0.004395164809724819), np.float64(0.00472306472949569), np.float64(0.004048323320479212), np.float64(0.007370122991030059), np.float64(0.0046921583030525), np.float64(0.004672215184671707), np.float64(0.005752629235508166), np.float64(1.2915167807954988), np.float64(0.004880764737743423), np.float64(0.004779146380922636), np.float64(0.0045947697473142125), np.float64(0.00813784362561093), np.float64(0.005062870992865367), np.float64(0.0046385549526992325), np.float64(0.009402830451525034), np.float64(0.006168254288176823), np.float64(0.002549222892208366), np.float64(0.006154343410988268), np.float64(0.006245353689236527), np.float64(1.9532641076173811), np.float64(0.0042551919514289705), np.float64(0.0048567682054037565), np.float64(0.005308063406339838), np.float64(0.008348145059514945), np.float64(0.004252973760309305), np.float64(0.004854434729790514), np.float64(0.003259449252839734), np.float64(0.004662673551644414), np.float64(0.005272780414665799), np.float64(0.004662749835854104), np.float64(0.005051988926138425), np.float64(0.010092655131779732), np.float64(0.005473456034832886), np.float64(0.007968768002511638), np.float64(0.006477796537689832), np.float64(0.0033804611941241785), np.float64(1.3920544436540485), np.float64(0.0012961284588345644), np.float64(0.005040836044731266), np.float64(0.00707333113513008), np.float64(0.009744647795910121), np.float64(0.0029468871596311707), np.float64(0.001518572654760867), np.float64(0.004661570990911582), np.float64(0.0012890714992339174), np.float64(0.0025990451026950095), np.float64(0.005824264543719515), np.float64(0.0031267966842901448), np.float64(0.002920701509530397), np.float64(0.0053323271972736), np.float64(0.010269815942126382), np.float64(0.00446466153333076), np.float64(0.004242885689261679), np.float64(0.006755063472014439), np.float64(0.003051963001437727), np.float64(0.0022246574454561434), np.float64(0.0032922712075922175), np.float64(1.1146466798869696), np.float64(0.0031262444909025753), np.float64(0.0031600638428231644), np.float64(0.005061723452698887), np.float64(0.0029420387388215566), np.float64(0.0074767643340671285), np.float64(1.4071401127449377), np.float64(2.110049218971082), np.float64(0.007746241209380995), np.float64(0.007412113867952207), np.float64(0.003572484713849915), np.float64(0.00640157844863352), np.float64(0.0027453830849071227), np.float64(0.0038460287672927407), np.float64(0.0022348937213955374), np.float64(0.004688798311464488), np.float64(0.005184796330572405), np.float64(0.003653164545417071), np.float64(0.0051943918743176136), np.float64(0.008156854959420557), np.float64(0.005371285312122406), np.float64(0.004088616017373919), np.float64(0.005926960835093677), np.float64(0.0066393973841061115), np.float64(0.003999983505758247), np.float64(0.0050172357216905035), np.float64(0.006409131563957513), np.float64(0.0071393810682959915), np.float64(0.006766938577030221), np.float64(0.007825496955367434), np.float64(0.0023205594432132264), np.float64(0.010672197467448014), np.float64(0.005618201018959911), np.float64(0.005012500936754454), np.float64(0.005309041458197484), np.float64(0.004200839846540368), np.float64(1.2236866301833977), np.float64(0.008175176493142708), np.float64(0.003279487554466489), np.float64(0.0021214745678995207), np.float64(0.005755316763031249), np.float64(0.0012705578790065167), np.float64(0.008985301673310965), np.float64(0.0116191947328069), np.float64(0.0049992802826146045), np.float64(0.006736894256130336), np.float64(1.1953468805459282), np.float64(0.008251126251497477), np.float64(0.0090431039233371), np.float64(0.003112756344132313), np.float64(0.0027241705307235295), np.float64(0.009039201029079801), np.float64(0.0033026727873199675), np.float64(0.0048648488643625865), np.float64(0.006572552769971238), np.float64(0.004962314367319769), np.float64(0.008105893339132792), np.float64(0.003456014925514732), np.float64(0.007648157301949971), np.float64(0.005507828165125627), np.float64(0.007699039403324113), np.float64(0.003997853344079293), np.float64(0.008033152730052895), np.float64(0.007078817832491316), np.float64(0.003996897617802896), np.float64(0.006226067659821199), np.float64(0.008222805841730033), np.float64(0.002433762917107201), np.float64(0.008059721048332628), np.float64(1.722378446120127), np.float64(0.0018262417600944769), np.float64(0.010147480721971821), np.float64(0.010309823768320674), np.float64(0.005714882546202142), np.float64(0.009300263105275248), np.float64(0.0075191692238656), np.float64(0.010694996277696845), np.float64(0.005394363540060034), np.float64(0.008277667838266138), np.float64(0.00514915774166493), np.float64(0.007261054024326255), np.float64(0.0031255680493966595), np.float64(0.0037711943775669632), np.float64(0.014577507192554162), np.float64(1.6246679332842222), np.float64(0.008506267079337946), np.float64(0.008802581689833522), np.float64(0.006471267186568805), np.float64(0.0047823717012342145), np.float64(0.008984833710441172), np.float64(0.009613782139153412), np.float64(0.007907655754160256), np.float64(0.006417042911179348), np.float64(0.00477858764156418), np.float64(0.009259928617616202), np.float64(0.011203110882328282), np.float64(0.007946839939753245), np.float64(0.004947376188141974), np.float64(0.009484375893037918), np.float64(0.007139627949687319), np.float64(0.0026264462665484957), np.float64(0.0022763706899740217), np.float64(0.002659888017051978), np.float64(0.007818381906305445), np.float64(0.015003629820455071), np.float64(1.2110459439167593), np.float64(0.009845146763530358), np.float64(0.010252268962581093), np.float64(0.010949752869012784), np.float64(0.010658762365129611), np.float64(0.011092227744187708), np.float64(0.008489686700305922), np.float64(0.004742341689534609), np.float64(0.009622325799387318), np.float64(0.013696127713342091), np.float64(0.007878670874338058), np.float64(0.008269413703481325), np.float64(0.006756778243831076), np.float64(0.00997869990500065), np.float64(0.0042203674457775165), np.float64(0.00550044799803854), np.float64(0.012803388116588413), np.float64(0.010043423848500795), np.float64(0.017693706614357402), np.float64(0.0062424718033970315), np.float64(0.008962901439906095), np.float64(0.009502578129331718), np.float64(0.008231167565565693), np.float64(0.01744153110593487), np.float64(0.009415893641674307), np.float64(0.004639103642704274), np.float64(0.009759348849577916), np.float64(0.011562409845886886), np.float64(0.009754574550087488), np.float64(0.012222710108410138), np.float64(0.01320985507365705), np.float64(0.009660872132114052), np.float64(0.013253394402348394), np.float64(0.011098119867207774), np.float64(0.008967589734559278), np.float64(0.007410008479450412), np.float64(0.008444869604060788), np.float64(0.006858788169289866), np.float64(0.0071851731882793994), np.float64(0.005543428114524633), np.float64(0.0045109803241956395), np.float64(0.010166609460716727), np.float64(0.010501863978156495), np.float64(0.004002991239902723), np.float64(0.013064306343053157), np.float64(0.008452886801601271), np.float64(0.011142879359471487), np.float64(0.004775483273558386), np.float64(0.016006696600984496), np.float64(0.010148173984731964), np.float64(0.008360567125444963), np.float64(0.01014504810613825), np.float64(0.004954591090204016), np.float64(0.011704329611093588), np.float64(0.011051315530430122), np.float64(0.005457843143229718), np.float64(0.008995302083086078), np.float64(0.005299448334731726), np.float64(0.011199815588204315), np.float64(0.005414334124440493), np.float64(0.00974455992607253), np.float64(0.005433561412723369), np.float64(0.005534408815920252), np.float64(0.006682189927760838), np.float64(0.012278670570982336), np.float64(0.01278116984981125), np.float64(0.012800026607476372), np.float64(0.013015824580867382), np.float64(0.01222889684648865), np.float64(0.012614299902711306), np.float64(0.013851226298905025), np.float64(0.012707128314778519), np.float64(0.011075257633507394), np.float64(0.01402429232457476), np.float64(0.012380997052638993), np.float64(0.011720751367438555), np.float64(0.010768618264370623), np.float64(0.012452088741954715), np.float64(0.013560184423182057), np.float64(0.006529315956968653), np.float64(0.011575557692595011), np.float64(0.008014881827717035), np.float64(0.010570527165869165), np.float64(0.025035471718144554), np.float64(0.01654077150989561), np.float64(0.008316139062495072), np.float64(0.012372710646179468), np.float64(0.013128515228225515), np.float64(0.01548809152372262), np.float64(0.014798679033809619), np.float64(0.011945944739413336), np.float64(0.010944130065311305), np.float64(0.010942841267234969), np.float64(0.01348512244774994), np.float64(0.011032866732024214), np.float64(0.021644396403359217), np.float64(0.008258399836553146), np.float64(0.008775129539379319), np.float64(0.010747076935624898), np.float64(0.017882639523477288), np.float64(0.01960037210491362), np.float64(0.015495268261624402), np.float64(0.011608311730693871), np.float64(0.005966414168574589), np.float64(0.011567308380144945), np.float64(0.007559702819157875), np.float64(0.008963446653050924), np.float64(0.011825663565554758), np.float64(0.017613023180822817), np.float64(0.012338360195048435), np.float64(0.021246746445041487), np.float64(0.019533453056354906), np.float64(0.019284660887565627), np.float64(0.0190510355231202), np.float64(0.013430773112518734), np.float64(0.016922191939444206), np.float64(0.010421499149500068), np.float64(0.017075412171617232), np.float64(0.01423897202725121), np.float64(0.014658689103930594), np.float64(0.02351349169657981), np.float64(0.010401316927147334), np.float64(0.014986618232018481), np.float64(0.01913661326538495), np.float64(0.011758000286356955), np.float64(0.00744486904583404), np.float64(0.02455903776369532), np.float64(0.011528583292993621), np.float64(0.023978152433591617), np.float64(0.019916352049377428), np.float64(0.021060981163336195), np.float64(0.015805196641857987), np.float64(0.014093961965575656), np.float64(0.012153847682803767), np.float64(0.025059629042050686), np.float64(0.013469926061795959), np.float64(0.017430712933166982), np.float64(0.01524957713762512), np.float64(0.02253070693818265), np.float64(0.021686086673494073), np.float64(0.01698977062672127), np.float64(0.021170333135911476), np.float64(0.00946356432249099), np.float64(0.018046976634909857), np.float64(0.01816943951068611), np.float64(0.01929794110120583), np.float64(0.02529749622148167), np.float64(0.01911447682264099), np.float64(0.022282547486432575), np.float64(0.010474525987838268), np.float64(0.02167144540052172), np.float64(0.02649419426641675), np.float64(0.01950859079602954), np.float64(0.016665964078057816), np.float64(0.025315946705394086), np.float64(0.028722604096600015), np.float64(0.022511930932573705), np.float64(0.02295918223051059), np.float64(0.02606531689429864), np.float64(0.01649886856301714), np.float64(0.02356026521368444), np.float64(0.02087477301328405), np.float64(0.01926509905920689), np.float64(0.022430427776262734), np.float64(0.02833481565380723), np.float64(0.03302094740566083), np.float64(0.020316049335877297), np.float64(0.019160379133106004), np.float64(0.021159433281206078), np.float64(0.027945053585727034), np.float64(0.042698229860366595), np.float64(0.022395171710040136), np.float64(0.028603685211225496), np.float64(0.021756418567726556), np.float64(0.031110588312267557), np.float64(0.027445126557905365), np.float64(0.021742031427548873), np.float64(0.03716363075089671), np.float64(0.057590384069260536), np.float64(0.02279015777684356), np.float64(0.021597267151228762), np.float64(0.01886352361392526), np.float64(0.022690468769348687), np.float64(0.02122904774290908), np.float64(0.02849509972225224), np.float64(0.04003588352780343), np.float64(0.03571294481347503), np.float64(0.022265431326295992), np.float64(0.016156441733294547), np.float64(0.02545666564349531), np.float64(0.028510175090349747), np.float64(0.01743407217162855), np.float64(0.030687318260373787), np.float64(0.019825343340785315), np.float64(0.032150117330665764), np.float64(0.015252535299678734), np.float64(0.030300402929965477), np.float64(0.020683301873661537), np.float64(0.03251331697492753), np.float64(0.04617582358048844), np.float64(0.018316481179995524), np.float64(0.033855244232100526), np.float64(0.022278931118181553), np.float64(0.04082248689463979), np.float64(0.026317412564403037), np.float64(0.042558931582469046), np.float64(0.01435459964233118), np.float64(0.024981466406642335), np.float64(0.01824672196196185), np.float64(0.03169980596155486), np.float64(0.0316623702958132), np.float64(0.0249595579664715), np.float64(0.03796637000390979), np.float64(0.04356007904625827), np.float64(0.035079390267297235), np.float64(0.03412028292217482), np.float64(0.03793066582818795), np.float64(0.03806281673831334), np.float64(0.037655211438243394), np.float64(0.05703140658503344), np.float64(0.028482738247522323), np.float64(0.013083076738227487), np.float64(0.016676497593529488), np.float64(0.01657920666447903), np.float64(0.08243119250241328), np.float64(0.015549713536701917), np.float64(0.03678984734429723), np.float64(0.0400418574549383), np.float64(0.03719427421490051), np.float64(0.035481963985632435), np.float64(0.04448256732754722), np.float64(0.03086822287736067), np.float64(0.03857868753063472), np.float64(0.030790955816840958), np.float64(0.030762795939671413), np.float64(0.02176883860822129), np.float64(0.056769326699371875), np.float64(0.02583872324447182), np.float64(0.03061922895292495), np.float64(0.030590721818706475), np.float64(0.015284259805853132), np.float64(0.03290310629447303), np.float64(0.04669501919150132), np.float64(0.024636054594357665), np.float64(0.028292586230077046), np.float64(0.02618021891051172), np.float64(0.03794060262214131), np.float64(0.025128299336064593), np.float64(0.028348010013711622), np.float64(0.01583477191820505), np.float64(0.0325648340413398), np.float64(0.04140747051988309), np.float64(0.04139851456037196), np.float64(0.022214282400396215), np.float64(0.033241617703884126), np.float64(0.03998745411255194), np.float64(0.019031811116925982), np.float64(0.03597312382360983), np.float64(0.05983032998091245), np.float64(0.033134947875224245), np.float64(0.02512483700488062), np.float64(0.08563608978310837), np.float64(0.06457821528791612), np.float64(0.04905960942067721), np.float64(0.052817273461693175), np.float64(0.035891744703764814), np.float64(0.051314053016885484), np.float64(0.02569188069242459), np.float64(0.02761294125042602), np.float64(0.04131594531469937), np.float64(0.04044485471093133), np.float64(0.035161358952900616), np.float64(0.030430763193277453), np.float64(0.03658777274613171), np.float64(0.01921051274341975), np.float64(0.03626775701792333), np.float64(0.027483179642990855), np.float64(0.03632360456917316), np.float64(0.06596285808464829), np.float64(0.04024836820121467), np.float64(0.035695081904865346), np.float64(0.039332625399389115), np.float64(0.03464825760832277), np.float64(0.034606801219264585), np.float64(0.03915073461258446), np.float64(0.03451416788833134), np.float64(0.034473028566467764), np.float64(0.034427887063880704), np.float64(0.036913340615400254), np.float64(0.029032453887462183), np.float64(0.04762501736186758), np.float64(0.03951782301110417), np.float64(0.038650408936493165), np.float64(0.035475020923562244), np.float64(0.11921457940411118), np.float64(0.017922312865531295), np.float64(0.049082823892547374), np.float64(0.03890491371422278), np.float64(0.03512762141498782), np.float64(0.03876456918275334), np.float64(0.03531724346035994), np.float64(0.03162737148785436), np.float64(0.046581742766264575), np.float64(0.08023328644221747), np.float64(0.03738125269669146), np.float64(0.03012899894898968), np.float64(0.028000635936467157), np.float64(0.036456689621026335), np.float64(0.033329053055009036), np.float64(0.026798343072605795), np.float64(0.03012988791030722), np.float64(0.03321925506833349), np.float64(0.033178821348041884), np.float64(0.03314120662705726), np.float64(0.047264679658997576), np.float64(0.1158094506680865), np.float64(0.03289978679274723), np.float64(0.09055303350357172), np.float64(0.032750282991225434), np.float64(0.03962746673621645), np.float64(0.03566140407400942), np.float64(0.031839923502523945), np.float64(0.04657004729033365), np.float64(0.03559557850982843), np.float64(0.037203245272036646), np.float64(0.03614629804684338), np.float64(0.03709134233379077), np.float64(0.049163151923378307), np.float64(0.03219553054083708), np.float64(0.07565056141897322), np.float64(0.041660487212812854), np.float64(0.053530771148737666), np.float64(0.03664484523583339), np.float64(0.12118758489956484), np.float64(0.03185739071103791), np.float64(0.03616462384012518), np.float64(0.07627389126836755), np.float64(0.07283332084898567), np.float64(0.04398037713986337), np.float64(0.0354824797245471), np.float64(0.07510240189068045), np.float64(0.05248900885388237), np.float64(0.01457472198140755), np.float64(0.0316631103555985), np.float64(0.032013351032631025), np.float64(0.03470194304023399), np.float64(0.044667816314502715), np.float64(0.016655584600748122), np.float64(0.020600562682946258), np.float64(0.16398934153442457), np.float64(0.03508941353585634), np.float64(0.01642391645665511), np.float64(0.03175669465412227), np.float64(0.04832834464397258), np.float64(0.07772801042969496), np.float64(0.03401127696027931), np.float64(0.023442069886214213), np.float64(0.08351497288726144), np.float64(0.03493761384890112), np.float64(0.04033873304904087), np.float64(0.0309512265655387), np.float64(0.034477262377183446), np.float64(0.025522680936223657), np.float64(0.12886915455193032), np.float64(0.042455157924347876), np.float64(0.23979096968392272), np.float64(0.10011353589921534), np.float64(0.0492093833701672), np.float64(0.09446940200147357), np.float64(0.03409188011495881), np.float64(0.04162709346164037), np.float64(0.027843451298837186), np.float64(0.029060491182573357), np.float64(0.03330690412886447), np.float64(0.01932055013080541), np.float64(0.1779077252908481), np.float64(0.0694136902525963), np.float64(0.045294650081164935), np.float64(0.10056062767225196), np.float64(0.0340418242046342), np.float64(0.11735616349242224), np.float64(0.027836313621280577), np.float64(0.21518703439270992), np.float64(0.12343065015959806), np.float64(0.02748104237841899), np.float64(0.030159923361518414), np.float64(0.023943609466623432), np.float64(0.031846628387700755), np.float64(0.05084627100482667), np.float64(0.031733307296655675), np.float64(0.06690237162029368), np.float64(0.2616332412295736), np.float64(0.02488629421251974), np.float64(0.024595329564565106), np.float64(0.09101474866325289), np.float64(0.1393615112037147), np.float64(0.1909443808039251), np.float64(0.06480429101171091), np.float64(0.08392342798321754), np.float64(0.04425518830684378), np.float64(0.16560762404007615), np.float64(0.06387520401926348), np.float64(0.03524323981945486), np.float64(0.0636234882442835), np.float64(0.02991669946646641), np.float64(0.03212664089610271), np.float64(0.05830223254201297), np.float64(0.06315194761680441), np.float64(0.026480284966304838), np.float64(0.06659211642545153), np.float64(0.020858163533633716), np.float64(0.06270086259082977), np.float64(0.026401464927436957), np.float64(0.020044315237808814), np.float64(0.05261325970130863), np.float64(0.02932264367330394), np.float64(0.029285655930726077), np.float64(0.035028762181473744), np.float64(0.05687590797627518), np.float64(0.14217307325992629), np.float64(0.02089515248653818), np.float64(0.02714294223022194), np.float64(0.10653155191897032), np.float64(0.014253045403819909), np.float64(0.028739392687990237), np.float64(0.03054947107432335), np.float64(0.0351066116521336), np.float64(0.05042082401355123), np.float64(0.06364984900691441), np.float64(0.10802501095065939), np.float64(0.04742157105747433), np.float64(0.020531870313724682), np.float64(0.06431183354907832), np.float64(0.030029288722240977), np.float64(0.01724139455393359), np.float64(0.03786921560727881), np.float64(0.06745797486805885), np.float64(0.021912187419862648), np.float64(0.02795828501697641), np.float64(0.05272006504976318), np.float64(0.07992957862288766), np.float64(0.032538091644148795), np.float64(0.1810925506897668), np.float64(0.01938054508376884), np.float64(0.13628357688956), np.float64(0.19717489292195314), np.float64(0.0320015196657943), np.float64(0.14129412572880767), np.float64(0.06621922217490578), np.float64(0.03206866710311212), np.float64(0.06518304829806415), np.float64(0.0380519346851929), np.float64(0.04195749638068556), np.float64(0.02841850189453246), np.float64(0.08248645153223479), np.float64(0.08524642913369761), np.float64(0.06275831658091575), np.float64(0.027864589428877266), np.float64(0.05160240522431833), np.float64(0.09584017168457393), np.float64(0.01986668338528584), np.float64(0.027885786742124524), np.float64(0.07387124198260865), np.float64(0.10352900256302053), np.float64(0.027644920484244224), np.float64(0.06557998008770778), np.float64(0.07745859966107643), np.float64(0.03444801676683667), np.float64(0.03556755568009828), np.float64(0.027284833939863282), np.float64(0.03287676911352459), np.float64(0.025445924858224875), np.float64(0.05411832636230846), np.float64(0.17354596865006114), np.float64(0.02700802729891457), np.float64(0.025219433099580548), np.float64(0.2173728006726341), np.float64(0.03337125712590922), np.float64(0.11955171107238921), np.float64(0.06958790973729338), np.float64(0.05519215283200603), np.float64(0.10352721236102407), np.float64(0.06114342901408094), np.float64(0.024206381285196095), np.float64(0.06475703526114959), np.float64(0.054281058684410285), np.float64(0.10422918723009478), np.float64(0.017494132009342488), np.float64(0.024059904435274178), np.float64(0.1315289949557458), np.float64(0.037036969384179), np.float64(0.2539324219526573), np.float64(0.1462521136478646), np.float64(0.2690845492602326), np.float64(0.06461216494018203), np.float64(0.2323816676519645), np.float64(0.02280568107791222), np.float64(0.03585483183598608), np.float64(0.05464085083262546), np.float64(0.05480027678374299), np.float64(0.055110527294841075), np.float64(0.022572566045896914), np.float64(0.01936456186756414), np.float64(0.1114464723432883), np.float64(0.02241411641979214), np.float64(0.13805359174142845), np.float64(0.026245461814994597), np.float64(0.061730310235361976), np.float64(0.02835135008616067), np.float64(0.04075451878730537), np.float64(0.14684376629938048), np.float64(0.17592507553801823), np.float64(0.060257727894894975), np.float64(0.02169211829811181), np.float64(0.02775566795514847), np.float64(0.059904693780336166), np.float64(0.059709958848605894), np.float64(0.07094709073781404), np.float64(0.0726227477662303), np.float64(0.05905813066628546), np.float64(0.029177939788511055), np.float64(0.2063028781006763), np.float64(0.012628142678028169), np.float64(0.05809941192037818), np.float64(0.0385898717212679), np.float64(0.02984950550271084), np.float64(0.030077295039012856), np.float64(0.059519665644382554), np.float64(0.05407378144141868), np.float64(0.15334557831849766), np.float64(0.030329707671167373), np.float64(0.12077161859781146), np.float64(0.030880760478752177), np.float64(0.015935593659264037), np.float64(0.029721206545650667), np.float64(0.023601617936456366), np.float64(0.06189031015777091), np.float64(0.03167959556061695), np.float64(0.020330546739304935), np.float64(0.1030393090659589), np.float64(0.019207160396833775), np.float64(0.0331638510806605), np.float64(0.062470154347695955), np.float64(0.10556708828491407), np.float64(0.184508137845961), np.float64(0.1865826376521527), np.float64(0.05362103980048634), np.float64(0.33206988477478483), np.float64(0.026288372889240224), np.float64(0.03159616227653469), np.float64(0.023199785610100745), np.float64(0.106778552351457), np.float64(0.03244057858983438), np.float64(0.027362663978914868), np.float64(0.03465170579062579), np.float64(0.019037743944384164), np.float64(0.019020805290978823), np.float64(0.19734610514855472), np.float64(0.03241903891643401), np.float64(0.032340728254409166), np.float64(0.018761368743547658), np.float64(0.01874513310979462), np.float64(0.05076809488942014), np.float64(0.2282246610271524), np.float64(0.01847325816044798), np.float64(0.10279427053911959), np.float64(0.019854957013358338), np.float64(0.014282577817184491), np.float64(0.012210502836154382), np.float64(0.01445350024948193), np.float64(0.015030581703576488), np.float64(0.03142751954181559), np.float64(0.05718993069978153), np.float64(0.02325493978954254), np.float64(0.06718337641536433), np.float64(0.020716633861576607), np.float64(0.11882186608014945), np.float64(0.06141005273349858), np.float64(0.3642520160117254), np.float64(0.38370418751099306), np.float64(0.05818529057471001), np.float64(0.058374607130405966), np.float64(0.04119976650259596), np.float64(0.030947427611047778), np.float64(0.02300511221130773), np.float64(0.032947800142366084), np.float64(0.08841996834237481), np.float64(0.07257280837375521), np.float64(0.043164789645381674), np.float64(0.014726655767386574), np.float64(0.026605787414545064), np.float64(0.04520921484157025), np.float64(0.428604750950631), np.float64(0.022017124131384663), np.float64(0.027103807703463413), np.float64(0.16778899084872226), np.float64(0.2880050880358737), np.float64(0.14903308230579837), np.float64(0.029984430554408387), np.float64(0.03045006451460005), np.float64(0.026489626878193936), np.float64(0.2713438552685603), np.float64(0.06651076659626169), np.float64(0.017335201342871094), np.float64(0.11283694204700483), np.float64(0.027035935131002106), np.float64(0.06043925152268274), np.float64(0.11266606343290424), np.float64(0.027452672776000053), np.float64(0.024084667562403062), np.float64(0.04051100409084847), np.float64(0.030235231547836288), np.float64(0.024888706534332256), np.float64(0.023135580119130392), np.float64(0.01712122780322325), np.float64(0.0625234180795839), np.float64(0.05432517331091305), np.float64(0.053098205143178194), np.float64(0.04638538528609829), np.float64(0.1506177879503195), np.float64(0.05910237907865679), np.float64(0.15544348329071492), np.float64(0.19672180844353454), np.float64(0.06198365503337287), np.float64(0.0145044269177538), np.float64(0.3154825362233322), np.float64(0.023490122260740078), np.float64(0.038258631913978006), np.float64(0.04043293134247167), np.float64(0.007482526557683226), np.float64(0.024378761681400414), np.float64(0.037256724925463856), np.float64(0.01800971705089342), np.float64(0.06784318606207028), np.float64(0.02493634873782157), np.float64(0.21944836419090638), np.float64(0.08492538412885654), np.float64(0.24198425867959344), np.float64(0.03585023853087258), np.float64(0.03569124760336017), np.float64(0.034936483906877314), np.float64(0.027535274856373044), np.float64(0.0865100399705954), np.float64(0.03530647668242485), np.float64(0.0877428834088011), np.float64(0.03505313610748335), np.float64(0.09054065640523709), np.float64(0.0790308837391558), np.float64(0.34891496194767413), np.float64(0.021684229041866183), np.float64(0.1808941088045872), np.float64(0.014815225009893017), np.float64(0.0756801828052426), np.float64(0.046688976928665596), np.float64(0.12201334468141388), np.float64(0.16653177885909906), np.float64(0.577123743618391), np.float64(0.11390167372818573), np.float64(0.03305933338923722), np.float64(0.10238770476552703), np.float64(0.021625838250113764), np.float64(0.23230364275554977), np.float64(0.11479589580740066), np.float64(0.03260839726442745), np.float64(0.024214209806196214), np.float64(0.013471578506987407), np.float64(0.30596211500419646), np.float64(0.10021956777557096), np.float64(0.46162355363557267), np.float64(0.0066349138457384065), np.float64(0.5910156685575317), np.float64(0.07639019577766692), np.float64(0.008803341482631557), np.float64(0.012251770522890008), np.float64(0.022379339253902043), np.float64(0.016730034947871047), np.float64(0.05049638221392006), np.float64(0.012177365442783557), np.float64(0.02728796570898851), np.float64(0.10545372890269682), np.float64(0.0270619172710906), np.float64(0.027019106583348437), np.float64(0.01637615883836265), np.float64(0.012019252142983747), np.float64(0.1213321902952754), np.float64(0.06643245648096498), np.float64(0.2405395942086527), np.float64(0.12237821932300547), np.float64(0.20654492055111143), np.float64(0.011464890413630704), np.float64(1.089487235547788), np.float64(0.4871544625125173), np.float64(0.20181166775685505), np.float64(0.088766443981377), np.float64(0.022807840565763998), np.float64(0.01139185459386095), np.float64(0.010184316419745619), np.float64(0.022745858769871147), np.float64(0.010163952921064593), np.float64(0.010157939911105933), np.float64(0.08858037952895095), np.float64(0.1222809183154586), np.float64(0.133835791271272), np.float64(0.032180127835226696), np.float64(0.30942824095577864), np.float64(0.014932289556921864), np.float64(0.008755534903149112), np.float64(0.19889513560817368), np.float64(0.08788127138587262), np.float64(0.009543471822761416), np.float64(0.16682413761217918), np.float64(0.13724504537681856), np.float64(0.02735762339082327), np.float64(0.08762191082720938), np.float64(0.5077140029065084), np.float64(0.033222476827860344), np.float64(0.08707457758559305), np.float64(0.26604637651452173), np.float64(0.04667976558159245), np.float64(0.04872656959559967), np.float64(0.026363029442578307), np.float64(0.9514708520820564), np.float64(0.022779906586316248), np.float64(0.0412481363957655), np.float64(0.02771325949488083), np.float64(0.050332735823905954), np.float64(0.3326434374049924), np.float64(0.3511017057564992), np.float64(0.3220656755285331), np.float64(0.06525534474937135), np.float64(0.340991812299388), np.float64(0.0670367196241141), np.float64(0.21844289073500464), np.float64(0.022195438764714918), np.float64(0.024713029030038056), np.float64(0.08321750574674108), np.float64(0.3223439648600551), np.float64(0.1996099445785903), np.float64(0.03996044624419639), np.float64(0.5831668461207744), np.float64(0.44486368791806635), np.float64(0.3283141944066409), np.float64(0.04600278248213064), np.float64(0.4552919575550001), np.float64(0.06050539479688841), np.float64(0.05980689223070279), np.float64(0.032226752072807285), np.float64(0.06504973912660919), np.float64(0.2940046752299571), np.float64(0.08615098388120815), np.float64(0.3305228571685251), np.float64(0.2606142914561546), np.float64(0.558400995730848), np.float64(0.3284390744475265), np.float64(0.2930736479883669), np.float64(0.3781069852148261), np.float64(0.3205802618539719), np.float64(1.78467165102685), np.float64(0.23072588769034805), np.float64(0.24595865949671672), np.float64(0.25440214968424985), np.float64(0.5357253451831852), np.float64(0.9366344215762034), np.float64(1.1713785895340663), np.float64(0.8866723402476743), np.float64(1.2056821164010127), np.float64(0.7719832886393203), np.float64(1.2243058961258517), np.float64(1.5377848021666063), np.float64(1.1170583007268424), np.float64(0.25102007659648423), np.float64(0.9546271174781858), np.float64(1.5138309647707124), np.float64(1.2361294093652733), np.float64(0.6221273354597333), np.float64(4.550674223589658), np.float64(0.9780052230037805), np.float64(1.5346116160483387)], [np.float64(0.003151228298897871), np.float64(1.2412304333540598), np.float64(0.004083098299838812), np.float64(0.004501894199360362), np.float64(0.002261470358690547), np.float64(0.0030487372897211487), np.float64(0.004073847273358772), np.float64(0.002078737934532148), np.float64(1.8004096801094773), np.float64(1.416676634396342), np.float64(0.003992635440427201), np.float64(0.003965847837334265), np.float64(0.003179519580779718), np.float64(0.0032138619972383463), np.float64(0.0026698618222838265), np.float64(0.004384708375058987), np.float64(0.0042543391434966315), np.float64(0.00399586229739931), np.float64(0.003008325119945879), np.float64(0.00524325060794809), np.float64(0.004008120158928183), np.float64(0.003073594223198224), np.float64(0.0033516740207584065), np.float64(0.0036340223789381797), np.float64(0.00497983810673924), np.float64(1.2278400134624134), np.float64(0.0031983998543410517), np.float64(0.004493231672874333), np.float64(0.0035094889698738256), np.float64(0.003550814684321169), np.float64(0.0058711748335723395), np.float64(0.002110341955225989), np.float64(0.0032609137548725822), np.float64(0.004364204452723371), np.float64(0.003944469832289672), np.float64(1.9660498782361486), np.float64(0.0043766664204696664), np.float64(0.002746029504337242), np.float64(0.002769178943231209), np.float64(0.0032660997164291905), np.float64(0.0039186892969527145), np.float64(0.004249779337513559), np.float64(0.004314542597444973), np.float64(0.0037446489562500307), np.float64(0.0029832823589996563), np.float64(0.0025641298703405996), np.float64(0.00350392970220908), np.float64(0.004214706341462721), np.float64(1.2473405754548377), np.float64(0.004652545892561018), np.float64(0.007950299801311931), np.float64(0.0038045296339411392), np.float64(0.004726468947919554), np.float64(0.005774052667120894), np.float64(0.005819035815481907), np.float64(0.003721180674472076), np.float64(0.0029899898453835277), np.float64(0.0027230035268067166), np.float64(0.0023425740315570934), np.float64(0.003977229916626455), np.float64(0.004369639905003585), np.float64(0.006153069655258835), np.float64(0.004142624990525506), np.float64(0.004418860752303691), np.float64(0.00502204051451826), np.float64(0.0030194600364078046), np.float64(0.004083204635777965), np.float64(2.1089992711426757), np.float64(0.005044754308483645), np.float64(0.0022291092362736334), np.float64(0.0026609438917589044), np.float64(0.010485438032657664), np.float64(0.004118059806586591), np.float64(0.0022905517867338496), np.float64(0.0057848404251787545), np.float64(0.0029402910395833425), np.float64(0.0042901636614638), np.float64(0.003557338803506013), np.float64(0.003971327059323043), np.float64(0.0024515970947876047), np.float64(0.0042445916783443735), np.float64(0.004302132879411857), np.float64(0.00274969656762184), np.float64(1.0767797095506964), np.float64(0.0044288983586654755), np.float64(0.0037522287945916722), np.float64(0.004344133701928885), np.float64(1.3493147319829155), np.float64(0.007936153449709198), np.float64(0.005878170192209166), np.float64(0.004357356132222508), np.float64(0.0034939971881719966), np.float64(0.0045279202538284205), np.float64(0.004813295989560599), np.float64(0.002551864806907744), np.float64(0.004297065272639752), np.float64(1.2827564176295805), np.float64(1.1778457148984374), np.float64(0.002480736500098037), np.float64(0.006469005141176764), np.float64(0.007579691924089558), np.float64(0.008361967413237586), np.float64(0.0042944626564529196), np.float64(0.010765685507206895), np.float64(0.007923465903970047), np.float64(0.00942650279275257), np.float64(0.007237372683550814), np.float64(0.0033081176015029713), np.float64(0.0054751122195583375), np.float64(0.005351627236401849), np.float64(0.005384736097982121), np.float64(0.0028870515425290216), np.float64(0.00400828986707016), np.float64(0.004724893500338313), np.float64(0.0023374808159378055), np.float64(0.009346166565097846), np.float64(0.0032550947221327226), np.float64(0.006656388655527695), np.float64(0.007457220378503457), np.float64(0.008468961826954747), np.float64(0.00527735064469697), np.float64(0.004519896446938627), np.float64(0.0035904122897986506), np.float64(0.0034301536657341944), np.float64(0.0058525406904978245), np.float64(0.005429056360553201), np.float64(1.5110060792842412), np.float64(0.008622474900925787), np.float64(0.008533318779886969), np.float64(0.0053613576203689174), np.float64(0.00610600000487558), np.float64(0.002335795411092357), np.float64(0.0016692632763884731), np.float64(0.004282640372499419), np.float64(0.0032194788042571656), np.float64(0.0042814040851967316), np.float64(1.720812054577033), np.float64(0.004280839992093882), np.float64(0.006825110306015474), np.float64(0.008486349998456755), np.float64(0.0025814518274472308), np.float64(0.011583881712675648), np.float64(0.006673048868627166), np.float64(0.007059359025945517), np.float64(0.003170062055056895), np.float64(0.00535725591550171), np.float64(0.0033502943334022643), np.float64(0.0058777946333519165), np.float64(0.008071708677957338), np.float64(0.004730608536340085), np.float64(0.006859459549537218), np.float64(0.005565078966317356), np.float64(0.005280503382208131), np.float64(0.007948534674926112), np.float64(1.8821523453613214), np.float64(0.007792903712523641), np.float64(0.0028077472158572754), np.float64(0.011554069804446022), np.float64(0.0063372537821559894), np.float64(0.0042524778252883335), np.float64(0.010410544037720376), np.float64(0.007926411845388705), np.float64(0.006670077926745065), np.float64(0.0028616774321513273), np.float64(0.004408393200069336), np.float64(0.0055853780489003284), np.float64(0.005411960270732347), np.float64(0.0059619809453756775), np.float64(0.008495999386714229), np.float64(0.007176874938367148), np.float64(0.00594893584123757), np.float64(0.006907145299176594), np.float64(0.0044582929186909315), np.float64(1.8787397692249719), np.float64(0.004829744798375179), np.float64(0.0038979078872177107), np.float64(0.007283309093303002), np.float64(0.011108073040658133), np.float64(0.003823138751995575), np.float64(0.011282770210165848), np.float64(0.00761059713949317), np.float64(0.003848086819462387), np.float64(0.007720806999313221), np.float64(0.007471673986185561), np.float64(0.00629675015576325), np.float64(0.010059907785374767), np.float64(0.006960219579358249), np.float64(0.0053130771548374105), np.float64(0.010821533809894557), np.float64(0.009075712457465567), np.float64(0.010490988676828208), np.float64(0.004663572668303977), np.float64(0.010321567664795334), np.float64(0.00702856411102076), np.float64(0.008467909516480542), np.float64(0.005955832047882322), np.float64(0.010571264646220092), np.float64(0.009183537118187772), np.float64(0.007972402648316841), np.float64(0.0102943773352493), np.float64(0.009457313237982155), np.float64(0.007894777465723285), np.float64(0.00811380225831536), np.float64(0.009125501955670103), np.float64(0.005149364275991003), np.float64(0.005538790900519338), np.float64(1.5914205694282895), np.float64(0.009165316602168662), np.float64(0.013304236978583302), np.float64(0.009373188110039279), np.float64(0.012892389561707676), np.float64(0.008611880215591882), np.float64(0.008893502582157013), np.float64(0.005301856663461648), np.float64(0.009741909000367864), np.float64(0.009974104750089034), np.float64(0.011016177809146016), np.float64(0.00506432392470241), np.float64(0.01095660342118203), np.float64(0.008061490461084937), np.float64(0.008034254791596484), np.float64(0.002741134369922318), np.float64(0.010240857729991743), np.float64(0.015026170512771891), np.float64(0.008356372225552876), np.float64(0.010125793499041273), np.float64(0.00608072167719402), np.float64(0.008830734549444679), np.float64(0.010250821496734935), np.float64(0.010693084013959872), np.float64(0.011320846515870842), np.float64(0.010947363222868284), np.float64(0.010243819485663658), np.float64(0.011741018894558848), np.float64(0.010939744766562383), np.float64(0.002883685576623662), np.float64(0.0012144898556082002), np.float64(0.0020305538855128332), np.float64(0.010818605945038265), np.float64(0.007897265694868547), np.float64(0.012213802168539435), np.float64(0.011288787187636791), np.float64(0.0037518362415167026), np.float64(0.010886843884671728), np.float64(0.008097724520048899), np.float64(0.0029118824876273063), np.float64(0.003210568906113297), np.float64(0.009813768396272871), np.float64(0.004223260577118385), np.float64(0.007498227160956821), np.float64(0.01061442571158603), np.float64(0.013096575835903013), np.float64(1.749180509742154), np.float64(0.01181631717347151), np.float64(0.003399863371219009), np.float64(0.012576676638151837), np.float64(0.011881464917732858), np.float64(0.011408194653622843), np.float64(0.003956429030109323), np.float64(0.002222433096749102), np.float64(0.0027485830918902417), np.float64(0.013136837385917088), np.float64(0.013991945401067607), np.float64(0.008047493189120953), np.float64(0.010152101665536935), np.float64(0.0028612824830483424), np.float64(0.01265724786195673), np.float64(0.0028931691452005383), np.float64(0.012926457126876118), np.float64(0.00999931700488234), np.float64(0.004298689840977351), np.float64(0.002966767519165131), np.float64(0.00830237454517255), np.float64(0.015180167453157997), np.float64(0.013489964037758442), np.float64(0.01162450398077888), np.float64(0.003060426299851079), np.float64(0.015387609682972618), np.float64(0.01093062474173965), np.float64(0.013622632612485485), np.float64(0.005182025769334212), np.float64(0.004556257881268904), np.float64(0.0062264030957272605), np.float64(0.0043330172488010976), np.float64(0.005772496719008382), np.float64(0.005369080365584542), np.float64(0.011263459405388454), np.float64(0.004506207725528034), np.float64(0.0026067371519393878), np.float64(0.00876579292767862), np.float64(0.003359273424177353), np.float64(0.003424533526684407), np.float64(0.013647127590272593), np.float64(0.010173102108965073), np.float64(0.0036595571313927933), np.float64(0.01184094352835996), np.float64(0.010312592654785447), np.float64(0.0030202408461277044), np.float64(0.008661915904892951), np.float64(0.01391589974735895), np.float64(0.01340911339538355), np.float64(0.012303461534518693), np.float64(0.01441150020624581), np.float64(0.01249044621225649), np.float64(0.016920657231858774), np.float64(0.0029347948812936844), np.float64(0.011198164613330687), np.float64(0.0054063175286220375), np.float64(0.010259194835476243), np.float64(0.0030636424263209413), np.float64(0.004953949971127098), np.float64(0.0036005043929521947), np.float64(0.0038418829141051917), np.float64(0.00308830033511646), np.float64(0.011134728289630049), np.float64(0.013705586250757703), np.float64(0.005272018121988248), np.float64(0.01374999118955613), np.float64(0.00380133953839833), np.float64(0.014641766043513917), np.float64(0.012014252627976958), np.float64(0.0065180193762484455), np.float64(0.010728659254944926), np.float64(0.005348102059335494), np.float64(0.0061138887768918855), np.float64(0.007401407725962979), np.float64(0.003923663274217733), np.float64(0.010234499785682217), np.float64(0.015669331067629143), np.float64(0.01092600526460915), np.float64(0.013161118340267923), np.float64(0.004187071730766809), np.float64(0.016555719402422106), np.float64(0.013623470479555722), np.float64(0.005794371407062773), np.float64(0.00540088015253247), np.float64(0.020490305542098984), np.float64(0.017403703795143236), np.float64(0.0037172541327983913), np.float64(0.006025580207959021), np.float64(0.007783522336210978), np.float64(0.006102494948984531), np.float64(0.013853393247931596), np.float64(0.014084955545922097), np.float64(0.013774951572282517), np.float64(0.004246411947448994), np.float64(0.010647753866790193), np.float64(0.003926597564582749), np.float64(0.011340856698535327), np.float64(0.004610442201507759), np.float64(0.004925441705937771), np.float64(0.012550790892014), np.float64(0.004915571763665762), np.float64(0.011738876029532554), np.float64(0.02556023047539038), np.float64(0.02153221579743492), np.float64(1.0032762722157758), np.float64(0.017472176734409414), np.float64(0.009086490510816952), np.float64(0.012280750028093618), np.float64(0.009295677091151977), np.float64(0.015053825939544298), np.float64(0.005815891370277024), np.float64(0.004574528472869225), np.float64(0.017171409119260926), np.float64(0.009699877345322416), np.float64(0.017233552124271762), np.float64(0.01900761005837564), np.float64(0.016380109852235165), np.float64(0.014871123568914173), np.float64(0.018101545359725565), np.float64(0.024786649601568064), np.float64(0.013920504396160584), np.float64(0.025199805387485435), np.float64(0.00547116600665455), np.float64(0.010628663180163943), np.float64(0.011220145387276274), np.float64(0.02345954430232356), np.float64(0.02708640371076483), np.float64(0.006379121545110489), np.float64(0.011580041101788958), np.float64(0.015000243128706233), np.float64(0.00714198892817573), np.float64(0.016624680851945756), np.float64(0.016129910698160166), np.float64(0.013555808227101425), np.float64(0.015063373463249987), np.float64(0.028097062364446587), np.float64(0.021382565985729685), np.float64(0.025174458946930402), np.float64(0.006650244729878354), np.float64(0.02182407307290207), np.float64(0.03682673872454258), np.float64(0.006822971901745339), np.float64(0.006381722905934313), np.float64(0.020129661196424023), np.float64(0.022424389965376015), np.float64(0.013143963684639638), np.float64(0.01735911675443289), np.float64(0.02186661811327981), np.float64(0.025651838905698613), np.float64(0.013817049924076376), np.float64(0.007608982195668779), np.float64(0.016119080245083208), np.float64(0.012337614183738485), np.float64(0.030986079163779663), np.float64(0.009815048790603575), np.float64(0.007430412410100555), np.float64(0.014029179913779352), np.float64(0.029038808807504087), np.float64(0.028437150617036493), np.float64(0.01646376950223571), np.float64(0.024199434455746693), np.float64(0.01666866013984415), np.float64(0.023634046116273448), np.float64(0.01708379554699694), np.float64(0.029757886630663897), np.float64(0.010861806533817818), np.float64(0.025125597866078635), np.float64(0.026982800558393694), np.float64(0.021925500311620313), np.float64(0.026381210461461524), np.float64(0.02793975657442095), np.float64(0.030686431119057188), np.float64(0.02397331570603657), np.float64(0.019279727225210024), np.float64(0.016147698348017242), np.float64(0.022301165835294037), np.float64(0.024229059047454423), np.float64(0.02771700597061111), np.float64(0.019585652535934903), np.float64(0.02343044593216472), np.float64(0.024117501401125476), np.float64(0.022150824222867238), np.float64(0.02847998081076356), np.float64(0.012088448316281064), np.float64(0.02879978103161827), np.float64(0.01667540276561631), np.float64(0.012493095297630884), np.float64(0.028998458402458047), np.float64(0.03906875075252907), np.float64(0.021668664790182493), np.float64(0.012907197342768592), np.float64(0.02425078158128623), np.float64(0.03231415780709577), np.float64(0.02170640931784218), np.float64(0.034245922383111006), np.float64(0.030640550077511777), np.float64(0.024229965100739024), np.float64(0.0247780336612143), np.float64(0.028429591221054963), np.float64(0.028857694928938183), np.float64(0.03272908769709689), np.float64(0.014940625016916523), np.float64(0.026405109639659297), np.float64(0.0248858439176196), np.float64(0.03417056339826034), np.float64(0.018298283791923886), np.float64(0.016170398355000698), np.float64(0.030362733851096644), np.float64(0.05120549209377784), np.float64(0.03076999559737933), np.float64(0.01519835662481028), np.float64(0.03647148450870732), np.float64(0.036430846987146416), np.float64(0.040480140418550706), np.float64(0.04339011167786485), np.float64(0.026151717567127954), np.float64(0.030076645715868388), np.float64(0.03621808733705598), np.float64(0.05716703890175708), np.float64(0.02089080979835796), np.float64(0.034499753539254774), np.float64(0.03113698625316808), np.float64(0.05018591681373444), np.float64(0.020269118133466702), np.float64(0.035427716156811305), np.float64(0.03356195081109141), np.float64(0.02343401288902036), np.float64(0.0185711781992474), np.float64(0.021374478046805062), np.float64(0.056155831274681184), np.float64(0.06790701593170831), np.float64(0.033045680460739114), np.float64(0.04096102019483579), np.float64(0.021108897868031166), np.float64(0.03754920495449668), np.float64(0.021722685493190216), np.float64(0.02450419273531907), np.float64(0.04532716655367147), np.float64(0.052258722482704245), np.float64(0.01765305637767442), np.float64(0.060373178480779194), np.float64(0.020464998196514754), np.float64(0.02737406848034389), np.float64(0.03514177291496397), np.float64(0.047894204134286175), np.float64(0.037995814758039426), np.float64(0.04422721249746719), np.float64(0.028355714082034612), np.float64(0.02889045425353207), np.float64(0.04445149269150499), np.float64(0.04238646002098705), np.float64(0.030147006466124195), np.float64(0.019293477371714517), np.float64(0.03155022984034085), np.float64(0.03888612046627236), np.float64(0.04008223547344233), np.float64(0.040075668027679645), np.float64(0.030544589098499983), np.float64(0.018467898133127075), np.float64(0.0826476787898301), np.float64(0.08093262740332995), np.float64(0.03798791783391501), np.float64(0.0329255891226726), np.float64(0.07319339407147925), np.float64(0.019856697930022652), np.float64(0.04717625413171787), np.float64(0.06002669224035032), np.float64(0.0567439139008859), np.float64(0.024965066275248773), np.float64(0.04457978125408097), np.float64(0.06582977064860011), np.float64(0.04743296194627042), np.float64(0.04530443744676593), np.float64(0.03559992783328042), np.float64(0.040659632500515366), np.float64(0.02130652894299161), np.float64(0.04768410893698277), np.float64(0.04362799839153989), np.float64(0.04032838918144909), np.float64(0.06380772579764793), np.float64(0.03274364723317736), np.float64(0.04485647014920635), np.float64(0.02988135782600276), np.float64(0.06013124428879601), np.float64(0.02857474019447686), np.float64(0.09795315694514942), np.float64(0.060691816343785544), np.float64(0.06756050793708603), np.float64(0.05481290997946166), np.float64(0.04933087144026427), np.float64(0.025009376064639665), np.float64(0.07067869920189422), np.float64(0.036638878089576415), np.float64(0.030812220009826995), np.float64(0.032407075192395926), np.float64(0.1100396219968111), np.float64(0.04265725062564625), np.float64(0.048575167943919646), np.float64(0.05067693221717864), np.float64(0.06246187944188923), np.float64(0.09148748621704708), np.float64(0.07682949125044589), np.float64(0.08962888692498402), np.float64(0.08919270207029806), np.float64(0.05013815440807541), np.float64(0.0235148468670995), np.float64(0.03933189790129326), np.float64(0.05337184337632887), np.float64(0.02397703491305741), np.float64(0.06705225312343727), np.float64(0.0342430897805174), np.float64(0.07877240241969978), np.float64(0.10223600089640061), np.float64(0.050655731960967634), np.float64(0.03993685707647504), np.float64(0.03043872842100885), np.float64(0.03279026235934809), np.float64(0.05225804386148935), np.float64(0.0496061292205314), np.float64(0.06602578596399396), np.float64(0.03950031667592196), np.float64(0.03604219927819095), np.float64(0.0666486510038526), np.float64(0.03420055716861398), np.float64(0.056312407785121685), np.float64(0.02976508847887225), np.float64(0.09421939766276702), np.float64(0.03488174784416375), np.float64(0.06774357006910535), np.float64(0.09039571740086177), np.float64(0.054091158711239005), np.float64(0.0395137759610617), np.float64(0.05569227792160365), np.float64(0.022722268109472296), np.float64(0.06880408836700629), np.float64(0.014777443700731955), np.float64(0.04618603647175212), np.float64(0.07624823652550317), np.float64(0.09202058287242854), np.float64(0.028660265430560546), np.float64(0.038971525541828415), np.float64(0.05624276345828869), np.float64(0.01090008317535427), np.float64(0.07247306970694885), np.float64(0.04127737846816859), np.float64(0.1561414789134911), np.float64(0.04168702131218683), np.float64(0.08568773652508993), np.float64(0.0738925491220058), np.float64(0.023709748648971407), np.float64(0.0718835021655733), np.float64(0.027073370704301294), np.float64(0.03678207508631434), np.float64(0.039684725721362654), np.float64(0.07281671549540865), np.float64(0.025729911426763355), np.float64(0.027575953510165688), np.float64(0.07344074594280019), np.float64(0.024506628497925575), np.float64(0.026152879580615514), np.float64(0.04097269536137851), np.float64(0.11667513718675593), np.float64(0.026639344519938365), np.float64(0.01625488265980134), np.float64(0.22596654169246722), np.float64(0.14723305406777312), np.float64(0.07080116445942866), np.float64(0.2389999032574753), np.float64(0.06988804743488683), np.float64(0.07819192666580162), np.float64(0.019496040350969333), np.float64(0.04122630326977246), np.float64(0.0399708997643281), np.float64(0.03704914117217314), np.float64(0.030262027931501904), np.float64(0.011967018752200949), np.float64(0.017214098203834967), np.float64(0.16821995003854573), np.float64(0.03765171395855156), np.float64(0.03418060455611017), np.float64(0.0392832857401287), np.float64(0.08095853252193758), np.float64(0.03905893792228503), np.float64(0.019572943659987248), np.float64(0.12632375633250056), np.float64(0.01845303384802941), np.float64(0.08234739701047038), np.float64(0.06704815667841159), np.float64(0.17875584064020844), np.float64(0.23177782396569496), np.float64(0.07385345903063897), np.float64(0.29713078348988653), np.float64(0.01877058722740203), np.float64(0.03382837278417413), np.float64(0.04659972523769495), np.float64(0.07797251138481949), np.float64(0.04818468811942399), np.float64(0.1645876417590294), np.float64(0.033498061130394385), np.float64(0.03373505873627775), np.float64(0.07087115850156678), np.float64(0.03630450550766746), np.float64(0.0823438518152457), np.float64(0.2605010144184192), np.float64(0.027638055921680955), np.float64(0.1883960475373795), np.float64(0.034189854257668136), np.float64(0.24456253932097985), np.float64(0.015203326064272308), np.float64(0.03711465027116057), np.float64(0.16168615408809048), np.float64(0.08830288808931686), np.float64(0.038844397298115375), np.float64(0.017931194286052866), np.float64(0.03162772096524715), np.float64(0.03654763382331094), np.float64(0.17383084361991852), np.float64(0.04027744476910287), np.float64(0.187734392480072), np.float64(0.025108424644764617), np.float64(0.17147981326945647), np.float64(0.030007295529863816), np.float64(0.04155794999461546), np.float64(0.1668643806184947), np.float64(0.11007054382328454), np.float64(0.043597691481790234), np.float64(0.05857690617117878), np.float64(0.04980346015557153), np.float64(0.37861842057568956), np.float64(0.07018321191143453), np.float64(0.17526144725351192), np.float64(0.0312862705998438), np.float64(0.04280178341057398), np.float64(0.022459896093265496), np.float64(0.11220557805288511), np.float64(0.02264775045901902), np.float64(0.03715562911478553), np.float64(0.04688364142993093), np.float64(0.04521886135297397), np.float64(0.06012357848921556), np.float64(0.07236104816065586), np.float64(0.11446394319614706), np.float64(0.05153582649581843), np.float64(0.08658225378599105), np.float64(0.07315132782534771), np.float64(0.0726092916425311), np.float64(0.024021645456424316), np.float64(0.0693787370829985), np.float64(0.0487445968691674), np.float64(0.05494898035548919), np.float64(0.047655376227248775), np.float64(0.050901550488443796), np.float64(0.1758142834222396), np.float64(0.08730158243454474), np.float64(0.3556553692945339), np.float64(0.09620603709229084), np.float64(0.23221115187697736), np.float64(0.08051807890653424), np.float64(0.08259483861662668), np.float64(0.04546686096125086), np.float64(0.034978432869041495), np.float64(0.12455909488617846), np.float64(0.0353012071749103), np.float64(0.046609870857013284), np.float64(0.03741464398957165), np.float64(0.06790699029577937), np.float64(0.1561842495400637), np.float64(0.029453844467320436), np.float64(0.06256485953911707), np.float64(0.06547892977914045), np.float64(0.0709072409024879), np.float64(0.08738127510498403), np.float64(0.03792670917183738), np.float64(0.03080850109107411), np.float64(0.3849600145765033), np.float64(0.2548133244348999), np.float64(0.15689640624763712), np.float64(0.08898465021991313), np.float64(0.0581935687799633), np.float64(0.03991863668482311), np.float64(0.2600673154923838), np.float64(0.033502930614023756), np.float64(0.024810075586856585), np.float64(0.06674004057178239), np.float64(0.06147091044814925), np.float64(0.0948266561355797), np.float64(0.09930826099837932), np.float64(0.04049030102570939), np.float64(0.04083537453549712), np.float64(0.05909156265067209), np.float64(0.045007837907517334), np.float64(0.08345737565437462), np.float64(0.18655036741395023), np.float64(0.25336617829992125), np.float64(0.025473688749022717), np.float64(0.05339442701565223), np.float64(0.054025224820746696), np.float64(0.04690514097501816), np.float64(0.027333507299910676), np.float64(0.055096384477285786), np.float64(0.043806112683836586), np.float64(0.11323982761190803), np.float64(0.027328168500349984), np.float64(0.15340127038490925), np.float64(0.09904439109750676), np.float64(0.16392231324141043), np.float64(0.07928991963756911), np.float64(0.2255029726151795), np.float64(0.14888793029665015), np.float64(0.07997952475705616), np.float64(0.0482160592284276), np.float64(0.10467578804388558), np.float64(0.03535785387552815), np.float64(0.25033186185273537), np.float64(0.08881836746146006), np.float64(0.08484809537802399), np.float64(0.7350693088073534), np.float64(0.28635703339595975), np.float64(0.2928841793326655), np.float64(0.05908818424259652), np.float64(0.12636409189126438), np.float64(0.1454720883364821), np.float64(0.24089210666173447), np.float64(0.06027700550510282), np.float64(0.061210190238701334), np.float64(0.047752062484874534), np.float64(0.16184228376745108), np.float64(0.08897164642541378), np.float64(0.17380728151554348), np.float64(0.5493954874117989), np.float64(0.06182222819981814), np.float64(0.2816336486856075), np.float64(0.2901011327589397), np.float64(0.36687815806363205), np.float64(0.24180351738367287), np.float64(0.05823970830118515), np.float64(0.15377229764805242), np.float64(0.04302698770179075), np.float64(0.27337876683487), np.float64(0.4260893918557225), np.float64(0.27524769142759015), np.float64(0.2616849421012367), np.float64(0.1753901839188013), np.float64(0.2817291661122884), np.float64(0.22412784137092584), np.float64(0.16324315321290844), np.float64(0.23858101085793584), np.float64(0.17405252411893246), np.float64(0.5577442024302575), np.float64(0.1425876506181457), np.float64(0.06885135186528284), np.float64(0.12056792125728491), np.float64(0.10162349838758244), np.float64(0.1701988086565455), np.float64(0.2730153154746993), np.float64(0.1978224712710237), np.float64(0.08392328243072109), np.float64(0.2294118184919096), np.float64(0.0767482160006569), np.float64(0.09087818620157719), np.float64(0.12894837947481408), np.float64(0.1067752998441089), np.float64(0.18975848590971353), np.float64(0.11089880170367193), np.float64(0.10032295595962853), np.float64(0.2556752740367032), np.float64(0.08566342777308468), np.float64(0.2802408168347319), np.float64(0.23130807410921975), np.float64(0.09572656283232618), np.float64(0.1932079577489863), np.float64(0.17791305632163773), np.float64(0.24155409568616906), np.float64(0.19195579456598375), np.float64(0.7844622759124235), np.float64(0.20078505829381424), np.float64(0.22951128946315977), np.float64(0.2172986501019968), np.float64(0.2305029909887891), np.float64(0.2250484153721078), np.float64(0.12946287675370075), np.float64(0.44115983663770525), np.float64(0.16097971203188635), np.float64(0.2553754502177519), np.float64(0.42283234186261576), np.float64(0.33903828488067894), np.float64(0.11694475270995403), np.float64(0.3259815384002544), np.float64(0.2725040371242195), np.float64(0.28261423085027965), np.float64(0.21074155441341286), np.float64(0.17881524189260242), np.float64(0.3389508531383559), np.float64(0.5521136572381108), np.float64(0.35476363156612095), np.float64(0.34836123721016865), np.float64(0.39444076816375434), np.float64(0.6226146899208845), np.float64(0.4988649775430039), np.float64(0.18292830719144051), np.float64(0.4344482008608205), np.float64(0.5167147749083175), np.float64(0.30027327269142323), np.float64(0.3524104077150866), np.float64(0.46955197131751153), np.float64(0.38466423408750267), np.float64(0.6548497674754549), np.float64(0.267127531052956), np.float64(0.2704305235725495), np.float64(0.5182129976619044), np.float64(2.184272797577068), np.float64(0.3434434595655177), np.float64(0.6310890214142184), np.float64(1.096196773282758), np.float64(2.005531395282286), np.float64(0.7815580691233927), np.float64(0.8867313179821095), np.float64(0.33165642121041006), np.float64(0.3454475774684962), np.float64(1.6538745934527177), np.float64(2.890470519200095), np.float64(1.112034707796296), np.float64(0.8199573850525121), np.float64(1.583993630439133), np.float64(2.028960142047828), np.float64(5.065839386828075), np.float64(2.0794378142209737), np.float64(0.4033701060591779), np.float64(0.27811718450834555), np.float64(0.05120692241751931), np.float64(0.006877652204990341), np.float64(3.3725003735796986e-06)], [np.float64(0.003779429142881681), np.float64(0.0040986596431494245), np.float64(0.004700605595921184), np.float64(0.0038911989857609583), np.float64(0.003519324072500113), np.float64(0.004265533464825468), np.float64(0.0013511584533014828), np.float64(0.004914504326062267), np.float64(0.0040331985380230514), np.float64(0.0028624299536281943), np.float64(0.005527795557783982), np.float64(0.007504566444090826), np.float64(0.004310566010515198), np.float64(0.0024505925917700064), np.float64(1.800271504707627), np.float64(0.005245601883952338), np.float64(0.0041038368065929795), np.float64(0.004024710089062623), np.float64(0.004463212894975105), np.float64(0.00220819606024586), np.float64(0.004372988652360421), np.float64(0.0047782117931553965), np.float64(1.510791766015063), np.float64(0.004906661461220815), np.float64(0.005465711831294326), np.float64(0.0028148464024719735), np.float64(0.0021042111435176803), np.float64(0.004066387476987064), np.float64(0.004775103883870042), np.float64(0.005370220058968175), np.float64(0.008158694505778764), np.float64(0.002561825943525051), np.float64(0.0028045139410862747), np.float64(0.00295365982921781), np.float64(0.008669750418354868), np.float64(0.005445523918306206), np.float64(0.0025887567660957496), np.float64(0.0030392321757096814), np.float64(0.004393502026358847), np.float64(0.006263023728825698), np.float64(0.004148912788937641), np.float64(0.009541785266713676), np.float64(1.7581131376368737), np.float64(0.0015583842069502522), np.float64(0.006520928246975248), np.float64(1.5423196975755713), np.float64(0.0034839445620376244), np.float64(0.0047619985311341895), np.float64(0.004586507309694775), np.float64(0.0030997079273264515), np.float64(0.004145395026256584), np.float64(0.0048622448377227566), np.float64(0.003594469692475554), np.float64(1.43533697757079), np.float64(0.004899107510776736), np.float64(0.004052760444090489), np.float64(0.003149496474551891), np.float64(0.004763300611028801), np.float64(0.00698363984108982), np.float64(0.005109563361653352), np.float64(0.005186491004969777), np.float64(0.0037436449386380535), np.float64(0.00507009860673737), np.float64(0.005314749676863096), np.float64(0.005133065318771092), np.float64(0.004139530482974413), np.float64(0.004241673555612789), np.float64(0.00403450065751504), np.float64(0.0032148538444472887), np.float64(1.6387548197253787), np.float64(0.002347600755760752), np.float64(0.006585474319740254), np.float64(0.006694853412299576), np.float64(0.004579405465241952), np.float64(0.003977187841807885), np.float64(0.0026411187183258992), np.float64(0.003602609789545579), np.float64(0.007714877519115929), np.float64(0.004061151566215863), np.float64(0.006024547093283892), np.float64(0.003083828504398005), np.float64(0.006735110747944754), np.float64(0.0061132516497535245), np.float64(0.010391682188516672), np.float64(1.8083630323406514), np.float64(0.008023516585760242), np.float64(0.0032984689795939317), np.float64(0.0038301226899135382), np.float64(0.0030252879513630354), np.float64(1.3163005379381405), np.float64(0.002462883737448717), np.float64(0.004102289133898155), np.float64(0.0043357329834859855), np.float64(0.0039221173084981005), np.float64(0.002755301535191087), np.float64(0.0014001292997159517), np.float64(0.007963205156120678), np.float64(0.004446006483230438), np.float64(0.008080289228929694), np.float64(0.0040396526655805945), np.float64(0.007850083352393834), np.float64(0.0016489787295694265), np.float64(0.001337662140989323), np.float64(0.004577918669088446), np.float64(0.003341678625844833), np.float64(0.0024720583793443277), np.float64(0.0030478789343911083), np.float64(0.001929119715928221), np.float64(0.0030224843164346695), np.float64(0.0039384649913325265), np.float64(1.7289158104971953), np.float64(0.0027439508193106634), np.float64(0.0063436813615177735), np.float64(0.0034557387386341663), np.float64(1.2884756285209273), np.float64(0.003146947608547183), np.float64(0.009473551805989177), np.float64(1.7311984162492757), np.float64(0.007991909054959234), np.float64(0.006948401368573713), np.float64(0.005193838104892234), np.float64(0.007221394491951786), np.float64(0.008128846688905704), np.float64(0.004454733493553698), np.float64(0.0020723372248550994), np.float64(0.003672551148070418), np.float64(0.006305823753061281), np.float64(0.005706734640538646), np.float64(0.005109797163508874), np.float64(0.007214515048537087), np.float64(0.007130550892301845), np.float64(0.008734263462726584), np.float64(0.003831852577454944), np.float64(0.00911377958121205), np.float64(0.005315225910440927), np.float64(0.003955381644195313), np.float64(0.002104638514905105), np.float64(0.008505495707474962), np.float64(0.009704343030372917), np.float64(0.008782519645776681), np.float64(0.008416200049884344), np.float64(0.006267216707883218), np.float64(0.005027735209511554), np.float64(0.005873824251041408), np.float64(0.0073515137850667395), np.float64(0.0019545986371609122), np.float64(0.006215791727238644), np.float64(0.0021268782323838036), np.float64(0.008853615482288498), np.float64(0.008591893107388553), np.float64(1.8331515716170426), np.float64(0.007089835970590931), np.float64(0.004405641067622185), np.float64(0.0066990690575171544), np.float64(0.006448032769910224), np.float64(0.009593007063313942), np.float64(0.002388606779640635), np.float64(0.004493694376112253), np.float64(0.004404375163369694), np.float64(1.4374009295289571), np.float64(0.0034255350900617705), np.float64(0.0065729887377183145), np.float64(0.010424415672673252), np.float64(0.008027782903067068), np.float64(0.0026720604572723523), np.float64(0.007023810087230396), np.float64(0.008463907727431132), np.float64(0.0024080571866840995), np.float64(0.005719567038442058), np.float64(0.010271725553048096), np.float64(0.0039431439345683095), np.float64(0.007668332199651758), np.float64(0.009978932359533734), np.float64(0.003644571777808146), np.float64(0.0028321615398223905), np.float64(0.00916052599898973), np.float64(0.002025485304634458), np.float64(0.0054564939378815005), np.float64(0.011260573580117334), np.float64(0.006702355082451939), np.float64(0.01001360357343058), np.float64(0.008198108477729905), np.float64(0.0042755534130096435), np.float64(0.010985047788476776), np.float64(0.005400805333843811), np.float64(0.008623581624676536), np.float64(0.008689164376654094), np.float64(0.004144167037967054), np.float64(0.008685179215701633), np.float64(1.0418286716653147), np.float64(0.01568819178876561), np.float64(0.00868134077243975), np.float64(0.007614016840334249), np.float64(0.008604510881194063), np.float64(0.01308279173941803), np.float64(0.0019248195434833004), np.float64(0.008676005118405236), np.float64(0.011744298494936748), np.float64(0.00607774440033546), np.float64(0.008673725675197919), np.float64(0.005474615396458554), np.float64(0.008674610060102199), np.float64(0.0028081969873889135), np.float64(0.008672210040449792), np.float64(0.0048593853770709525), np.float64(0.010039947910757388), np.float64(0.006370636577050577), np.float64(0.009095510953719117), np.float64(0.008665338422525693), np.float64(0.010239609437423114), np.float64(0.01126500948441741), np.float64(0.005229964614375861), np.float64(0.007990225088759252), np.float64(0.005357253554388256), np.float64(0.005860801621326779), np.float64(0.005418962214547611), np.float64(0.0062811328891289216), np.float64(0.0077393892823531905), np.float64(0.009932832444231508), np.float64(0.009576090606428311), np.float64(0.00894299000345403), np.float64(0.0085750059382343), np.float64(0.01151092493698592), np.float64(0.00896426530732209), np.float64(0.006405856181072647), np.float64(0.007923715318383208), np.float64(0.007482618403872687), np.float64(0.007035547588894627), np.float64(0.007483992153898206), np.float64(0.01123038967424919), np.float64(0.004239172283380918), np.float64(1.4510343032570647), np.float64(0.012451282172921588), np.float64(0.010266298886130482), np.float64(0.006270815420587428), np.float64(0.00823019472983504), np.float64(0.004707235402848073), np.float64(0.012229788462165606), np.float64(0.008469409909393067), np.float64(0.015015416437877396), np.float64(0.014163894221930005), np.float64(0.007427387371979927), np.float64(0.004156941474781021), np.float64(1.0390839598923998), np.float64(0.008955168711596052), np.float64(0.011122936873424395), np.float64(0.005086388628796844), np.float64(0.00854695874444426), np.float64(0.011595107288173152), np.float64(0.00824441194834494), np.float64(0.007922773089060886), np.float64(0.0069326209883713175), np.float64(0.008194114032186155), np.float64(0.007555144828102911), np.float64(0.010411059487650878), np.float64(0.01403126877621914), np.float64(0.022443011077861216), np.float64(0.008852232202633478), np.float64(0.012477341476927374), np.float64(0.0047438484206817665), np.float64(0.014771454583744868), np.float64(0.00867487553320939), np.float64(0.01712529502923547), np.float64(0.004252709545390494), np.float64(0.017718111215224437), np.float64(0.010555360910090695), np.float64(0.009807473472816347), np.float64(0.010398128722304377), np.float64(0.01113018364771939), np.float64(0.006262276958680603), np.float64(0.010807472285978425), np.float64(0.006986901092564139), np.float64(0.014554694980133695), np.float64(0.004885253577682039), np.float64(0.012427870496709494), np.float64(0.010245052178025143), np.float64(0.01654117552152314), np.float64(0.010276850948155997), np.float64(0.007726812953055933), np.float64(0.0119355770115212), np.float64(0.011324928083996757), np.float64(0.009246980032289475), np.float64(0.017958649994890878), np.float64(0.016930501368868364), np.float64(0.010310027102156642), np.float64(0.01027456324173324), np.float64(0.007397250055084642), np.float64(0.010584071607995987), np.float64(0.013376903528216244), np.float64(0.02159918289557329), np.float64(0.012178110938491098), np.float64(0.01251725831259793), np.float64(0.0141269791752756), np.float64(0.01966462332737786), np.float64(0.02142433424336933), np.float64(0.011831996334829209), np.float64(0.010037632120611246), np.float64(0.011876475466017156), np.float64(0.006832325328582875), np.float64(0.008096236586362573), np.float64(0.014633520199069277), np.float64(0.014066417213523506), np.float64(0.013211058602669929), np.float64(0.008640087154401144), np.float64(0.01658661686118253), np.float64(0.011049813026013877), np.float64(0.014624569645673829), np.float64(0.016181548203939047), np.float64(0.02122559304932408), np.float64(0.014701675615520316), np.float64(0.016954705721960714), np.float64(0.014291125834726961), np.float64(0.008008822722685745), np.float64(0.018981084237886033), np.float64(0.004479594721455227), np.float64(0.011607139174618607), np.float64(0.010349407170990746), np.float64(0.016733407189152373), np.float64(0.009661028344648069), np.float64(0.016129988911555565), np.float64(0.013291088450732643), np.float64(0.00875038215884171), np.float64(0.009999081693306069), np.float64(0.01965349467216499), np.float64(0.009266594850110709), np.float64(0.0046070367072864726), np.float64(0.01275801164795321), np.float64(0.016214748953561484), np.float64(0.016241396500945644), np.float64(0.019160990842229504), np.float64(0.010881393207800573), np.float64(0.010858081594750206), np.float64(0.011506824420181246), np.float64(0.007551910222962446), np.float64(0.017843207602085596), np.float64(0.017236120578888337), np.float64(0.009442723807194795), np.float64(0.010017695057571602), np.float64(0.017838565952047084), np.float64(0.016303078934781733), np.float64(0.021885574886432193), np.float64(0.012050415068556844), np.float64(0.027131884103560787), np.float64(0.018745758615285824), np.float64(0.015882030470867538), np.float64(0.00815613465300368), np.float64(0.024432589711638225), np.float64(0.01447677034916563), np.float64(0.01784218216992624), np.float64(0.024566413997271233), np.float64(0.017328149287036087), np.float64(0.017335352462037112), np.float64(0.008864829924102138), np.float64(0.025838384697119174), np.float64(0.020033431409197625), np.float64(0.014169993275781185), np.float64(0.014425613425835381), np.float64(0.016181389606528256), np.float64(0.01729929866875988), np.float64(0.01703143326561457), np.float64(0.027673666477408005), np.float64(0.02393323449740344), np.float64(0.027937835430009116), np.float64(0.02119615929223783), np.float64(0.020794146762481452), np.float64(0.029208251994318143), np.float64(0.02345647143986408), np.float64(0.007659800124293071), np.float64(0.022120046795805558), np.float64(0.027829855932781866), np.float64(0.015992143940143238), np.float64(0.0219793922058574), np.float64(0.017987773327516478), np.float64(0.008370560905338187), np.float64(0.020687011425932746), np.float64(0.02866976277123137), np.float64(0.023433223750891206), np.float64(0.03975363436142916), np.float64(0.022091259228858965), np.float64(0.015251124864055261), np.float64(0.027612083013706393), np.float64(0.013479210670642167), np.float64(0.021049949187015964), np.float64(0.01824603065931859), np.float64(0.024032067999206642), np.float64(0.022507309093304444), np.float64(0.023597510529530102), np.float64(0.02453536035852498), np.float64(0.027783002876479574), np.float64(0.020205373407183008), np.float64(0.012926883098636629), np.float64(0.013951267881728636), np.float64(0.019029747393914706), np.float64(0.031731409046131455), np.float64(0.043594759547493436), np.float64(0.0201299991762127), np.float64(0.015467658323869846), np.float64(0.014955448013937557), np.float64(0.032641341348647844), np.float64(0.028415384139843076), np.float64(0.02153039214848742), np.float64(0.024116490951300223), np.float64(0.028893773844582245), np.float64(0.03937553297698021), np.float64(0.031268144161194625), np.float64(0.03636981962901272), np.float64(0.023022778908568457), np.float64(0.023047294975313968), np.float64(0.016051336791993477), np.float64(0.04570498578867455), np.float64(0.034718394005233), np.float64(0.01772722956891724), np.float64(0.020227793786135533), np.float64(0.018096041284469462), np.float64(0.02002624294730579), np.float64(0.027354233439270955), np.float64(0.03276101907069105), np.float64(0.02842075042083322), np.float64(0.03001976085833438), np.float64(0.03789205996339108), np.float64(0.04266718388291183), np.float64(0.017360837722307003), np.float64(0.02775119102183388), np.float64(0.02714117785937876), np.float64(0.030731760288965376), np.float64(0.03276849502420753), np.float64(0.031772771927871875), np.float64(0.031994239574452014), np.float64(0.040676121337589854), np.float64(0.018835123118821195), np.float64(0.020831700303043172), np.float64(0.03682001545774022), np.float64(0.03740371484344728), np.float64(0.04856875162790737), np.float64(0.041256977151812604), np.float64(0.03723408866850839), np.float64(0.048519523629598445), np.float64(0.05110824936436755), np.float64(0.03722750214871389), np.float64(0.04599399487323653), np.float64(0.050894801859012566), np.float64(0.026181412559460417), np.float64(0.036865516771962085), np.float64(0.05195347475776703), np.float64(0.03675984641923373), np.float64(0.03980799819646652), np.float64(0.028451601827946177), np.float64(0.056799696453797864), np.float64(0.033722152175159524), np.float64(0.03651893484251278), np.float64(0.049621098511785526), np.float64(0.023531932119257956), np.float64(0.054183432984834565), np.float64(0.05316364208800863), np.float64(0.05366456360660643), np.float64(0.03633197617556739), np.float64(0.07179500046494457), np.float64(0.054901040589146), np.float64(0.03612353967730078), np.float64(0.03821219422374484), np.float64(0.03603834385602933), np.float64(0.057725746439708625), np.float64(0.029115198582528385), np.float64(0.03575085091710655), np.float64(0.02044280755041618), np.float64(0.03200024766813667), np.float64(0.03564663789952), np.float64(0.03574073590242663), np.float64(0.03857406194260378), np.float64(0.03564948239491888), np.float64(0.03849506461065008), np.float64(0.0609020596244047), np.float64(0.036210093241906174), np.float64(0.07893530910801826), np.float64(0.0838012388921851), np.float64(0.017628850830995104), np.float64(0.035085675062962875), np.float64(0.05504535481138441), np.float64(0.03886363776047638), np.float64(0.03493381235802123), np.float64(0.04077582531929995), np.float64(0.05721815406193659), np.float64(0.03490983192843996), np.float64(0.08182314020750617), np.float64(0.04292243261831913), np.float64(0.05059938401454392), np.float64(0.06338184861463007), np.float64(0.034445375306772094), np.float64(0.07909054051535398), np.float64(0.040375827382127), np.float64(0.04633341511663452), np.float64(0.02521108021566126), np.float64(0.03797634385230685), np.float64(0.09436364552181005), np.float64(0.08017941366240146), np.float64(0.03105635484257229), np.float64(0.04684573944811145), np.float64(0.050883066994706155), np.float64(0.05211839000600876), np.float64(0.03085956517361319), np.float64(0.0545734069363677), np.float64(0.10412764710733427), np.float64(0.06299849352842649), np.float64(0.038463411756879846), np.float64(0.10064087871610451), np.float64(0.047905758985881994), np.float64(0.07200273623050701), np.float64(0.09239826343343797), np.float64(0.11087403460105805), np.float64(0.06119213628987828), np.float64(0.0628241458210795), np.float64(0.06660071869761483), np.float64(0.0689711401050966), np.float64(0.0765633293445381), np.float64(0.13962038053152287), np.float64(0.06913862988896304), np.float64(0.06172344795405207), np.float64(0.021962447471008256), np.float64(0.08556039189910473), np.float64(0.07944435078950289), np.float64(0.025938632723854858), np.float64(0.06545298777440656), np.float64(0.0686688392732103), np.float64(0.11550921540964962), np.float64(0.07362279482048442), np.float64(0.05303217493102365), np.float64(0.07406080719259553), np.float64(0.04296703233483035), np.float64(0.0941868472078146), np.float64(0.08611390179768971), np.float64(0.031228115112013132), np.float64(0.0252572249303036), np.float64(0.054286128537274055), np.float64(0.12640218604469264), np.float64(0.04565257273550935), np.float64(0.12208455359936697), np.float64(0.05150128027573963), np.float64(0.11223892716937066), np.float64(0.059453762823984055), np.float64(0.04537632800549337), np.float64(0.0871126255307155), np.float64(0.14247441617992607), np.float64(0.100345430172677), np.float64(0.1540893727529981), np.float64(0.05573656110633742), np.float64(0.0744018156778291), np.float64(0.03248348495670721), np.float64(0.07376984208319723), np.float64(0.07058471126833318), np.float64(0.04855301962175496), np.float64(0.11963559120229893), np.float64(0.10153331900371496), np.float64(0.10509738271725755), np.float64(0.1517451543551383), np.float64(0.09665766788994117), np.float64(0.20504491391008578), np.float64(0.03945224354203097), np.float64(0.09995404510054044), np.float64(0.03239716403309082), np.float64(0.09939390118353386), np.float64(0.05579164362981558), np.float64(0.0942595908988692), np.float64(0.10639735046616082), np.float64(0.05044160906177552), np.float64(0.18878394778838875), np.float64(0.03626972447228443), np.float64(0.045555990455027076), np.float64(0.08832558283256385), np.float64(0.09621640417500717), np.float64(0.03959048970918329), np.float64(0.06358744330334944), np.float64(0.10032255626636892), np.float64(0.06723983575595675), np.float64(0.08257958783628476), np.float64(0.04173578117810741), np.float64(0.07375487956456143), np.float64(0.14767468598788572), np.float64(0.07846500565039523), np.float64(0.08907983927309618), np.float64(0.0926320988832934), np.float64(0.07675046688256151), np.float64(0.0878113014673698), np.float64(0.10577548032906725), np.float64(0.09316034566593143), np.float64(0.11983155154365066), np.float64(0.10438642766480677), np.float64(0.27835404502527233), np.float64(0.04447493050515945), np.float64(0.19975949655159178), np.float64(0.08483580295047802), np.float64(0.19661207141648027), np.float64(0.04180231796721512), np.float64(0.04630076124176287), np.float64(0.0552542935969209), np.float64(0.08034432105521634), np.float64(0.06487404581660963), np.float64(0.08251384218851585), np.float64(0.16706433407711432), np.float64(0.06390830313839384), np.float64(0.060723917668160515), np.float64(0.1368166784644916), np.float64(0.07638586691791877), np.float64(0.0631460124893905), np.float64(0.06093764121542306), np.float64(0.07984224437496151), np.float64(0.12972556872479232), np.float64(0.08564785311002532), np.float64(0.0970551665381348), np.float64(0.12345058874606384), np.float64(0.07838100204550123), np.float64(0.07058883664950441), np.float64(0.09751925270909491), np.float64(0.07448278788572713), np.float64(0.11300193301742757), np.float64(0.03749507451886522), np.float64(0.02852341169139287), np.float64(0.08843976394958916), np.float64(0.028085530695987827), np.float64(0.04871366521423926), np.float64(0.13211980354603187), np.float64(0.0783268443171844), np.float64(0.07551103977402895), np.float64(0.024917008107279478), np.float64(0.07149321915217614), np.float64(0.07552866211525254), np.float64(0.15548594025794918), np.float64(0.07662954558444014), np.float64(0.032743687083450886), np.float64(0.053451490882329075), np.float64(0.08719342357888014), np.float64(0.07575619507250851), np.float64(0.01825978899726071), np.float64(0.07311947621437163), np.float64(0.08368361002474578), np.float64(0.10703262036870598), np.float64(0.11100033366720989), np.float64(0.07415370619450912), np.float64(0.07171230952805566), np.float64(0.1319596474493029), np.float64(0.07107700680344795), np.float64(0.059765409509241474), np.float64(0.06997944984399551), np.float64(0.0352645872573236), np.float64(0.03624595519261728), np.float64(0.02833986744871085), np.float64(0.27918944676870944), np.float64(0.2423026819018829), np.float64(0.027014972060674273), np.float64(0.06848468621453621), np.float64(0.16311590480109822), np.float64(0.08433159298912857), np.float64(0.04684402716158362), np.float64(0.03639182301953368), np.float64(0.0730020073058075), np.float64(0.13582198110831847), np.float64(0.06743312808447556), np.float64(0.06356602981303776), np.float64(0.1341505981758024), np.float64(0.024613312146616335), np.float64(0.042852677201736966), np.float64(0.04129213466753752), np.float64(0.06557060180919475), np.float64(0.11263914715241821), np.float64(0.0333721441777654), np.float64(0.05400119629883657), np.float64(0.02370636437564009), np.float64(0.017758199497300148), np.float64(0.06627563162646317), np.float64(0.01776023080263818), np.float64(0.08985491927053749), np.float64(0.06417019247196291), np.float64(0.07667420993214556), np.float64(0.016119830727004913), np.float64(0.017861047576887525), np.float64(0.07545649430765895), np.float64(0.0813291220757763), np.float64(0.02237848908391904), np.float64(0.022313225993330996), np.float64(0.05260277285125052), np.float64(0.07323699685526651), np.float64(0.06416087009915929), np.float64(0.024960344461960507), np.float64(0.024869557524084023), np.float64(0.15881871301424452), np.float64(0.0723391672874023), np.float64(0.02196196991068498), np.float64(0.06297789832402295), np.float64(0.021176572621961643), np.float64(0.0259650055316152), np.float64(0.03137647462887331), np.float64(0.016603208315355736), np.float64(0.06255011242064192), np.float64(0.07039678668182253), np.float64(0.09799360408432284), np.float64(0.020745203175952312), np.float64(0.029842187736012833), np.float64(0.019801990097946736), np.float64(0.20555409385496162), np.float64(0.030540666302025742), np.float64(0.0720874124976725), np.float64(0.14387808283576337), np.float64(0.07231331471777666), np.float64(0.022772735710840566), np.float64(0.16488302153256337), np.float64(0.050759158657498575), np.float64(0.042570413201482804), np.float64(0.03781293224231721), np.float64(0.03097422692618347), np.float64(0.019687690596847496), np.float64(0.03243617465407275), np.float64(0.19402753615372492), np.float64(0.03974399403700328), np.float64(0.12918436833294272), np.float64(0.09753495348700084), np.float64(0.06480398175573779), np.float64(0.020534700696948804), np.float64(0.10022696720634373), np.float64(0.019207891325413087), np.float64(0.1352998177647948), np.float64(0.08251603147428248), np.float64(0.018961273832518357), np.float64(0.02519665519618368), np.float64(0.02533865041171815), np.float64(0.13991114260174622), np.float64(0.03138655799831704), np.float64(0.027868877121767416), np.float64(0.025117840533246064), np.float64(0.05094900726871992), np.float64(0.16898050321065652), np.float64(0.06789028818614368), np.float64(0.22456357840458813), np.float64(0.05411822453272668), np.float64(0.04607747097095009), np.float64(0.061382523863932684), np.float64(0.0714239423397028), np.float64(0.03297916799979471), np.float64(0.15489340771117904), np.float64(0.06928062209883794), np.float64(0.028253791062162987), np.float64(0.026372286305192384), np.float64(0.017509447778837107), np.float64(0.09639965170057682), np.float64(0.05235155399907363), np.float64(0.026106561332680023), np.float64(0.0883155111482345), np.float64(0.06336121306385467), np.float64(0.07128781783150523), np.float64(0.01890808288672488), np.float64(0.23806260062840934), np.float64(0.026721861241922603), np.float64(0.014253859277618307), np.float64(0.05476200075980228), np.float64(0.01931889840216004), np.float64(0.049202701397860676), np.float64(0.08395735740333583), np.float64(0.02967542817613894), np.float64(0.06528205378603022), np.float64(0.023322887748815725), np.float64(0.02930051613908937), np.float64(0.046470162580131445), np.float64(0.04096113515457712), np.float64(0.14460588094417418), np.float64(0.0745331345960114), np.float64(0.0394066423998485), np.float64(0.013191101141517288), np.float64(0.04887747842822827), np.float64(0.0487531753569599), np.float64(0.10917578475016583), np.float64(0.06204458564731176), np.float64(0.048194534106857444), np.float64(0.029014536498825898), np.float64(0.02558588963381091), np.float64(0.15861148860577812), np.float64(0.03073813596022878), np.float64(0.01453296648050528), np.float64(0.04741315746361008), np.float64(0.07253005066638725), np.float64(0.10687361326252846), np.float64(0.03570402934618256), np.float64(0.027178148150995698), np.float64(0.035843841876437715), np.float64(0.018109595318360268), np.float64(0.0366434644513824), np.float64(0.018158633545165115), np.float64(0.03653332116251834), np.float64(0.01481941965461896), np.float64(0.05174537770127134), np.float64(0.03880025317049786), np.float64(0.08977642593766282), np.float64(0.05178339565851467), np.float64(0.14186631687579082), np.float64(0.010743604504739762), np.float64(0.10943318320517416), np.float64(0.028627183672291265), np.float64(0.08162806841348973), np.float64(0.0610815027280719), np.float64(0.08334242689619385), np.float64(0.013796485222479038), np.float64(0.011688710211767182), np.float64(0.11368673826645465), np.float64(0.026000221535440744), np.float64(0.040474322286790106), np.float64(0.05790792553238377), np.float64(0.03582285741592742), np.float64(0.04374531121586416), np.float64(0.05619952036615179), np.float64(0.2048050659792245), np.float64(0.1106088802032255), np.float64(0.032885582909356066), np.float64(0.022958673875133756), np.float64(0.04496298663048027), np.float64(0.06859720673613232), np.float64(0.07810255357494218), np.float64(0.05353200200770181), np.float64(0.04206277941450924), np.float64(0.08594810835232695), np.float64(0.04791783567838604), np.float64(0.04671572996011887), np.float64(0.040660253761259674), np.float64(0.026982303184695782), np.float64(0.025483855112941378), np.float64(0.04165683204133814), np.float64(0.08573142067919624), np.float64(0.08251625612839225), np.float64(0.06819443070114851), np.float64(0.04623789114660276), np.float64(0.04277130256684013), np.float64(0.01705354113500284), np.float64(0.0801874190730999), np.float64(0.04248595789543608), np.float64(0.043395813655310186), np.float64(0.016565173231443582), np.float64(0.021159393394682337), np.float64(0.019239600166477848), np.float64(0.1223693540294442), np.float64(0.06762918452029244), np.float64(0.030947373125421736), np.float64(0.0664734463057938), np.float64(0.039263724949889035), np.float64(0.013591529946007642), np.float64(0.04365151497359327), np.float64(0.054802200650236436), np.float64(0.014899625442973229), np.float64(0.014939475216746953), np.float64(0.09828217083282353), np.float64(0.1539179011698964), np.float64(0.02002415067783681), np.float64(0.0817699616656427), np.float64(0.01908713058545261), np.float64(0.03811318278922598), np.float64(0.0853015364160824), np.float64(0.05152976079573225), np.float64(0.02309754201238495), np.float64(0.04463041607538262), np.float64(0.19290855061053735), np.float64(0.08437117892877811), np.float64(0.06590206668114798), np.float64(0.17040360511224875), np.float64(0.03648264833120436), np.float64(0.14211321871174495), np.float64(0.06505698219518534), np.float64(0.058173418958777826), np.float64(0.0290691427942097), np.float64(0.0847538943907896), np.float64(0.015845585174954668), np.float64(0.0823109750633848), np.float64(0.05461774857966996), np.float64(0.04023215578195087), np.float64(0.09744137516658988), np.float64(0.034474560905493536), np.float64(0.09923953235063578), np.float64(0.03132948325494886), np.float64(0.017352099317657705), np.float64(0.24088219637500452), np.float64(0.015261221492619173), np.float64(0.27563817389465195), np.float64(0.04057662620011458), np.float64(0.10609215437718597), np.float64(0.03749873999132986), np.float64(0.0251569854971594), np.float64(0.025171509778412773), np.float64(0.019409066055145387), np.float64(0.07688951897644357), np.float64(0.29634017322377443), np.float64(0.02232187923286915), np.float64(0.04164053996404764), np.float64(0.055283978893816775), np.float64(0.1401348761617172), np.float64(0.03714987272253279), np.float64(0.08059951207603104), np.float64(0.0752151535032109), np.float64(0.01972770429507952), np.float64(0.025767770077843297), np.float64(0.07071487723327083), np.float64(0.03985830328909436), np.float64(0.08480297500333488), np.float64(0.030975915636166168), np.float64(0.08829120813751018), np.float64(0.015383680673901431), np.float64(0.028232480119852466), np.float64(0.05603172701533746), np.float64(0.030565778118520882), np.float64(0.050647016147817185), np.float64(0.028522236607831493), np.float64(0.09105433818927276), np.float64(0.06491149126711591), np.float64(0.09485458013170595), np.float64(0.013549718813952909), np.float64(0.0431281191726274), np.float64(0.029793378740836523), np.float64(0.08056604345215876), np.float64(0.23118195829924887), np.float64(0.1719998782092375), np.float64(0.014178792677162294), np.float64(0.10834368640023127), np.float64(0.05149013183319483), np.float64(0.06513173095311003), np.float64(0.015769062993390676), np.float64(0.03273967801502822), np.float64(0.08656306407014619), np.float64(0.055032969851340104), np.float64(0.05944111600250107), np.float64(0.027981523334352873), np.float64(0.03287238919016877), np.float64(0.05262449848238073), np.float64(0.07947630650212352), np.float64(0.6488720791680965), np.float64(0.10125912391921056), np.float64(0.1941280538495571), np.float64(0.01300640989467526), np.float64(0.05899543009640998), np.float64(0.1059933480335148), np.float64(0.12176030802473065), np.float64(0.11758595670013615), np.float64(0.11593413717113848), np.float64(0.07973934693590974), np.float64(0.051227508202983225), np.float64(0.02431113313925397), np.float64(0.10143765409167868), np.float64(0.01614068727372788), np.float64(0.029248436217566294), np.float64(0.02246330963678028), np.float64(0.22611228121694277), np.float64(0.14761247661354193), np.float64(0.07136431967416283), np.float64(0.07051280018423342), np.float64(0.03568315813987461), np.float64(0.0880457198593729), np.float64(0.031038281529583312), np.float64(0.04413135545226936), np.float64(0.03728015409257562), np.float64(0.11269830589410287), np.float64(0.12253291046324397), np.float64(0.678061013040756), np.float64(0.11998070586729888), np.float64(0.1484549864599493), np.float64(0.1718973609994955), np.float64(0.06347734016122666), np.float64(0.12634096697680672), np.float64(0.03568304517251052), np.float64(0.18924478432266598), np.float64(0.1094462617072951), np.float64(0.06724191696761045), np.float64(0.14495123221702091), np.float64(0.0366174609710229), np.float64(0.36795306736296396), np.float64(0.05713454102456707), np.float64(0.08513890655274818), np.float64(0.09508101834852595), np.float64(0.22840094009881323), np.float64(0.11772221512315131), np.float64(0.06868222416087255), np.float64(0.2231704812336497), np.float64(0.24782154702303652), np.float64(0.09486028356240982), np.float64(0.13196862384235064), np.float64(0.4534135993930715), np.float64(0.2345459895967883), np.float64(0.10365811012601989), np.float64(0.027859604505353696), np.float64(0.17057950444167722), np.float64(0.058602109214975086), np.float64(0.3862777162295553), np.float64(0.0538864459676377), np.float64(0.21050222232166363), np.float64(0.11605393137967648), np.float64(0.12855592472006674), np.float64(0.25670746661849897), np.float64(0.14019458815429772), np.float64(0.20486565683044156), np.float64(0.4899370318717648), np.float64(0.25311700224429085), np.float64(0.18032834118419794), np.float64(0.2289816635518515), np.float64(0.19731220815673925), np.float64(0.1947781113897039), np.float64(0.2855844109150421), np.float64(0.3504162449257949), np.float64(0.16847464777936536), np.float64(0.3242120557766321)], [np.float64(0.003326417511878269), np.float64(0.00501250039124868), np.float64(0.003011358510379569), np.float64(0.005203729097401872), np.float64(0.0067193951179241014), np.float64(0.004730654279077334), np.float64(0.0028104280905187017), np.float64(0.002519714555000152), np.float64(0.0030777794686972144), np.float64(0.0047199017633310775), np.float64(1.456531531072841), np.float64(0.9771928608595906), np.float64(0.005597808710142678), np.float64(1.5053095645254966), np.float64(0.004543906128931126), np.float64(0.005331139415379038), np.float64(0.0032252229694438), np.float64(0.004384037210391866), np.float64(0.002817615028050699), np.float64(0.0037738137928244524), np.float64(0.004136283008362561), np.float64(2.111004003146214), np.float64(1.3958498742091991), np.float64(0.0039662825482324965), np.float64(0.0032713623978349714), np.float64(0.0038173658676001797), np.float64(0.002254056872046158), np.float64(0.004554237098660569), np.float64(0.0037253058382302677), np.float64(1.4953145941083978), np.float64(0.005689961329030335), np.float64(0.004370475369410508), np.float64(0.0035048218944823996), np.float64(1.249560117980686), np.float64(0.00476379945274316), np.float64(0.004872344621342463), np.float64(0.004916026741854141), np.float64(0.004359556143163976), np.float64(0.004441229265603235), np.float64(0.003621631763599201), np.float64(0.004446375661703651), np.float64(0.005840606053331422), np.float64(0.004440180229416338), np.float64(0.0039004847918638463), np.float64(1.9566941188969285), np.float64(0.0038179108097708015), np.float64(0.008621147892740301), np.float64(0.0030783245277365623), np.float64(0.004040203692849513), np.float64(0.0057244109269394446), np.float64(1.2227712363063423), np.float64(0.0043608712805421656), np.float64(0.004620051860819182), np.float64(0.00268939618611595), np.float64(0.0053559474639623345), np.float64(0.00533323369660786), np.float64(0.0039981333008504115), np.float64(0.00396519123128498), np.float64(0.0053196072138951885), np.float64(0.004965350247195004), np.float64(1.1069827043383056), np.float64(0.0044894768834846015), np.float64(0.004120836595750003), np.float64(0.0066751100064983415), np.float64(0.0040986508196178065), np.float64(1.6954196033560485), np.float64(0.0034237532728358068), np.float64(0.006801187372168105), np.float64(0.0058271300929529386), np.float64(1.675387763370572), np.float64(0.004520853912187279), np.float64(0.005977389022915989), np.float64(0.0028735853032419894), np.float64(0.0045197668305797705), np.float64(0.006609821985599225), np.float64(0.004352741195534866), np.float64(0.006352223536697094), np.float64(0.00640635911696441), np.float64(0.004750759697163283), np.float64(0.004433129333014517), np.float64(0.002864123098299578), np.float64(0.005563651218747505), np.float64(0.008703086061678219), np.float64(0.008400858191130338), np.float64(0.010777981473136494), np.float64(0.004743944280362575), np.float64(0.006509922990224243), np.float64(0.004942316837583718), np.float64(0.007629663301805112), np.float64(0.00535242998369177), np.float64(1.2013582755124934), np.float64(0.0051124958875551135), np.float64(0.009450920611374532), np.float64(0.008044201656791374), np.float64(0.0033826442019338674), np.float64(0.005062534162022308), np.float64(0.006876899936592883), np.float64(0.005986512561838307), np.float64(0.004668843526818587), np.float64(0.0046846247602431584), np.float64(0.005881057776890347), np.float64(0.006687824673490672), np.float64(0.004342010409592857), np.float64(1.6877622093958402), np.float64(0.0014013066955982803), np.float64(0.004341212133552042), np.float64(0.005840012732587185), np.float64(0.008453649214698126), np.float64(0.0038895804882570786), np.float64(0.00550158615923149), np.float64(0.005002256247248215), np.float64(0.005012992845593111), np.float64(0.004716785874987181), np.float64(0.004678273432399726), np.float64(0.0057895265110915195), np.float64(2.0139527856019823), np.float64(0.005787056727613501), np.float64(0.0066451163688358685), np.float64(0.006725344153823219), np.float64(0.007938193975920724), np.float64(0.009847260673425251), np.float64(0.008142627747593608), np.float64(0.008120333013905438), np.float64(0.006046587511116897), np.float64(0.008242392729863733), np.float64(0.012870801337146838), np.float64(0.006732683633915702), np.float64(0.007393041324454019), np.float64(0.00866311527647335), np.float64(0.007937538201634994), np.float64(0.006507087510714163), np.float64(0.004635548302671471), np.float64(0.004404177379973103), np.float64(0.008530621911395886), np.float64(0.008656430286978847), np.float64(0.009506397840904799), np.float64(0.006282940002623529), np.float64(0.007067941690934963), np.float64(0.004651372864813905), np.float64(0.008482002616884383), np.float64(0.008333890626637119), np.float64(0.003989617692848816), np.float64(0.009224394313919066), np.float64(0.0052605876049812905), np.float64(0.009984292376228493), np.float64(0.005210221552747438), np.float64(0.004656833246295967), np.float64(0.009237871608689859), np.float64(0.008187301603923171), np.float64(0.0076077760075397025), np.float64(0.007431041092933341), np.float64(0.0027555413100497543), np.float64(0.00456577216568381), np.float64(0.007741093621157792), np.float64(0.0042270342846683654), np.float64(0.010066931837579502), np.float64(0.00793899411786713), np.float64(0.004317352455139723), np.float64(0.004317284903936766), np.float64(0.009063384025861597), np.float64(0.009963956614841216), np.float64(0.007705104186703533), np.float64(0.007936130559896124), np.float64(0.010329061476523536), np.float64(0.01290295085965425), np.float64(0.008128181284827679), np.float64(0.005361527947544795), np.float64(0.008720456967973116), np.float64(0.009362833869106807), np.float64(0.006918949056840555), np.float64(0.006200751134599183), np.float64(0.007040714846777337), np.float64(0.008687647259474312), np.float64(0.009277166125786461), np.float64(0.00739992120462201), np.float64(0.006057080739834911), np.float64(0.0086165289922521), np.float64(0.010216541054076584), np.float64(0.005869510923761864), np.float64(0.006213852946377045), np.float64(0.005181101893923585), np.float64(0.010361497382414686), np.float64(0.007198948697279481), np.float64(2.140192418571512), np.float64(0.009771713508951438), np.float64(0.009351544918573786), np.float64(0.011596496060910677), np.float64(0.00872195413739932), np.float64(0.009333369857898415), np.float64(0.005313373240574563), np.float64(0.015318768111117652), np.float64(0.008134702776214016), np.float64(0.007623299858464536), np.float64(0.004624843303915128), np.float64(0.004994988422318398), np.float64(0.00903202959257153), np.float64(0.0049383808749800555), np.float64(0.009303476718156399), np.float64(0.002938886033315723), np.float64(0.01077239454990412), np.float64(0.004871315428647397), np.float64(0.008633395777280522), np.float64(0.013634658951694313), np.float64(0.011382239795031886), np.float64(0.013861116972621716), np.float64(0.007995687471371722), np.float64(0.010106217030820345), np.float64(0.009879167774794417), np.float64(0.0027788026372631966), np.float64(0.011074070254934022), np.float64(0.012510793432554424), np.float64(0.011384198748695446), np.float64(0.003215093813685076), np.float64(0.011667434909105335), np.float64(0.011050102003551618), np.float64(0.011659260457443813), np.float64(0.00785977239554744), np.float64(0.005827533401583095), np.float64(0.009775655344476912), np.float64(0.003568722011735708), np.float64(0.012355867776773074), np.float64(0.008775907661199107), np.float64(0.004038172780298579), np.float64(0.0052003305189907735), np.float64(0.00909591350178757), np.float64(0.007131545129063342), np.float64(0.007252027261825036), np.float64(0.007255618296322388), np.float64(0.012618283862897173), np.float64(0.019631144588558424), np.float64(0.0056794638588993996), np.float64(0.005504262061320454), np.float64(0.005055145077660323), np.float64(0.010159484113869839), np.float64(0.011621962776505306), np.float64(0.007187990009166873), np.float64(0.004777808639703988), np.float64(0.004838048008290055), np.float64(0.009671682741781934), np.float64(0.005036596150165261), np.float64(0.01288746552006636), np.float64(0.014020408823274237), np.float64(0.01160489583808314), np.float64(0.022953644823678163), np.float64(0.0147433796462278), np.float64(0.014986536800772068), np.float64(0.011587485486272883), np.float64(0.013349375286826835), np.float64(0.004280934034956397), np.float64(0.0063602447077930994), np.float64(0.011155789051335812), np.float64(0.013842309709870913), np.float64(0.004117474614103231), np.float64(0.012918229760599967), np.float64(0.01018372660166824), np.float64(0.01297287155658224), np.float64(0.008579038275183814), np.float64(0.0063394490637482944), np.float64(0.012574494979854928), np.float64(0.008837068670930967), np.float64(0.013578885947481118), np.float64(0.007703379678365279), np.float64(0.011548154471039254), np.float64(0.012827506409678715), np.float64(0.013778539071539704), np.float64(0.013835288516880958), np.float64(0.016346708768847792), np.float64(0.0034257161107163377), np.float64(0.006929101214628955), np.float64(0.008703721745277731), np.float64(0.014363775417659574), np.float64(0.011525555223207223), np.float64(0.008811296576471669), np.float64(0.009013718604860818), np.float64(0.011517330916158504), np.float64(0.01151258450980473), np.float64(0.005701328478568471), np.float64(0.011509813932078795), np.float64(0.014935751017493096), np.float64(0.010150457021418983), np.float64(0.016787676384649845), np.float64(0.014235909708719716), np.float64(0.011232499417964994), np.float64(0.01656235392069761), np.float64(0.013333482825309963), np.float64(0.012026846400719434), np.float64(0.012431227012161353), np.float64(0.009751715727239686), np.float64(0.007339047426086011), np.float64(0.020928082776963654), np.float64(0.022363836612544385), np.float64(0.010087164002614895), np.float64(0.014209564007851552), np.float64(0.014435591764378159), np.float64(0.008884130927311093), np.float64(0.014194915844498878), np.float64(0.010594552248930425), np.float64(0.011224000200183912), np.float64(0.02183668888429275), np.float64(0.025562366088953566), np.float64(0.014324296848667489), np.float64(0.011949678643242895), np.float64(0.019630549212785273), np.float64(0.010913395849990277), np.float64(0.012867042091859234), np.float64(0.019138795206359603), np.float64(0.012261896641494156), np.float64(0.019669314707218537), np.float64(0.01230718273893612), np.float64(0.0237043554491002), np.float64(0.013509763548940427), np.float64(0.01028762923455911), np.float64(0.0092151117119047), np.float64(0.016777585850658014), np.float64(0.023323721495579017), np.float64(0.029496836782795157), np.float64(0.00988417857026428), np.float64(0.011117925343109927), np.float64(0.017525296501412106), np.float64(0.00674149467286865), np.float64(0.01720614911738291), np.float64(0.021519209870161864), np.float64(0.015740570325843722), np.float64(0.021116183799990335), np.float64(0.01789082264006576), np.float64(0.014728722541260335), np.float64(0.012173881507880301), np.float64(0.024742596524745156), np.float64(0.01675786922473166), np.float64(0.01283388862747792), np.float64(0.021933393996504593), np.float64(0.022626287317733012), np.float64(0.01662104876431511), np.float64(0.01618312988664721), np.float64(0.021872802199101506), np.float64(0.017072353036885687), np.float64(0.01726557999797256), np.float64(0.016152158762897335), np.float64(0.017711783927978793), np.float64(0.019044830643876017), np.float64(0.022135592261576385), np.float64(0.024574650030368985), np.float64(0.022557034157240634), np.float64(0.023746374797969514), np.float64(0.02023900703712294), np.float64(0.014749280925342072), np.float64(0.03288763653192398), np.float64(0.01582446828800208), np.float64(0.021387574955290995), np.float64(0.025016065542380044), np.float64(0.02814933227475256), np.float64(0.02502687805230169), np.float64(0.021437506717439422), np.float64(0.023631640770527335), np.float64(0.022114950990253446), np.float64(0.015127511061702563), np.float64(0.028645433498027017), np.float64(0.025671825778495968), np.float64(0.02559509008162469), np.float64(0.015596744261550926), np.float64(0.010399423526170107), np.float64(0.02463077973573918), np.float64(0.026302393282501356), np.float64(0.014412641211616384), np.float64(0.031362872833154753), np.float64(0.02756634238313093), np.float64(0.020151597841103007), np.float64(0.020358796465969678), np.float64(0.03282242672635551), np.float64(0.028899781623664755), np.float64(0.029842820550433073), np.float64(0.018982058567227515), np.float64(0.03155102692331746), np.float64(0.021687878765680554), np.float64(0.02470781725287046), np.float64(0.02018794309518941), np.float64(0.02245203360459698), np.float64(0.028816536018831603), np.float64(0.03534805229278842), np.float64(0.029476526118454843), np.float64(0.01991189228985343), np.float64(0.025909468290124756), np.float64(0.01720397545051478), np.float64(0.0292502801364226), np.float64(0.020592709354990083), np.float64(0.03350352736671154), np.float64(0.036218043546115485), np.float64(0.03028626130470871), np.float64(0.03172643694401758), np.float64(0.03961637610139287), np.float64(0.019568134285135732), np.float64(0.021937083618652455), np.float64(0.02002462380380896), np.float64(0.034287305179786426), np.float64(0.02875846646638873), np.float64(0.037833225382139506), np.float64(0.03617873528250225), np.float64(0.024929009868604312), np.float64(0.04850465397472979), np.float64(0.04469511063043928), np.float64(0.03954588003524324), np.float64(0.05159570172565896), np.float64(0.04833957067826959), np.float64(0.021642861301988506), np.float64(0.04189461654410401), np.float64(0.046414269990287575), np.float64(0.025666348451651458), np.float64(0.04057280787960191), np.float64(0.05539106872728309), np.float64(0.03833292254377881), np.float64(0.05419466673864332), np.float64(0.05621952208855993), np.float64(0.044314594182873694), np.float64(0.040161332123253984), np.float64(0.02844055705015767), np.float64(0.036874371471553036), np.float64(0.04506318603315549), np.float64(0.043043444731111234), np.float64(0.03297903580238165), np.float64(0.04240729182023911), np.float64(0.03692525979842481), np.float64(0.040989204076085035), np.float64(0.037850911460297273), np.float64(0.042197523941482844), np.float64(0.047055706186580115), np.float64(0.03813600492101077), np.float64(0.039053492672576656), np.float64(0.03601650109673669), np.float64(0.05659251493199097), np.float64(0.031108165194893966), np.float64(0.06493969690644505), np.float64(0.04173568740213072), np.float64(0.04168458016331), np.float64(0.0416303651798705), np.float64(0.06651770355294971), np.float64(0.03546240888720323), np.float64(0.04348928929388978), np.float64(0.041778235486657385), np.float64(0.05168042158961153), np.float64(0.0635797727429392), np.float64(0.06932197808227593), np.float64(0.08938073810837872), np.float64(0.0325481245720993), np.float64(0.040940087354435904), np.float64(0.04135228694866461), np.float64(0.10688049420172967), np.float64(0.04513057061105726), np.float64(0.08132829048266893), np.float64(0.07725342609607239), np.float64(0.10196240842742041), np.float64(0.048311240699590204), np.float64(0.06031711326102904), np.float64(0.07731184027766153), np.float64(0.06891943509367338), np.float64(0.10236768461918502), np.float64(0.07446747421799786), np.float64(0.0525829926144281), np.float64(0.07482575501409984), np.float64(0.08511170358049491), np.float64(0.0801026111270339), np.float64(0.08567330003790485), np.float64(0.05774428231852139), np.float64(0.053718132544368385), np.float64(0.11119450074305957), np.float64(0.06951540812952059), np.float64(0.09026213813761025), np.float64(0.08217476551310708), np.float64(0.0538436945217141), np.float64(0.0840468696079686), np.float64(0.07875337327257872), np.float64(0.1371053558998459), np.float64(0.05862989231135836), np.float64(0.06012600526688735), np.float64(0.12449133808140289), np.float64(0.09211030582632272), np.float64(0.06506194500506467), np.float64(0.05776521054279017), np.float64(0.10928903584863293), np.float64(0.0817100959888853), np.float64(0.07210926102233844), np.float64(0.08130867328424038), np.float64(0.11149030288936676), np.float64(0.12316539670316677), np.float64(0.10698814499576265), np.float64(0.08231957776326618), np.float64(0.0796386309314702), np.float64(0.07978155767823032), np.float64(0.07956509076650019), np.float64(0.11429965716142962), np.float64(0.02023912691354727), np.float64(0.0879161975611181), np.float64(0.06263086386542167), np.float64(0.0918051722361475), np.float64(0.08298488583371216), np.float64(0.09575868303372256), np.float64(0.10135908374198324), np.float64(0.08649406247475255), np.float64(0.1728261160981119), np.float64(0.061130653204172984), np.float64(0.0768084848036909), np.float64(0.14091435032309715), np.float64(0.11345069203841189), np.float64(0.10852336493612474), np.float64(0.18281603795362916), np.float64(0.10452907974548781), np.float64(0.15354658677697086), np.float64(0.10508008550030963), np.float64(0.1080752980526299), np.float64(0.15422753716355553), np.float64(0.20497892241948765), np.float64(0.10377532846148604), np.float64(0.0444771550227842), np.float64(0.3797306599753564), np.float64(0.024481926942585205), np.float64(0.12511531652688535), np.float64(0.10950590304545871), np.float64(0.21819561645963043), np.float64(0.07915509162335198), np.float64(0.251645378881456), np.float64(0.33460622452828676), np.float64(0.06722815465369678), np.float64(0.08417744538460355), np.float64(0.06936924114662585), np.float64(0.08917418283757374), np.float64(0.04148199279736526), np.float64(0.08854427649840854), np.float64(0.08247477079822117), np.float64(0.26675904680088075), np.float64(0.09432057108481205), np.float64(0.18667951912325123), np.float64(0.17969564763832568), np.float64(0.2253819857632226), np.float64(0.07929047278315597), np.float64(0.057194069348634545), np.float64(0.057820876302586026), np.float64(0.04544994507288024), np.float64(0.19668028224017947), np.float64(0.1965542735444621), np.float64(0.07739294754980511), np.float64(0.06402859884868667), np.float64(0.07697662767215338), np.float64(0.14062053136189698), np.float64(0.09298087893917271), np.float64(0.06383244492475032), np.float64(0.06307775353375251), np.float64(0.18032564645062157), np.float64(0.29537369478844644), np.float64(0.4026223049567552), np.float64(0.09595984187899372), np.float64(0.014045948795688523), np.float64(0.04163152988638572), np.float64(0.11998451095573774), np.float64(0.08090972003780725), np.float64(0.22911994395431173), np.float64(0.23687819571348215), np.float64(0.014128368355743066), np.float64(0.020329837376796486), np.float64(0.6197285523453469), np.float64(0.016606264789644075), np.float64(0.0688927304062929), np.float64(0.036261505469312415), np.float64(0.06661212265906424), np.float64(0.34733939305121997), np.float64(0.28936220786111855), np.float64(0.033364490460239885), np.float64(0.03411527516477015), np.float64(0.07543788174264678), np.float64(0.16829234929232278), np.float64(0.03388732027626001), np.float64(0.023295264465481424), np.float64(0.01781896726793083), np.float64(0.2790466818495806), np.float64(0.10111187441629982), np.float64(0.02300784336502612), np.float64(0.01886678015402067), np.float64(0.07210418867910166), np.float64(0.20751554477106993), np.float64(0.01929345521371138), np.float64(0.023747779680681428), np.float64(0.07496068738737645), np.float64(0.0367682929898368), np.float64(0.07160865553144155), np.float64(0.025197084345165283), np.float64(0.07129731551921585), np.float64(0.019750157953094212), np.float64(0.07313847954906795), np.float64(0.22424816107770126), np.float64(0.024957804910317728), np.float64(0.1719894131009518), np.float64(0.020386488248942413), np.float64(0.07687762990701488), np.float64(0.02061525399127901), np.float64(0.4158876316312405), np.float64(0.03389718187154864), np.float64(0.06762596734923156), np.float64(0.06469293810988645), np.float64(0.11920584152775066), np.float64(0.2960434058278638), np.float64(0.07693446108630035), np.float64(0.13753125675368377), np.float64(0.2842743862253419), np.float64(0.06064695201385966), np.float64(0.11286371175096836), np.float64(0.013267978745170767), np.float64(0.2261998184675695), np.float64(0.021240198138478383), np.float64(0.02754683209876162), np.float64(0.03154278303580475), np.float64(0.09969096968576245), np.float64(0.2874639334701804), np.float64(0.5756448436831663), np.float64(0.06011738514317462), np.float64(0.10943782291734311), np.float64(0.05463892558131208), np.float64(0.26196721287719016), np.float64(0.11143771326759223), np.float64(0.6367398420030705), np.float64(0.04339599147981433), np.float64(0.01741270927036024), np.float64(0.273048135434072), np.float64(0.04007875782659015), np.float64(0.05544332472000815), np.float64(0.06871065420165241), np.float64(0.055382501979852734), np.float64(0.05523269901881206), np.float64(0.024872768195603533), np.float64(0.04508811657760558), np.float64(0.02502806320175969), np.float64(0.08920885195351184), np.float64(0.022463672440795085), np.float64(0.05409808369547126), np.float64(0.04197661187176451), np.float64(0.7514247465437115), np.float64(0.12412725012293103), np.float64(0.04448379020785433), np.float64(0.022321679359277424), np.float64(0.017718411597723624), np.float64(0.22737022017723904), np.float64(0.022568730949045615), np.float64(0.08879856598084049), np.float64(0.04267831678958789), np.float64(0.4939639435465987), np.float64(0.08354408797144136), np.float64(0.04931182632559008), np.float64(0.08387691172378452), np.float64(0.042060004156419896), np.float64(0.024454207627132563), np.float64(0.09091708347382041), np.float64(0.10370765658057726), np.float64(0.017131667113344195), np.float64(0.042051950438007774), np.float64(0.1117987701327472), np.float64(0.0479076214150944), np.float64(0.0844505615762111), np.float64(0.059068199342782235), np.float64(0.13698983589718952), np.float64(0.23133459254024558), np.float64(0.013049416360241576), np.float64(0.2795889965033027), np.float64(0.019627438463853043), np.float64(0.023770631814588945), np.float64(0.1416585960225201), np.float64(0.08289685296341562), np.float64(0.022939498872573034), np.float64(0.2696115647740483), np.float64(0.12014959367174173), np.float64(0.466866021475821), np.float64(0.029536958902838563), np.float64(0.18155708705242585), np.float64(0.04286208693089679), np.float64(0.3458614297127284), np.float64(0.36742647695755487), np.float64(0.02308486060951856), np.float64(0.4856749029846228), np.float64(0.0458850141184339), np.float64(0.17347161884599746), np.float64(0.05891617721158367), np.float64(0.012857801790108416), np.float64(0.01961673903732885), np.float64(0.27862756309826847), np.float64(0.10006800538216089), np.float64(0.057489379540313024), np.float64(0.15961484729854314), np.float64(0.028616082267071546), np.float64(0.9318144818119432), np.float64(0.265243105331552), np.float64(0.01763059195581451), np.float64(0.017067490379187398), np.float64(0.09775923885535057), np.float64(0.01794184505965204), np.float64(0.1494718301308111), np.float64(0.09578344974007867), np.float64(0.034453427425820735), np.float64(0.060695704932742386), np.float64(0.02668017828872072), np.float64(0.5244495321555884), np.float64(0.18203308990269979), np.float64(0.08750926924438396), np.float64(0.7299136481353241), np.float64(0.12150890731077726), np.float64(0.06123776030927875), np.float64(0.8536489621311372), np.float64(0.013128442883238046), np.float64(0.1450386078066512), np.float64(0.019188416791074414), np.float64(0.10165555929559952), np.float64(0.3983688603097047), np.float64(0.24965632005831484), np.float64(0.13447978971893895), np.float64(0.03519600008921494), np.float64(0.024310719189418413), np.float64(0.03828957155920018), np.float64(0.25515857730888014), np.float64(0.21298231915416477), np.float64(0.023406947211097567), np.float64(0.03129510461580103), np.float64(0.04043799737983563), np.float64(1.025365906006667), np.float64(0.7144447335872215), np.float64(0.020516985017173008), np.float64(0.14711619121274236), np.float64(0.35231907424408415), np.float64(0.13209363285155512), np.float64(0.03286457162630217), np.float64(0.13705554367971595), np.float64(0.019439297061195286), np.float64(0.16732428284175113), np.float64(0.009506057228104138), np.float64(0.013420104795070909), np.float64(0.009489772933164064), np.float64(0.011970333832637079), np.float64(0.01894466305854522), np.float64(0.4508565540200415), np.float64(0.7543121008963255), np.float64(0.05465337800965521), np.float64(0.12393383613160572), np.float64(0.05057701037325927), np.float64(1.3755482020668317), np.float64(0.304534813363131), np.float64(0.21125787886113084), np.float64(0.06438717283621971), np.float64(0.021635175368146062), np.float64(0.100443939203467), np.float64(0.2842387196569964), np.float64(0.0068023215036684855), np.float64(0.7979024880602188), np.float64(0.006373875093632575), np.float64(0.07989424133472212), np.float64(0.34644274703695804), np.float64(1.259737114499353), np.float64(0.3996067799138064), np.float64(0.8378458249993642), np.float64(0.01700092706282354), np.float64(0.2282404326032153), np.float64(0.024149008889356685), np.float64(0.42787702611258394), np.float64(0.32257500894840674), np.float64(0.6250472160431323), np.float64(0.583864994526158), np.float64(0.7468585476859514), np.float64(1.2413892376922078), np.float64(0.1882093434616602), np.float64(1.4931580745824127), np.float64(1.4327199555326346), np.float64(0.56743390811955), np.float64(0.04472606909393292), np.float64(1.611425212086476), np.float64(1.6298777663745991), np.float64(1.8776659343989102), np.float64(0.27023547618269694), np.float64(1.3119084428100907), np.float64(0.4157962261472122), np.float64(3.2187030556510488), np.float64(4.017454476254365), np.float64(1.0225695556304135), np.float64(0.8485165082322841), np.float64(1.2437750894514834), np.float64(0.20257233590006335), np.float64(0.038995455046390244), np.float64(0.0009466295086423282), np.float64(1.083159655712547e-06)], [np.float64(0.006894276072092723), np.float64(0.002438281753717129), np.float64(0.004138327525716723), np.float64(0.002462083470077273), np.float64(0.005349032248408292), np.float64(0.00486679980853584), np.float64(1.221872690416688), np.float64(0.0036700251033317784), np.float64(0.004099653141979898), np.float64(0.0025525773705319544), np.float64(1.1234038632135792), np.float64(0.0025750505754032526), np.float64(0.005257857330574115), np.float64(0.005042742577270897), np.float64(0.006744420895952181), np.float64(0.0030815937719463962), np.float64(0.0014950942631117394), np.float64(0.003031523551600766), np.float64(0.001914247802233888), np.float64(0.004838308520109708), np.float64(0.005434541056830782), np.float64(0.0022096365714257085), np.float64(0.0027674089917983347), np.float64(0.0027918697879898784), np.float64(0.0015317656006020022), np.float64(0.0019140588503238874), np.float64(0.005762950394751863), np.float64(1.8198452091982171), np.float64(0.002382789689128754), np.float64(0.0042997020073775516), np.float64(0.003946900817163902), np.float64(0.002194145145803366), np.float64(0.009473452749246032), np.float64(0.004958591517202563), np.float64(0.004078470924590071), np.float64(1.7786834452453817), np.float64(0.008191000279426994), np.float64(0.005101109372532184), np.float64(0.004091195333809897), np.float64(1.5001276552357001), np.float64(1.73078999392885), np.float64(0.002290112206007577), np.float64(0.00416006014385202), np.float64(0.0029286226040116563), np.float64(0.004511610574335236), np.float64(1.2912068515304613), np.float64(0.0031332269158911236), np.float64(0.003920868093230914), np.float64(0.005195853287219206), np.float64(1.4463369884891462), np.float64(0.0032029440177316665), np.float64(0.010327631932037121), np.float64(0.0032827296623245835), np.float64(0.008919047800845258), np.float64(0.004762386229401838), np.float64(0.004526135281935095), np.float64(0.004286698411257448), np.float64(0.007779490636259394), np.float64(0.001876618224009908), np.float64(0.0048698035620643905), np.float64(0.004284926914988366), np.float64(0.005225206357391772), np.float64(0.007935712854497807), np.float64(0.004771802171167919), np.float64(0.0075523518270324145), np.float64(0.004873920505148843), np.float64(0.004765110220106388), np.float64(0.00880022543189429), np.float64(0.004331809925273558), np.float64(0.004966789950094505), np.float64(0.0037419165799947806), np.float64(0.004181656974445137), np.float64(0.004740313041134731), np.float64(0.003849995765757919), np.float64(0.0030757135147041967), np.float64(1.897691097511324), np.float64(0.006294586077176021), np.float64(0.0062184875390753425), np.float64(0.005033157046320816), np.float64(0.0044912526255725714), np.float64(0.004886763608083098), np.float64(0.009728314895478691), np.float64(0.0052658520663445355), np.float64(0.006508882139627169), np.float64(0.0023537852713485198), np.float64(1.6245064654162602), np.float64(0.00881960238515294), np.float64(0.006782744585212074), np.float64(0.0059553658563722064), np.float64(0.009197814643377286), np.float64(0.006860979776741884), np.float64(0.009481800126108341), np.float64(0.009314572996491731), np.float64(0.00693839920906477), np.float64(0.005974276519798369), np.float64(0.008593220524363083), np.float64(0.0026096401014034927), np.float64(0.0029700302114702335), np.float64(0.005337296688950947), np.float64(0.00536312257386286), np.float64(0.004840914245883949), np.float64(0.003967459342817745), np.float64(0.004442988192060648), np.float64(0.004835874435363771), np.float64(0.00966892028944545), np.float64(0.003309166680132302), np.float64(0.004112952762870457), np.float64(0.005970466741428633), np.float64(0.009950632501472692), np.float64(0.007070641159794202), np.float64(0.00497129394542426), np.float64(0.009325033556303361), np.float64(0.005160619163964089), np.float64(0.010286840605899657), np.float64(0.004858104393271902), np.float64(0.005330645970045889), np.float64(0.009655807134716749), np.float64(0.005179241836184287), np.float64(0.005445054000201843), np.float64(0.010022698014969866), np.float64(0.009653881778156436), np.float64(0.00482790989981006), np.float64(0.010018976247184508), np.float64(0.009311893974844483), np.float64(0.006726038904088768), np.float64(0.009645430594719553), np.float64(0.008600355377715935), np.float64(0.009304690123422768), np.float64(1.827706338274633), np.float64(0.002631364647895587), np.float64(0.006033019376156163), np.float64(0.007921241428539868), np.float64(0.005146110888756264), np.float64(0.008116064766918816), np.float64(0.009636241035051351), np.float64(0.00872116710814203), np.float64(0.004672319156831171), np.float64(0.005906033616670669), np.float64(0.010002846425809472), np.float64(0.0035578691863835756), np.float64(0.002634843901666861), np.float64(0.0032239694969958695), np.float64(0.002658237175416793), np.float64(0.002553417354969064), np.float64(0.006096245957491312), np.float64(0.004894944558268483), np.float64(0.012263190919378992), np.float64(0.0024680759876863165), np.float64(0.006087425137209729), np.float64(0.006866473853634984), np.float64(0.0014823903427120088), np.float64(0.0061287141693783555), np.float64(0.0017497518046011564), np.float64(0.0057380969074705725), np.float64(0.0051036326022625925), np.float64(0.009617376612380683), np.float64(0.0022990527092806687), np.float64(0.005098667830754749), np.float64(0.005136221781578743), np.float64(0.005949642056597023), np.float64(0.0021475172626864926), np.float64(0.0032758882899092054), np.float64(0.0027144809843024312), np.float64(0.011744284732543962), np.float64(1.3810319372165745), np.float64(0.009205057959818568), np.float64(0.011818264310376065), np.float64(0.0037899080842280306), np.float64(0.007629607813604413), np.float64(0.009604604349669641), np.float64(0.0049691141597883095), np.float64(0.006576353599762206), np.float64(0.010321058986276058), np.float64(0.008522947119068099), np.float64(0.0026439548761375445), np.float64(0.006781332624845045), np.float64(0.008065694945319477), np.float64(0.002967443543309862), np.float64(0.006108720164028208), np.float64(0.004427669510347719), np.float64(0.010050850896382404), np.float64(0.007801051630487273), np.float64(0.007099677090432514), np.float64(0.004184964401213842), np.float64(0.002968842663117009), np.float64(0.0019346032308466753), np.float64(0.002382661326669188), np.float64(0.0012464285059115717), np.float64(1.1824878355407493), np.float64(0.009951182204050479), np.float64(0.003267016437133811), np.float64(0.0013712296172591724), np.float64(0.001533694244965097), np.float64(0.010561481779726618), np.float64(0.0031306914045765954), np.float64(1.5740040115144776), np.float64(0.0036425610994362213), np.float64(0.005900578216674886), np.float64(0.00755318447679346), np.float64(0.009695865992004917), np.float64(0.002609765817222359), np.float64(0.015099290298632462), np.float64(0.0026508357998501248), np.float64(0.0024759192851978723), np.float64(0.0027572135334691665), np.float64(0.002781048864357499), np.float64(0.007751828206414698), np.float64(0.009828975123318555), np.float64(0.0017643834928223205), np.float64(0.006364641016148768), np.float64(0.00430073681239641), np.float64(0.008015373268232567), np.float64(0.004054793510721367), np.float64(0.0029076176525128163), np.float64(0.010124940622867305), np.float64(0.003029927848615499), np.float64(0.004545126991074067), np.float64(0.002784315377158487), np.float64(0.002317119606789715), np.float64(0.010301619630286715), np.float64(0.013927428972842668), np.float64(0.0032186457401532204), np.float64(0.0047403474312135525), np.float64(0.011321579236523107), np.float64(0.008589837375653985), np.float64(0.0087459215125697), np.float64(0.004452772303076357), np.float64(0.002107625359906355), np.float64(0.007442887595894254), np.float64(0.003499462808527512), np.float64(0.0035335535806571682), np.float64(0.003568370388732479), np.float64(0.010021386748557216), np.float64(0.0029828286562864647), np.float64(0.003682193347952229), np.float64(0.008281468277177075), np.float64(1.3568178764875272), np.float64(0.0024374400606709964), np.float64(0.00979092691226885), np.float64(0.0062294195262242065), np.float64(0.005855685802363992), np.float64(0.005238424108596547), np.float64(0.003897268474492648), np.float64(0.005683580693283717), np.float64(0.0037452512116102218), np.float64(0.006903201201529556), np.float64(0.001970592525613514), np.float64(0.005373952181687974), np.float64(0.007035694864601387), np.float64(0.008577912409492858), np.float64(0.007184171332868843), np.float64(0.009780396637292552), np.float64(0.0037476815933231047), np.float64(0.004347622653246064), np.float64(0.007384739893437365), np.float64(0.0043037605855704535), np.float64(0.005584842070422633), np.float64(0.0035801259200812538), np.float64(0.01193660824679992), np.float64(0.010430288655664087), np.float64(0.0017256253199128073), np.float64(0.01180380958770875), np.float64(0.0029270399530521647), np.float64(0.010249617697860676), np.float64(0.004724814051442755), np.float64(0.009829793317309177), np.float64(1.274417423565981), np.float64(0.006656173284842057), np.float64(0.007435145273979624), np.float64(0.0068863649597309595), np.float64(0.012786770878843183), np.float64(0.013315691641680557), np.float64(0.010040612847366957), np.float64(0.006432496936438001), np.float64(0.016445409165834545), np.float64(0.0032399811366244733), np.float64(0.008021000439282309), np.float64(0.011043139343867114), np.float64(0.011042663948525962), np.float64(0.016239035320765514), np.float64(0.005596291014672374), np.float64(0.012887357461801783), np.float64(0.00467431203840253), np.float64(1.2554953133020725), np.float64(0.007474408784278003), np.float64(0.00923361362907441), np.float64(0.014696871919107728), np.float64(0.0060041086852147705), np.float64(0.0096322686772939), np.float64(0.00996628077415257), np.float64(0.0021210054247371136), np.float64(0.008072195218710516), np.float64(0.004613816499618893), np.float64(0.005820935935264815), np.float64(0.004687758008908454), np.float64(0.003951473553578592), np.float64(0.006510970633504572), np.float64(0.007450128413800784), np.float64(0.010196895431053614), np.float64(0.0074888430547543836), np.float64(0.005752807259494609), np.float64(0.006014655961300111), np.float64(0.005584623777309932), np.float64(0.015020969323700712), np.float64(0.01100482219557325), np.float64(0.007072347011354198), np.float64(0.007171996615995726), np.float64(0.006101905578731642), np.float64(0.0035025197531168943), np.float64(0.006234243826923655), np.float64(0.011023142374550135), np.float64(0.017581272955287847), np.float64(0.005271380408405966), np.float64(0.010351682341107817), np.float64(0.002664410110910992), np.float64(1.3058414215337424), np.float64(0.007289247046873217), np.float64(0.006974509348998447), np.float64(0.007358304886601221), np.float64(0.008206987907588947), np.float64(0.005654083460925695), np.float64(0.004417602068671087), np.float64(0.013242982996091907), np.float64(0.009951204820467309), np.float64(0.006745128325820709), np.float64(0.019028530457856657), np.float64(0.006536063857869754), np.float64(0.006698274968374158), np.float64(0.007433036303814865), np.float64(0.008854202909092557), np.float64(0.008763204518455121), np.float64(0.01596444191873268), np.float64(0.008017774257668435), np.float64(0.007958955571393873), np.float64(0.0073897009860267975), np.float64(0.004495762758626417), np.float64(0.01180751522496012), np.float64(0.012090140355537732), np.float64(0.009168892438085507), np.float64(0.015367801169755418), np.float64(0.00823805079671253), np.float64(0.009223039038365612), np.float64(0.008482435152527237), np.float64(0.014678157965129947), np.float64(0.009126973724897569), np.float64(0.015294957548385146), np.float64(0.011899506685957814), np.float64(0.009302272686625734), np.float64(0.012699948638998185), np.float64(0.008009441052950365), np.float64(0.00594651676307504), np.float64(0.007915785049759662), np.float64(0.017413734941384085), np.float64(0.013161513011188264), np.float64(0.015706754872148433), np.float64(0.009729021810399613), np.float64(0.005348341398523578), np.float64(0.010835240590387981), np.float64(0.010276319675221107), np.float64(0.01125218303128596), np.float64(0.016234527386644926), np.float64(0.008266070254282323), np.float64(0.013887868647830816), np.float64(0.011574093169153614), np.float64(0.017127073472339216), np.float64(0.025095879371267477), np.float64(0.01354998369456621), np.float64(0.010339622939438395), np.float64(0.027706540842564034), np.float64(0.01297945907966884), np.float64(0.025913111688312594), np.float64(0.01538783882883023), np.float64(0.01567169674923332), np.float64(0.010984822032632565), np.float64(0.014828246797903287), np.float64(0.0146017053624025), np.float64(0.013991657925842274), np.float64(0.010686146254306039), np.float64(0.011771103327410626), np.float64(0.013665660202387445), np.float64(0.011193323000963132), np.float64(0.011138487604368523), np.float64(0.011811855692737934), np.float64(0.008369822670937619), np.float64(0.01521959486000319), np.float64(0.010099932365842248), np.float64(0.014708892062290575), np.float64(0.008669470048468722), np.float64(0.020132764181704062), np.float64(0.012510697594189114), np.float64(0.026701835088899197), np.float64(0.01632309712327515), np.float64(0.01247484720956378), np.float64(0.02430767399955681), np.float64(0.030087674024528308), np.float64(0.012581472010991447), np.float64(0.013637901748927853), np.float64(0.019720950453881638), np.float64(0.013562097235327836), np.float64(0.01792029222013279), np.float64(0.01887917617034161), np.float64(0.013116740148596316), np.float64(0.02173017245834802), np.float64(0.0104487485741612), np.float64(0.008346143465556465), np.float64(0.016332415496974156), np.float64(0.008505394413984759), np.float64(0.013804322881555054), np.float64(0.013567834895478036), np.float64(0.014023823260991643), np.float64(0.014595803579101686), np.float64(0.020488106024847616), np.float64(0.018826759477479246), np.float64(0.02307137463280324), np.float64(0.0295664085646687), np.float64(0.015033388849723347), np.float64(0.02230932733535578), np.float64(0.015453928740480028), np.float64(0.02613716131890866), np.float64(0.02276790758241331), np.float64(0.02465884945269624), np.float64(0.01988546270733308), np.float64(0.02404371393194607), np.float64(0.03523743024378686), np.float64(0.018572280518483496), np.float64(0.01700071237829561), np.float64(0.015989424041266426), np.float64(0.018607472649446146), np.float64(0.01178986414004775), np.float64(0.011236319927202906), np.float64(0.041504135458376494), np.float64(0.020894769362091097), np.float64(0.01687398424134854), np.float64(0.04549623274630148), np.float64(0.037466034993568195), np.float64(0.024900427474325325), np.float64(0.020617226993513014), np.float64(0.01945028202221492), np.float64(0.018349702075378952), np.float64(0.028115256359565754), np.float64(0.03155061045746954), np.float64(0.024629705328274017), np.float64(0.022105951739734942), np.float64(0.02207065658828599), np.float64(0.03341958732198098), np.float64(0.02192852342055798), np.float64(0.026228091408941143), np.float64(0.0323298161891348), np.float64(0.027189083551791206), np.float64(0.025242948070990905), np.float64(0.03230225507415927), np.float64(0.036321402405295404), np.float64(0.0402388137993125), np.float64(0.018066345039667593), np.float64(0.0267735295614992), np.float64(0.025810217182731097), np.float64(0.0230550524855872), np.float64(0.03784779325471758), np.float64(0.02516140412107399), np.float64(0.0257229205434802), np.float64(0.024288240741806737), np.float64(0.02651156856068701), np.float64(0.026397034736824004), np.float64(0.03250054250615152), np.float64(0.01565982635053261), np.float64(0.031160366064463648), np.float64(0.023773643267609224), np.float64(0.03593148000293749), np.float64(0.02829783919382428), np.float64(0.03183802887547206), np.float64(0.031110900868472065), np.float64(0.03496452659498672), np.float64(0.03373496338378199), np.float64(0.02144043706248623), np.float64(0.0318215658420855), np.float64(0.033060570735453265), np.float64(0.020167951602116627), np.float64(0.03207696789803611), np.float64(0.026088251435334584), np.float64(0.034183082214260724), np.float64(0.028745983924646962), np.float64(0.03231124953196028), np.float64(0.029027671921232415), np.float64(0.03500243544264793), np.float64(0.02992387120347296), np.float64(0.03677126563005832), np.float64(0.020726335327249434), np.float64(0.01996955880115774), np.float64(0.04575639198540145), np.float64(0.023316479183753316), np.float64(0.027711549188409214), np.float64(0.03469650849279286), np.float64(0.023730019937659507), np.float64(0.03537988124521668), np.float64(0.034487672233385315), np.float64(0.03146043937831214), np.float64(0.019452008444258213), np.float64(0.04708997858237319), np.float64(0.03249518419007817), np.float64(0.04138169801357558), np.float64(0.0449304084339113), np.float64(0.0429535787475482), np.float64(0.034199501915805806), np.float64(0.04807053970351922), np.float64(0.04805325525857558), np.float64(0.027266443535522607), np.float64(0.027243958886284322), np.float64(0.05483609441062945), np.float64(0.016952632205788343), np.float64(0.03878963825738888), np.float64(0.033827500807889974), np.float64(0.028418619732189117), np.float64(0.07158895894433162), np.float64(0.038212587079564875), np.float64(0.058393017966182445), np.float64(0.026944591484407313), np.float64(0.04154112467833605), np.float64(0.02741449083021761), np.float64(0.05130940078869251), np.float64(0.07242147484757687), np.float64(0.05231148222510158), np.float64(0.03319599455259367), np.float64(0.06572128983015045), np.float64(0.028854043214273973), np.float64(0.08598194906271608), np.float64(0.05548398543387939), np.float64(0.03547632375435959), np.float64(0.0810352147402948), np.float64(0.03325355309991612), np.float64(0.048132358106307886), np.float64(0.03627806871980334), np.float64(0.09341578386359516), np.float64(0.05312117941091109), np.float64(0.05398569899362685), np.float64(0.045573267821352806), np.float64(0.05123983961741377), np.float64(0.03220705968508514), np.float64(0.03282397571375099), np.float64(0.032794632728911755), np.float64(0.050351576260738155), np.float64(0.08142062930056164), np.float64(0.01597066678927798), np.float64(0.03191041243428779), np.float64(0.029947170103597955), np.float64(0.07569967701061084), np.float64(0.030791973597682275), np.float64(0.0317082888290442), np.float64(0.06164088912561543), np.float64(0.0280509819197848), np.float64(0.0728036164928345), np.float64(0.0771958750465729), np.float64(0.0630162429786802), np.float64(0.08851357058437156), np.float64(0.08812423438781677), np.float64(0.05662347879414564), np.float64(0.03943952118076343), np.float64(0.03937546800770798), np.float64(0.08431175381652288), np.float64(0.09769398069189818), np.float64(0.05447131102614628), np.float64(0.029233617944112514), np.float64(0.08654302415164189), np.float64(0.06411848227304967), np.float64(0.08602774397421752), np.float64(0.08274070068064851), np.float64(0.0857581809145666), np.float64(0.030194679474964924), np.float64(0.03150876412711208), np.float64(0.07632447787250851), np.float64(0.03139675399798651), np.float64(0.08244525640302838), np.float64(0.09628590616211471), np.float64(0.03792426344933536), np.float64(0.04123792712961645), np.float64(0.0525697075622976), np.float64(0.013375799758726275), np.float64(0.07418346657804845), np.float64(0.08592707121980386), np.float64(0.08047618335008364), np.float64(0.045873196541200874), np.float64(0.014639377178713022), np.float64(0.13789907876199528), np.float64(0.06345541491884392), np.float64(0.055919345010876635), np.float64(0.0792836531927411), np.float64(0.029700011962173804), np.float64(0.08135466575870615), np.float64(0.023814516997145117), np.float64(0.1575570334084771), np.float64(0.03912916618537077), np.float64(0.08038363723665443), np.float64(0.0284247656229325), np.float64(0.07775404893994231), np.float64(0.054683843288683066), np.float64(0.02722989449660128), np.float64(0.0795253975972085), np.float64(0.038567614371570934), np.float64(0.1452018560664864), np.float64(0.10206425712098065), np.float64(0.035201837540234905), np.float64(0.1689157735843883), np.float64(0.13961022660048855), np.float64(0.034713220689110535), np.float64(0.06446033261859924), np.float64(0.05976045877047618), np.float64(0.14751891184027324), np.float64(0.13029892736910834), np.float64(0.03409968015949527), np.float64(0.026730320025360882), np.float64(0.0366985920794885), np.float64(0.07371906200080561), np.float64(0.10713585669894042), np.float64(0.02444217352079414), np.float64(0.09762904068227596), np.float64(0.01972276772733818), np.float64(0.05395929669970688), np.float64(0.07448584673312547), np.float64(0.03626115232138759), np.float64(0.04243367161895802), np.float64(0.10001964883427517), np.float64(0.05657484410496488), np.float64(0.07415747861778976), np.float64(0.15387120109098848), np.float64(0.03271467251170944), np.float64(0.0700004567583654), np.float64(0.1465408791765383), np.float64(0.07211004071448458), np.float64(0.032284793910078616), np.float64(0.03504740525807714), np.float64(0.02656227725103837), np.float64(0.032159966440604884), np.float64(0.06996350275301795), np.float64(0.043155388421402555), np.float64(0.02427981590892669), np.float64(0.24236061800090214), np.float64(0.07456536687355605), np.float64(0.06871707815632283), np.float64(0.11998588699228017), np.float64(0.031272697176007676), np.float64(0.03410160179728186), np.float64(0.0694518505355036), np.float64(0.0546191447571308), np.float64(0.35796260130348595), np.float64(0.08581395503105646), np.float64(0.028280522499992463), np.float64(0.05838430501477001), np.float64(0.19792810125196647), np.float64(0.030084598814290178), np.float64(0.07672571850088923), np.float64(0.03044453937064346), np.float64(0.06663337815314013), np.float64(0.054414927487379354), np.float64(0.05148796442590598), np.float64(0.2014996520395817), np.float64(0.014724947239159205), np.float64(0.1988479482216768), np.float64(0.06499673344486827), np.float64(0.05302476042334074), np.float64(0.1543536616790107), np.float64(0.021462423375322483), np.float64(0.33346086607807307), np.float64(0.07439921033976003), np.float64(0.04739082584598186), np.float64(0.014507357977586292), np.float64(0.051445304597037916), np.float64(0.33113884515685965), np.float64(0.03465976970522323), np.float64(0.03868402657623375), np.float64(0.09342080885138083), np.float64(0.06646125304124685), np.float64(0.13063082633723844), np.float64(0.07140171432115154), np.float64(0.27411953341641937), np.float64(0.03305814387422476), np.float64(0.13539782100828146), np.float64(0.013750243180080708), np.float64(0.24649093774742306), np.float64(0.0142924214283039), np.float64(0.05027342602987602), np.float64(0.058733658887307444), np.float64(0.04894752345465476), np.float64(0.06020895967992028), np.float64(0.26351405650000104), np.float64(0.07187026847537498), np.float64(0.20973367530648462), np.float64(0.08402166670331612), np.float64(0.1332924718665897), np.float64(0.02771129601166979), np.float64(0.042504863466906656), np.float64(0.15537092523834586), np.float64(0.055801654517312844), np.float64(0.22477481301683125), np.float64(0.13317380125368905), np.float64(0.0274088717831205), np.float64(0.05026840123982051), np.float64(0.1676021230046211), np.float64(0.05417648867034748), np.float64(0.05286506720773331), np.float64(0.02697866135469308), np.float64(0.05006319807322927), np.float64(0.06268465006439469), np.float64(0.028551091759985124), np.float64(0.10046744845616963), np.float64(0.05062254645769998), np.float64(0.10769989366165321), np.float64(0.4843268981591545), np.float64(0.4679390433102517), np.float64(0.04182592639640296), np.float64(0.03476882270798), np.float64(0.032301828140348335), np.float64(0.02922321175799786), np.float64(0.0414369086713313), np.float64(0.07067727001523813), np.float64(0.0603006872190524), np.float64(0.1592895676505362), np.float64(0.049541181923886075), np.float64(0.025731649057957957), np.float64(0.04936916734828495), np.float64(0.1251350992632095), np.float64(0.048977337674571), np.float64(0.16596233576303407), np.float64(0.05424735418484931), np.float64(0.04000795348697068), np.float64(0.056726965349500495), np.float64(0.02962396854373062), np.float64(0.063038977514364), np.float64(0.06632923886036352), np.float64(0.06617242739313914), np.float64(0.04378189063793176), np.float64(0.04755659029623769), np.float64(0.16275328278624632), np.float64(0.17124093312907315), np.float64(0.023372273130914032), np.float64(0.0689497362117007), np.float64(0.17714499570385636), np.float64(0.4685211484769896), np.float64(0.06988166890396438), np.float64(0.10057246920934505), np.float64(0.17642378723867408), np.float64(0.048219321884378094), np.float64(0.029550172649868384), np.float64(0.07432705673283146), np.float64(0.17821114431295235), np.float64(0.2571121919159563), np.float64(0.07299609348748803), np.float64(0.07389560755584759), np.float64(0.042822699037336445), np.float64(0.04763341302179903), np.float64(0.04795021358717786), np.float64(0.4999990198843996), np.float64(0.08297226565262626), np.float64(0.03729192467920391), np.float64(0.03033850752910782), np.float64(0.13471254631520668), np.float64(0.037290702478987074), np.float64(0.656390550813613), np.float64(0.05203498324389823), np.float64(0.03848397594844509), np.float64(0.18089633001918473), np.float64(0.35397316543203416), np.float64(0.11145931129047328), np.float64(0.30288967512031384), np.float64(0.05975743569811813), np.float64(0.11873783906949603), np.float64(0.17955191104319043), np.float64(0.1834780017009496), np.float64(0.03651809258936652), np.float64(0.028932262972319604), np.float64(0.18755436619715707), np.float64(0.018037550779160128), np.float64(0.2007194985661499), np.float64(0.050883271311242866), np.float64(0.03556221186877505), np.float64(0.027302073891501293), np.float64(0.21933425786822147), np.float64(0.042290468582335226), np.float64(0.11704641368554022), np.float64(0.04997146738016206), np.float64(0.1500537978308773), np.float64(0.034394917905981794), np.float64(0.581978761395807), np.float64(0.047391376250091335), np.float64(0.03320278938428953), np.float64(0.23279848331449446), np.float64(0.8935837579403201), np.float64(0.15294169832411955), np.float64(0.17522979787608553), np.float64(0.1939315397900367), np.float64(0.015172311476383177), np.float64(0.01516046938577687), np.float64(0.31515820781669174), np.float64(0.011184936990088564), np.float64(0.13786590618928996), np.float64(0.29084388215109946), np.float64(0.2833518463646073), np.float64(0.1572161810063204), np.float64(0.014191368033959924), np.float64(0.13890116632943295), np.float64(0.07986161856171167), np.float64(0.007006273844761291), np.float64(0.3991359404228646), np.float64(0.10964588334267933), np.float64(0.27247015661189394), np.float64(0.04281729498239669), np.float64(0.12125120169077858), np.float64(0.20080029470909755), np.float64(0.08303181437817417), np.float64(0.18049535221284685), np.float64(0.08978634324853693), np.float64(0.5927541462216117), np.float64(0.2761643485144411), np.float64(0.4523055974524603), np.float64(0.16741453437679812), np.float64(0.4702708838176441), np.float64(0.07801508844869648), np.float64(0.18221323670045247), np.float64(0.18353332262704444), np.float64(0.044368059100819895), np.float64(0.039094422416193174), np.float64(0.027799920789114415), np.float64(0.09466205397646554), np.float64(0.519935222857034), np.float64(0.8459739971955564), np.float64(0.1278685963493279), np.float64(0.26537612242444064), np.float64(0.2605387763209157), np.float64(0.28049970246121925), np.float64(0.35649121513420917), np.float64(0.5296123849643614), np.float64(0.17919949729508075), np.float64(0.057717297845960705), np.float64(0.24181991145470028), np.float64(0.29094969120254377), np.float64(0.06654898978665937), np.float64(0.819286149518703), np.float64(0.06920959878335863), np.float64(0.07179031490916586), np.float64(0.07444089677171176), np.float64(0.372009646455002), np.float64(0.33211049248901775), np.float64(0.8010098222244818), np.float64(0.5261846043615765), np.float64(0.2890943297945032), np.float64(0.37867887012962564), np.float64(0.05195011269324797), np.float64(0.11443927722001856), np.float64(0.12175840981618054), np.float64(1.0330115166689022), np.float64(0.6707788042167941), np.float64(0.794860031611374), np.float64(0.7011291937878922), np.float64(0.44806592137457285), np.float64(0.925734055454732), np.float64(0.6761969169890968), np.float64(0.9889138960706304), np.float64(1.1309603877215886), np.float64(1.5302039532339111), np.float64(2.418205854806559), np.float64(0.5330085346140502), np.float64(1.2245080727431288), np.float64(1.1394999792991496), np.float64(0.6818248248800922), np.float64(2.451903116160207), np.float64(2.5767146822110734), np.float64(2.9943290646248615), np.float64(6.189362905352022), np.float64(1.864006280795978), np.float64(1.0513686869864134), np.float64(0.29012806550320397), np.float64(0.07547382012541254), np.float64(0.00350475054398604), np.float64(2.326565305136143e-05)]]"
8,10000,12,4508.012422443476,13.254812860488892,105506.6554587954,1000.0,False,-14.228444194672363,"[[np.float64(2.276388366967065e-11), np.float64(1.7000843146400307e-11), np.float64(1.925657773584236e-11), np.float64(1.699750775118514e-11), np.float64(2.7388070112146452e-11), np.float64(1.9515979668051328e-11), np.float64(2.4245500598666347e-11), np.float64(2.9540967384215376e-11), np.float64(2.3915249082607304e-11), np.float64(1.2187683420562155e-11), np.float64(1.8195266213178726e-11), np.float64(2.0952583351401095e-11), np.float64(2.390748467055199e-11), np.float64(1.819517667789118e-11), np.float64(1.0546036666927193e-11), np.float64(1.2782016592749058e-11), np.float64(2.370032572481247e-11), np.float64(2.650284768457683e-11), np.float64(2.3068952246326347e-11), np.float64(2.0974639015492446e-11), np.float64(2.391079035981827e-11), np.float64(2.1212449051380087e-11), np.float64(1.1655723999007146e-11), np.float64(1.1649896904359583e-11), np.float64(1.164829985405784e-11), np.float64(1.1649803228845526e-11), np.float64(2.40848460551965e-11), np.float64(2.3300774602905754e-11), np.float64(2.3909335145742017e-11), np.float64(2.306753983286665e-11), np.float64(2.403921058142003e-11), np.float64(1.9258338014302793e-11), np.float64(1.819339051797776e-11), np.float64(1.0172581385217529e-11), np.float64(2.3292311246185362e-11), np.float64(1.6997981703028096e-11), np.float64(1.05461147776698e-11), np.float64(2.306675259689151e-11), np.float64(1.7000153318415206e-11), np.float64(1.4769130448897596e-11), np.float64(3.023002857819896e-11), np.float64(1.9258116491329226e-11), np.float64(1.8194879477842326e-11), np.float64(1.2784047138099938e-11), np.float64(2.6505148857926174e-11), np.float64(2.2763140479443984e-11), np.float64(1.8196338402706847e-11), np.float64(1.8193499785499215e-11), np.float64(2.0954755766613464e-11), np.float64(2.306582260285232e-11), np.float64(1.3354235440504312e-11), np.float64(1.8192862315091463e-11), np.float64(1.8073251908824135e-11), np.float64(1.5108873318650185e-11), np.float64(1.819411203047901e-11), np.float64(1.8196410643688434e-11), np.float64(2.1308972069323758e-11), np.float64(1.3976904282158173e-11), np.float64(1.6998153192787683e-11), np.float64(2.739195616467071e-11), np.float64(1.0172714725525117e-11), np.float64(2.098104535560385e-11), np.float64(1.2985561195041474e-11), np.float64(2.097561834998214e-11), np.float64(5.262270374748649e-11), np.float64(2.09837085508507e-11), np.float64(2.1209819478565094e-11), np.float64(2.0956469584578893e-11), np.float64(2.3306164498107476e-11), np.float64(1.9257587230256014e-11), np.float64(1.8195799525557135e-11), np.float64(1.0545587856189338e-11), np.float64(1.8191869958468842e-11), np.float64(1.8196017570169774e-11), np.float64(1.7002055503728032e-11), np.float64(1.8197949621009326e-11), np.float64(1.700107917636096e-11), np.float64(2.370377597802322e-11), np.float64(2.3065181404320786e-11), np.float64(2.3296528130802525e-11), np.float64(1.9258768935630634e-11), np.float64(9.456166224612286e-12), np.float64(1.9515637097108228e-11), np.float64(1.9262523221440634e-11), np.float64(2.4035273093577124e-11), np.float64(1.9261879560473284e-11), np.float64(1.2244825206817848e-11), np.float64(2.3911851219943167e-11), np.float64(2.650505303271616e-11), np.float64(2.097715969505621e-11), np.float64(2.369748549764504e-11), np.float64(2.2760486621786138e-11), np.float64(1.746728117231084e-11), np.float64(1.81978686478962e-11), np.float64(1.926354244609552e-11), np.float64(1.9260942808050456e-11), np.float64(1.9261951169043766e-11), np.float64(2.2762311524477777e-11), np.float64(2.2869148085780135e-11), np.float64(1.9248519644606073e-11), np.float64(2.0981127039580343e-11), np.float64(2.328740119491749e-11), np.float64(1.9259030352535713e-11), np.float64(1.92595108882486e-11), np.float64(1.926038840826603e-11), np.float64(1.6996492174664864e-11), np.float64(2.3062187500303393e-11), np.float64(2.1385841490258637e-11), np.float64(2.3300084897743607e-11), np.float64(1.746649631668491e-11), np.float64(2.276044704700229e-11), np.float64(1.7111211908713312e-11), np.float64(1.7001375632679252e-11), np.float64(1.8196641894730665e-11), np.float64(1.8192301636340227e-11), np.float64(1.8192185210343876e-11), np.float64(1.7109420457096243e-11), np.float64(2.330029485121777e-11), np.float64(1.0306139957432115e-11), np.float64(2.27611101060491e-11), np.float64(2.4240495481823462e-11), np.float64(2.1385687598114007e-11), np.float64(1.6998669674905625e-11), np.float64(1.9260482892720223e-11), np.float64(2.369967508499091e-11), np.float64(2.2761030117204614e-11), np.float64(1.819195727397185e-11), np.float64(3.0238568766384935e-11), np.float64(2.437174593032672e-11), np.float64(1.2782541097808109e-11), np.float64(1.772671557026599e-11), np.float64(1.819444153204091e-11), np.float64(2.098272697723441e-11), np.float64(1.2781940340415688e-11), np.float64(1.5108264264988782e-11), np.float64(1.9261866303277333e-11), np.float64(1.5109392440102755e-11), np.float64(1.054493671541464e-11), np.float64(2.0985222927091278e-11), np.float64(1.8192009926018634e-11), np.float64(1.652122216701656e-11), np.float64(1.6996879503935552e-11), np.float64(1.476704259923686e-11), np.float64(2.3070263670792044e-11), np.float64(3.022798544092274e-11), np.float64(1.476884257815917e-11), np.float64(2.405737970673118e-11), np.float64(2.400591005959771e-11), np.float64(2.306951598234173e-11), np.float64(3.543507316433808e-11), np.float64(1.4773086295276972e-11), np.float64(2.650809489555864e-11), np.float64(2.306246988559779e-11), np.float64(2.3705319105122543e-11), np.float64(1.8193181292548484e-11), np.float64(1.1655495021452208e-11), np.float64(1.5910381098927205e-11), np.float64(1.926051972660189e-11), np.float64(1.510992326704478e-11), np.float64(1.9263946337710424e-11), np.float64(1.887075583936666e-11), np.float64(1.8191431252533158e-11), np.float64(2.2760373179769934e-11), np.float64(1.8193471333200204e-11), np.float64(1.9775880374187084e-11), np.float64(2.1211546365955422e-11), np.float64(1.2245090114431503e-11), np.float64(2.653719573194452e-11), np.float64(1.941792685758057e-11), np.float64(2.1269646022341147e-11), np.float64(1.9260529713520944e-11), np.float64(1.9421492115435298e-11), np.float64(1.9258242025412384e-11), np.float64(1.1656187003154065e-11), np.float64(1.9511577520100694e-11), np.float64(1.926037050912777e-11), np.float64(1.6797383892208283e-11), np.float64(1.0306593781398409e-11), np.float64(2.0976734095092027e-11), np.float64(1.9258954000223316e-11), np.float64(2.275994555137214e-11), np.float64(3.01349210868607e-11), np.float64(2.3909669920335872e-11), np.float64(3.023311856625546e-11), np.float64(4.5130566767913394e-11), np.float64(1.9260345600050473e-11), np.float64(1.925729014273816e-11), np.float64(1.819742216275354e-11), np.float64(1.819931020036435e-11), np.float64(1.7005388614548393e-11), np.float64(1.9495451545952644e-11), np.float64(1.7779819186476716e-11), np.float64(2.651135683248152e-11), np.float64(1.9247458207424438e-11), np.float64(2.358726947023456e-11), np.float64(2.8353274426826977e-11), np.float64(1.5117218200757725e-11), np.float64(2.1062866896797512e-11), np.float64(1.7471437622211126e-11), np.float64(1.4768863207098635e-11), np.float64(1.819245016961795e-11), np.float64(1.9257451242032713e-11), np.float64(1.5913641698210035e-11), np.float64(1.4769162496492017e-11), np.float64(2.4059448396939607e-11), np.float64(2.3704353890214443e-11), np.float64(1.138044386493139e-11), np.float64(1.0545627995841886e-11), np.float64(2.1288633414795273e-11), np.float64(1.4743059647696088e-11), np.float64(1.9417087194956542e-11), np.float64(1.925964993737337e-11), np.float64(1.9499734112085476e-11), np.float64(1.8192446026455327e-11), np.float64(2.2761673817467054e-11), np.float64(2.095483504551528e-11), np.float64(1.5914128574874006e-11), np.float64(1.5912321517562323e-11), np.float64(1.9261609268469676e-11), np.float64(1.9259156710784013e-11), np.float64(1.9259091542820732e-11), np.float64(1.2244671776586165e-11), np.float64(1.9261454418980903e-11), np.float64(1.0545400578700822e-11), np.float64(1.2782596289860171e-11), np.float64(2.2761075376564155e-11), np.float64(1.2405795417824009e-11), np.float64(1.1655582015759525e-11), np.float64(2.650409425813032e-11), np.float64(2.3174220922670196e-11), np.float64(1.9258756506006623e-11), np.float64(1.9259095686805957e-11), np.float64(2.0976191952217893e-11), np.float64(1.51080670454965e-11), np.float64(1.819500191067912e-11), np.float64(1.819534232133846e-11), np.float64(1.5962474882976396e-11), np.float64(2.2760678000064444e-11), np.float64(2.3702914218039586e-11), np.float64(1.941985841544997e-11), np.float64(1.92594756126335e-11), np.float64(1.926139758201874e-11), np.float64(1.8195181622491467e-11), np.float64(2.2866611378858074e-11), np.float64(2.097787182965781e-11), np.float64(1.8192809434871182e-11), np.float64(1.9260233249670744e-11), np.float64(1.59131368649646e-11), np.float64(1.4169780490763652e-11), np.float64(2.4058911331550042e-11), np.float64(3.0307703061571986e-11), np.float64(2.3288184918980726e-11), np.float64(1.1380315251470137e-11), np.float64(1.2986170306853697e-11), np.float64(1.2789139454913145e-11), np.float64(2.391601771962004e-11), np.float64(1.8196277090654535e-11), np.float64(1.8193604692508387e-11), np.float64(2.6506708101622095e-11), np.float64(1.9258257382823774e-11), np.float64(1.2784370594646679e-11), np.float64(2.2760835141459082e-11), np.float64(1.9260456972849356e-11), np.float64(1.9258981962397016e-11), np.float64(1.925545428476995e-11), np.float64(1.8057981996475918e-11), np.float64(1.5109310457595186e-11), np.float64(1.925994453561378e-11), np.float64(2.276769787449024e-11), np.float64(1.8193078644008368e-11), np.float64(2.7393270051283136e-11), np.float64(1.1649193920497257e-11), np.float64(2.4096425866999614e-11), np.float64(2.3291860490974344e-11), np.float64(1.278333978523751e-11), np.float64(2.097947562740678e-11), np.float64(2.098254930034763e-11), np.float64(1.9418401590717425e-11), np.float64(2.4387912662544686e-11), np.float64(2.3911004678245618e-11), np.float64(2.3297351382018915e-11), np.float64(2.0978087682841488e-11), np.float64(2.3912126363547492e-11), np.float64(2.3288800433058293e-11), np.float64(1.8195749998802105e-11), np.float64(1.1649756721104673e-11), np.float64(1.9258686617502658e-11), np.float64(1.94210682820372e-11), np.float64(1.1649984331063137e-11), np.float64(2.3071795407475277e-11), np.float64(2.0980761955534995e-11), np.float64(2.306614980038832e-11), np.float64(1.9257954933053583e-11), np.float64(1.9262836695112493e-11), np.float64(1.926032829557581e-11), np.float64(2.12742045100547e-11), np.float64(1.4286545823243256e-11), np.float64(1.9258306919632885e-11), np.float64(1.0545503777528032e-11), np.float64(2.1892785581419653e-11), np.float64(1.5910163163529694e-11), np.float64(1.5911703992613676e-11), np.float64(1.819477559627318e-11), np.float64(1.925893418709751e-11), np.float64(1.1650351228925516e-11), np.float64(9.456010869963539e-12), np.float64(2.8354770850661858e-11), np.float64(1.2782034533097273e-11), np.float64(2.835018620274796e-11), np.float64(2.2858065696290086e-11), np.float64(1.7120582937666014e-11), np.float64(2.09772886253818e-11), np.float64(1.3441480089116617e-11), np.float64(3.023285263541267e-11), np.float64(1.9261572236097195e-11), np.float64(1.926408937415661e-11), np.float64(2.306621995382155e-11), np.float64(2.276261290020801e-11), np.float64(1.8193075944601103e-11), np.float64(4.616037579900226e-11), np.float64(1.1379891913922459e-11), np.float64(1.6400136593913974e-11), np.float64(2.2759750935714802e-11), np.float64(9.238618114949644e-12), np.float64(1.1656568360014688e-11), np.float64(1.8192513140595653e-11), np.float64(1.3355918627763426e-11), np.float64(1.819367462853205e-11), np.float64(1.2245404736514261e-11), np.float64(2.306724912726872e-11), np.float64(2.0975325734985686e-11), np.float64(1.819183660136463e-11), np.float64(2.0980144256310418e-11), np.float64(2.4384761478189173e-11), np.float64(1.4768414790182216e-11), np.float64(2.2758417189893018e-11), np.float64(1.9516054462424e-11), np.float64(2.3912411734083506e-11), np.float64(2.3290193922552152e-11), np.float64(1.9635638698403734e-11), np.float64(2.3306000785211542e-11), np.float64(2.09783181913314e-11), np.float64(1.1918639541161196e-11), np.float64(2.6495752099561493e-11), np.float64(1.925970759895834e-11), np.float64(2.097976567820983e-11), np.float64(2.3063553087564433e-11), np.float64(1.9264141523419654e-11), np.float64(1.9259856935405257e-11), np.float64(1.926133373047025e-11), np.float64(1.9259637191072938e-11), np.float64(2.2860134369784898e-11), np.float64(3.0881946138639936e-11), np.float64(3.030689592490295e-11), np.float64(2.130491598931052e-11), np.float64(2.276602149845716e-11), np.float64(1.925863802527484e-11), np.float64(1.0488405473676558e-11), np.float64(1.2245202340556784e-11), np.float64(2.3064347783330677e-11), np.float64(1.9259529452311596e-11), np.float64(1.2782459796733228e-11), np.float64(2.9538085547369796e-11), np.float64(1.92627104156944e-11), np.float64(1.0545198108534634e-11), np.float64(1.5910822162821288e-11), np.float64(1.3721434468748255e-11), np.float64(1.9416883959668738e-11), np.float64(2.276397874641752e-11), np.float64(1.9257401449864627e-11), np.float64(1.2783251132303443e-11), np.float64(1.8195441426619416e-11), np.float64(1.9511905569914666e-11), np.float64(1.9259285398137772e-11), np.float64(1.278356350834865e-11), np.float64(1.9262293377817044e-11), np.float64(1.9420433238784412e-11), np.float64(2.275908862185187e-11), np.float64(1.164958774675659e-11), np.float64(1.1650549751428273e-11), np.float64(1.164883427042255e-11), np.float64(9.20265158632946e-12), np.float64(2.3703716491228082e-11), np.float64(1.0172479125555647e-11), np.float64(1.5214281317195335e-11), np.float64(2.0976704472944446e-11), np.float64(1.1648355044179608e-11), np.float64(3.542502847087626e-11), np.float64(1.8194470227927743e-11), np.float64(1.941956209675886e-11), np.float64(1.1381211980361561e-11), np.float64(2.0977072895074493e-11), np.float64(1.9257354269573054e-11), np.float64(1.8428081800356465e-11), np.float64(1.9259051135336388e-11), np.float64(2.3305130994597892e-11), np.float64(1.0546715688622553e-11), np.float64(1.925956904802413e-11), np.float64(1.2783592677074823e-11), np.float64(1.4093604017124356e-11), np.float64(1.819478028746419e-11), np.float64(1.8192935367466824e-11), np.float64(1.5109436542070898e-11), np.float64(2.0257060305744423e-11), np.float64(1.925864141180461e-11), np.float64(1.5108395265295732e-11), np.float64(1.9256314305427896e-11), np.float64(1.9259295929155652e-11), np.float64(2.3063186522083845e-11), np.float64(1.819292420602078e-11), np.float64(2.3176487046659616e-11), np.float64(1.372069236122602e-11), np.float64(1.999434786488862e-11), np.float64(1.165600199930569e-11), np.float64(1.925980929056029e-11), np.float64(2.4385818197148556e-11), np.float64(1.699425158342722e-11), np.float64(1.949662331054491e-11), np.float64(1.926148817555096e-11), np.float64(1.9261896118546952e-11), np.float64(2.275981833133294e-11), np.float64(1.8191937209730673e-11), np.float64(2.098095051974381e-11), np.float64(1.8192463967729068e-11), np.float64(2.408082224723441e-11), np.float64(2.3911136849934326e-11), np.float64(1.9250175820899196e-11), np.float64(2.2767317624837127e-11), np.float64(2.5572570574916746e-11), np.float64(2.4030148141772028e-11), np.float64(2.391579689000191e-11), np.float64(2.266532054487291e-11), np.float64(1.1648495682872531e-11), np.float64(2.8349174883370038e-11), np.float64(2.3287579877318436e-11), np.float64(1.510754288779648e-11), np.float64(1.926015109663873e-11), np.float64(1.819353371229769e-11), np.float64(2.1214596909658288e-11), np.float64(1.779079879304995e-11), np.float64(2.128557454467052e-11), np.float64(2.0982045424069482e-11), np.float64(2.0977950573355486e-11), np.float64(1.9257124370225428e-11), np.float64(2.0976499731332956e-11), np.float64(1.9261511217040512e-11), np.float64(1.3720881948552777e-11), np.float64(1.926328896315232e-11), np.float64(1.0546323818965385e-11), np.float64(1.1649560361246548e-11), np.float64(1.1650027701450765e-11), np.float64(2.2756631093779516e-11), np.float64(2.6506317206035124e-11), np.float64(1.950085048524784e-11), np.float64(1.819707122358972e-11), np.float64(1.2246407730427902e-11), np.float64(1.5107060917279302e-11), np.float64(9.237669821014733e-12), np.float64(1.476931525973925e-11), np.float64(2.175238119347706e-11), np.float64(1.8192080908771762e-11), np.float64(1.819470241625219e-11), np.float64(1.5109885398818678e-11), np.float64(2.4391661207380014e-11), np.float64(2.306880082452039e-11), np.float64(1.819113761446371e-11), np.float64(1.926104804404645e-11), np.float64(1.942150551824338e-11), np.float64(1.3233896626683515e-11), np.float64(2.1386243411627477e-11), np.float64(1.9420844477575837e-11), np.float64(2.6499018600384094e-11), np.float64(1.9259181059749135e-11), np.float64(1.92583130608681e-11), np.float64(1.819480371960849e-11), np.float64(1.1654903026919255e-11), np.float64(1.9257686210078067e-11), np.float64(1.92642201703748e-11), np.float64(1.9261348579826913e-11), np.float64(2.127359529205617e-11), np.float64(2.1386963793897173e-11), np.float64(1.8196601447798918e-11), np.float64(2.188990439373526e-11), np.float64(2.0979958859226245e-11), np.float64(2.9534443757643693e-11), np.float64(1.9264414793590797e-11), np.float64(1.926005357854748e-11), np.float64(2.0977509495704608e-11), np.float64(1.81905949008808e-11), np.float64(1.8194503756980514e-11), np.float64(1.2783542294526894e-11), np.float64(2.651399000675782e-11), np.float64(1.4771161141599685e-11), np.float64(1.6796554347515385e-11), np.float64(2.556406060838756e-11), np.float64(1.8196345111683893e-11), np.float64(2.276499506700932e-11), np.float64(1.1651080133427858e-11), np.float64(1.925672479512381e-11), np.float64(1.5913233362962105e-11), np.float64(1.9256508807443382e-11), np.float64(1.925985756616682e-11), np.float64(1.2405401743035285e-11), np.float64(1.5910770152290667e-11), np.float64(1.9259640627989833e-11), np.float64(2.3062724569017457e-11), np.float64(1.8193982076828043e-11), np.float64(2.0979806555147094e-11), np.float64(1.819560462385646e-11), np.float64(1.9258319421359693e-11), np.float64(1.5910788594898318e-11), np.float64(1.2782793544576179e-11), np.float64(1.510794323161811e-11), np.float64(2.4056037261181146e-11), np.float64(1.9250254651134806e-11), np.float64(2.2759769223394707e-11), np.float64(1.5106568255288484e-11), np.float64(1.9263458050489724e-11), np.float64(1.1649243388515735e-11), np.float64(1.81934738292183e-11), np.float64(2.3299537395423605e-11), np.float64(1.9258700742069055e-11), np.float64(1.9263309171488856e-11), np.float64(1.9258569180985387e-11), np.float64(2.1271990664286455e-11), np.float64(2.2761970435671654e-11), np.float64(1.1655086469564727e-11), np.float64(1.2788836475176718e-11), np.float64(1.4769931052304792e-11), np.float64(1.164949136160377e-11), np.float64(1.6613078428181224e-11), np.float64(2.276625016873837e-11), np.float64(1.054606445996776e-11), np.float64(1.3184232502086265e-11), np.float64(1.805703729742683e-11), np.float64(1.819465512650268e-11), np.float64(1.9261050765150502e-11), np.float64(1.1650797225516265e-11), np.float64(2.0345389307655738e-11), np.float64(3.88141834011391e-11), np.float64(2.2766346616751707e-11), np.float64(1.5107870322821065e-11), np.float64(3.509744975315488e-11), np.float64(2.098137770489099e-11), np.float64(1.9260776385155703e-11), np.float64(1.591260277096662e-11), np.float64(1.8196299794895125e-11), np.float64(1.4525289598649843e-11), np.float64(2.3697883677267903e-11), np.float64(2.5571756252599208e-11), np.float64(1.2244459614064854e-11), np.float64(1.1887986665624414e-11), np.float64(1.8195451800675936e-11), np.float64(2.0979896871603927e-11), np.float64(1.054631355286043e-11), np.float64(2.0949252378193843e-11), np.float64(2.09801876743237e-11), np.float64(1.9257689825834887e-11), np.float64(1.4525717764870175e-11), np.float64(3.030499836993816e-11), np.float64(2.4032095269828685e-11), np.float64(3.0303334950056225e-11), np.float64(1.1654659294452267e-11), np.float64(2.2761553990268446e-11), np.float64(2.2859781104622197e-11), np.float64(1.5106847963153168e-11), np.float64(1.2783935093550867e-11), np.float64(2.6497376170502426e-11), np.float64(2.0977133989027548e-11), np.float64(1.925762765353484e-11), np.float64(1.9263397857093033e-11), np.float64(1.191936544613656e-11), np.float64(2.4032843284107505e-11), np.float64(2.0977952518034426e-11), np.float64(1.8190294805132962e-11), np.float64(1.8196886232192818e-11), np.float64(1.0545622963373929e-11), np.float64(2.4246558918177586e-11), np.float64(1.819007229315791e-11), np.float64(2.4029831023311348e-11), np.float64(1.59097532106714e-11), np.float64(2.359958529736832e-11), np.float64(2.1212448237099947e-11), np.float64(2.834449225459314e-11), np.float64(1.9418396455901923e-11), np.float64(2.4034413956825277e-11), np.float64(1.9264204145038705e-11), np.float64(2.0980690772500664e-11), np.float64(1.9258532136299958e-11), np.float64(2.739585333512415e-11), np.float64(2.3300125765989446e-11), np.float64(2.4058176768483013e-11), np.float64(1.2789851673155022e-11), np.float64(1.1379599746938658e-11), np.float64(2.2759996391511727e-11), np.float64(1.926241557483578e-11), np.float64(1.9258176249122955e-11), np.float64(1.1654196831973175e-11), np.float64(1.9257221176967558e-11), np.float64(1.926082694379045e-11), np.float64(2.1856702200982318e-11), np.float64(1.0172083420471967e-11), np.float64(1.5107848846817737e-11), np.float64(2.8350827198394824e-11), np.float64(2.3911173278049867e-11), np.float64(1.9260294183328325e-11), np.float64(1.925881486386544e-11), np.float64(2.4056674945332828e-11), np.float64(1.941829875663116e-11), np.float64(1.9496836788526604e-11), np.float64(1.926097654347248e-11), np.float64(2.4032930254778406e-11), np.float64(1.805708661342458e-11), np.float64(1.699663825307192e-11), np.float64(2.4033134789370293e-11), np.float64(2.306621040824347e-11), np.float64(2.3298179200217063e-11), np.float64(1.8196092221710094e-11), np.float64(2.3915396138645027e-11), np.float64(2.0981451141869975e-11), np.float64(3.543044768798617e-11), np.float64(1.7769946206965925e-11), np.float64(1.5107061137211537e-11), np.float64(2.391014212859685e-11), np.float64(1.279014898537935e-11), np.float64(2.4370074084804194e-11), np.float64(2.6504343359494787e-11), np.float64(1.6997165652104263e-11), np.float64(3.022833530866693e-11), np.float64(1.9260059167094883e-11), np.float64(1.9257427880259465e-11), np.float64(1.9256472881715657e-11), np.float64(1.2785329602757406e-11), np.float64(1.9422893834984233e-11), np.float64(1.9259926200576635e-11), np.float64(1.4771335827286853e-11), np.float64(1.6999710196588633e-11), np.float64(2.6487454189446323e-11), np.float64(2.1381998902818733e-11), np.float64(2.097702997651244e-11), np.float64(2.403296934957331e-11), np.float64(2.3065331964234404e-11), np.float64(2.2761110167454723e-11), np.float64(2.3294448161523416e-11), np.float64(2.0979122192213984e-11), np.float64(2.3070885659994416e-11), np.float64(2.137913736678446e-11), np.float64(1.5108226011525712e-11), np.float64(1.9257899211766265e-11), np.float64(1.926286256909011e-11), np.float64(2.3063527765551847e-11), np.float64(2.4239481811484395e-11), np.float64(2.0979174022760814e-11), np.float64(2.3062468248824412e-11), np.float64(1.476926097198435e-11), np.float64(2.1065264212949203e-11), np.float64(1.6996374613638726e-11), np.float64(2.2915159018801037e-11), np.float64(1.9260730193528095e-11), np.float64(1.9263060395276908e-11), np.float64(1.69976892376936e-11), np.float64(1.2187209273524656e-11), np.float64(1.1648510854982058e-11), np.float64(2.0978791370457837e-11), np.float64(1.511830340201206e-11), np.float64(2.30661069126764e-11), np.float64(1.7783678381892147e-11), np.float64(1.3354669116754233e-11), np.float64(2.437179083603602e-11), np.float64(1.9415269942176223e-11), np.float64(2.4384915512219692e-11), np.float64(1.9419210583005027e-11), np.float64(1.9259224934884324e-11), np.float64(2.306270021286903e-11), np.float64(2.1300964053076313e-11), np.float64(1.819248996542809e-11), np.float64(3.023430361421782e-11), np.float64(1.9256988946353525e-11), np.float64(1.0306738252671064e-11), np.float64(1.8193339237480483e-11), np.float64(2.0973243363948733e-11), np.float64(2.7225749736526194e-11), np.float64(2.556184804464954e-11), np.float64(1.9258315204022098e-11), np.float64(2.3182354533251824e-11), np.float64(1.9258236317518302e-11), np.float64(1.0307120738376644e-11), np.float64(2.097729548148881e-11), np.float64(1.510728695966512e-11), np.float64(1.9256713044618613e-11), np.float64(1.92591579154368e-11), np.float64(1.16512929852657e-11), np.float64(2.6532805181333214e-11), np.float64(2.32989467088991e-11), np.float64(2.405678810882016e-11), np.float64(2.276215620163146e-11), np.float64(1.8193399099294998e-11), np.float64(2.0978125958922946e-11), np.float64(1.8191238966484294e-11), np.float64(1.1649203456937012e-11), np.float64(1.4768164923074418e-11), np.float64(1.6998684231266783e-11), np.float64(1.941712000755776e-11), np.float64(1.8191803697512685e-11), np.float64(2.330299971504635e-11), np.float64(1.9259115663947113e-11), np.float64(1.510883876763746e-11), np.float64(1.030612888270126e-11), np.float64(1.8193527178382027e-11), np.float64(2.988937140736423e-11), np.float64(1.9261549384611445e-11), np.float64(2.954127841625496e-11), np.float64(1.9256750037966147e-11), np.float64(1.224521462384393e-11), np.float64(1.6997081062987734e-11), np.float64(1.9258223106684025e-11), np.float64(1.9417843473181475e-11), np.float64(1.1649702079118248e-11), np.float64(1.818988516918295e-11), np.float64(1.2245345394602615e-11), np.float64(2.17551435842412e-11), np.float64(1.8194548745220697e-11), np.float64(1.8193665724945735e-11), np.float64(2.097881997966128e-11), np.float64(1.1654218938396372e-11), np.float64(1.8194842607377428e-11), np.float64(8.257481910206413e-12), np.float64(1.137969257732326e-11), np.float64(1.9418899301822596e-11), np.float64(1.9258960195477775e-11), np.float64(1.054444641311988e-11), np.float64(3.394383747998231e-11), np.float64(1.5109468036162595e-11), np.float64(1.5911958370363533e-11), np.float64(1.92602878949703e-11), np.float64(1.0546161968478122e-11), np.float64(1.9258516522657727e-11), np.float64(1.8198856354374435e-11), np.float64(1.2785443811038386e-11), np.float64(1.6997167981159336e-11), np.float64(2.0979801490124255e-11), np.float64(2.2760668269584594e-11), np.float64(2.3302225019268162e-11), np.float64(3.02363903109799e-11), np.float64(2.1298896104417884e-11), np.float64(2.4392816025653814e-11), np.float64(2.3063746745681033e-11), np.float64(1.6999044919735063e-11), np.float64(2.6502347919817012e-11), np.float64(2.6535879504583866e-11), np.float64(2.3067539084708505e-11), np.float64(2.3915230602549357e-11), np.float64(1.4523164174273957e-11), np.float64(1.926114242655395e-11), np.float64(1.9261700328192783e-11), np.float64(1.591031059809183e-11), np.float64(1.925951867956545e-11), np.float64(1.0545427534351008e-11), np.float64(3.030758624678467e-11), np.float64(1.1654805972186107e-11), np.float64(2.4388486700886028e-11), np.float64(1.9262939128937395e-11), np.float64(1.8198502328298987e-11), np.float64(1.3976785750694348e-11), np.float64(1.4742525695637352e-11), np.float64(1.2785071901636007e-11), np.float64(1.7111054268118634e-11), np.float64(2.650702138222824e-11), np.float64(1.372171465363117e-11), np.float64(1.9258118601017125e-11), np.float64(1.5440552242500804e-11), np.float64(2.097479830805667e-11), np.float64(1.510902606568922e-11), np.float64(1.1888317849621022e-11), np.float64(1.164905806239372e-11), np.float64(1.1648566423235836e-11), np.float64(1.1649066008633171e-11), np.float64(1.8865643073265914e-11), np.float64(1.699702489682838e-11), np.float64(1.2787811015443205e-11), np.float64(2.097526455236009e-11), np.float64(2.097943020788481e-11), np.float64(1.8865349599381055e-11), np.float64(2.6504883259680868e-11), np.float64(1.819505113894863e-11), np.float64(1.5106867397543187e-11), np.float64(2.2762736961027693e-11), np.float64(2.369873860730587e-11), np.float64(2.0982148138730335e-11), np.float64(3.8820755797953825e-11), np.float64(1.9414833256482143e-11), np.float64(1.9495994873706664e-11), np.float64(1.8056364094506514e-11), np.float64(2.1895776737114458e-11), np.float64(2.275999823892475e-11), np.float64(1.8195573642315154e-11), np.float64(1.963889826961528e-11), np.float64(2.6488566662130405e-11), np.float64(1.4742217465181134e-11), np.float64(3.135948255179344e-11), np.float64(2.3062386469643422e-11), np.float64(1.699703304187963e-11), np.float64(2.306719733291879e-11), np.float64(1.1917962688152002e-11), np.float64(1.1649891382630639e-11), np.float64(1.9261133476920057e-11), np.float64(1.9258565053307156e-11), np.float64(1.2783551358696004e-11), np.float64(1.9261163180912577e-11), np.float64(1.0545875982216256e-11), np.float64(1.5910764675720002e-11), np.float64(1.926219775659887e-11), np.float64(1.9257401663855893e-11), np.float64(1.0545901015901393e-11), np.float64(2.098018542846384e-11), np.float64(1.2782651338632098e-11), np.float64(2.3590097348322228e-11), np.float64(3.881324047367538e-11), np.float64(2.9541765555536406e-11), np.float64(1.9259207916712607e-11), np.float64(1.926433628445513e-11), np.float64(2.410427824533213e-11), np.float64(2.3911419538488355e-11), np.float64(1.819646466055587e-11), np.float64(1.2791087396497473e-11), np.float64(1.2245100397937881e-11), np.float64(1.510910826550385e-11), np.float64(2.556407664587851e-11), np.float64(1.5865543305814203e-11), np.float64(1.9517308405995406e-11), np.float64(2.0955308407764674e-11), np.float64(2.3303315449659853e-11), np.float64(1.511021458451194e-11), np.float64(2.2669697472939824e-11), np.float64(1.165483761770386e-11), np.float64(1.9258051198669024e-11), np.float64(2.127100122840216e-11), np.float64(2.2761928936155282e-11), np.float64(1.9250887880186695e-11), np.float64(1.8195272999254146e-11), np.float64(1.925847812013282e-11), np.float64(3.800463874385684e-11), np.float64(1.0544917029025181e-11), np.float64(2.0980588572399273e-11), np.float64(2.307058405809593e-11), np.float64(3.443177890458599e-11), np.float64(2.0972978858914634e-11), np.float64(2.3064272493636005e-11), np.float64(1.9479164184007868e-11), np.float64(3.8822531120857965e-11), np.float64(1.8301530789855986e-11), np.float64(2.276147148087826e-11), np.float64(2.835648658442838e-11), np.float64(1.9773616907641195e-11), np.float64(7.962043913612703e-12), np.float64(1.0544781524389872e-11), np.float64(2.097970272701812e-11), np.float64(1.9259740381024052e-11), np.float64(1.6998220013013525e-11), np.float64(1.9512865383082704e-11), np.float64(1.9260791529049124e-11), np.float64(1.5116780163264238e-11), np.float64(2.358867244280205e-11), np.float64(1.9258663136280317e-11), np.float64(1.1919995193380308e-11), np.float64(2.30610654969887e-11), np.float64(2.3910746762184417e-11), np.float64(1.9417379518238914e-11), np.float64(2.0976135383774103e-11), np.float64(2.556438360252284e-11), np.float64(2.306464751464083e-11), np.float64(2.9539590317630154e-11), np.float64(2.3067856279739327e-11), np.float64(2.2759142442708272e-11), np.float64(2.5573593961595318e-11), np.float64(1.1648311488219295e-11), np.float64(1.819050504186419e-11), np.float64(1.51117677724025e-11), np.float64(2.6500097801183812e-11), np.float64(2.3067596790385718e-11), np.float64(1.4771827454179712e-11), np.float64(2.3910367441222068e-11), np.float64(1.9261940786839258e-11), np.float64(1.942056786596703e-11), np.float64(1.9256840864990736e-11), np.float64(2.4058150369809734e-11), np.float64(2.4061207526280886e-11), np.float64(2.3699138493899598e-11), np.float64(1.994423758508816e-11), np.float64(2.400725031743691e-11), np.float64(2.6506323101581806e-11), np.float64(1.7119196739007656e-11), np.float64(1.0306342786237705e-11), np.float64(2.0977506918092844e-11), np.float64(1.510629271173063e-11), np.float64(2.0978933239842375e-11), np.float64(1.9419227770098978e-11), np.float64(1.5910503351950425e-11), np.float64(1.8198272044000965e-11), np.float64(1.926113617477495e-11), np.float64(1.926242749513975e-11), np.float64(2.3069500387940078e-11), np.float64(2.436822685748986e-11), np.float64(1.9259102269382448e-11), np.float64(1.925856535811376e-11), np.float64(1.586623239611335e-11), np.float64(1.8057298991642175e-11), np.float64(1.9256893429191772e-11), np.float64(1.0545107201836677e-11), np.float64(1.1382684562749762e-11), np.float64(2.2859798816478778e-11), np.float64(2.556502833655853e-11), np.float64(1.9420135046940574e-11), np.float64(1.5117770372562152e-11), np.float64(1.0306035935163279e-11), np.float64(1.9416489096220555e-11), np.float64(3.010035861939622e-11), np.float64(1.477077200700869e-11), np.float64(1.699645864219269e-11), np.float64(1.8193029061491354e-11), np.float64(2.3699025167332213e-11), np.float64(1.7219828666772918e-11), np.float64(1.9258708415267002e-11), np.float64(1.1657324507150731e-11), np.float64(1.819293668828782e-11), np.float64(1.477191282307273e-11), np.float64(1.8192954081136372e-11), np.float64(1.5110041677914376e-11), np.float64(2.2762433949341618e-11), np.float64(2.6484154222065427e-11), np.float64(3.880966734628872e-11), np.float64(2.305953768284464e-11), np.float64(1.925935608952981e-11), np.float64(1.586779066057676e-11), np.float64(1.819385131209985e-11), np.float64(2.2763265863306286e-11), np.float64(2.0983688633698028e-11), np.float64(2.3065283744785997e-11), np.float64(1.42885697553132e-11), np.float64(2.4007057702857997e-11), np.float64(2.1299024010015592e-11), np.float64(1.1379075723357162e-11), np.float64(1.4767692854826278e-11), np.float64(2.121834635600932e-11), np.float64(1.819692034054856e-11), np.float64(2.0983480911936392e-11), np.float64(1.138058852158252e-11), np.float64(6.793914954140165e-11), np.float64(1.948167200998849e-11), np.float64(2.285781926741821e-11), np.float64(2.3066262092479505e-11), np.float64(2.2859633409516765e-11), np.float64(2.4059011672288403e-11), np.float64(2.3297479554484948e-11), np.float64(2.3291562057197163e-11), np.float64(2.403637497088206e-11), np.float64(2.098355031327144e-11), np.float64(1.819506545618205e-11), np.float64(2.1301197729472303e-11), np.float64(1.8196198478982496e-11), np.float64(1.8194746350017134e-11), np.float64(1.2245999331129528e-11), np.float64(2.4370049796385484e-11), np.float64(2.2863936479947255e-11), np.float64(1.6998525826070114e-11), np.float64(1.5108255392196683e-11), np.float64(2.403840230620539e-11), np.float64(1.1654991759660692e-11), np.float64(1.3719363240759696e-11), np.float64(1.8195399038386165e-11), np.float64(1.8195618945592024e-11), np.float64(1.9419644490131203e-11), np.float64(1.6852059128675135e-11), np.float64(1.69968626522543e-11), np.float64(1.8194999524054585e-11), np.float64(4.828670565141535e-11), np.float64(1.8195517432180686e-11), np.float64(1.5108680573953938e-11), np.float64(2.3063216871435716e-11), np.float64(1.806141687778237e-11), np.float64(2.4011292671553837e-11), np.float64(2.4246306679298636e-11), np.float64(2.1273218268141e-11), np.float64(1.2244706822133061e-11), np.float64(2.0977935976339276e-11), np.float64(2.1215745117433356e-11), np.float64(1.4770699862346213e-11), np.float64(2.6504148927950804e-11), np.float64(2.307162335587022e-11), np.float64(1.9417314719261738e-11), np.float64(2.2760990918794708e-11), np.float64(2.106805111552617e-11), np.float64(2.3295682087823008e-11), np.float64(2.5567185943974213e-11), np.float64(2.3909848521468572e-11), np.float64(2.128567470227204e-11), np.float64(1.511004232801929e-11), np.float64(1.278337318369206e-11), np.float64(1.9258922414443147e-11), np.float64(1.3024881166396614e-11)], [np.float64(1.926992024481901e-11), np.float64(2.4240569638656975e-11), np.float64(2.1772500252855938e-11), np.float64(2.3481010683770953e-11), np.float64(2.177866825853463e-11), np.float64(1.6153619948104413e-11), np.float64(2.2130215554680775e-11), np.float64(1.6151933092429092e-11), np.float64(2.288760412010405e-11), np.float64(1.5208444011838194e-11), np.float64(2.373946073044858e-11), np.float64(1.9596449542483e-11), np.float64(2.2314670641522418e-11), np.float64(2.3477499666838533e-11), np.float64(2.6256098382447174e-11), np.float64(2.3743268749652515e-11), np.float64(2.0307571814400406e-11), np.float64(2.2883048150729434e-11), np.float64(2.23037654784218e-11), np.float64(1.6155229158382877e-11), np.float64(1.4996050601963153e-11), np.float64(1.5806372167325556e-11), np.float64(1.2950542230447902e-11), np.float64(1.8149342753594126e-11), np.float64(2.1602892444389175e-11), np.float64(2.2313873452323702e-11), np.float64(1.9264713367351078e-11), np.float64(1.4847944556610947e-11), np.float64(1.575059011993919e-11), np.float64(1.6503208085531546e-11), np.float64(1.1739570387583305e-11), np.float64(1.0682024662332568e-11), np.float64(1.1739619079244135e-11), np.float64(2.8266752458652174e-11), np.float64(1.6125416466812354e-11), np.float64(1.4995958052568116e-11), np.float64(2.096081389475873e-11), np.float64(1.1738959353492329e-11), np.float64(1.173938069379124e-11), np.float64(1.3410477686253468e-11), np.float64(1.6152852880747102e-11), np.float64(2.1534777516007403e-11), np.float64(1.7426507701308773e-11), np.float64(1.6152169948333125e-11), np.float64(1.6151999192640546e-11), np.float64(2.153451241176798e-11), np.float64(1.9660059910835063e-11), np.float64(1.8151349229915207e-11), np.float64(1.2245689827770136e-11), np.float64(2.0310270555018613e-11), np.float64(2.334755412850807e-11), np.float64(1.6152617321390156e-11), np.float64(2.348357229742065e-11), np.float64(2.2689709513515606e-11), np.float64(1.879374650827597e-11), np.float64(1.6153332709792806e-11), np.float64(2.5023631032271864e-11), np.float64(1.6152272880878868e-11), np.float64(1.3407150662476687e-11), np.float64(2.175196907922152e-11), np.float64(1.6129137937813418e-11), np.float64(1.4848169547848947e-11), np.float64(1.6151324228952287e-11), np.float64(2.3757240950060752e-11), np.float64(1.8105720577476425e-11), np.float64(2.2617590863673983e-11), np.float64(1.7437407464288716e-11), np.float64(1.6152825461468127e-11), np.float64(2.3972099008962747e-11), np.float64(2.2308018142306952e-11), np.float64(2.288270069363559e-11), np.float64(1.6155265968828768e-11), np.float64(1.3408145597372926e-11), np.float64(1.6152317312582267e-11), np.float64(2.8270679012040555e-11), np.float64(2.1693966329141748e-11), np.float64(1.567855180839285e-11), np.float64(1.1738909259161979e-11), np.float64(2.2622931943522154e-11), np.float64(2.2309552839299107e-11), np.float64(1.6152611763782584e-11), np.float64(1.5207097732686585e-11), np.float64(1.965583501230977e-11), np.float64(1.9597506316100425e-11), np.float64(1.615200104704474e-11), np.float64(1.6153496394886075e-11), np.float64(2.230561102194965e-11), np.float64(1.6151915904373128e-11), np.float64(2.2309389650175424e-11), np.float64(2.169701663722067e-11), np.float64(1.1738922813360907e-11), np.float64(2.63418066256194e-11), np.float64(1.8791544792948757e-11), np.float64(1.3407587401631784e-11), np.float64(1.846519152178129e-11), np.float64(2.347564304263292e-11), np.float64(1.6158047551495957e-11), np.float64(2.635118590680997e-11), np.float64(2.2879679263877826e-11), np.float64(2.1700718892955583e-11), np.float64(1.615474491895572e-11), np.float64(1.3581288131616443e-11), np.float64(2.467708501470447e-11), np.float64(1.615408710699934e-11), np.float64(2.2305581939661498e-11), np.float64(2.377134817115677e-11), np.float64(2.262384207357351e-11), np.float64(1.8149632925478673e-11), np.float64(1.3408700007697872e-11), np.float64(2.2308528498643313e-11), np.float64(9.827106712895449e-12), np.float64(1.6153579641177938e-11), np.float64(2.1598099105640092e-11), np.float64(1.815097652609235e-11), np.float64(2.5499001219057926e-11), np.float64(2.373942077776158e-11), np.float64(2.2554742500968247e-11), np.float64(1.7431701937234645e-11), np.float64(1.6149543057151703e-11), np.float64(2.348136884924012e-11), np.float64(1.6151714590811653e-11), np.float64(2.2303910555668992e-11), np.float64(1.615371925202566e-11), np.float64(2.3477998938734772e-11), np.float64(2.5955269910086508e-11), np.float64(1.7761092529761534e-11), np.float64(1.7421264096599395e-11), np.float64(1.6154821249412017e-11), np.float64(2.595696585686397e-11), np.float64(1.7534005658839184e-11), np.float64(2.1604470671389626e-11), np.float64(1.8147202751995563e-11), np.float64(2.3484661618622836e-11), np.float64(2.2882589405165395e-11), np.float64(1.743256386047788e-11), np.float64(2.030605829531443e-11), np.float64(1.340856598118317e-11), np.float64(1.6153202581298898e-11), np.float64(1.9266218106074387e-11), np.float64(1.879437957041568e-11), np.float64(2.0310541054940575e-11), np.float64(1.1462653697190656e-11), np.float64(1.340978571931702e-11), np.float64(2.1345492703344658e-11), np.float64(2.5029188576312995e-11), np.float64(2.374377774649209e-11), np.float64(1.520804713867766e-11), np.float64(2.3745113473615248e-11), np.float64(1.4622424507160002e-11), np.float64(1.6127098407075534e-11), np.float64(1.484858452132854e-11), np.float64(1.3410520651213211e-11), np.float64(2.1602144303389578e-11), np.float64(1.9268025576046274e-11), np.float64(1.6153012299431308e-11), np.float64(1.5484665392522238e-11), np.float64(2.2313352529607e-11), np.float64(2.3610915905321268e-11), np.float64(2.3743403868022394e-11), np.float64(1.5205888268556558e-11), np.float64(1.6150946767560184e-11), np.float64(2.1694400534151e-11), np.float64(1.0575351343578606e-11), np.float64(1.7436100802472134e-11), np.float64(1.0682072026374968e-11), np.float64(1.615524912629639e-11), np.float64(2.7301732141837855e-11), np.float64(1.515074577782675e-11), np.float64(1.7426339290304165e-11), np.float64(1.567389887556718e-11), np.float64(1.615441343503564e-11), np.float64(2.263170448564547e-11), np.float64(2.3744727239951624e-11), np.float64(2.374759913969051e-11), np.float64(1.96027756232318e-11), np.float64(1.959945125276067e-11), np.float64(1.615477092450983e-11), np.float64(1.913064565596694e-11), np.float64(1.5205469026720587e-11), np.float64(2.230497792937163e-11), np.float64(2.2623461295819145e-11), np.float64(1.6154240907221428e-11), np.float64(2.6812062655393142e-11), np.float64(2.3476685389818223e-11), np.float64(2.4068876932953058e-11), np.float64(2.7730848503748113e-11), np.float64(2.5501931739466205e-11), np.float64(1.7979389628331306e-11), np.float64(1.6922410718621254e-11), np.float64(2.030931505057246e-11), np.float64(2.5020413255524764e-11), np.float64(1.7423501034226977e-11), np.float64(1.960149878674005e-11), np.float64(2.2689144720625977e-11), np.float64(2.5017812818630003e-11), np.float64(3.91631840656701e-11), np.float64(2.468545541707241e-11), np.float64(1.1705484810980398e-11), np.float64(1.879423392186198e-11), np.float64(2.468037647602017e-11), np.float64(2.2298759384784282e-11), np.float64(2.1375721622087826e-11), np.float64(2.0954208071574874e-11), np.float64(1.8144744416593146e-11), np.float64(1.340878228416589e-11), np.float64(1.1738438239441527e-11), np.float64(2.1803546822996484e-11), np.float64(1.1740971055581247e-11), np.float64(1.1739340616114453e-11), np.float64(1.0681054823914915e-11), np.float64(2.5501586742254357e-11), np.float64(2.1772582151583213e-11), np.float64(1.9266389256660723e-11), np.float64(1.579837068176984e-11), np.float64(2.550559124928437e-11), np.float64(2.2883848928940893e-11), np.float64(1.7158287238425398e-11), np.float64(1.31563412691693e-11), np.float64(2.6459773445638805e-11), np.float64(1.515200923458652e-11), np.float64(2.240905077303082e-11), np.float64(2.6349997457779978e-11), np.float64(1.1462877199136789e-11), np.float64(1.3409112013040869e-11), np.float64(2.2313619432028298e-11), np.float64(1.926678646982448e-11), np.float64(1.7142385361006983e-11), np.float64(2.137466015278914e-11), np.float64(1.4481503340521841e-11), np.float64(2.2306302616235342e-11), np.float64(2.0745966620883733e-11), np.float64(1.3408082064037475e-11), np.float64(2.3742634511237787e-11), np.float64(1.6153152088641115e-11), np.float64(2.1691925041650506e-11), np.float64(2.0742614792014726e-11), np.float64(1.1740657767822443e-11), np.float64(1.7669164877870216e-11), np.float64(2.2302689325981492e-11), np.float64(1.9260962606017296e-11), np.float64(1.7433645398941515e-11), np.float64(2.3609379551015702e-11), np.float64(2.37493304495111e-11), np.float64(1.4848168735420706e-11), np.float64(1.6155100020472046e-11), np.float64(2.169386028958596e-11), np.float64(2.846273162504136e-11), np.float64(2.3479368584211154e-11), np.float64(1.5752877982551343e-11), np.float64(1.3030773230519699e-11), np.float64(1.6128297195765342e-11), np.float64(2.4687489346158936e-11), np.float64(2.4683769746973255e-11), np.float64(2.137568345501613e-11), np.float64(1.6153817996072017e-11), np.float64(2.07493448351569e-11), np.float64(1.1737851508307561e-11), np.float64(1.8790466642708804e-11), np.float64(2.5955388151176017e-11), np.float64(1.6151940034172478e-11), np.float64(2.031247865121462e-11), np.float64(2.229942156707206e-11), np.float64(2.2884434305131444e-11), np.float64(2.985804239303283e-11), np.float64(1.5809207633584583e-11), np.float64(2.1695839539018335e-11), np.float64(1.615225899422808e-11), np.float64(2.0190918108438445e-11), np.float64(2.1702052322384534e-11), np.float64(2.1771434661223967e-11), np.float64(2.3267168496645125e-11), np.float64(9.318104477402425e-12), np.float64(2.4678192258140747e-11), np.float64(1.766585968777974e-11), np.float64(1.5487614800143938e-11), np.float64(2.0196243696898646e-11), np.float64(2.769344943861184e-11), np.float64(1.6366761274625057e-11), np.float64(2.6251795712310444e-11), np.float64(1.3028153689574861e-11), np.float64(1.3642876336805284e-11), np.float64(2.1776889843882257e-11), np.float64(2.1606467627175258e-11), np.float64(2.2880871235972458e-11), np.float64(2.4679054257047628e-11), np.float64(3.056803382064257e-11), np.float64(2.2308826679602698e-11), np.float64(2.0745757249206877e-11), np.float64(1.9598688372668063e-11), np.float64(2.1769408269457536e-11), np.float64(2.3481492343128164e-11), np.float64(2.259487522464508e-11), np.float64(1.3410943534180197e-11), np.float64(2.1342738172954523e-11), np.float64(1.7158151425375285e-11), np.float64(2.137811324973315e-11), np.float64(1.9101804471406685e-11), np.float64(1.6152159523305626e-11), np.float64(2.5951041368417015e-11), np.float64(1.2249216550406061e-11), np.float64(1.7663772385720384e-11), np.float64(2.3743322351183602e-11), np.float64(2.2306402097639995e-11), np.float64(1.6365272843057975e-11), np.float64(2.2618838033398222e-11), np.float64(1.8168003012848378e-11), np.float64(1.9101818447723746e-11), np.float64(2.2615293213033722e-11), np.float64(1.3410007429874515e-11), np.float64(2.467860800103962e-11), np.float64(2.3352571162606182e-11), np.float64(2.288375907122031e-11), np.float64(2.2589816600786465e-11), np.float64(1.6154766846020968e-11), np.float64(1.9266317608774198e-11), np.float64(2.2885136974291503e-11), np.float64(2.2616636362669396e-11), np.float64(2.348371851685535e-11), np.float64(1.6154402547764535e-11), np.float64(2.2554051855593913e-11), np.float64(1.575206532289022e-11), np.float64(2.347884441742638e-11), np.float64(2.0200115555094944e-11), np.float64(1.960267449930916e-11), np.float64(2.230857945853163e-11), np.float64(2.76898673101125e-11), np.float64(2.2887927690196993e-11), np.float64(2.137351523301577e-11), np.float64(1.06814449129159e-11), np.float64(1.0680937085717551e-11), np.float64(1.7423495043179614e-11), np.float64(1.341019699884082e-11), np.float64(1.61532298894507e-11), np.float64(2.5495335422690554e-11), np.float64(1.7532812083294168e-11), np.float64(2.568834496592521e-11), np.float64(2.594749684637761e-11), np.float64(1.615240133702531e-11), np.float64(1.340736624331096e-11), np.float64(1.7426550010313078e-11), np.float64(2.23102335016352e-11), np.float64(2.1863428813117738e-11), np.float64(1.8375254009502098e-11), np.float64(2.673483900642927e-11), np.float64(1.3411238057319472e-11), np.float64(1.9270723788683122e-11), np.float64(2.1383374666312434e-11), np.float64(1.3645260844596107e-11), np.float64(1.2371608171411687e-11), np.float64(1.5445883540666694e-11), np.float64(1.9662397756621713e-11), np.float64(1.6150660046814885e-11), np.float64(2.288772106702811e-11), np.float64(3.000919417825201e-11), np.float64(2.5498930905400645e-11), np.float64(2.2618158568911094e-11), np.float64(1.9657015360541578e-11), np.float64(1.6149335842729583e-11), np.float64(2.230243778009981e-11), np.float64(1.9598912560249918e-11), np.float64(1.3410953952565861e-11), np.float64(1.2975738083743153e-11), np.float64(1.913073010385705e-11), np.float64(1.6153866607776338e-11), np.float64(2.9690581037156716e-11), np.float64(1.6152191694753183e-11), np.float64(1.520585682163341e-11), np.float64(1.4849801495463038e-11), np.float64(2.2395942414718644e-11), np.float64(2.7302116019698197e-11), np.float64(4.4642360340316805e-11), np.float64(2.8126380507921232e-11), np.float64(1.8788268381511983e-11), np.float64(1.742626466807367e-11), np.float64(2.177588356202865e-11), np.float64(2.3476984310482834e-11), np.float64(2.0304354400046274e-11), np.float64(2.239843887586328e-11), np.float64(1.341060966834131e-11), np.float64(1.9660916737426403e-11), np.float64(2.2615407168895948e-11), np.float64(2.2623204428368812e-11), np.float64(1.959934695330444e-11), np.float64(2.169532412918452e-11), np.float64(1.9598412666925742e-11), np.float64(2.239859687752875e-11), np.float64(2.2620884118798204e-11), np.float64(2.3747058098158392e-11), np.float64(2.261616253502156e-11), np.float64(1.7401013816512567e-11), np.float64(1.6150270122587344e-11), np.float64(1.6150433901889693e-11), np.float64(2.595103576015614e-11), np.float64(1.9771346334865377e-11), np.float64(1.8148890092081806e-11), np.float64(1.7421963501602183e-11), np.float64(2.23081530985195e-11), np.float64(2.4067440803890615e-11), np.float64(2.2617681756152527e-11), np.float64(2.2622549406681926e-11), np.float64(1.615463586281261e-11), np.float64(2.1373437509308005e-11), np.float64(2.3476788743211644e-11), np.float64(1.0680267087831409e-11), np.float64(1.2977074567053737e-11), np.float64(1.6407098890761294e-11), np.float64(2.3647575978465684e-11), np.float64(2.030790911016464e-11), np.float64(2.0196860666748104e-11), np.float64(1.7434668068452722e-11), np.float64(1.0572622535010939e-11), np.float64(1.1705316770575265e-11), np.float64(2.3647802739011268e-11), np.float64(2.175012131921139e-11), np.float64(1.615111592212051e-11), np.float64(4.0282748836892125e-11), np.float64(1.8145144515551062e-11), np.float64(1.5208611788713597e-11), np.float64(2.1023577859963912e-11), np.float64(1.3175107195753073e-11), np.float64(1.1740505624137517e-11), np.float64(2.1713011283331492e-11), np.float64(1.3005306896022756e-11), np.float64(2.2629109558486203e-11), np.float64(2.262528343949913e-11), np.float64(1.9127634640685787e-11), np.float64(1.48509557602691e-11), np.float64(2.809303809657506e-11), np.float64(1.7424258896780625e-11), np.float64(2.468722787139084e-11), np.float64(2.3537264250752905e-11), np.float64(2.5494592503001456e-11), np.float64(1.6153317983628144e-11), np.float64(1.615552630795159e-11), np.float64(1.4482421364577929e-11), np.float64(1.6152782737008624e-11), np.float64(2.2401838580390588e-11), np.float64(2.3737321584560046e-11), np.float64(1.6153296370225876e-11), np.float64(2.1800838128841747e-11), np.float64(1.7143803229112922e-11), np.float64(1.9975535744739546e-11), np.float64(2.137991948421936e-11), np.float64(2.095766852803744e-11), np.float64(1.6157542623863662e-11), np.float64(2.2619246005774224e-11), np.float64(1.2987013836026149e-11), np.float64(2.7296546271896334e-11), np.float64(2.230509607150335e-11), np.float64(2.074892235978405e-11), np.float64(1.3409428675808299e-11), np.float64(1.587279392417492e-11), np.float64(2.1777083822182407e-11), np.float64(1.485183260504397e-11), np.float64(2.2888957097405606e-11), np.float64(1.5869129362777513e-11), np.float64(2.230825322959703e-11), np.float64(1.357973370435256e-11), np.float64(2.2396839436119975e-11), np.float64(1.6152487271035135e-11), np.float64(1.0177941174353035e-11), np.float64(1.4848647468625618e-11), np.float64(1.5806543034642938e-11), np.float64(1.6925020327212876e-11), np.float64(1.815099528144188e-11), np.float64(1.224854917895944e-11), np.float64(1.7433770233543234e-11), np.float64(2.6247080630868004e-11), np.float64(2.3749945112994293e-11), np.float64(1.6149988050486187e-11), np.float64(2.2397982600472323e-11), np.float64(2.1772535134848336e-11), np.float64(2.2627804358820696e-11), np.float64(1.6157945794600203e-11), np.float64(2.137191336635523e-11), np.float64(1.959699495273707e-11), np.float64(2.374316731910524e-11), np.float64(2.1374820541917045e-11), np.float64(2.2306311951232034e-11), np.float64(2.373821963261291e-11), np.float64(1.0682085514814524e-11), np.float64(2.261938084868258e-11), np.float64(2.2309896696955433e-11), np.float64(1.7740731289032594e-11), np.float64(1.581132451689092e-11), np.float64(2.54984758021655e-11), np.float64(2.2398529448632917e-11), np.float64(1.8458822566018502e-11), np.float64(1.6152854671094074e-11), np.float64(1.3408002325368079e-11), np.float64(2.3750694525506472e-11), np.float64(1.4384531015336104e-11), np.float64(2.5501216736540975e-11), np.float64(2.5015935976665533e-11), np.float64(2.1803628914732248e-11), np.float64(1.615500704822969e-11), np.float64(1.6151337746274164e-11), np.float64(1.4851522658914908e-11), np.float64(2.1780424907728265e-11), np.float64(2.4680319627511206e-11), np.float64(2.2890703210009558e-11), np.float64(2.3347064215974626e-11), np.float64(2.1773645559987533e-11), np.float64(2.4684355110475647e-11), np.float64(1.575303577629305e-11), np.float64(2.3481823163349138e-11), np.float64(1.5753546906366676e-11), np.float64(1.3408847024270903e-11), np.float64(2.2613905053737484e-11), np.float64(1.7433316720948953e-11), np.float64(2.0777352066673993e-11), np.float64(1.6152453511411152e-11), np.float64(2.1377933702506827e-11), np.float64(2.3476639512670495e-11), np.float64(1.6151501554841417e-11), np.float64(2.34776981526271e-11), np.float64(2.2886771384160886e-11), np.float64(2.2625969735844977e-11), np.float64(2.5504145239437498e-11), np.float64(2.468882077268255e-11), np.float64(1.5812004088426947e-11), np.float64(2.0742212319079355e-11), np.float64(2.5500696897766526e-11), np.float64(2.0309056129164078e-11), np.float64(1.959899431766138e-11), np.float64(1.2975991539133795e-11), np.float64(2.2616378280667666e-11), np.float64(1.3409065980811235e-11), np.float64(2.019688492448337e-11), np.float64(1.8790621331070678e-11), np.float64(1.615253843744726e-11), np.float64(2.3478222238226708e-11), np.float64(2.261912438264117e-11), np.float64(1.3028614927497483e-11), np.float64(2.0310364215749757e-11), np.float64(2.2618043652017476e-11), np.float64(2.1374845373044612e-11), np.float64(1.7664368052993392e-11), np.float64(1.146171138120952e-11), np.float64(1.797733886717412e-11), np.float64(1.1460935763204668e-11), np.float64(1.6962958594289078e-11), np.float64(2.0310601237223018e-11), np.float64(2.634550046968499e-11), np.float64(1.6155087319231306e-11), np.float64(2.1774496768285247e-11), np.float64(2.4684908953435718e-11), np.float64(2.361378979587125e-11), np.float64(2.239959070641866e-11), np.float64(1.3409352037519335e-11), np.float64(1.969108134329122e-11), np.float64(2.170737964632907e-11), np.float64(2.3603453335287797e-11), np.float64(2.3478721714771592e-11), np.float64(1.959914367696302e-11), np.float64(2.3742187744169364e-11), np.float64(1.7661382940013884e-11), np.float64(1.743173881908911e-11), np.float64(2.0309426506422557e-11), np.float64(2.549412563096707e-11), np.float64(2.288264899582693e-11), np.float64(1.6151721595576667e-11), np.float64(2.2886787170964023e-11), np.float64(1.6153190643672226e-11), np.float64(1.959584307449338e-11), np.float64(2.5957177410520867e-11), np.float64(1.6921204367962554e-11), np.float64(1.6153673074716214e-11), np.float64(1.7593897025346366e-11), np.float64(1.5208866705914742e-11), np.float64(1.3410489581788081e-11), np.float64(2.2621461287331682e-11), np.float64(1.9264811096541295e-11), np.float64(2.348147326589999e-11), np.float64(2.2304870664404703e-11), np.float64(2.5500065722939268e-11), np.float64(2.231043114358499e-11), np.float64(2.2313354567899954e-11), np.float64(2.468764878173484e-11), np.float64(2.2308374763384757e-11), np.float64(2.2884992273211474e-11), np.float64(1.8149471396129078e-11), np.float64(1.6152052461230202e-11), np.float64(2.169694585329791e-11), np.float64(1.615316621850235e-11), np.float64(1.2554171212560324e-11), np.float64(1.6126062362882246e-11), np.float64(1.485269083654759e-11), np.float64(2.7303033280596955e-11), np.float64(2.262455258895506e-11), np.float64(1.9263508465511418e-11), np.float64(1.9771541369803343e-11), np.float64(2.5018239169072928e-11), np.float64(2.2890443022452857e-11), np.float64(2.2309196556667326e-11), np.float64(2.1696121542976014e-11), np.float64(2.075018622413159e-11), np.float64(2.3752804859616163e-11), np.float64(2.5955673903982187e-11), np.float64(2.2304498922884998e-11), np.float64(1.776441457858558e-11), np.float64(2.240242058273301e-11), np.float64(1.7430011132766186e-11), np.float64(1.766085823797621e-11), np.float64(2.373700707409011e-11), np.float64(2.347759135353769e-11), np.float64(1.743507696804906e-11), np.float64(2.467995095448195e-11), np.float64(1.9691198783369808e-11), np.float64(2.2310730202222298e-11), np.float64(1.960295697382115e-11), np.float64(1.7008027729290504e-11), np.float64(2.0192497083962775e-11), np.float64(1.6153001298792508e-11), np.float64(1.8372036683304558e-11), np.float64(1.6154649945401123e-11), np.float64(2.8455089623446716e-11), np.float64(2.5955571423379765e-11), np.float64(1.692727384108683e-11), np.float64(2.262648711234337e-11), np.float64(3.0570222663812554e-11), np.float64(1.615216644516225e-11), np.float64(1.9127943814307396e-11), np.float64(2.5507659630858028e-11), np.float64(2.4679347627575094e-11), np.float64(2.2891189924347376e-11), np.float64(1.6151788976509866e-11), np.float64(2.2886879467152725e-11), np.float64(2.374507345476459e-11), np.float64(1.6154020437206734e-11), np.float64(2.2302062607837816e-11), np.float64(1.6154259481475772e-11), np.float64(2.3477921071821877e-11), np.float64(2.230942803077794e-11), np.float64(2.4069901590394516e-11), np.float64(2.354813699216415e-11), np.float64(1.3408496755429507e-11), np.float64(2.1341270900474476e-11), np.float64(2.4681766642471027e-11), np.float64(1.3408028546390584e-11), np.float64(2.2307098516314222e-11), np.float64(1.959685516958329e-11), np.float64(1.9601997571878863e-11), np.float64(2.2884154007790086e-11), np.float64(1.3155866774445145e-11), np.float64(1.173771484407354e-11), np.float64(1.4483540140131337e-11), np.float64(1.879343611529392e-11), np.float64(1.775981577531181e-11), np.float64(1.692787792977129e-11), np.float64(1.7436373870264835e-11), np.float64(2.2620579621363416e-11), np.float64(1.340911437982148e-11), np.float64(1.7662784717791093e-11), np.float64(1.2951732693405065e-11), np.float64(1.3410424066837255e-11), np.float64(2.2615577603686723e-11), np.float64(2.3752899175358653e-11), np.float64(1.9976798218206318e-11), np.float64(1.3004266176652982e-11), np.float64(1.6229815841033256e-11), np.float64(1.3579604583193843e-11), np.float64(2.1774656975037744e-11), np.float64(1.9265456740157738e-11), np.float64(2.467788002931592e-11), np.float64(1.0681221259992257e-11), np.float64(2.031014859946339e-11), np.float64(2.2880777000651332e-11), np.float64(2.0748865850869624e-11), np.float64(2.262063534126786e-11), np.float64(2.1775652262337735e-11), np.float64(2.5961972815902255e-11), np.float64(2.6258647766011746e-11), np.float64(1.5867381450158436e-11), np.float64(1.8188577750838408e-11), np.float64(2.6352182231568887e-11), np.float64(2.2409679407486824e-11), np.float64(2.2309488985005914e-11), np.float64(1.3409679482537997e-11), np.float64(2.2618261391952654e-11), np.float64(2.0308644444702984e-11), np.float64(2.1747401328938912e-11), np.float64(2.5494812660376527e-11), np.float64(2.2308939681981037e-11), np.float64(2.3750135102685884e-11), np.float64(2.2303434472032544e-11), np.float64(2.8260267965501865e-11), np.float64(1.6152146517965964e-11), np.float64(1.5483947077409757e-11), np.float64(2.2890113380873215e-11), np.float64(1.3408043212726037e-11), np.float64(1.6156280217326643e-11), np.float64(2.6354571415904625e-11), np.float64(2.2298195904360007e-11), np.float64(1.9595252891912663e-11), np.float64(2.3478122955289012e-11), np.float64(1.9595741755730127e-11), np.float64(1.5545619555030157e-11), np.float64(2.137406794602394e-11), np.float64(1.615339603418735e-11), np.float64(2.4681447618498907e-11), np.float64(1.6152515849309156e-11), np.float64(2.1374642433130384e-11), np.float64(1.3172072596220293e-11), np.float64(2.3925767300102487e-11), np.float64(2.1380237286746395e-11), np.float64(2.1378994414079437e-11), np.float64(1.960176141258178e-11), np.float64(2.348183238458169e-11), np.float64(1.6230933063711225e-11), np.float64(1.2245816649148064e-11), np.float64(1.1740089636668999e-11), np.float64(2.287800474356868e-11), np.float64(2.2396690842145457e-11), np.float64(1.7702307609219928e-11), np.float64(1.615318536809315e-11), np.float64(2.230231088330597e-11), np.float64(1.6151763032237465e-11), np.float64(2.2303119461210474e-11), np.float64(2.031033438645572e-11), np.float64(2.3740775925651943e-11), np.float64(2.025727545132347e-11), np.float64(2.2402260715801655e-11), np.float64(2.6805109025860296e-11), np.float64(2.1373209789221227e-11), np.float64(2.2614715719777667e-11), np.float64(1.8150051637998746e-11), np.float64(2.2310613888456262e-11), np.float64(1.6152247652622977e-11), np.float64(2.5022736828681416e-11), np.float64(1.8167183173519948e-11), np.float64(2.5974562291683528e-11), np.float64(1.7427350828519088e-11), np.float64(2.3746345513945828e-11), np.float64(2.8458172410219858e-11), np.float64(1.8148425881031342e-11), np.float64(2.407104497887196e-11), np.float64(1.9598367155466092e-11), np.float64(1.814935715475845e-11), np.float64(2.1377573953754804e-11), np.float64(2.0312949037812634e-11), np.float64(2.082518149548365e-11), np.float64(2.3927233566540758e-11), np.float64(2.1599384850858982e-11), np.float64(2.348444364476161e-11), np.float64(1.7140250774188867e-11), np.float64(1.1737971847656738e-11), np.float64(1.1739508635462005e-11), np.float64(1.9269233070760337e-11), np.float64(1.6152375097525853e-11), np.float64(2.2619037949979948e-11), np.float64(1.341087067623134e-11), np.float64(1.6023562511269426e-11), np.float64(2.5086518333103207e-11), np.float64(1.615128641650834e-11), np.float64(1.9267019182880783e-11), np.float64(2.467826913525867e-11), np.float64(1.3409900149864762e-11), np.float64(1.6152320152094574e-11), np.float64(2.1771517021574347e-11), np.float64(2.46963227864312e-11), np.float64(2.3478942260795303e-11), np.float64(1.615739658264588e-11), np.float64(1.8146096337600485e-11), np.float64(1.6154257874820528e-11), np.float64(1.146171549192508e-11), np.float64(2.3541854849529247e-11), np.float64(1.1739355396639659e-11), np.float64(1.17389165965506e-11), np.float64(2.6250103268950433e-11), np.float64(2.3735807965311887e-11), np.float64(2.2685940825131706e-11), np.float64(1.6154863898748873e-11), np.float64(2.1714890208081688e-11), np.float64(1.700761741356631e-11), np.float64(2.501755003189214e-11), np.float64(1.8788740677694332e-11), np.float64(2.9696951593724584e-11), np.float64(1.575473001145043e-11), np.float64(1.3409722829215603e-11), np.float64(1.6154535458572476e-11), np.float64(2.624964999395389e-11), np.float64(1.2976744292154403e-11), np.float64(1.9496528607405386e-11), np.float64(2.4680494750189837e-11), np.float64(1.6921265101458983e-11), np.float64(9.317995082199879e-12), np.float64(2.549801149533904e-11), np.float64(2.231975791990107e-11), np.float64(1.965977773982446e-11), np.float64(2.1605980296352537e-11), np.float64(1.5443851515314e-11), np.float64(2.34831059340897e-11), np.float64(2.2619581935975913e-11), np.float64(1.8789093242507313e-11), np.float64(2.2308067107729457e-11), np.float64(2.3476110435510256e-11), np.float64(1.5750722916955423e-11), np.float64(1.1739384251151097e-11), np.float64(2.2306292604687976e-11), np.float64(2.231212327435737e-11), np.float64(1.6153758303283104e-11), np.float64(2.1378569922329747e-11), np.float64(2.2308778625072886e-11), np.float64(2.3644174561849507e-11), np.float64(2.230773672196105e-11), np.float64(1.2246917506422727e-11), np.float64(1.0681133348683189e-11), np.float64(9.318633317342503e-12), np.float64(2.3646181296197108e-11), np.float64(2.261695696958375e-11), np.float64(2.2893286435719215e-11), np.float64(2.468608286942834e-11), np.float64(2.2305503491544134e-11), np.float64(2.2302815154769728e-11), np.float64(1.501194918920307e-11), np.float64(1.743159776567763e-11), np.float64(2.347702810481493e-11), np.float64(2.26182845366259e-11), np.float64(1.6152840573397696e-11), np.float64(2.348615168911126e-11), np.float64(2.3742521936070095e-11), np.float64(2.240040841849453e-11), np.float64(1.3408297828736607e-11), np.float64(1.615072570760399e-11), np.float64(2.137600603219992e-11), np.float64(2.37422978992387e-11), np.float64(2.230984204586768e-11), np.float64(2.4685278467945852e-11), np.float64(1.6150663024076053e-11), np.float64(2.2555351240035557e-11), np.float64(1.8368377308474973e-11), np.float64(1.9597496749433717e-11), np.float64(2.0307775383668938e-11), np.float64(1.814604452589367e-11), np.float64(2.3739911664093832e-11), np.float64(2.1695183397222943e-11), np.float64(1.6153889467923148e-11), np.float64(9.302659860210545e-12), np.float64(1.5205259306419243e-11), np.float64(2.240117451425204e-11), np.float64(1.4384627372085637e-11), np.float64(1.8148833224921493e-11), np.float64(2.2280288202266088e-11), np.float64(2.327087503627351e-11), np.float64(2.1769954943050802e-11), np.float64(2.4681572841755996e-11), np.float64(1.715695944316019e-11), np.float64(1.926491521844544e-11), np.float64(1.1738892678694152e-11), np.float64(1.0680780816584544e-11), np.float64(1.0710629110268485e-11), np.float64(2.031163464906676e-11), np.float64(2.2888501005607692e-11), np.float64(2.261554252545286e-11), np.float64(1.357905089881163e-11), np.float64(1.3408553581851482e-11), np.float64(1.6149431110978646e-11), np.float64(1.9265184804282822e-11), np.float64(2.9590695145413995e-11), np.float64(2.3607488136983023e-11), np.float64(2.4689714812507967e-11), np.float64(1.1738986784585951e-11), np.float64(2.2311213411983072e-11), np.float64(2.6351666034284436e-11), np.float64(1.4624748896857022e-11), np.float64(1.623144246490702e-11), np.float64(1.743572948185316e-11), np.float64(1.959981918330432e-11), np.float64(2.5827839684831992e-11), np.float64(2.5017106858580257e-11), np.float64(3.0313582741416546e-11), np.float64(2.3482235947403586e-11), np.float64(1.2978761149862815e-11), np.float64(2.6253771289307077e-11), np.float64(1.4548603625334924e-11), np.float64(2.4682399961320047e-11), np.float64(2.0307808926827772e-11), np.float64(2.2888062537489212e-11), np.float64(2.6455317379527102e-11), np.float64(2.1379014632547038e-11), np.float64(2.262011934865828e-11), np.float64(2.6449489142149216e-11), np.float64(2.23106240673361e-11), np.float64(2.2302780954362018e-11), np.float64(2.2307094802919804e-11), np.float64(2.4685260203387332e-11), np.float64(2.2304955004478654e-11), np.float64(1.615155229871154e-11), np.float64(2.0200666203507862e-11), np.float64(2.423519590302513e-11), np.float64(1.742612207224692e-11), np.float64(2.2302278352146196e-11), np.float64(2.6248495270925484e-11), np.float64(1.743277078558927e-11), np.float64(1.615277214700685e-11), np.float64(2.73060826831948e-11), np.float64(2.550518601075488e-11), np.float64(2.2625228913949014e-11), np.float64(1.814969208533769e-11), np.float64(2.3271918070203936e-11), np.float64(2.2620732567533983e-11), np.float64(1.6151017959426148e-11), np.float64(1.615115292114938e-11), np.float64(2.8265105323090186e-11), np.float64(1.9132187426429505e-11), np.float64(2.2615762867336963e-11), np.float64(2.1777701324416426e-11), np.float64(1.9271206720526584e-11), np.float64(2.1374286074949257e-11), np.float64(1.960133444914776e-11), np.float64(1.6154993320156757e-11), np.float64(2.212718883288672e-11), np.float64(2.2625927943354296e-11), np.float64(2.153547117847627e-11), np.float64(3.000984370447994e-11), np.float64(2.3474371446632062e-11), np.float64(2.4678070598439776e-11), np.float64(1.6152740854844727e-11), np.float64(2.2622441455760713e-11), np.float64(2.2306843298479676e-11), np.float64(1.1737833319821892e-11), np.float64(2.4683243733203425e-11), np.float64(2.0742804494193965e-11), np.float64(1.6150998209285217e-11), np.float64(2.229961353327797e-11), np.float64(1.959649058857694e-11), np.float64(2.5960228436578912e-11), np.float64(1.6129887192054733e-11), np.float64(1.997191152850776e-11), np.float64(1.7160604304452195e-11), np.float64(2.2304361064606645e-11), np.float64(1.9262413131050024e-11), np.float64(2.4679117023078772e-11), np.float64(1.0653915174107877e-11), np.float64(2.0307331040159793e-11), np.float64(1.146350571911832e-11), np.float64(2.1378787939870344e-11), np.float64(1.6153975140294402e-11), np.float64(2.373999888140703e-11), np.float64(1.7761293058251366e-11), np.float64(1.5752881445095282e-11), np.float64(2.288361949769722e-11), np.float64(2.26216741800225e-11), np.float64(2.8456253084645702e-11), np.float64(1.6151331982643544e-11), np.float64(1.3578622750226384e-11), np.float64(2.3552304431673015e-11), np.float64(1.6154664307775806e-11), np.float64(2.2304572215200086e-11), np.float64(1.6153922863094655e-11), np.float64(2.8458486544200535e-11), np.float64(2.230281666137313e-11), np.float64(3.0414438085286875e-11), np.float64(1.9703750020653078e-11), np.float64(2.2615473156810425e-11), np.float64(2.5503032367768932e-11), np.float64(2.1024060223151503e-11), np.float64(1.580776484286382e-11), np.float64(1.3408298847333298e-11), np.float64(1.615074207042996e-11), np.float64(2.1369595479134158e-11), np.float64(2.3476547907469842e-11), np.float64(2.2618002892933806e-11), np.float64(1.9656628451192636e-11), np.float64(1.615367499307046e-11), np.float64(2.0196591045329377e-11), np.float64(1.6152127315068928e-11), np.float64(1.959589396180633e-11), np.float64(1.6922869476540728e-11), np.float64(2.2303839691197868e-11), np.float64(2.175510269845466e-11), np.float64(2.2620277609848746e-11), np.float64(2.5497535144484666e-11), np.float64(1.879042218109805e-11), np.float64(1.448348888680816e-11), np.float64(1.340870868342951e-11), np.float64(1.6154995344258275e-11), np.float64(2.5501636557487033e-11), np.float64(1.9266718785436123e-11), np.float64(2.3646570076518874e-11), np.float64(2.3615384888631705e-11), np.float64(2.5958573411138614e-11), np.float64(2.030955473181688e-11), np.float64(2.2308037423075922e-11), np.float64(1.9597523900152218e-11), np.float64(2.2565571262010546e-11), np.float64(2.4685487202570735e-11), np.float64(1.340969295580185e-11), np.float64(1.6155277706891642e-11), np.float64(2.4682009685187026e-11), np.float64(2.5014443591026308e-11), np.float64(1.9595668042441224e-11), np.float64(1.5205464492727164e-11), np.float64(1.8366202066626117e-11), np.float64(1.6152581609677656e-11), np.float64(2.2616476232827823e-11), np.float64(2.374280688241974e-11), np.float64(1.9975166788966425e-11), np.float64(2.239954369603478e-11)], [np.float64(1.2035043114353808e-11), np.float64(2.55927902943726e-11), np.float64(2.0084416326945706e-11), np.float64(2.0088548013440506e-11), np.float64(1.0319610916146017e-11), np.float64(1.3962288546163799e-11), np.float64(2.08909946539366e-11), np.float64(2.1686216881574874e-11), np.float64(1.4866642955173425e-11), np.float64(1.4317819891488286e-11), np.float64(2.0087099910067158e-11), np.float64(2.008725113070544e-11), np.float64(1.4716858807825104e-11), np.float64(1.1860230311159759e-11), np.float64(1.6485872396146555e-11), np.float64(2.0084450134982347e-11), np.float64(2.008171219112289e-11), np.float64(2.0089358056180507e-11), np.float64(2.0085580164889375e-11), np.float64(2.0086084589465445e-11), np.float64(2.0084707537598606e-11), np.float64(2.0084382245868276e-11), np.float64(1.3890710545155723e-11), np.float64(2.3648429041431643e-11), np.float64(1.173934003102801e-11), np.float64(2.7917629097248937e-11), np.float64(1.1434880857053516e-11), np.float64(1.7070786772591097e-11), np.float64(2.0275894059147112e-11), np.float64(1.3066385783552333e-11), np.float64(1.3134922249726294e-11), np.float64(2.009009720190419e-11), np.float64(2.0083040176749336e-11), np.float64(2.0086424126407634e-11), np.float64(2.008390147424915e-11), np.float64(1.6486983026931194e-11), np.float64(2.0089746053076445e-11), np.float64(1.389222188199898e-11), np.float64(2.3481025855536238e-11), np.float64(1.1738824632201259e-11), np.float64(2.008585199306112e-11), np.float64(2.008600862281558e-11), np.float64(2.0086496599030414e-11), np.float64(1.7071350684897682e-11), np.float64(2.0495681880541596e-11), np.float64(2.0276846642901346e-11), np.float64(2.027523366665619e-11), np.float64(1.2245416374478295e-11), np.float64(1.251233425854844e-11), np.float64(2.027648477768575e-11), np.float64(2.00849155946213e-11), np.float64(1.6635281782679536e-11), np.float64(2.0492285212514344e-11), np.float64(1.1739986363033163e-11), np.float64(1.4751449303666795e-11), np.float64(2.008775809226156e-11), np.float64(2.032646819013644e-11), np.float64(1.1690346160237961e-11), np.float64(1.1737970267964053e-11), np.float64(2.2993131667905927e-11), np.float64(2.0081146289421603e-11), np.float64(2.027762415256828e-11), np.float64(1.663085127924149e-11), np.float64(2.0086191274940706e-11), np.float64(2.008424146277532e-11), np.float64(2.647319862906173e-11), np.float64(1.2032878266894544e-11), np.float64(1.1583114647966225e-11), np.float64(2.3474667413633417e-11), np.float64(1.5461765832625767e-11), np.float64(1.203330816553751e-11), np.float64(2.3477966348227998e-11), np.float64(2.019725528557839e-11), np.float64(1.431610457897469e-11), np.float64(1.3970722416090417e-11), np.float64(1.2031136111722745e-11), np.float64(1.3595892406147106e-11), np.float64(1.4314963304507344e-11), np.float64(1.8022221513394822e-11), np.float64(1.261561029444083e-11), np.float64(2.049711215339579e-11), np.float64(2.0088473180043065e-11), np.float64(2.008609679235363e-11), np.float64(2.0082227289472265e-11), np.float64(2.0086305348771333e-11), np.float64(2.008793169520533e-11), np.float64(2.4066571427926683e-11), np.float64(2.2996269039278813e-11), np.float64(2.04967962087938e-11), np.float64(2.2997349448278202e-11), np.float64(2.008602734283208e-11), np.float64(2.0087126399916316e-11), np.float64(1.4751872083824476e-11), np.float64(2.3651237139729508e-11), np.float64(2.008833553437035e-11), np.float64(2.3481488280451925e-11), np.float64(1.47525235127392e-11), np.float64(2.299586626219909e-11), np.float64(2.0082474987690522e-11), np.float64(2.008260102539791e-11), np.float64(2.008718027792887e-11), np.float64(2.009298252745875e-11), np.float64(1.7071751526901408e-11), np.float64(2.0495169793446326e-11), np.float64(2.0085593741236315e-11), np.float64(2.0083488861143838e-11), np.float64(2.0086506748150014e-11), np.float64(1.6632862328113833e-11), np.float64(2.0087885262498467e-11), np.float64(1.4718959752413943e-11), np.float64(1.6485436435409326e-11), np.float64(2.0086033036866764e-11), np.float64(2.0276728437910154e-11), np.float64(2.299597602474163e-11), np.float64(1.4854531921803e-11), np.float64(2.1160477442916032e-11), np.float64(2.0092341729136128e-11), np.float64(1.6484790537140565e-11), np.float64(1.6634336522712348e-11), np.float64(2.0087517002077147e-11), np.float64(1.325067056857886e-11), np.float64(2.0085498583053762e-11), np.float64(1.2034300914922139e-11), np.float64(2.6467863152174466e-11), np.float64(1.3238541488554524e-11), np.float64(2.0082924707776937e-11), np.float64(2.0082452419167145e-11), np.float64(2.0087322692997332e-11), np.float64(3.1271917602368503e-11), np.float64(2.2977087085452468e-11), np.float64(2.0275377007285083e-11), np.float64(2.008462098150752e-11), np.float64(2.0087260398052714e-11), np.float64(2.008331728143509e-11), np.float64(2.0089074864088313e-11), np.float64(2.0086363474397154e-11), np.float64(2.0089675635699783e-11), np.float64(2.008414785405364e-11), np.float64(2.0088153963865774e-11), np.float64(2.0276758706994093e-11), np.float64(2.00836239236112e-11), np.float64(1.1740014104723928e-11), np.float64(2.347738570384688e-11), np.float64(2.5590027955739355e-11), np.float64(2.0508529108401906e-11), np.float64(2.0085254532738687e-11), np.float64(2.5589715376504794e-11), np.float64(2.0088322663931073e-11), np.float64(2.0084102852405343e-11), np.float64(2.008223001853649e-11), np.float64(2.0082342036810854e-11), np.float64(2.1687095896247698e-11), np.float64(1.6635352652880263e-11), np.float64(3.102404686847588e-11), np.float64(2.0276736608298945e-11), np.float64(2.0091592075273623e-11), np.float64(2.0490258261454704e-11), np.float64(2.0086133136387215e-11), np.float64(1.6633042460234284e-11), np.float64(2.0279701546346405e-11), np.float64(2.0277679255092208e-11), np.float64(2.0089042773947557e-11), np.float64(1.3134755985878044e-11), np.float64(2.0088287998363774e-11), np.float64(2.0086312620567664e-11), np.float64(2.008989807023254e-11), np.float64(2.008655599512574e-11), np.float64(2.0087200154853963e-11), np.float64(1.3987535320015899e-11), np.float64(2.168329168636366e-11), np.float64(1.6485477299441258e-11), np.float64(2.0499147481865758e-11), np.float64(2.791875829461872e-11), np.float64(1.5463977324342235e-11), np.float64(2.00857033684032e-11), np.float64(1.563850984607104e-11), np.float64(2.0512972083007648e-11), np.float64(2.0082310978677897e-11), np.float64(2.0089729401382187e-11), np.float64(1.5458787356173033e-11), np.float64(1.2032379763961938e-11), np.float64(2.6328569869275507e-11), np.float64(2.050874240862696e-11), np.float64(2.533634330814926e-11), np.float64(2.3480861395647798e-11), np.float64(1.431825776844663e-11), np.float64(1.2033543311617515e-11), np.float64(2.00851849328803e-11), np.float64(2.0084575552918813e-11), np.float64(2.0085463587400838e-11), np.float64(2.0085526725284072e-11), np.float64(2.0090737241090237e-11), np.float64(2.0088617628466227e-11), np.float64(2.1685939651073627e-11), np.float64(2.049232303275262e-11), np.float64(1.3067128829023758e-11), np.float64(2.5190467889404667e-11), np.float64(1.3247714244640936e-11), np.float64(2.0508408768078352e-11), np.float64(2.0086872843512692e-11), np.float64(2.0084706135441147e-11), np.float64(1.3251112803672876e-11), np.float64(1.9848142362032883e-11), np.float64(1.2608127026424154e-11), np.float64(1.1739503387479717e-11), np.float64(1.8020505623255444e-11), np.float64(1.6487432784404163e-11), np.float64(1.431778831818764e-11), np.float64(2.049623896609994e-11), np.float64(2.1739957678571158e-11), np.float64(2.6126357745923483e-11), np.float64(1.563740873150988e-11), np.float64(2.0094309262008032e-11), np.float64(1.6487995065080527e-11), np.float64(1.4319593119012273e-11), np.float64(1.3961585734589406e-11), np.float64(2.008203835364845e-11), np.float64(2.0087166728182662e-11), np.float64(2.0083870426493514e-11), np.float64(1.5649736231561424e-11), np.float64(2.0087988255551463e-11), np.float64(2.0332489490597918e-11), np.float64(2.47263966410682e-11), np.float64(1.3135655743004936e-11), np.float64(1.6637909807370417e-11), np.float64(1.2032244098915108e-11), np.float64(2.0889075490425463e-11), np.float64(2.0082099144668215e-11), np.float64(2.0083279769242255e-11), np.float64(2.008568030964907e-11), np.float64(2.3846586053675036e-11), np.float64(1.1738996764905682e-11), np.float64(2.0082693282689918e-11), np.float64(1.0320394880750129e-11), np.float64(1.985024652518847e-11), np.float64(2.0492970121741997e-11), np.float64(1.1189504699798555e-11), np.float64(1.9851599784968908e-11), np.float64(2.0495693153684696e-11), np.float64(1.348029212806823e-11), np.float64(2.0273194986082273e-11), np.float64(2.008747612676745e-11), np.float64(1.3136182604825753e-11), np.float64(2.173128567422311e-11), np.float64(2.0498992523520975e-11), np.float64(2.647685248479273e-11), np.float64(1.6484855727913946e-11), np.float64(1.486992244516878e-11), np.float64(2.049451736051985e-11), np.float64(2.299520688923188e-11), np.float64(2.0086186530475978e-11), np.float64(1.4750290173517073e-11), np.float64(1.203263318284152e-11), np.float64(2.0081457768243914e-11), np.float64(2.0082935945391564e-11), np.float64(1.6487446912331352e-11), np.float64(2.6128785831387085e-11), np.float64(2.0509355923320307e-11), np.float64(2.0087758475839893e-11), np.float64(1.4718584103831428e-11), np.float64(2.348123947277052e-11), np.float64(2.3477382356600926e-11), np.float64(1.688921303862301e-11), np.float64(1.663598162933637e-11), np.float64(2.6130936065269376e-11), np.float64(2.2995012251305475e-11), np.float64(2.027802871622769e-11), np.float64(2.008985054029783e-11), np.float64(2.0089980406805535e-11), np.float64(2.0492972163359387e-11), np.float64(1.3249116466503599e-11), np.float64(2.027498505787167e-11), np.float64(2.2977108620894368e-11), np.float64(2.0083358434798826e-11), np.float64(2.0090753153067876e-11), np.float64(2.0089821132861196e-11), np.float64(1.0042378254780204e-11), np.float64(2.299866607019379e-11), np.float64(2.0082901313533797e-11), np.float64(2.008569379072727e-11), np.float64(2.0093237410332827e-11), np.float64(2.406558595952324e-11), np.float64(2.05057393092549e-11), np.float64(2.0083986410526766e-11), np.float64(2.027209213661998e-11), np.float64(2.0088686273606088e-11), np.float64(2.008749815682438e-11), np.float64(2.008323993969641e-11), np.float64(2.0084018614579507e-11), np.float64(1.6630857524528153e-11), np.float64(2.008426706287627e-11), np.float64(2.0084361473369806e-11), np.float64(2.008351614804543e-11), np.float64(2.0079566369603412e-11), np.float64(2.0085252773897742e-11), np.float64(2.00873068606436e-11), np.float64(2.0083352796092208e-11), np.float64(2.0088608611171268e-11), np.float64(2.0089612985613172e-11), np.float64(1.2748315216722472e-11), np.float64(2.64770656193853e-11), np.float64(1.648739918579362e-11), np.float64(2.009090786561018e-11), np.float64(1.3595197134762747e-11), np.float64(1.4717480474604878e-11), np.float64(1.3067281597866969e-11), np.float64(2.0084488231674102e-11), np.float64(1.5462154534543464e-11), np.float64(1.6631601275106667e-11), np.float64(2.008481612634047e-11), np.float64(2.1686145354869006e-11), np.float64(2.0280750358168284e-11), np.float64(1.2512263881015961e-11), np.float64(2.0496073358673005e-11), np.float64(1.3067251421042161e-11), np.float64(2.00863718779243e-11), np.float64(2.0084138212703547e-11), np.float64(2.0085201711752428e-11), np.float64(2.008316997923877e-11), np.float64(1.648633557537278e-11), np.float64(2.0089870047429807e-11), np.float64(2.0087539405082543e-11), np.float64(1.7069218985600667e-11), np.float64(1.4317995270620658e-11), np.float64(2.0491805946740533e-11), np.float64(1.3667807234330831e-11), np.float64(2.2998388533877306e-11), np.float64(2.0277069326983053e-11), np.float64(1.431952100135607e-11), np.float64(2.0281155087626148e-11), np.float64(2.008768568622818e-11), np.float64(1.648985696574093e-11), np.float64(2.0495463268597276e-11), np.float64(1.6630393230220733e-11), np.float64(2.028166352684179e-11), np.float64(2.008920237673107e-11), np.float64(2.027758875657016e-11), np.float64(2.0090455960886794e-11), np.float64(2.049999182012213e-11), np.float64(2.0084711887660177e-11), np.float64(1.8137833085748274e-11), np.float64(1.1738416882482517e-11), np.float64(2.0086247844484326e-11), np.float64(2.0086822802585825e-11), np.float64(2.0088240200132178e-11), np.float64(1.6632024502659984e-11), np.float64(2.0504961425019233e-11), np.float64(2.0084969434941747e-11), np.float64(1.3236172498782382e-11), np.float64(1.5462647290957327e-11), np.float64(2.7883444751786495e-11), np.float64(1.39612880663142e-11), np.float64(2.3481299125765086e-11), np.float64(1.1737685160777567e-11), np.float64(2.027597958101265e-11), np.float64(1.2033413098403303e-11), np.float64(1.1584466070319575e-11), np.float64(2.0510573133630802e-11), np.float64(1.1690479655474213e-11), np.float64(1.2607986534253745e-11), np.float64(2.008991862768898e-11), np.float64(2.0275915237174528e-11), np.float64(2.0089459150320072e-11), np.float64(2.0089618334935713e-11), np.float64(2.008233923137157e-11), np.float64(2.0085518229381413e-11), np.float64(2.0089565550093285e-11), np.float64(2.0086998296141837e-11), np.float64(1.969840539466718e-11), np.float64(2.0491588399853012e-11), np.float64(2.2994047729923126e-11), np.float64(2.0085362224644564e-11), np.float64(2.0084294897074625e-11), np.float64(1.3595388595875315e-11), np.float64(1.177484431447333e-11), np.float64(2.4064296475455953e-11), np.float64(2.29796417095113e-11), np.float64(2.3476687252360717e-11), np.float64(1.3961266866593282e-11), np.float64(2.0505469875563147e-11), np.float64(1.4319429229334596e-11), np.float64(2.0085469206549394e-11), np.float64(2.0086899721397714e-11), np.float64(2.186494211736183e-11), np.float64(2.0508395358633105e-11), np.float64(1.707335127773146e-11), np.float64(3.102861594593083e-11), np.float64(1.1299801902053291e-11), np.float64(2.298392750535625e-11), np.float64(2.0086013806933264e-11), np.float64(2.0082742514167474e-11), np.float64(2.0087835551341068e-11), np.float64(2.0086193040907954e-11), np.float64(1.6632984554707314e-11), np.float64(1.5463440684131506e-11), np.float64(1.481268834087972e-11), np.float64(2.049653380792078e-11), np.float64(1.8018571116071766e-11), np.float64(2.613370886513841e-11), np.float64(2.3477861000408885e-11), np.float64(2.64737917200682e-11), np.float64(2.299602426889775e-11), np.float64(2.0086821629623405e-11), np.float64(2.0086410845805234e-11), np.float64(2.0087661478543606e-11), np.float64(2.008717667325574e-11), np.float64(1.2032585826533171e-11), np.float64(2.0494838217674206e-11), np.float64(1.545912645033783e-11), np.float64(1.6487108812575692e-11), np.float64(2.299967527816995e-11), np.float64(2.0082724158851425e-11), np.float64(2.008734928064786e-11), np.float64(2.0080773535170803e-11), np.float64(1.6488595329742755e-11), np.float64(2.008407703772636e-11), np.float64(2.008638454482506e-11), np.float64(2.008822982467879e-11), np.float64(2.0084149894357256e-11), np.float64(2.0088069105598205e-11), np.float64(2.29911433368232e-11), np.float64(1.667418008312858e-11), np.float64(1.4889651624866787e-11), np.float64(1.173905692535766e-11), np.float64(2.5594181802763296e-11), np.float64(2.0086012497079914e-11), np.float64(2.0086435518044557e-11), np.float64(2.008960203127264e-11), np.float64(2.0083725401739382e-11), np.float64(2.0086759692966146e-11), np.float64(1.2032796857002675e-11), np.float64(2.0495992545165096e-11), np.float64(2.0277217387130203e-11), np.float64(2.009056557926235e-11), np.float64(1.2032061382774754e-11), np.float64(2.0493313462294563e-11), np.float64(1.3471136917164594e-11), np.float64(1.4753272047997167e-11), np.float64(2.0818369600078238e-11), np.float64(2.3476385341197204e-11), np.float64(2.0490759223785207e-11), np.float64(2.8663720223649455e-11), np.float64(2.613252230705529e-11), np.float64(1.985014930702407e-11), np.float64(2.0090618828883044e-11), np.float64(2.008575480934873e-11), np.float64(2.008650813114739e-11), np.float64(2.0086828249537827e-11), np.float64(1.1739714801453794e-11), np.float64(2.0494672228162557e-11), np.float64(1.3950545291079208e-11), np.float64(2.0510522074873225e-11), np.float64(1.491113198014118e-11), np.float64(2.0510268034134088e-11), np.float64(2.0276177498062414e-11), np.float64(1.6631681573960806e-11), np.float64(2.3001042470006175e-11), np.float64(1.1274458382088049e-11), np.float64(2.008717101812286e-11), np.float64(1.6103582081025987e-11), np.float64(2.0507662695327467e-11), np.float64(2.0496434981294865e-11), np.float64(2.299923706186506e-11), np.float64(2.0084427703111424e-11), np.float64(2.0085322076236254e-11), np.float64(2.0083972151444264e-11), np.float64(1.6486539505556084e-11), np.float64(2.05007568687305e-11), np.float64(2.0085407954831412e-11), np.float64(1.203321576943797e-11), np.float64(2.0492964420109756e-11), np.float64(2.3480420291385162e-11), np.float64(1.985376276851235e-11), np.float64(2.0505824068055243e-11), np.float64(1.4868748785604102e-11), np.float64(1.632782094136067e-11), np.float64(2.3480989689564614e-11), np.float64(2.1682459052229005e-11), np.float64(2.0282126319724377e-11), np.float64(1.3595643192453645e-11), np.float64(1.1691163283083124e-11), np.float64(2.3478448921018002e-11), np.float64(1.1435160917173647e-11), np.float64(2.7385518433987465e-11), np.float64(2.7384873866154858e-11), np.float64(1.648844183142599e-11), np.float64(1.663523407555861e-11), np.float64(2.613006510403344e-11), np.float64(1.0318885930277195e-11), np.float64(2.0085926544314766e-11), np.float64(2.0086345061577925e-11), np.float64(2.0087485311095133e-11), np.float64(2.008478533981237e-11), np.float64(1.6631782790765792e-11), np.float64(2.0276336263049844e-11), np.float64(2.0082480373663403e-11), np.float64(2.0082404302764016e-11), np.float64(2.0091183508543267e-11), np.float64(2.0089643591641773e-11), np.float64(2.0083777533011356e-11), np.float64(1.0320254350290035e-11), np.float64(1.1738897492213905e-11), np.float64(2.008537951519175e-11), np.float64(2.008468629600173e-11), np.float64(2.6819331980463367e-11), np.float64(2.0496152526721597e-11), np.float64(2.0088862414482783e-11), np.float64(2.008535385001551e-11), np.float64(1.6631060269143546e-11), np.float64(2.2993260968078123e-11), np.float64(2.0084542779104702e-11), np.float64(1.707230402806997e-11), np.float64(2.0496484585389842e-11), np.float64(2.3001669927323507e-11), np.float64(2.0083638839311875e-11), np.float64(1.323664685583461e-11), np.float64(2.2994436141098964e-11), np.float64(1.2245133197924397e-11), np.float64(1.2512363066103091e-11), np.float64(1.6632591535314562e-11), np.float64(2.2997878117771298e-11), np.float64(2.0086260264581352e-11), np.float64(2.0088761092033605e-11), np.float64(1.0319139325202955e-11), np.float64(1.546225996058702e-11), np.float64(9.981963978534405e-12), np.float64(1.3593677688678507e-11), np.float64(2.027448998832336e-11), np.float64(1.2245637188429708e-11), np.float64(1.6486835281994428e-11), np.float64(1.3961563236995875e-11), np.float64(2.3479438762584842e-11), np.float64(3.347057316735413e-11), np.float64(1.481119230773031e-11), np.float64(2.2998149453992e-11), np.float64(2.008656927318971e-11), np.float64(2.0083551693949518e-11), np.float64(1.2033346883547188e-11), np.float64(2.6478119362881096e-11), np.float64(2.1685410030644287e-11), np.float64(1.173912801633334e-11), np.float64(2.3478646441737957e-11), np.float64(1.6486881854909214e-11), np.float64(2.008609313784855e-11), np.float64(2.0086799748660075e-11), np.float64(2.008327733853207e-11), np.float64(2.008199956366428e-11), np.float64(1.6675001862593666e-11), np.float64(2.00858942952182e-11), np.float64(1.64867215542689e-11), np.float64(1.1692710650569446e-11), np.float64(2.0505678363054742e-11), np.float64(2.3005745040999113e-11), np.float64(2.0084489827041207e-11), np.float64(2.0084175162462634e-11), np.float64(2.0276990160841846e-11), np.float64(2.8660909797351002e-11), np.float64(2.4008991821174136e-11), np.float64(2.0083250898739838e-11), np.float64(2.0086865469153655e-11), np.float64(1.3988668871685561e-11), np.float64(2.008474164901765e-11), np.float64(1.6633941959611032e-11), np.float64(2.0083546822444317e-11), np.float64(2.40094781931323e-11), np.float64(2.29981159452856e-11), np.float64(2.008174092080107e-11), np.float64(2.0491272341435586e-11), np.float64(2.1158522735265758e-11), np.float64(2.0512954103102565e-11), np.float64(2.051229654242161e-11), np.float64(1.9647616597633913e-11), np.float64(2.027294084847146e-11), np.float64(2.0090428932052018e-11), np.float64(1.2032283864982473e-11), np.float64(2.0495216721270118e-11), np.float64(2.348149829105439e-11), np.float64(1.2031222467303519e-11), np.float64(1.667291040668541e-11), np.float64(1.6102959899220583e-11), np.float64(1.1435550914363476e-11), np.float64(2.0203139597007443e-11), np.float64(1.1436694827914328e-11), np.float64(2.050209398507882e-11), np.float64(2.0084858184304238e-11), np.float64(2.0090203187497478e-11), np.float64(2.0277450450753406e-11), np.float64(1.8021905618955846e-11), np.float64(1.431983235733017e-11), np.float64(2.0496674381115686e-11), np.float64(2.1686438951996487e-11), np.float64(2.0498568027164363e-11), np.float64(2.0511043512667606e-11), np.float64(2.0326224621338815e-11), np.float64(1.4716495327959805e-11), np.float64(2.008784672650281e-11), np.float64(1.5462187435821754e-11), np.float64(2.0271345613853317e-11), np.float64(2.299373644907434e-11), np.float64(2.0083425285931574e-11), np.float64(1.2033629454411171e-11), np.float64(2.400669322878559e-11), np.float64(1.8018831537059537e-11), np.float64(2.0275760665686754e-11), np.float64(1.80211651790268e-11), np.float64(2.3482318586299194e-11), np.float64(1.169092065657176e-11), np.float64(2.0278502063420695e-11), np.float64(2.406678485939729e-11), np.float64(2.0090150022763307e-11), np.float64(2.0085259909839878e-11), np.float64(2.0081190226161166e-11), np.float64(2.0087081763588602e-11), np.float64(2.0087606208929195e-11), np.float64(2.008891881938107e-11), np.float64(2.3480857653146994e-11), np.float64(2.138443706648386e-11), np.float64(2.400832456081818e-11), np.float64(2.2999811389734507e-11), np.float64(2.0821771665207013e-11), np.float64(1.4317513709884254e-11), np.float64(2.6474443924197505e-11), np.float64(2.0089292975084616e-11), np.float64(1.6487655915831827e-11), np.float64(2.0091944468509567e-11), np.float64(2.008450425220378e-11), np.float64(2.0083148339084534e-11), np.float64(1.6631689179399255e-11), np.float64(2.008577717558349e-11), np.float64(1.648649196344012e-11), np.float64(2.0498986198679238e-11), np.float64(2.0090030708190817e-11), np.float64(2.0085153108660124e-11), np.float64(2.032538292202688e-11), np.float64(2.7922802055508357e-11), np.float64(2.3478837360995174e-11), np.float64(2.0274686909024827e-11), np.float64(2.0087326622777497e-11), np.float64(2.0082582904097502e-11), np.float64(2.0087165821452442e-11), np.float64(2.0497212772002318e-11), np.float64(1.3990470307099496e-11), np.float64(2.0493719494422838e-11), np.float64(3.0925264441274913e-11), np.float64(1.6635060907833923e-11), np.float64(2.3482048063067726e-11), np.float64(1.632687710095672e-11), np.float64(1.6486005871964982e-11), np.float64(1.2033164347511161e-11), np.float64(2.3478292805776635e-11), np.float64(2.560253893741901e-11), np.float64(2.6733300410261427e-11), np.float64(2.027797705642064e-11), np.float64(1.1862781255452362e-11), np.float64(1.2935993406256734e-11), np.float64(2.4066054637598766e-11), np.float64(2.050695593469454e-11), np.float64(2.028235660387949e-11), np.float64(1.9846370443857006e-11), np.float64(1.471890074618119e-11), np.float64(2.0089748687175045e-11), np.float64(2.0081972765644205e-11), np.float64(1.3961309440454563e-11), np.float64(2.0511428091527948e-11), np.float64(2.0505749340244703e-11), np.float64(2.0083192814915538e-11), np.float64(2.0082225920026397e-11), np.float64(2.0497332306644966e-11), np.float64(2.050775782898963e-11), np.float64(2.0512492840982854e-11), np.float64(2.0084289653282698e-11), np.float64(2.008776820770038e-11), np.float64(2.008319694799435e-11), np.float64(2.4009552745684035e-11), np.float64(1.3596027733445167e-11), np.float64(2.168511234411097e-11), np.float64(2.049212220725578e-11), np.float64(3.1027452818693013e-11), np.float64(2.0322370219508317e-11), np.float64(2.347524802782055e-11), np.float64(2.0509504076551423e-11), np.float64(1.359323488027496e-11), np.float64(1.1775862749529462e-11), np.float64(1.667088229647268e-11), np.float64(2.406530653266066e-11), np.float64(1.177521937011958e-11), np.float64(2.3478549637530366e-11), np.float64(2.5598109997850072e-11), np.float64(1.2033358611646913e-11), np.float64(1.1435118732196948e-11), np.float64(1.474256640638679e-11), np.float64(2.3481853584978145e-11), np.float64(2.0507881216570845e-11), np.float64(1.3594602036081171e-11), np.float64(1.1689561890172963e-11), np.float64(2.3484497467969855e-11), np.float64(2.0279690168065955e-11), np.float64(2.0082649775452926e-11), np.float64(1.359431927521716e-11), np.float64(2.3478771956667573e-11), np.float64(1.1739469707897097e-11), np.float64(2.3476837358416428e-11), np.float64(2.2207285719068517e-11), np.float64(2.0494345123118085e-11), np.float64(2.2996982746381944e-11), np.float64(2.0508435740255036e-11), np.float64(2.0089047834101802e-11), np.float64(2.0090159112615302e-11), np.float64(2.0286389161284795e-11), np.float64(1.707086104874567e-11), np.float64(1.648598289046464e-11), np.float64(2.613448599306982e-11), np.float64(2.0086784233720406e-11), np.float64(2.7386092014628962e-11), np.float64(2.4013504866596867e-11), np.float64(2.0277876272408876e-11), np.float64(1.648766258174658e-11), np.float64(2.009073232905986e-11), np.float64(2.032688181723304e-11), np.float64(2.014851371416429e-11), np.float64(1.6489479671111634e-11), np.float64(1.1737810645415002e-11), np.float64(2.2995845923368037e-11), np.float64(2.0084406372873847e-11), np.float64(2.0087854821512074e-11), np.float64(1.6486089982384925e-11), np.float64(2.0083515315585702e-11), np.float64(1.3237102954627714e-11), np.float64(2.298378396819001e-11), np.float64(1.3961497172136461e-11), np.float64(1.3989143355285301e-11), np.float64(2.027743570546768e-11), np.float64(2.027602809948203e-11), np.float64(2.2998333162368108e-11), np.float64(2.0273939777233716e-11), np.float64(2.0279962278864496e-11), np.float64(2.0086058231554195e-11), np.float64(1.563829519831698e-11), np.float64(2.3481258585469088e-11), np.float64(2.0507090243300788e-11), np.float64(2.401427803217281e-11), np.float64(2.5901491751999508e-11), np.float64(2.0083405845795615e-11), np.float64(2.008968918587933e-11), np.float64(2.049407954836546e-11), np.float64(1.3236282943637626e-11), np.float64(2.0089593049745537e-11), np.float64(2.0085534487129712e-11), np.float64(1.325028503436336e-11), np.float64(1.3987716161323728e-11), np.float64(2.0495422797410347e-11), np.float64(1.2749321394567959e-11), np.float64(2.8638770273430476e-11), np.float64(2.0086713046067263e-11), np.float64(2.4744431182872216e-11), np.float64(2.299379289296692e-11), np.float64(2.0495426843325233e-11), np.float64(2.0276580323587537e-11), np.float64(2.008301610517559e-11), np.float64(2.0085064703149874e-11), np.float64(2.0084208220023855e-11), np.float64(2.6472218491000053e-11), np.float64(2.028120353536877e-11), np.float64(2.0088289666487385e-11), np.float64(2.0085811652110906e-11), np.float64(2.008387957391891e-11), np.float64(2.008683941631174e-11), np.float64(1.6632243765398794e-11), np.float64(1.5461264253085786e-11), np.float64(2.1158998891494643e-11), np.float64(1.3135924517493465e-11), np.float64(2.0091668938763014e-11), np.float64(2.0085501567197464e-11), np.float64(1.3594465775263556e-11), np.float64(1.648410694062671e-11), np.float64(1.399009544082423e-11), np.float64(2.347835116717936e-11), np.float64(2.0494144393134795e-11), np.float64(2.027436804004399e-11), np.float64(2.0084530652136766e-11), np.float64(2.027400284366048e-11), np.float64(2.0280638896260695e-11), np.float64(2.0083196454566536e-11), np.float64(2.0280968618650593e-11), np.float64(2.5901636532975342e-11), np.float64(2.0507736890101218e-11), np.float64(2.008503527313382e-11), np.float64(2.008719552177276e-11), np.float64(2.049240788702188e-11), np.float64(2.299774809871989e-11), np.float64(2.0085536720336042e-11), np.float64(2.009088423108012e-11), np.float64(2.008601333599519e-11), np.float64(2.00894265450345e-11), np.float64(2.0085705608322976e-11), np.float64(2.0087512618423536e-11), np.float64(2.168546685466975e-11), np.float64(1.6486284469965276e-11), np.float64(2.2998013946352984e-11), np.float64(2.0495888850099285e-11), np.float64(2.0086681011685967e-11), np.float64(1.6487108679829935e-11), np.float64(2.0500610836068387e-11), np.float64(1.4352413012638164e-11), np.float64(1.4716616800194078e-11), np.float64(2.2337182522694246e-11), np.float64(2.0493297258532604e-11), np.float64(1.5461179553291618e-11), np.float64(2.0083392690469623e-11), np.float64(1.2033445230121546e-11), np.float64(1.6670173195005447e-11), np.float64(1.4721068189947392e-11), np.float64(1.6632379799636456e-11), np.float64(2.0279540094099245e-11), np.float64(2.0090414362176164e-11), np.float64(2.0495281622484434e-11), np.float64(2.0890649621612545e-11), np.float64(1.1739616230188812e-11), np.float64(2.0498077345563168e-11), np.float64(2.028182470418827e-11), np.float64(2.008519373026643e-11), np.float64(1.688836573665422e-11), np.float64(1.4320240202482086e-11), np.float64(1.9852549584551222e-11), np.float64(2.049673483258706e-11), np.float64(1.648954355403906e-11), np.float64(2.008511276691695e-11), np.float64(2.0083635867598303e-11), np.float64(1.396011104353344e-11), np.float64(2.0496421544034113e-11), np.float64(2.348093454571629e-11), np.float64(1.129997911801714e-11), np.float64(1.802110648254365e-11), np.float64(1.667112367836043e-11), np.float64(1.2935769809204221e-11), np.float64(2.613197176883003e-11), np.float64(1.2607818295111881e-11), np.float64(1.7241247604516774e-11), np.float64(1.6485219887304932e-11), np.float64(1.1689602249466482e-11), np.float64(2.028189982022515e-11), np.float64(2.0090953110503183e-11), np.float64(2.0083931983142736e-11), np.float64(2.4387578036569623e-11), np.float64(1.607632079447088e-11), np.float64(2.3912497173064807e-11), np.float64(2.0271632602169805e-11), np.float64(2.00825395646125e-11), np.float64(2.009173958857311e-11), np.float64(2.008378534012005e-11), np.float64(3.0054509355467233e-11), np.float64(2.559761340918225e-11), np.float64(1.3235914849640367e-11), np.float64(2.0277153236395502e-11), np.float64(2.0330698323242184e-11), np.float64(2.028066223212346e-11), np.float64(2.0275569680276946e-11), np.float64(1.3236333120791205e-11), np.float64(2.3481057486454148e-11), np.float64(2.0497160575433243e-11), np.float64(1.0318805246921854e-11), np.float64(2.2997577578574192e-11), np.float64(2.008802311985403e-11), np.float64(2.0084988860154213e-11), np.float64(1.667147799073667e-11), np.float64(1.6635034102959597e-11), np.float64(2.0083645917298303e-11), np.float64(2.008587339651075e-11), np.float64(2.00871452626582e-11), np.float64(1.6634316165220217e-11), np.float64(1.546205344898954e-11), np.float64(2.008848334678853e-11), np.float64(1.2033363516334002e-11), np.float64(2.0277304607056363e-11), np.float64(1.801759727377397e-11), np.float64(2.2999763902255703e-11), np.float64(1.4855447675152987e-11), np.float64(1.2510916373729808e-11), np.float64(3.879954431971212e-11), np.float64(3.1022300034095024e-11), np.float64(2.0273741002330762e-11), np.float64(2.0279430277587422e-11), np.float64(2.0085214320435767e-11), np.float64(2.008562987477715e-11), np.float64(1.1935713255866777e-11), np.float64(1.1739663057168755e-11), np.float64(2.40081067496868e-11), np.float64(1.969594097747005e-11), np.float64(2.0496840147048788e-11), np.float64(1.431697585894795e-11), np.float64(2.0272384108707757e-11), np.float64(2.049000851492916e-11), np.float64(1.985165039586887e-11), np.float64(2.0494859734884542e-11), np.float64(1.396126785300345e-11), np.float64(2.0279686427023535e-11), np.float64(2.049866980455473e-11), np.float64(2.032484694009593e-11), np.float64(1.2032546317466207e-11), np.float64(2.0085517059276524e-11), np.float64(2.0086750074152334e-11), np.float64(2.0087119072140263e-11), np.float64(2.008456890363105e-11), np.float64(1.6486633998967748e-11), np.float64(1.5465004604110064e-11), np.float64(2.0087988304927018e-11), np.float64(1.3952178301017396e-11), np.float64(1.9701293308244154e-11), np.float64(1.340488571862446e-11), np.float64(2.0505302076914767e-11), np.float64(2.2999225867238737e-11), np.float64(2.0085970422887676e-11), np.float64(1.6636087043591963e-11), np.float64(2.0087930351348858e-11), np.float64(2.0084824367978268e-11), np.float64(1.8021389592762034e-11), np.float64(2.2339319259149923e-11), np.float64(2.3478008603028357e-11), np.float64(1.17397553023961e-11), np.float64(2.0495367645924568e-11), np.float64(1.7240539318496894e-11), np.float64(1.8019913687563735e-11), np.float64(1.1690296139944145e-11), np.float64(2.0089232154964534e-11), np.float64(1.6633848866995407e-11), np.float64(2.5598671858826222e-11), np.float64(2.0087173442287207e-11), np.float64(2.008779767933074e-11), np.float64(2.008819401454227e-11), np.float64(2.0082673035254398e-11), np.float64(1.2032945106709205e-11), np.float64(1.5462541746218356e-11), np.float64(1.3989129982109534e-11), np.float64(2.0490618403906706e-11), np.float64(2.008677834920766e-11), np.float64(2.008973975759483e-11), np.float64(2.0086323244452104e-11), np.float64(2.008287452676819e-11), np.float64(1.648478386692962e-11), np.float64(2.0510166421661228e-11), np.float64(2.0509850740661892e-11), np.float64(2.406942318360716e-11), np.float64(1.1272673628947367e-11), np.float64(2.050779685475603e-11), np.float64(1.4317375550909168e-11), np.float64(1.648939941379659e-11), np.float64(2.008498140317503e-11), np.float64(1.2513435103091757e-11), np.float64(2.0085774489375342e-11), np.float64(2.0088284503895003e-11), np.float64(2.008658372074603e-11), np.float64(2.0083706016874882e-11), np.float64(1.1583702893900865e-11), np.float64(2.3843842441576343e-11), np.float64(2.0086743095801515e-11), np.float64(2.0088673809853746e-11), np.float64(2.4301572541995998e-11), np.float64(2.0279533093389805e-11), np.float64(2.0085616406524107e-11), np.float64(2.0084405211114674e-11), np.float64(1.4317951512547668e-11), np.float64(1.1584184069728893e-11), np.float64(2.028359657216487e-11), np.float64(1.2032899572311702e-11), np.float64(2.3907300506713317e-11), np.float64(3.10238650374973e-11), np.float64(2.028238822639848e-11), np.float64(2.049422774409528e-11), np.float64(2.0084665980899216e-11), np.float64(1.6637018919562406e-11), np.float64(1.4868486155399877e-11), np.float64(4.087792373975095e-11), np.float64(2.0277204953866207e-11), np.float64(2.008485363258524e-11), np.float64(1.1585955905676224e-11), np.float64(1.173848009284188e-11), np.float64(2.3477751984375192e-11), np.float64(2.0084395815708756e-11), np.float64(2.009112983988944e-11), np.float64(2.0091076513255637e-11), np.float64(2.0085795203076438e-11), np.float64(2.0084954030139896e-11), np.float64(2.008680461143155e-11), np.float64(2.0085475867993097e-11), np.float64(1.6487526387133535e-11), np.float64(1.313633144161239e-11), np.float64(2.049632523898629e-11), np.float64(2.1742102730856085e-11), np.float64(2.0493404007511196e-11), np.float64(2.0086587111222362e-11), np.float64(1.6889716309332847e-11), np.float64(1.4284912179134243e-11), np.float64(2.0494148916178385e-11), np.float64(1.6486746859850936e-11), np.float64(2.0080289823057274e-11), np.float64(1.6484551592700452e-11), np.float64(2.0092448228673844e-11), np.float64(1.663235067949983e-11), np.float64(1.546116917954261e-11), np.float64(1.293689621284193e-11)], [np.float64(1.1426539367424282e-11), np.float64(2.0313673855386347e-11), np.float64(2.586749678655317e-11), np.float64(2.913712835063216e-11), np.float64(2.0564407290492896e-11), np.float64(2.740260325641374e-11), np.float64(1.3919297259254009e-11), np.float64(2.0311691480329393e-11), np.float64(2.1349562162852716e-11), np.float64(2.134086842988133e-11), np.float64(2.146788129302719e-11), np.float64(2.1537561861238167e-11), np.float64(2.104107508424225e-11), np.float64(1.1036371933297607e-11), np.float64(3.390746850416813e-11), np.float64(2.0567387918834083e-11), np.float64(1.7284416719560228e-11), np.float64(1.6518349635480777e-11), np.float64(2.4588110519495203e-11), np.float64(2.0310542127524068e-11), np.float64(2.6968794310788575e-11), np.float64(2.0569376695072817e-11), np.float64(1.1754609055086721e-11), np.float64(2.1345899902400482e-11), np.float64(2.2851046921549132e-11), np.float64(2.1470191510062366e-11), np.float64(2.480484314126948e-11), np.float64(2.0399243136840105e-11), np.float64(2.2852420819818603e-11), np.float64(2.23193916458021e-11), np.float64(1.6914471462781696e-11), np.float64(2.0314184716446998e-11), np.float64(2.4205398708631332e-11), np.float64(2.6001277866761555e-11), np.float64(2.1467278368360594e-11), np.float64(1.3737240067410627e-11), np.float64(3.0043446196243546e-11), np.float64(2.0310503286835048e-11), np.float64(2.1532145386429662e-11), np.float64(2.5866414419009727e-11), np.float64(2.1536402845064113e-11), np.float64(2.695361690226181e-11), np.float64(1.456785946983012e-11), np.float64(1.3955507436668392e-11), np.float64(2.1468801783812884e-11), np.float64(1.6516543961656334e-11), np.float64(2.4697398671128162e-11), np.float64(1.6912163308549268e-11), np.float64(3.786322433535409e-11), np.float64(2.0308239961307364e-11), np.float64(2.056946671576457e-11), np.float64(1.6708261454692534e-11), np.float64(3.039365942712332e-11), np.float64(1.396778760550475e-11), np.float64(2.134547726560459e-11), np.float64(2.5165276959225207e-11), np.float64(2.0310863518603928e-11), np.float64(2.420059820882938e-11), np.float64(2.0310486967768806e-11), np.float64(1.4745243230976477e-11), np.float64(2.0568164065410163e-11), np.float64(2.923684104412645e-11), np.float64(2.0706088390450112e-11), np.float64(2.011059133616572e-11), np.float64(2.153354849899523e-11), np.float64(2.7689823882242774e-11), np.float64(1.474360161237525e-11), np.float64(2.031244752095969e-11), np.float64(1.39538203544273e-11), np.float64(2.458956432584607e-11), np.float64(1.7278821312838598e-11), np.float64(2.0566731207294996e-11), np.float64(2.1534797521118712e-11), np.float64(2.0310603045540433e-11), np.float64(2.0567706007149064e-11), np.float64(2.6962858612456893e-11), np.float64(1.9782684062942703e-11), np.float64(2.1044979316144056e-11), np.float64(2.0311573830038705e-11), np.float64(2.285527915261784e-11), np.float64(2.923044254749583e-11), np.float64(1.1754882345215667e-11), np.float64(2.420245350579605e-11), np.float64(2.9134655533882393e-11), np.float64(2.057231730150158e-11), np.float64(2.1349305570527412e-11), np.float64(1.3702317123067768e-11), np.float64(2.6339216866660744e-11), np.float64(2.8045171334919323e-11), np.float64(2.0696097287811092e-11), np.float64(2.134650163317899e-11), np.float64(2.1472793050373504e-11), np.float64(2.1534971293378987e-11), np.float64(1.3918437356574465e-11), np.float64(2.031144215436426e-11), np.float64(2.056384258344359e-11), np.float64(2.4085703122363948e-11), np.float64(1.69458516071428e-11), np.float64(2.0310834470156114e-11), np.float64(2.1348258422322114e-11), np.float64(1.4744097463539535e-11), np.float64(2.6339627608464653e-11), np.float64(1.2767055746309668e-11), np.float64(2.91353863541003e-11), np.float64(2.6001961092287276e-11), np.float64(2.61420642133826e-11), np.float64(2.1432811200796586e-11), np.float64(2.056613692371624e-11), np.float64(1.6521016633274232e-11), np.float64(2.600615266370962e-11), np.float64(4.193848761010924e-11), np.float64(2.2322707023348606e-11), np.float64(2.1468804240091472e-11), np.float64(1.175491423424206e-11), np.float64(2.147205046681331e-11), np.float64(2.600414734377447e-11), np.float64(1.6912088838280064e-11), np.float64(1.728645903119497e-11), np.float64(1.4122829093918113e-11), np.float64(2.0314703509433084e-11), np.float64(2.7694606694708632e-11), np.float64(2.0564726442580356e-11), np.float64(2.0309430753694184e-11), np.float64(2.6957978026629783e-11), np.float64(2.0860920682197614e-11), np.float64(1.4745706399556166e-11), np.float64(1.7281061036897877e-11), np.float64(2.0566066267829376e-11), np.float64(2.1043007456843354e-11), np.float64(1.450145561835337e-11), np.float64(2.153568075691838e-11), np.float64(2.0567020171203728e-11), np.float64(2.031210244806194e-11), np.float64(2.6005156840105786e-11), np.float64(2.0699825580086887e-11), np.float64(1.978194485090979e-11), np.float64(2.458972371014706e-11), np.float64(2.0308545766779596e-11), np.float64(2.153865392829076e-11), np.float64(2.265819884463542e-11), np.float64(2.0310598833495618e-11), np.float64(1.1369105415125612e-11), np.float64(1.6516576360044946e-11), np.float64(1.7792546055922276e-11), np.float64(2.154026745475361e-11), np.float64(3.139747391681045e-11), np.float64(2.0310562025301817e-11), np.float64(1.6878372900118793e-11), np.float64(2.4698863986801926e-11), np.float64(1.2764991884248327e-11), np.float64(1.6709466668636244e-11), np.float64(1.456772594824016e-11), np.float64(2.031204546889838e-11), np.float64(1.694711215744465e-11), np.float64(1.1012262975306552e-11), np.float64(1.1036972331906012e-11), np.float64(2.69531650142139e-11), np.float64(2.1348641790624558e-11), np.float64(2.1041786295629184e-11), np.float64(3.139682429076779e-11), np.float64(2.056695168855552e-11), np.float64(2.6963581739895043e-11), np.float64(2.104214897838908e-11), np.float64(2.0311079472906664e-11), np.float64(2.6944122793699758e-11), np.float64(2.031041732285648e-11), np.float64(2.1043498018416067e-11), np.float64(1.1754206233746335e-11), np.float64(2.153719873147518e-11), np.float64(2.056690244725622e-11), np.float64(1.1754369645150318e-11), np.float64(1.4567481980499125e-11), np.float64(2.6336889320860248e-11), np.float64(2.0312266531417165e-11), np.float64(2.1344050812574648e-11), np.float64(2.12530653754721e-11), np.float64(2.0310544976100348e-11), np.float64(2.1466184326815928e-11), np.float64(2.1468691926845457e-11), np.float64(2.030849192206079e-11), np.float64(2.1470152501614827e-11), np.float64(1.6515464240342436e-11), np.float64(2.1535554004955093e-11), np.float64(2.056518600436935e-11), np.float64(2.6980621840596464e-11), np.float64(2.1469039207211815e-11), np.float64(2.0310810528392233e-11), np.float64(2.0316893020215917e-11), np.float64(1.1426440985962005e-11), np.float64(2.3796839414013696e-11), np.float64(2.296043499810189e-11), np.float64(2.056400122417497e-11), np.float64(2.030768597505277e-11), np.float64(1.1036211444122506e-11), np.float64(1.103693863275991e-11), np.float64(1.142675244728088e-11), np.float64(2.1533723086358573e-11), np.float64(2.1253809700246354e-11), np.float64(2.056664291710181e-11), np.float64(1.3923428817675177e-11), np.float64(2.2320999706147903e-11), np.float64(2.754287745574821e-11), np.float64(2.0310390876539948e-11), np.float64(2.3796601109574503e-11), np.float64(2.9133163373497124e-11), np.float64(2.2851934518939776e-11), np.float64(1.1036755714647148e-11), np.float64(1.6709544726922165e-11), np.float64(1.6515507591371152e-11), np.float64(2.8255547738700818e-11), np.float64(1.7278872228769396e-11), np.float64(2.6360080572964795e-11), np.float64(1.6567171046146263e-11), np.float64(2.6745938837479676e-11), np.float64(2.1349300973026228e-11), np.float64(2.4203137239662124e-11), np.float64(2.634120238437803e-11), np.float64(2.1349119696347854e-11), np.float64(2.4589712161222252e-11), np.float64(2.0705481435711295e-11), np.float64(2.056646930462835e-11), np.float64(2.913402083834182e-11), np.float64(2.056473017448569e-11), np.float64(2.45950143349525e-11), np.float64(2.7691467683299108e-11), np.float64(2.0311515370851384e-11), np.float64(1.3921279607737831e-11), np.float64(1.6707625226422157e-11), np.float64(2.1351811733067907e-11), np.float64(1.713348317552622e-11), np.float64(1.7276540874894252e-11), np.float64(2.1469329110707338e-11), np.float64(2.4810444604788398e-11), np.float64(2.0870793674723904e-11), np.float64(3.0345777276020066e-11), np.float64(3.0387751961248235e-11), np.float64(2.084154347132432e-11), np.float64(1.727684766080179e-11), np.float64(2.0308324608417478e-11), np.float64(4.6997199321229753e-11), np.float64(2.1539377461049522e-11), np.float64(2.153527571658995e-11), np.float64(1.7277245151145983e-11), np.float64(2.7410681255195734e-11), np.float64(2.9138183775804024e-11), np.float64(2.153545114995964e-11), np.float64(2.28523064734987e-11), np.float64(2.103897999138523e-11), np.float64(2.153646882104827e-11), np.float64(1.671206711671995e-11), np.float64(2.0875420743683156e-11), np.float64(2.0873073469802174e-11), np.float64(1.395361911211059e-11), np.float64(1.4569105609310786e-11), np.float64(1.6709329510445728e-11), np.float64(2.0309207622074614e-11), np.float64(2.600405163616189e-11), np.float64(2.0568991566398333e-11), np.float64(2.6001923437882358e-11), np.float64(2.6735951300583894e-11), np.float64(2.6947960245102343e-11), np.float64(2.6737263422368838e-11), np.float64(3.0043775600818685e-11), np.float64(2.7411009678426884e-11), np.float64(2.0566672661549674e-11), np.float64(2.0309303106314432e-11), np.float64(2.0566397581541708e-11), np.float64(2.2852247256288877e-11), np.float64(2.1533445424470536e-11), np.float64(1.69458529824597e-11), np.float64(2.0701158042723252e-11), np.float64(2.1472708332073044e-11), np.float64(2.6973466968670802e-11), np.float64(1.392209273904642e-11), np.float64(2.697118584513995e-11), np.float64(2.7691301276536478e-11), np.float64(1.6520335951891132e-11), np.float64(1.6944106424877186e-11), np.float64(1.6708794472911313e-11), np.float64(2.030988178284057e-11), np.float64(2.6336382641906946e-11), np.float64(2.1532125097450608e-11), np.float64(2.153485125722021e-11), np.float64(1.694461666884604e-11), np.float64(2.2853466148201218e-11), np.float64(1.6708047006736384e-11), np.float64(1.7793918663861075e-11), np.float64(2.056995304811773e-11), np.float64(2.153528023556455e-11), np.float64(2.0312568439107395e-11), np.float64(2.1039749186023846e-11), np.float64(1.670840331119244e-11), np.float64(2.03123634988633e-11), np.float64(2.76861409314525e-11), np.float64(1.4567844057606736e-11), np.float64(1.4745418765686182e-11), np.float64(2.1538940777317916e-11), np.float64(1.670782913688607e-11), np.float64(2.2321371742767387e-11), np.float64(2.142778818285568e-11), np.float64(2.4087166306483293e-11), np.float64(1.7288007685176406e-11), np.float64(2.2318178847548008e-11), np.float64(2.0565909321122157e-11), np.float64(2.0309749110482113e-11), np.float64(1.3917584782001901e-11), np.float64(2.0311950236514282e-11), np.float64(2.6970756412085495e-11), np.float64(2.056523472611373e-11), np.float64(2.423988549708114e-11), np.float64(2.285237910860177e-11), np.float64(2.0309693695121095e-11), np.float64(1.6946277204469347e-11), np.float64(2.1349137695123417e-11), np.float64(1.2860388947519006e-11), np.float64(2.0565668524428993e-11), np.float64(1.7275515663001895e-11), np.float64(2.0312272401113332e-11), np.float64(2.6961836371199574e-11), np.float64(1.2764732316580706e-11), np.float64(2.0309187245398065e-11), np.float64(2.9133845130835116e-11), np.float64(1.3851045887012412e-11), np.float64(1.1035164103133006e-11), np.float64(1.6518252894489004e-11), np.float64(1.1427237187598752e-11), np.float64(2.1040495644891875e-11), np.float64(3.9373563841964454e-11), np.float64(2.056671269831976e-11), np.float64(2.7081185567080685e-11), np.float64(2.0567344493544364e-11), np.float64(1.1816141044432383e-11), np.float64(3.004649785744428e-11), np.float64(2.2322699449295917e-11), np.float64(2.4200349221895822e-11), np.float64(2.0568695351211488e-11), np.float64(2.28550605970925e-11), np.float64(2.912760183313147e-11), np.float64(1.2639157027974887e-11), np.float64(2.1469264921951286e-11), np.float64(2.1342053738388836e-11), np.float64(2.069876890637015e-11), np.float64(1.2638385733015481e-11), np.float64(2.2642300909998613e-11), np.float64(2.121990488245116e-11), np.float64(2.0311062484819848e-11), np.float64(2.913548501648785e-11), np.float64(2.1344446361389075e-11), np.float64(2.2859653983030002e-11), np.float64(2.0567076911960914e-11), np.float64(2.0567098192923155e-11), np.float64(1.4567659389539594e-11), np.float64(2.056963300609568e-11), np.float64(3.0049980161621066e-11), np.float64(2.061542632614342e-11), np.float64(2.0570698433085656e-11), np.float64(2.408336343897126e-11), np.float64(2.285281225014776e-11), np.float64(2.1041872676061142e-11), np.float64(2.28524005941759e-11), np.float64(2.070501012071425e-11), np.float64(2.2321139592095484e-11), np.float64(2.7691171721182058e-11), np.float64(2.1431135282996895e-11), np.float64(2.030969200535069e-11), np.float64(2.231938891558055e-11), np.float64(3.5682892193146623e-11), np.float64(2.913331073719358e-11), np.float64(1.1036612255120404e-11), np.float64(2.6969517667598412e-11), np.float64(1.6007111700716585e-11), np.float64(2.0565162844710378e-11), np.float64(2.6954769674970004e-11), np.float64(2.0565809004375492e-11), np.float64(1.1846436747214986e-11), np.float64(1.4568581385267926e-11), np.float64(1.2765324351639842e-11), np.float64(1.3954723132140088e-11), np.float64(2.4201218628603537e-11), np.float64(3.004386600992671e-11), np.float64(2.0311438720043054e-11), np.float64(2.539244594519028e-11), np.float64(2.285808035046248e-11), np.float64(2.2750741193832887e-11), np.float64(2.964202576104722e-11), np.float64(2.9138745370523246e-11), np.float64(2.1533122747010695e-11), np.float64(1.9956866732755505e-11), np.float64(2.1041681407797506e-11), np.float64(2.0312273907332093e-11), np.float64(2.0696531487867375e-11), np.float64(2.056508855915513e-11), np.float64(2.741058674625423e-11), np.float64(1.6943946445589124e-11), np.float64(2.492222837395405e-11), np.float64(2.952599623361033e-11), np.float64(2.0565582043590207e-11), np.float64(2.0566739066689503e-11), np.float64(1.687705812060661e-11), np.float64(2.1466654345309418e-11), np.float64(2.4201236060157066e-11), np.float64(2.0563918642710073e-11), np.float64(2.3795738362187406e-11), np.float64(1.694277656276422e-11), np.float64(2.0314647052615634e-11), np.float64(2.0565271216297342e-11), np.float64(2.0873069027868657e-11), np.float64(2.057085681687873e-11), np.float64(2.696063008830507e-11), np.float64(2.0307669589805837e-11), np.float64(2.086243167059866e-11), np.float64(2.1344614042144912e-11), np.float64(2.1537584125562387e-11), np.float64(2.1534481986209837e-11), np.float64(1.1426849514509478e-11), np.float64(1.779389489960053e-11), np.float64(2.6952878318216713e-11), np.float64(3.140010986757987e-11), np.float64(1.142693748609592e-11), np.float64(2.6005351516848193e-11), np.float64(2.0386689235309043e-11), np.float64(2.27462505743228e-11), np.float64(1.6519007578833092e-11), np.float64(2.6340285289357943e-11), np.float64(2.2851359950065078e-11), np.float64(1.3922782021939734e-11), np.float64(2.0566321144128753e-11), np.float64(2.6976396424730165e-11), np.float64(2.1538977351377104e-11), np.float64(1.6708869452516252e-11), np.float64(1.6514736361908152e-11), np.float64(1.6708511846341944e-11), np.float64(2.030790466358155e-11), np.float64(1.392345692680501e-11), np.float64(2.0563498944914687e-11), np.float64(2.2323037483544982e-11), np.float64(2.2854800759943775e-11), np.float64(2.1535418442568946e-11), np.float64(3.1395884281438095e-11), np.float64(1.9953902834432886e-11), np.float64(2.030945711958023e-11), np.float64(2.2318717850552778e-11), np.float64(2.030934494547041e-11), np.float64(2.1345235455413607e-11), np.float64(2.070011638519311e-11), np.float64(1.6514557210633465e-11), np.float64(2.2320145256173868e-11), np.float64(1.1426775727751893e-11), np.float64(1.6944854940095492e-11), np.float64(2.153601282195691e-11), np.float64(1.6945179996844335e-11), np.float64(2.3793219948095144e-11), np.float64(2.4202276005416527e-11), np.float64(2.056623201050809e-11), np.float64(2.069866957539137e-11), np.float64(1.184457756559005e-11), np.float64(2.0311472854051767e-11), np.float64(3.0391680126376756e-11), np.float64(1.1426203868573319e-11), np.float64(2.0312458961560177e-11), np.float64(1.6516002802085676e-11), np.float64(2.0568595144596816e-11), np.float64(2.153466870980271e-11), np.float64(2.1469910759427187e-11), np.float64(2.28546266428336e-11), np.float64(2.2325944411877296e-11), np.float64(2.420148140214114e-11), np.float64(2.673302143983705e-11), np.float64(2.0309341608624773e-11), np.float64(2.057218185906557e-11), np.float64(1.456797837433213e-11), np.float64(2.6738516537985768e-11), np.float64(1.3968398791178871e-11), np.float64(2.420178460430611e-11), np.float64(2.057115955773183e-11), np.float64(2.1425949332280948e-11), np.float64(3.572338572720333e-11), np.float64(2.0310978185552177e-11), np.float64(1.184564604177369e-11), np.float64(2.0310749997740794e-11), np.float64(1.4742429981071173e-11), np.float64(2.4594871046692843e-11), np.float64(2.056681557454801e-11), np.float64(2.963275895221252e-11), np.float64(2.0871595144299006e-11), np.float64(1.1425962946438493e-11), np.float64(1.3954624992788544e-11), np.float64(2.9236913518914486e-11), np.float64(2.0569399769193286e-11), np.float64(2.695629089104945e-11), np.float64(2.5862586079240764e-11), np.float64(2.2661509601082845e-11), np.float64(1.2638203555009596e-11), np.float64(2.4205178870032573e-11), np.float64(1.671005165337631e-11), np.float64(2.0307168943357725e-11), np.float64(2.274603928376512e-11), np.float64(3.004587153748559e-11), np.float64(1.474454060214435e-11), np.float64(2.6337480912693322e-11), np.float64(1.13688564415973e-11), np.float64(1.391807635442995e-11), np.float64(2.0311620165464263e-11), np.float64(2.6337891167000638e-11), np.float64(2.7691676117326724e-11), np.float64(1.6708656483094363e-11), np.float64(1.6708875599170487e-11), np.float64(2.0307754607772982e-11), np.float64(2.103961108927225e-11), np.float64(2.0569352901171292e-11), np.float64(1.1754710584538337e-11), np.float64(2.153626980693408e-11), np.float64(2.769324612014352e-11), np.float64(2.0568195788909542e-11), np.float64(3.140772182700649e-11), np.float64(2.0566270166896916e-11), np.float64(2.087354388888725e-11), np.float64(1.370308471685326e-11), np.float64(2.134388637265128e-11), np.float64(2.104139346079448e-11), np.float64(2.0309567699808658e-11), np.float64(2.056967475182571e-11), np.float64(1.3921867688112448e-11), np.float64(2.7683805108974707e-11), np.float64(2.1219470670579202e-11), np.float64(2.0563753140797197e-11), np.float64(2.9134957182301804e-11), np.float64(2.031014200566246e-11), np.float64(2.1467835436144286e-11), np.float64(2.0310476359091595e-11), np.float64(2.1537112304777544e-11), np.float64(3.0043609851717946e-11), np.float64(2.633564331041668e-11), np.float64(2.7747204617737305e-11), np.float64(2.6008417863957848e-11), np.float64(1.694266354540456e-11), np.float64(2.1042360859679723e-11), np.float64(1.3954310857331379e-11), np.float64(2.2855004887989377e-11), np.float64(2.056799299359112e-11), np.float64(2.1471817569868383e-11), np.float64(2.031405735420098e-11), np.float64(2.1535569318454783e-11), np.float64(2.0567016692025164e-11), np.float64(2.633720141795325e-11), np.float64(2.2857662793916843e-11), np.float64(1.6709707790945047e-11), np.float64(1.7796502732548468e-11), np.float64(2.158921904447643e-11), np.float64(2.6403991123642597e-11), np.float64(2.15377993262495e-11), np.float64(2.10459559261987e-11), np.float64(2.6005566676041062e-11), np.float64(2.256902166066929e-11), np.float64(1.1036306459737945e-11), np.float64(1.779169750742842e-11), np.float64(2.285326669523597e-11), np.float64(2.0569897559901785e-11), np.float64(2.030760374273269e-11), np.float64(2.913808163745938e-11), np.float64(3.786493678208081e-11), np.float64(2.1341885092421604e-11), np.float64(2.913586749671414e-11), np.float64(2.030878381544951e-11), np.float64(1.3922019791483358e-11), np.float64(3.1396202918048155e-11), np.float64(2.030698230893106e-11), np.float64(2.0566823659052047e-11), np.float64(1.3921757802623766e-11), np.float64(2.031002990883169e-11), np.float64(2.146960980280305e-11), np.float64(2.6738706457014396e-11), np.float64(2.0567107415374128e-11), np.float64(2.913555470617713e-11), np.float64(5.5726331531033015e-11), np.float64(2.0565146690413086e-11), np.float64(2.600208726068284e-11), np.float64(2.76920268851192e-11), np.float64(1.4498313822228716e-11), np.float64(1.6705299817558072e-11), np.float64(2.0312914202268702e-11), np.float64(2.614221045159883e-11), np.float64(2.257239729769754e-11), np.float64(1.142765409512944e-11), np.float64(2.6966898889605488e-11), np.float64(1.6516612118687138e-11), np.float64(2.600078430156737e-11), np.float64(3.0341598954026336e-11), np.float64(1.136927729428719e-11), np.float64(3.093051114524533e-11), np.float64(2.8212639841897196e-11), np.float64(2.0571377587354147e-11), np.float64(2.0309109944507408e-11), np.float64(1.7286676384312743e-11), np.float64(2.2323817758775135e-11), np.float64(2.5869150248127925e-11), np.float64(3.0932364503559896e-11), np.float64(2.600218218073565e-11), np.float64(2.1535633571546903e-11), np.float64(1.370336672182689e-11), np.float64(2.0871549808188175e-11), np.float64(2.6338744056635817e-11), np.float64(1.7798815147338374e-11), np.float64(2.030688465854072e-11), np.float64(2.6953638238349784e-11), np.float64(2.1471951752226058e-11), np.float64(2.0310620538467568e-11), np.float64(1.690957030551633e-11), np.float64(1.995600672483416e-11), np.float64(2.6361319806457133e-11), np.float64(1.7794757101346964e-11), np.float64(2.0310025794461422e-11), np.float64(1.3737635173446526e-11), np.float64(1.9952940926129005e-11), np.float64(2.031006360596932e-11), np.float64(1.3968251390891375e-11), np.float64(2.1467050047618747e-11), np.float64(2.0568194331439217e-11), np.float64(3.038879743355122e-11), np.float64(2.0872065607421553e-11), np.float64(2.0568006067083532e-11), np.float64(1.1427425643453733e-11), np.float64(2.0309963843233658e-11), np.float64(2.913692608597592e-11), np.float64(1.7191406862350324e-11), np.float64(4.2725081949684615e-11), np.float64(4.586865526927069e-11), np.float64(2.12537793105267e-11), np.float64(2.1472068782079804e-11), np.float64(2.0309680574033148e-11), np.float64(2.104292215103206e-11), np.float64(2.153808835118846e-11), np.float64(1.670499908363919e-11), np.float64(2.030692737890234e-11), np.float64(2.2855698018721453e-11), np.float64(1.99535821209857e-11), np.float64(2.1537071503290835e-11), np.float64(2.031031621447316e-11), np.float64(1.7277415983126933e-11), np.float64(1.6707835977959563e-11), np.float64(2.0307256507694087e-11), np.float64(4.028336195332362e-11), np.float64(2.5866388480480566e-11), np.float64(2.0568263032591157e-11), np.float64(1.7288079689815713e-11), np.float64(2.0312839872973195e-11), np.float64(2.0563827425759364e-11), np.float64(3.571967074914093e-11), np.float64(1.9256363778570152e-11), np.float64(2.0569881082816252e-11), np.float64(2.0568175447134412e-11), np.float64(2.0874123087621947e-11), np.float64(2.913483207412091e-11), np.float64(2.4589083812228076e-11), np.float64(4.054871400539447e-11), np.float64(2.296531573649487e-11), np.float64(2.0566281700363215e-11), np.float64(2.285411552373507e-11), np.float64(1.1753656976797956e-11), np.float64(1.370484838431921e-11), np.float64(3.004771135606006e-11), np.float64(2.6139186075533854e-11), np.float64(2.05658929995092e-11), np.float64(2.078747471659471e-11), np.float64(2.6963107308486676e-11), np.float64(2.0564949339361763e-11), np.float64(2.1536556708709207e-11), np.float64(1.4569142859086585e-11), np.float64(2.069809858519993e-11), np.float64(1.392113592400026e-11), np.float64(2.146801260738073e-11), np.float64(2.0314439041508885e-11), np.float64(2.0699248066103818e-11), np.float64(1.7279200199041108e-11), np.float64(2.153261925526649e-11), np.float64(2.0563127178418968e-11), np.float64(2.7691987069136622e-11), np.float64(2.1348815549672523e-11), np.float64(2.2748343609911846e-11), np.float64(2.0311092222079133e-11), np.float64(1.7278269910293688e-11), np.float64(2.1532877223814277e-11), np.float64(2.673354659147648e-11), np.float64(2.0026728431230145e-11), np.float64(2.057077638098396e-11), np.float64(2.4199495039394687e-11), np.float64(2.2851001407376322e-11), np.float64(2.3797327947609666e-11), np.float64(3.00431012605231e-11), np.float64(9.285897084081511e-12), np.float64(1.779836776451405e-11), np.float64(1.4030433223323364e-11), np.float64(3.0048552188080004e-11), np.float64(2.1344329023795494e-11), np.float64(3.0041613594851694e-11), np.float64(2.0569451854258085e-11), np.float64(2.0310171570374414e-11), np.float64(1.670624250761276e-11), np.float64(2.0309320187610638e-11), np.float64(2.2320809431363395e-11), np.float64(1.779842357649509e-11), np.float64(1.1426231458484166e-11), np.float64(2.0311997352491222e-11), np.float64(2.1471889720660545e-11), np.float64(2.0308289991190824e-11), np.float64(1.3702997251046091e-11), np.float64(1.2638470361892844e-11), np.float64(2.1533467922543564e-11), np.float64(2.285746270986452e-11), np.float64(2.153898640211699e-11), np.float64(1.1661945745554677e-11), np.float64(2.2851256131971285e-11), np.float64(2.0570691085067517e-11), np.float64(1.4550412454708627e-11), np.float64(2.153583931422227e-11), np.float64(2.153488526812674e-11), np.float64(2.1345326815086766e-11), np.float64(1.1426826644213227e-11), np.float64(1.691135511371279e-11), np.float64(2.7688413750252116e-11), np.float64(4.053815602160526e-11), np.float64(1.1845126479913732e-11), np.float64(1.727760660141567e-11), np.float64(2.6959713024906866e-11), np.float64(1.1426719902648293e-11), np.float64(1.4746753159411993e-11), np.float64(2.087257517691434e-11), np.float64(2.0566572621728812e-11), np.float64(2.0310468366922186e-11), np.float64(2.1346209772504263e-11), np.float64(2.0568208897560315e-11), np.float64(1.4551819832256748e-11), np.float64(2.0311481229352217e-11), np.float64(1.184715000739443e-11), np.float64(1.1035674240184386e-11), np.float64(2.0564106092762974e-11), np.float64(2.0680015188787214e-11), np.float64(2.0400696873455765e-11), np.float64(1.694372620990926e-11), np.float64(2.0566662139425026e-11), np.float64(1.1754414974205302e-11), np.float64(2.7696404020317805e-11), np.float64(2.1533979188779985e-11), np.float64(2.1468595983422423e-11), np.float64(1.6945794707602994e-11), np.float64(2.0311007702844347e-11), np.float64(2.67364961409622e-11), np.float64(2.7404441482510454e-11), np.float64(2.1340602973786e-11), np.float64(2.0309500307856e-11), np.float64(2.285543776055388e-11), np.float64(2.0567649728496986e-11), np.float64(2.086221234534613e-11), np.float64(2.48077143810316e-11), np.float64(2.0314139793095098e-11), np.float64(2.0572879192207814e-11), np.float64(2.1535452821609637e-11), np.float64(1.4744365137400304e-11), np.float64(2.0568588970971217e-11), np.float64(2.6962344634081918e-11), np.float64(2.6337068701355553e-11), np.float64(2.1427860823911817e-11), np.float64(2.1471508034414254e-11), np.float64(2.0311197059333673e-11), np.float64(2.1467978065581354e-11), np.float64(3.0619442237750476e-11), np.float64(1.6567956649961367e-11), np.float64(2.7691207971790766e-11), np.float64(1.5309142290387427e-11), np.float64(2.0312082196116974e-11), np.float64(2.7056443438205692e-11), np.float64(1.7276758669927248e-11), np.float64(1.1755494057433617e-11), np.float64(2.144552723081843e-11), np.float64(2.5169917816002332e-11), np.float64(2.7405126327811664e-11), np.float64(2.6006630249439263e-11), np.float64(2.2962223537333932e-11), np.float64(1.7191519235059778e-11), np.float64(2.2852221613710186e-11), np.float64(2.1431454158596418e-11), np.float64(2.057167960321891e-11), np.float64(2.9728966086043186e-11), np.float64(2.481143788310731e-11), np.float64(2.0787988543909437e-11), np.float64(2.0312817345109794e-11), np.float64(2.1534167676178404e-11), np.float64(2.6143235173876427e-11), np.float64(2.2856856790265988e-11), np.float64(2.0312278896116613e-11), np.float64(2.920508080659299e-11), np.float64(2.0569965103270532e-11), np.float64(2.76930580614641e-11), np.float64(2.599858272644485e-11), np.float64(2.0858778128189668e-11), np.float64(1.7277177778956047e-11), np.float64(2.1350997312915798e-11), np.float64(2.7404673060400586e-11), np.float64(2.0565643459198288e-11), np.float64(2.0308890141443016e-11), np.float64(2.1533479805240035e-11), np.float64(2.0788420253860563e-11), np.float64(2.030741014252244e-11), np.float64(1.3702440789432526e-11), np.float64(1.7276179122891828e-11), np.float64(2.056800844029407e-11), np.float64(2.4587448968859493e-11), np.float64(2.0565141535956174e-11), np.float64(1.391714281240773e-11), np.float64(2.0309828624877286e-11), np.float64(1.7285051858260537e-11), np.float64(2.056590136259811e-11), np.float64(2.6952459326329943e-11), np.float64(2.7694020890231993e-11), np.float64(1.1663199699664388e-11), np.float64(2.0570197588819107e-11), np.float64(1.3917372643474664e-11), np.float64(2.2854048487116673e-11), np.float64(2.0314477580619083e-11), np.float64(1.694436516731895e-11), np.float64(2.1536678208524612e-11), np.float64(2.056701888088407e-11), np.float64(2.5865349432459156e-11), np.float64(2.1467007051624212e-11), np.float64(1.67107402532923e-11), np.float64(1.651690867810931e-11), np.float64(2.0568641870693047e-11), np.float64(2.0613396648630106e-11), np.float64(1.1754497659203127e-11), np.float64(2.1470121306448086e-11), np.float64(1.6706174955407913e-11), np.float64(2.030907783482114e-11), np.float64(2.146769609348412e-11), np.float64(1.6914535760460438e-11), np.float64(2.0308712710905865e-11), np.float64(2.6341662875370917e-11), np.float64(2.2855158477699003e-11), np.float64(2.0310481043615804e-11), np.float64(2.07887056308923e-11), np.float64(2.1471482177091573e-11), np.float64(1.1755575403061221e-11), np.float64(1.696999245614575e-11), np.float64(2.1536621721889696e-11), np.float64(1.2403261908365208e-11), np.float64(1.651552333205407e-11), np.float64(3.00465991813753e-11), np.float64(2.070110437603167e-11), np.float64(2.0569178432297274e-11), np.float64(2.0311155389582888e-11), np.float64(2.031355943804096e-11), np.float64(1.696743670153298e-11), np.float64(3.004444290391178e-11), np.float64(1.651866990424105e-11), np.float64(2.1533669313018305e-11), np.float64(2.6339481126574625e-11), np.float64(1.651768374816362e-11), np.float64(2.056642610824808e-11), np.float64(2.0307368902829932e-11), np.float64(1.3738562432477566e-11), np.float64(1.6515232006791097e-11), np.float64(2.9133420226668145e-11), np.float64(1.697976622142992e-11), np.float64(2.0312039247299425e-11), np.float64(2.0570460788402176e-11), np.float64(2.1535972603013677e-11), np.float64(2.5864033065948432e-11), np.float64(2.6002277565935317e-11), np.float64(2.0702832117399857e-11), np.float64(2.4129004624680545e-11), np.float64(4.047779713174445e-11), np.float64(2.1441791030182766e-11), np.float64(2.153418889609143e-11), np.float64(2.056621260971936e-11), np.float64(1.3918311557536061e-11), np.float64(2.1469303885019362e-11), np.float64(2.0564104907899073e-11), np.float64(2.0306915759807778e-11), np.float64(2.420381366878176e-11), np.float64(2.6002424156765506e-11), np.float64(2.0562682224816276e-11), np.float64(2.285455438568137e-11), np.float64(1.6879319623475378e-11), np.float64(1.6515273808827077e-11), np.float64(2.1468640081825224e-11), np.float64(2.0875461055172986e-11), np.float64(1.2763833607329705e-11), np.float64(2.1539323661913184e-11), np.float64(2.4807909676584796e-11), np.float64(2.0569614623693132e-11), np.float64(2.0682439596819758e-11), np.float64(1.7796767332206417e-11), np.float64(2.2565530169512405e-11), np.float64(2.953290016190399e-11), np.float64(1.670784360233949e-11), np.float64(1.779911249463706e-11), np.float64(1.437253475256758e-11), np.float64(2.0568846404642528e-11), np.float64(2.285349112182726e-11), np.float64(2.0309964536544033e-11), np.float64(2.5999665330840186e-11), np.float64(1.1399819164495524e-11), np.float64(1.4566617396150292e-11), np.float64(2.1531730585955067e-11), np.float64(1.7796421170782463e-11), np.float64(1.1662069568790434e-11), np.float64(1.6707760221152875e-11), np.float64(1.1425825476647431e-11), np.float64(1.69099302094516e-11), np.float64(2.4592404812590004e-11), np.float64(1.6517865557222717e-11), np.float64(2.0562703216937933e-11), np.float64(2.6338572243703583e-11), np.float64(2.0307597065495674e-11), np.float64(2.1534055762931485e-11), np.float64(2.4204964656616985e-11), np.float64(2.599911911402185e-11), np.float64(2.1439458352863723e-11), np.float64(1.2052293451964427e-11), np.float64(2.087713688257157e-11), np.float64(2.1346681976763753e-11), np.float64(1.694846996113925e-11), np.float64(2.6343160402046324e-11), np.float64(2.4201948270992354e-11), np.float64(1.1755398620375928e-11), np.float64(2.0309957737713946e-11), np.float64(2.103895211247192e-11), np.float64(2.91369308692707e-11), np.float64(2.373806917809423e-11), np.float64(2.03073493088385e-11), np.float64(2.0569080701972928e-11), np.float64(2.6975068832125298e-11), np.float64(1.1847415369292101e-11), np.float64(2.0569430635607037e-11), np.float64(1.778444505231235e-11), np.float64(2.972892895012413e-11), np.float64(2.056579624402981e-11), np.float64(3.3499029501312994e-11), np.float64(2.030731543238367e-11), np.float64(2.0309446171293917e-11), np.float64(2.153473752501951e-11), np.float64(4.047741803264496e-11), np.float64(1.7278528052494883e-11), np.float64(2.0310959200465683e-11), np.float64(1.474361383987339e-11), np.float64(1.240311986027817e-11), np.float64(1.3705533778634114e-11), np.float64(2.103765662725111e-11), np.float64(1.3703499486935237e-11), np.float64(2.0569146667877396e-11), np.float64(2.4702347830285755e-11), np.float64(2.154084629656346e-11), np.float64(2.696182532642193e-11), np.float64(2.031614645612425e-11), np.float64(1.7276468502963127e-11), np.float64(2.0310345923752816e-11), np.float64(2.1534656241437986e-11), np.float64(2.285439860403456e-11), np.float64(2.0308864017708275e-11), np.float64(1.3135379850552871e-11), np.float64(2.0310412289149337e-11), np.float64(1.694242818455306e-11), np.float64(2.104017719954929e-11), np.float64(1.3952670829472445e-11), np.float64(2.60003645419159e-11), np.float64(3.139676057065103e-11), np.float64(1.367286805546992e-11), np.float64(2.153468644445027e-11), np.float64(2.6141066030079106e-11), np.float64(2.031037679508623e-11), np.float64(2.0307001359649322e-11), np.float64(2.1472444307229497e-11), np.float64(1.727869352868011e-11), np.float64(2.5873844576557226e-11), np.float64(2.7691427595727215e-11), np.float64(2.087878148336814e-11), np.float64(1.1873417866162732e-11), np.float64(2.953344399713595e-11), np.float64(2.134777668580199e-11), np.float64(1.652006634844237e-11), np.float64(2.153598932297959e-11), np.float64(1.9954487637236943e-11), np.float64(2.153632865449474e-11), np.float64(1.7286990589452397e-11), np.float64(2.2321999684184547e-11), np.float64(2.42022150837768e-11), np.float64(2.0702742504778758e-11), np.float64(6.484110611074626e-11), np.float64(1.3735917083007121e-11), np.float64(1.6519346545912675e-11), np.float64(2.9728987275264085e-11), np.float64(2.03129453655961e-11), np.float64(1.474451575490091e-11), np.float64(1.456681504712522e-11), np.float64(2.1470641545549883e-11), np.float64(2.0312097083100846e-11), np.float64(2.1341396569838005e-11), np.float64(2.0106462138762367e-11), np.float64(2.0312591621298158e-11), np.float64(2.231968981375503e-11), np.float64(2.1433575793564422e-11)], [np.float64(2.0383976860585148e-11), np.float64(2.0191940636673042e-11), np.float64(1.1752538626362582e-11), np.float64(2.2944781675534122e-11), np.float64(1.1475603293818617e-11), np.float64(2.225725480436521e-11), np.float64(1.3122790449113607e-11), np.float64(1.1753416929915806e-11), np.float64(2.1902038448941802e-11), np.float64(2.190363524166557e-11), np.float64(2.2262291821616566e-11), np.float64(2.1522851194123604e-11), np.float64(2.1527996745092978e-11), np.float64(1.8067983315625847e-11), np.float64(1.7637886775986554e-11), np.float64(2.2940430389771795e-11), np.float64(1.0854339013263796e-11), np.float64(1.9911034556949206e-11), np.float64(2.1898307501890252e-11), np.float64(1.0864278866462032e-11), np.float64(1.4184110661449286e-11), np.float64(3.3604639439962364e-11), np.float64(2.623907966486274e-11), np.float64(2.190011134383423e-11), np.float64(1.0854021991866293e-11), np.float64(2.2885361523436763e-11), np.float64(1.2999213306318826e-11), np.float64(2.2843548254838913e-11), np.float64(1.1933742489091594e-11), np.float64(2.115895189175428e-11), np.float64(2.1898079039680632e-11), np.float64(2.244912039357621e-11), np.float64(3.026916092713925e-11), np.float64(2.190107790100137e-11), np.float64(2.2259969087042772e-11), np.float64(2.3514736101487402e-11), np.float64(2.1903424330567053e-11), np.float64(2.2942796077503123e-11), np.float64(1.4936058153130168e-11), np.float64(1.1621646919533056e-11), np.float64(2.117051709107793e-11), np.float64(2.2311188991678456e-11), np.float64(1.1222746427938688e-11), np.float64(1.3120286489822793e-11), np.float64(2.3092388872684522e-11), np.float64(1.5770445534315322e-11), np.float64(1.7612260988590256e-11), np.float64(2.1172635049122456e-11), np.float64(2.2259405180432156e-11), np.float64(2.226336066032068e-11), np.float64(2.1524145437090002e-11), np.float64(2.189958479729235e-11), np.float64(1.9155397203351937e-11), np.float64(1.9149070376393318e-11), np.float64(2.1520854085386568e-11), np.float64(2.2114712805776436e-11), np.float64(2.152445998286449e-11), np.float64(1.1809034915777864e-11), np.float64(1.2999698409035152e-11), np.float64(2.0602937970757057e-11), np.float64(1.7614271227557682e-11), np.float64(1.52879023890988e-11), np.float64(1.3112627228458181e-11), np.float64(2.225962861718285e-11), np.float64(2.006863015171119e-11), np.float64(2.3616232701894765e-11), np.float64(2.225877429353643e-11), np.float64(2.059493859714771e-11), np.float64(1.9915140296520084e-11), np.float64(2.2887860764804794e-11), np.float64(2.1522011210868428e-11), np.float64(2.3619589699425824e-11), np.float64(2.1902066562468622e-11), np.float64(2.1899889660554805e-11), np.float64(2.059687193195011e-11), np.float64(2.1528527416129882e-11), np.float64(2.189954860575753e-11), np.float64(2.1664185001395106e-11), np.float64(1.808417103294129e-11), np.float64(1.3122439358442147e-11), np.float64(2.0594112904360795e-11), np.float64(1.056971600541719e-11), np.float64(1.685538981761794e-11), np.float64(2.2445679136031562e-11), np.float64(1.3365839582417734e-11), np.float64(1.7609597287138134e-11), np.float64(1.7637577263006677e-11), np.float64(1.7636619811771343e-11), np.float64(1.465040724943528e-11), np.float64(1.8088525971431506e-11), np.float64(2.225669003303921e-11), np.float64(1.349078005638268e-11), np.float64(2.3891322459430418e-11), np.float64(1.0905097593482969e-11), np.float64(2.2443766070395527e-11), np.float64(1.3189827310937338e-11), np.float64(2.6223094881632168e-11), np.float64(2.146589231211968e-11), np.float64(1.1224958857327382e-11), np.float64(2.2955464726557335e-11), np.float64(1.180899448140381e-11), np.float64(1.3121848020227427e-11), np.float64(2.1522715393821763e-11), np.float64(2.3095565819841526e-11), np.float64(2.2951104237601052e-11), np.float64(1.1751793343430573e-11), np.float64(2.1990880659056545e-11), np.float64(2.2943977924347095e-11), np.float64(2.152570222098345e-11), np.float64(2.0376131321326465e-11), np.float64(1.1933286374249926e-11), np.float64(2.152447026112254e-11), np.float64(1.761098294616154e-11), np.float64(2.0599254873430576e-11), np.float64(1.5773605344586836e-11), np.float64(2.1521568897901144e-11), np.float64(2.2255850166820443e-11), np.float64(1.8087728752368026e-11), np.float64(1.3110257170583159e-11), np.float64(2.8920320868147698e-11), np.float64(1.9158245622696757e-11), np.float64(2.40077854968616e-11), np.float64(1.3121914049485163e-11), np.float64(2.2451486801618847e-11), np.float64(2.1523282906608687e-11), np.float64(1.577250789850769e-11), np.float64(2.3094052754154324e-11), np.float64(2.152960076864224e-11), np.float64(1.1807638551253462e-11), np.float64(2.1520520373723316e-11), np.float64(2.152657400234338e-11), np.float64(1.147486837184496e-11), np.float64(2.225720626373359e-11), np.float64(2.2958805073692363e-11), np.float64(4.8355485447166846e-11), np.float64(2.1522596228840444e-11), np.float64(1.1931296026575683e-11), np.float64(1.808529634581279e-11), np.float64(2.0064601942117808e-11), np.float64(2.152850943519166e-11), np.float64(2.225949513375648e-11), np.float64(1.348909350720898e-11), np.float64(2.245317238814209e-11), np.float64(1.1618916030840354e-11), np.float64(2.3095244232538262e-11), np.float64(2.2255825355627505e-11), np.float64(2.3093924587439775e-11), np.float64(2.152940172695878e-11), np.float64(5.101795458775145e-11), np.float64(1.1420997493720654e-11), np.float64(1.764177062789145e-11), np.float64(2.29588919667425e-11), np.float64(2.3501191140212338e-11), np.float64(2.2252199738515705e-11), np.float64(2.116442007995087e-11), np.float64(2.2256414104681965e-11), np.float64(1.8087355545430166e-11), np.float64(2.1896708239724874e-11), np.float64(1.3108466305985465e-11), np.float64(2.153295290385819e-11), np.float64(2.152430721835919e-11), np.float64(2.1104609934846262e-11), np.float64(2.5274276564890966e-11), np.float64(2.1901533182098632e-11), np.float64(2.2952845482025663e-11), np.float64(1.1807987662928142e-11), np.float64(2.2441396565696685e-11), np.float64(2.244501572389781e-11), np.float64(1.2999809729562809e-11), np.float64(2.694402139187571e-11), np.float64(2.1518747207336692e-11), np.float64(1.7610969819492164e-11), np.float64(1.1933070776594611e-11), np.float64(2.2884250591583703e-11), np.float64(1.0852949093168336e-11), np.float64(2.2884176852652188e-11), np.float64(2.1521874809265764e-11), np.float64(2.29512953834638e-11), np.float64(2.230677478610835e-11), np.float64(2.245248714300462e-11), np.float64(2.6001791688740683e-11), np.float64(1.318983775669415e-11), np.float64(1.9156320450751454e-11), np.float64(1.1223271672666451e-11), np.float64(2.2843310972243102e-11), np.float64(2.1535696515672075e-11), np.float64(2.152591556959755e-11), np.float64(2.1660930068361482e-11), np.float64(2.0596657402876674e-11), np.float64(2.115885756286963e-11), np.float64(2.5992231831277645e-11), np.float64(2.226236005188111e-11), np.float64(2.1166593130995735e-11), np.float64(2.351578280000988e-11), np.float64(2.116510564454307e-11), np.float64(1.3188742780071947e-11), np.float64(1.9154637060281535e-11), np.float64(1.5966088015077242e-11), np.float64(2.2258482476824537e-11), np.float64(2.2457467495738535e-11), np.float64(1.6700456486625404e-11), np.float64(1.67059459372798e-11), np.float64(2.8912420272678035e-11), np.float64(1.990878875571771e-11), np.float64(1.9155050581854954e-11), np.float64(2.1527551124741047e-11), np.float64(2.2951745923745365e-11), np.float64(1.3064295383238847e-11), np.float64(1.147391284786833e-11), np.float64(1.3000945242548778e-11), np.float64(2.1898912422577244e-11), np.float64(2.1899119902746452e-11), np.float64(1.495096609607575e-11), np.float64(2.0592767285159137e-11), np.float64(2.1524637743356984e-11), np.float64(1.5042690847995478e-11), np.float64(2.1153543040206257e-11), np.float64(2.1528294745275598e-11), np.float64(2.2889093229906193e-11), np.float64(2.2843045975369013e-11), np.float64(1.7639088418805683e-11), np.float64(1.5249781074313808e-11), np.float64(2.1528671545745958e-11), np.float64(2.2447981801629923e-11), np.float64(1.3121399061599184e-11), np.float64(2.225976295692167e-11), np.float64(1.1933432140244503e-11), np.float64(2.1522947192033655e-11), np.float64(2.284097989359013e-11), np.float64(1.7424562018758763e-11), np.float64(1.3188760629932358e-11), np.float64(2.1163397929558024e-11), np.float64(2.3094781152869173e-11), np.float64(2.2947655219617896e-11), np.float64(2.244310160574753e-11), np.float64(1.8083744733858038e-11), np.float64(2.0591633655739223e-11), np.float64(2.1523303460416116e-11), np.float64(1.3448097886378896e-11), np.float64(2.1969125646356108e-11), np.float64(2.1520047311537246e-11), np.float64(1.2409901376700318e-11), np.float64(2.4001932040164735e-11), np.float64(1.1931361350769483e-11), np.float64(2.24406092375248e-11), np.float64(2.019150134484062e-11), np.float64(2.4221632131445336e-11), np.float64(1.3065916072757182e-11), np.float64(1.763619821854144e-11), np.float64(2.288399279596385e-11), np.float64(1.1474041629603032e-11), np.float64(1.915555520386844e-11), np.float64(2.2449298097662254e-11), np.float64(1.763963673218017e-11), np.float64(2.2949362085425086e-11), np.float64(1.7423143341594953e-11), np.float64(2.152548820054792e-11), np.float64(2.152017159376316e-11), np.float64(1.7615716095600642e-11), np.float64(2.189630692448303e-11), np.float64(2.22607629619387e-11), np.float64(1.1809570072975922e-11), np.float64(2.115838143696404e-11), np.float64(1.2998798102488627e-11), np.float64(1.9152638243591818e-11), np.float64(2.2262293352323773e-11), np.float64(2.2257610357536883e-11), np.float64(2.2880401704063304e-11), np.float64(1.1932991240634877e-11), np.float64(2.244630756352628e-11), np.float64(2.1522143007655085e-11), np.float64(1.0569529044414558e-11), np.float64(1.768843889868541e-11), np.float64(1.1477026205075072e-11), np.float64(2.226380283122494e-11), np.float64(2.006438194965711e-11), np.float64(1.7612626947870973e-11), np.float64(1.1808952372626254e-11), np.float64(1.1473569804851207e-11), np.float64(2.1896950657313636e-11), np.float64(1.9373068218860216e-11), np.float64(2.346945250374647e-11), np.float64(1.3587842949444447e-11), np.float64(1.7608082155235973e-11), np.float64(1.8820831471806442e-11), np.float64(1.8816901992434126e-11), np.float64(1.1752880784805038e-11), np.float64(2.2449199012707233e-11), np.float64(1.1931572716947271e-11), np.float64(2.2839172785292883e-11), np.float64(1.1473286487580357e-11), np.float64(2.6216997202452693e-11), np.float64(1.9155140505648556e-11), np.float64(2.152844609231443e-11), np.float64(2.2842322694958885e-11), np.float64(1.8086084886367525e-11), np.float64(2.3095431698154676e-11), np.float64(2.1899641999152683e-11), np.float64(2.288067861388304e-11), np.float64(2.190149008165547e-11), np.float64(2.3095329270983805e-11), np.float64(2.115778683918197e-11), np.float64(1.3063906345094573e-11), np.float64(1.990752043103194e-11), np.float64(1.0236329855709046e-11), np.float64(1.524994834556139e-11), np.float64(2.1894809252875448e-11), np.float64(1.6141822471606664e-11), np.float64(2.1899523561555443e-11), np.float64(2.1667499667036357e-11), np.float64(2.2844187461652568e-11), np.float64(2.2260905558582797e-11), np.float64(2.2263129481511553e-11), np.float64(1.3000569095067287e-11), np.float64(1.7634572329401402e-11), np.float64(2.1904507463627864e-11), np.float64(2.2264137532165322e-11), np.float64(1.1492454361190242e-11), np.float64(1.9370908490102882e-11), np.float64(1.3121928516114948e-11), np.float64(2.350932460768408e-11), np.float64(1.990922737310832e-11), np.float64(1.1475047509830135e-11), np.float64(2.1895821173479337e-11), np.float64(1.3108668974469965e-11), np.float64(2.0060312112464528e-11), np.float64(2.1528360865150405e-11), np.float64(1.0568029047236205e-11), np.float64(1.915595483397834e-11), np.float64(2.1162617041276044e-11), np.float64(1.181004879050484e-11), np.float64(2.64637442144527e-11), np.float64(1.7634222475246028e-11), np.float64(1.524928001372566e-11), np.float64(2.3618167753801097e-11), np.float64(1.9911737677540118e-11), np.float64(1.4323344679803877e-11), np.float64(2.152279732390524e-11), np.float64(1.1931134708479792e-11), np.float64(2.2444496092057114e-11), np.float64(2.288564004482067e-11), np.float64(1.9913138651030544e-11), np.float64(1.1852104335971323e-11), np.float64(2.2451189533756193e-11), np.float64(2.2445391307569865e-11), np.float64(2.6454833621868534e-11), np.float64(2.1897838719289984e-11), np.float64(1.3122435502520067e-11), np.float64(2.244603144596893e-11), np.float64(1.7634930556918044e-11), np.float64(1.3120487776010322e-11), np.float64(2.1522101943160454e-11), np.float64(1.8082642102643886e-11), np.float64(1.098463517563536e-11), np.float64(2.2886826619523936e-11), np.float64(1.9161822816836422e-11), np.float64(1.9152740000230177e-11), np.float64(1.1490353349935823e-11), np.float64(2.152588015231599e-11), np.float64(2.2888363144972133e-11), np.float64(1.1472936353278507e-11), np.float64(1.3111600859175897e-11), np.float64(1.937273256289449e-11), np.float64(1.3109336074843756e-11), np.float64(1.1751637942538584e-11), np.float64(2.2881704632273238e-11), np.float64(2.38664971434025e-11), np.float64(2.244985489827397e-11), np.float64(2.2879999870182655e-11), np.float64(1.1751794780845103e-11), np.float64(1.1422116573661493e-11), np.float64(2.1100393339343894e-11), np.float64(2.211338342883435e-11), np.float64(2.1527929991801706e-11), np.float64(1.991118240993511e-11), np.float64(1.0576321450533053e-11), np.float64(2.1899547990329045e-11), np.float64(1.9156793232834465e-11), np.float64(1.7168186298273393e-11), np.float64(1.1752431451023149e-11), np.float64(1.3409003353517686e-11), np.float64(2.1463355615837405e-11), np.float64(1.9910707108547548e-11), np.float64(2.059235668457538e-11), np.float64(2.2959143261841875e-11), np.float64(2.287945476551129e-11), np.float64(1.9153201420668135e-11), np.float64(2.189902649993952e-11), np.float64(1.0984642203588515e-11), np.float64(1.180697408752654e-11), np.float64(2.244841074412826e-11), np.float64(1.937575364829048e-11), np.float64(2.2451150520585536e-11), np.float64(2.350209108648766e-11), np.float64(1.1932111959044518e-11), np.float64(2.2256847393218533e-11), np.float64(2.1531572911785723e-11), np.float64(1.1477540942670614e-11), np.float64(1.5044175291956028e-11), np.float64(1.1494011115201307e-11), np.float64(1.4731193987564113e-11), np.float64(2.1163663794941028e-11), np.float64(2.1522809892853868e-11), np.float64(2.1901630095350383e-11), np.float64(1.2999552937561712e-11), np.float64(2.2943404481559114e-11), np.float64(1.1420990275036063e-11), np.float64(1.761146406134898e-11), np.float64(1.808683736946619e-11), np.float64(1.240878434172797e-11), np.float64(1.1490207369787274e-11), np.float64(2.1520550115491514e-11), np.float64(1.5045815345806768e-11), np.float64(1.1474385745747907e-11), np.float64(1.2998568485526966e-11), np.float64(1.1222210198682507e-11), np.float64(2.146877235724217e-11), np.float64(1.7633772869019066e-11), np.float64(1.2541117776277922e-11), np.float64(2.1461088100451958e-11), np.float64(1.6702758059155806e-11), np.float64(2.225457832428444e-11), np.float64(1.1895558230210162e-11), np.float64(2.4220231266081594e-11), np.float64(1.1473863365743831e-11), np.float64(1.5045150578269256e-11), np.float64(2.1466333283843125e-11), np.float64(1.881710258577095e-11), np.float64(1.3064736284199645e-11), np.float64(2.3866576644698635e-11), np.float64(2.3096506005653798e-11), np.float64(1.1423840164321929e-11), np.float64(1.1472399931663982e-11), np.float64(1.9011030195418416e-11), np.float64(2.146715320326678e-11), np.float64(1.3000162439021407e-11), np.float64(1.1931895278599015e-11), np.float64(2.18956205904607e-11), np.float64(2.2946898047953303e-11), np.float64(2.0064579406328578e-11), np.float64(2.11636352066334e-11), np.float64(2.2451403363661138e-11), np.float64(2.2884397171261556e-11), np.float64(2.1896751095489008e-11), np.float64(2.225242162044632e-11), np.float64(1.8083362114040767e-11), np.float64(2.294991428006638e-11), np.float64(1.7637269929593004e-11), np.float64(1.1808186214944702e-11), np.float64(2.2250295291524688e-11), np.float64(1.1932474433287888e-11), np.float64(2.1664625231054238e-11), np.float64(1.7617447273226328e-11), np.float64(2.190112750401398e-11), np.float64(1.8086716493800883e-11), np.float64(2.2253208817265468e-11), np.float64(1.496482986205559e-11), np.float64(2.2443897098565232e-11), np.float64(1.1490016611975555e-11), np.float64(2.2451620965448197e-11), np.float64(2.309348280396719e-11), np.float64(2.1465555164018976e-11), np.float64(2.1522486212626483e-11), np.float64(2.1897849798162188e-11), np.float64(2.152067860112747e-11), np.float64(2.288908458616252e-11), np.float64(2.2882968094920972e-11), np.float64(2.2445643173105256e-11), np.float64(2.2254896581015982e-11), np.float64(2.1164169419727803e-11), np.float64(1.1476168798656908e-11), np.float64(2.3099387302507024e-11), np.float64(2.2950734408177232e-11), np.float64(2.2884100978942542e-11), np.float64(1.9160803446276745e-11), np.float64(2.152074307745694e-11), np.float64(2.1531189062643454e-11), np.float64(1.936942962872723e-11), np.float64(2.1524844598685887e-11), np.float64(2.2850986573074374e-11), np.float64(1.3123578260710481e-11), np.float64(2.4818116633620875e-11), np.float64(2.225653431819206e-11), np.float64(2.2450309411104698e-11), np.float64(1.3120770044027576e-11), np.float64(2.2845361767701006e-11), np.float64(1.147328306010627e-11), np.float64(2.2884318516912914e-11), np.float64(1.8084754813802832e-11), np.float64(3.078813492009976e-11), np.float64(2.1521075045717746e-11), np.float64(1.1422850217153606e-11), np.float64(1.8088709041682148e-11), np.float64(1.1932937687506347e-11), np.float64(2.1155336532141522e-11), np.float64(1.1931733834088175e-11), np.float64(2.1162045631802997e-11), np.float64(1.312161287553237e-11), np.float64(1.1474456387394571e-11), np.float64(1.185037774683577e-11), np.float64(1.2408140921481234e-11), np.float64(2.3505912843285852e-11), np.float64(2.1154050031195218e-11), np.float64(2.354116848512853e-11), np.float64(2.1527712010876908e-11), np.float64(1.577254374109162e-11), np.float64(2.0195808382791418e-11), np.float64(2.152487169111786e-11), np.float64(2.1527749697833526e-11), np.float64(2.189816200328437e-11), np.float64(2.152252990590871e-11), np.float64(1.306441242813577e-11), np.float64(2.244727815811129e-11), np.float64(2.1527284087582402e-11), np.float64(1.3190334013951772e-11), np.float64(2.1529708192300954e-11), np.float64(2.4821709057591835e-11), np.float64(2.1468658718730732e-11), np.float64(1.1223255454490389e-11), np.float64(2.3505511185844463e-11), np.float64(2.2252561022888552e-11), np.float64(2.245448701407347e-11), np.float64(1.4321712377994545e-11), np.float64(1.375693722359838e-11), np.float64(2.1667990108061787e-11), np.float64(1.5044809800989397e-11), np.float64(1.4730416065283348e-11), np.float64(1.4947056774976786e-11), np.float64(2.2258714983805187e-11), np.float64(2.0596853089459956e-11), np.float64(1.7614769512577153e-11), np.float64(1.7637140270374378e-11), np.float64(2.350191809860503e-11), np.float64(2.2256155258563686e-11), np.float64(1.1473099819334472e-11), np.float64(2.3096474760359166e-11), np.float64(1.0984069161147183e-11), np.float64(1.8080826614271663e-11), np.float64(1.0983743193580642e-11), np.float64(1.9908139885356168e-11), np.float64(1.3445341426336398e-11), np.float64(2.1519973583572262e-11), np.float64(1.57701272270169e-11), np.float64(1.9366820554234184e-11), np.float64(2.624115305439481e-11), np.float64(2.2953683906122884e-11), np.float64(1.1490355643366521e-11), np.float64(1.7610710050663757e-11), np.float64(1.5044642668828185e-11), np.float64(2.1894074376907203e-11), np.float64(2.1164115384546507e-11), np.float64(2.2887551626309775e-11), np.float64(1.1933217719496751e-11), np.float64(1.3034625744685394e-11), np.float64(2.2844901088259235e-11), np.float64(2.2271586649751908e-11), np.float64(1.9913668699347542e-11), np.float64(1.903177740267532e-11), np.float64(1.1852335309387634e-11), np.float64(2.5997059587195383e-11), np.float64(1.432282387013467e-11), np.float64(2.2449114805101233e-11), np.float64(3.484054913915744e-11), np.float64(2.350360929564762e-11), np.float64(1.1473737118056754e-11), np.float64(2.3100024860070943e-11), np.float64(2.2954991390223896e-11), np.float64(2.490205145394966e-11), np.float64(2.245415820400914e-11), np.float64(2.189827943241471e-11), np.float64(1.9909385184558114e-11), np.float64(2.2259954522478086e-11), np.float64(1.300169497351439e-11), np.float64(1.1850707163424616e-11), np.float64(2.2261660409804828e-11), np.float64(2.2261788239496634e-11), np.float64(1.1474074490733604e-11), np.float64(1.3122864472595605e-11), np.float64(2.2955232782562117e-11), np.float64(1.1931150783376122e-11), np.float64(2.1892568615955753e-11), np.float64(2.1520362238101515e-11), np.float64(1.7419585826247904e-11), np.float64(2.006438230337271e-11), np.float64(1.9201209508666642e-11), np.float64(2.294649511552035e-11), np.float64(1.3120568464519323e-11), np.float64(1.175216981302819e-11), np.float64(2.6001312173760334e-11), np.float64(1.1490726170559404e-11), np.float64(1.3109173482296154e-11), np.float64(1.180840634862588e-11), np.float64(1.5287208333374257e-11), np.float64(2.285028169283646e-11), np.float64(1.3120244318192738e-11), np.float64(1.4320085137767811e-11), np.float64(1.312082907201362e-11), np.float64(1.9713307020263235e-11), np.float64(2.0198214901628265e-11), np.float64(1.1473395495322853e-11), np.float64(2.31012752068849e-11), np.float64(2.1894150796166974e-11), np.float64(1.3107305669175077e-11), np.float64(2.309364892651633e-11), np.float64(2.2113626183124748e-11), np.float64(2.21171234449292e-11), np.float64(2.1464536095544848e-11), np.float64(2.1519699513147872e-11), np.float64(1.741992228879194e-11), np.float64(2.2259971107052366e-11), np.float64(1.7635265455263475e-11), np.float64(2.225504408890792e-11), np.float64(2.172678945192616e-11), np.float64(1.0578365738010228e-11), np.float64(2.189817570842814e-11), np.float64(2.2256499062462183e-11), np.float64(2.189947096659156e-11), np.float64(2.2263592612429812e-11), np.float64(2.2261042078616576e-11), np.float64(1.7638272689163758e-11), np.float64(1.5043983049409068e-11), np.float64(1.1809266627364837e-11), np.float64(2.190013248638662e-11), np.float64(2.2449765824056262e-11), np.float64(2.2880792540599176e-11), np.float64(2.059058709126183e-11), np.float64(2.1161562126150925e-11), np.float64(1.613823068322257e-11), np.float64(2.400289682964741e-11), np.float64(1.1751762385091379e-11), np.float64(3.061158812338154e-11), np.float64(2.3514339541480932e-11), np.float64(1.3063683565247971e-11), np.float64(1.1851611618410038e-11), np.float64(2.1895031577729052e-11), np.float64(2.2267169664757614e-11), np.float64(2.2256409588605688e-11), np.float64(1.1894707642612001e-11), np.float64(2.3096157729499207e-11), np.float64(1.937673691558881e-11), np.float64(1.8821973641395787e-11), np.float64(2.245322933091195e-11), np.float64(2.422009576662369e-11), np.float64(2.152482040408946e-11), np.float64(1.5246228356032458e-11), np.float64(2.288831668808792e-11), np.float64(2.3866399061368054e-11), np.float64(1.5045076353160158e-11), np.float64(1.147412733287295e-11), np.float64(2.1523883790780952e-11), np.float64(2.3507002086028835e-11), np.float64(2.2447407857841655e-11), np.float64(1.7687710053203293e-11), np.float64(2.2446240060854842e-11), np.float64(1.161982750432444e-11), np.float64(1.1932620267876273e-11), np.float64(2.1465809921207795e-11), np.float64(1.915885123395504e-11), np.float64(1.300050340238946e-11), np.float64(1.91590758800964e-11), np.float64(2.2844292632238322e-11), np.float64(1.9155655989642223e-11), np.float64(2.1899357332795243e-11), np.float64(2.226018998628019e-11), np.float64(1.2998372007665408e-11), np.float64(2.646345650426767e-11), np.float64(2.189875708182281e-11), np.float64(1.3108479589712943e-11), np.float64(2.2454583772341494e-11), np.float64(1.1932253460786304e-11), np.float64(1.299832502101069e-11), np.float64(2.2954822504046126e-11), np.float64(2.4004951911458196e-11), np.float64(2.197015412452313e-11), np.float64(2.4816271003061306e-11), np.float64(1.5768648102384548e-11), np.float64(2.3616289830660902e-11), np.float64(1.5252082203040805e-11), np.float64(1.7636922809683378e-11), np.float64(2.2845725764855366e-11), np.float64(1.1852237412841238e-11), np.float64(1.763736999314581e-11), np.float64(2.225188059372804e-11), np.float64(1.1725838537805569e-11), np.float64(2.2254952919041682e-11), np.float64(1.761645341752797e-11), np.float64(1.1860346202407864e-11), np.float64(2.1470550261907123e-11), np.float64(1.1355768251049461e-11), np.float64(2.0066081434567562e-11), np.float64(1.1811631957806944e-11), np.float64(2.2886497842718275e-11), np.float64(1.9909352108141725e-11), np.float64(1.4935780972115224e-11), np.float64(2.2254989658996805e-11), np.float64(1.122312878992156e-11), np.float64(2.189623258536786e-11), np.float64(2.1526185295003468e-11), np.float64(2.190065362241911e-11), np.float64(2.0059685492555506e-11), np.float64(1.147483894704584e-11), np.float64(1.5042601615830466e-11), np.float64(2.245480161039776e-11), np.float64(1.2997248505240037e-11), np.float64(1.1476405819074278e-11), np.float64(2.16739648421699e-11), np.float64(2.2255715703711577e-11), np.float64(2.288462316017547e-11), np.float64(2.2441169541984917e-11), np.float64(2.1532672321545028e-11), np.float64(2.1897692094369555e-11), np.float64(2.166429112956884e-11), np.float64(2.2883957716630224e-11), np.float64(1.1751359681543846e-11), np.float64(1.5288821311458847e-11), np.float64(1.2998163543580038e-11), np.float64(2.1520349982152152e-11), np.float64(2.116422196208821e-11), np.float64(2.2890618365159204e-11), np.float64(1.3488673095618726e-11), np.float64(2.3516454471229096e-11), np.float64(1.3447299481430176e-11), np.float64(1.7634842674175333e-11), np.float64(2.3506033515017906e-11), np.float64(1.1474239136281285e-11), np.float64(2.288423918887423e-11), np.float64(1.5041596781436304e-11), np.float64(2.2454307200027984e-11), np.float64(2.05963540580977e-11), np.float64(2.1530127644639443e-11), np.float64(2.4217805899412635e-11), np.float64(2.350266280061174e-11), np.float64(2.2254743766075112e-11), np.float64(2.1525982245473934e-11), np.float64(2.1662283835297874e-11), np.float64(2.1894979697765165e-11), np.float64(1.7612838700174514e-11), np.float64(1.50425691021058e-11), np.float64(1.1862503001384691e-11), np.float64(2.6220987554277345e-11), np.float64(2.1524180651430604e-11), np.float64(2.224966288986974e-11), np.float64(2.2260707230190813e-11), np.float64(1.7636742479881694e-11), np.float64(2.2256924227545794e-11), np.float64(2.289093169620432e-11), np.float64(1.2999089645775805e-11), np.float64(1.915880156161611e-11), np.float64(2.3093503122106377e-11), np.float64(2.2118084228942794e-11), np.float64(2.288324260227123e-11), np.float64(2.3363186171261214e-11), np.float64(1.1932019291862784e-11), np.float64(1.9907799481675476e-11), np.float64(1.1222370828790161e-11), np.float64(3.230571253503613e-11), np.float64(2.288560870308605e-11), np.float64(2.621191615111756e-11), np.float64(1.3108848945199049e-11), np.float64(1.88174409012092e-11), np.float64(1.991461894602657e-11), np.float64(2.1727037386059885e-11), np.float64(2.244721457938579e-11), np.float64(2.287777627352658e-11), np.float64(2.189422517393828e-11), np.float64(2.2258336841031837e-11), np.float64(2.2258737161547767e-11), np.float64(1.023619803730419e-11), np.float64(1.881778811915718e-11), np.float64(1.9913849581162714e-11), np.float64(1.9913267459193253e-11), np.float64(2.225452421904564e-11), np.float64(1.5251733370863433e-11), np.float64(2.1664471301616074e-11), np.float64(1.761271487363705e-11), np.float64(2.244467993816241e-11), np.float64(1.8083382136127305e-11), np.float64(2.1661548836063648e-11), np.float64(1.1473318528700939e-11), np.float64(2.24485286486762e-11), np.float64(1.5773108532468108e-11), np.float64(2.1464640158335684e-11), np.float64(2.3616993069767296e-11), np.float64(1.9915752940227607e-11), np.float64(2.230699819321238e-11), np.float64(1.3067159775862115e-11), np.float64(1.1931736516850296e-11), np.float64(2.0063668715040306e-11), np.float64(1.2999827309809473e-11), np.float64(2.1466200957698428e-11), np.float64(2.190028410846105e-11), np.float64(2.116240630451734e-11), np.float64(2.284023794971887e-11), np.float64(1.8822324613690243e-11), np.float64(1.1894690319137854e-11), np.float64(2.3507265394702687e-11), np.float64(2.2256653585008828e-11), np.float64(1.4965851639665828e-11), np.float64(1.7634149332275575e-11), np.float64(2.1902228169971777e-11), np.float64(1.43242304662456e-11), np.float64(2.2443759633281487e-11), np.float64(1.3000323035058996e-11), np.float64(1.1852127999881684e-11), np.float64(2.4821287993669317e-11), np.float64(1.465007644237081e-11), np.float64(2.3618465069891008e-11), np.float64(1.7426193165982958e-11), np.float64(2.2952006490922443e-11), np.float64(1.9373217978656087e-11), np.float64(1.3109409145819303e-11), np.float64(1.1221701017888571e-11), np.float64(1.1860962829727319e-11), np.float64(2.1893805264391103e-11), np.float64(2.1894317702341076e-11), np.float64(2.0597889849852374e-11), np.float64(1.1354238900805487e-11), np.float64(2.2113251985722764e-11), np.float64(2.1523241122865124e-11), np.float64(2.62220090120358e-11), np.float64(2.244416829671144e-11), np.float64(3.655698222450866e-11), np.float64(2.1159468516682874e-11), np.float64(2.2255878578278484e-11), np.float64(1.1475675560077275e-11), np.float64(1.3121672220211764e-11), np.float64(2.0065444455790623e-11), np.float64(1.1852219222693184e-11), np.float64(2.3505226472520687e-11), np.float64(2.1901574534685933e-11), np.float64(2.244790759096165e-11), np.float64(1.3121267418983703e-11), np.float64(2.2882732532163406e-11), np.float64(1.6326687917906668e-11), np.float64(2.28437237580053e-11), np.float64(2.2259320936955995e-11), np.float64(2.2843207992203386e-11), np.float64(2.2260808083570707e-11), np.float64(1.3063625599777584e-11), np.float64(1.1445882220022554e-11), np.float64(2.1896008389162715e-11), np.float64(1.808479128787066e-11), np.float64(1.235522131493016e-11), np.float64(2.624183017865534e-11), np.float64(1.348837060329757e-11), np.float64(2.386101658983775e-11), np.float64(2.1527701223161484e-11), np.float64(1.3488863619176688e-11), np.float64(1.716545641831365e-11), np.float64(2.0069040607398846e-11), np.float64(1.3108590529947565e-11), np.float64(1.0235389732466965e-11), np.float64(1.1475698525282569e-11), np.float64(2.294936333106575e-11), np.float64(2.1897390124128948e-11), np.float64(2.289058562523993e-11), np.float64(2.2447249527195552e-11), np.float64(2.2885636189888556e-11), np.float64(2.2840581305743466e-11), np.float64(2.2266950713757418e-11), np.float64(2.2960715332164068e-11), np.float64(2.211738427239026e-11), np.float64(1.1475261685402594e-11), np.float64(2.1901122142445883e-11), np.float64(1.881701727499025e-11), np.float64(1.3001516524869539e-11), np.float64(1.1860286428151041e-11), np.float64(2.0058976825780454e-11), np.float64(2.1164775839010434e-11), np.float64(2.2448261851485413e-11), np.float64(2.2254549812007028e-11), np.float64(1.5044412961664665e-11), np.float64(1.1850230299744946e-11), np.float64(4.334197887394442e-11), np.float64(1.7636605044269994e-11), np.float64(2.1897059181678297e-11), np.float64(1.0576186548022282e-11), np.float64(2.006950201000073e-11), np.float64(2.2446805722545737e-11), np.float64(2.2878254116763477e-11), np.float64(2.5996734687131535e-11), np.float64(1.3123560793061702e-11), np.float64(2.849096195212385e-11), np.float64(2.362356439582907e-11), np.float64(2.245023700416864e-11), np.float64(1.1931475816503773e-11), np.float64(2.189668115205803e-11), np.float64(2.2882807894215473e-11), np.float64(1.7635937950466994e-11), np.float64(1.3757868947762004e-11), np.float64(2.1526088093083118e-11), np.float64(1.1850393840949905e-11), np.float64(2.2889160254748756e-11), np.float64(2.358743856255685e-11), np.float64(2.1460641440914177e-11), np.float64(1.0569543001416303e-11), np.float64(1.576821174487482e-11), np.float64(2.2951558084976135e-11), np.float64(1.3120950119301393e-11), np.float64(1.1751320828192603e-11), np.float64(2.146358761867156e-11), np.float64(2.2449150790504433e-11), np.float64(1.5289498666481156e-11), np.float64(1.504266589513612e-11), np.float64(1.1444980644571597e-11), np.float64(1.3951702558092143e-11), np.float64(1.9163326913436883e-11), np.float64(1.3189049706893388e-11), np.float64(2.037982776835966e-11), np.float64(2.1898441112947194e-11), np.float64(2.3616542170370428e-11), np.float64(2.2449059356086743e-11), np.float64(2.1899484929661062e-11), np.float64(2.2443495508120866e-11), np.float64(2.2258508410294238e-11), np.float64(1.496525572728979e-11), np.float64(1.3759878132782103e-11), np.float64(2.1897408532836812e-11), np.float64(1.8821362245147673e-11), np.float64(1.0236377904986217e-11), np.float64(1.0568237236743077e-11), np.float64(1.4029168431820617e-11), np.float64(2.225808422844025e-11), np.float64(2.2892027120473717e-11), np.float64(2.361744243716812e-11), np.float64(2.4007527175592372e-11), np.float64(2.2449762637703712e-11), np.float64(2.110050801299396e-11), np.float64(1.528763839172302e-11), np.float64(2.2258400888510785e-11), np.float64(1.0984137188823367e-11), np.float64(1.0235763644674851e-11), np.float64(1.324942850570419e-11), np.float64(2.146483665873077e-11), np.float64(2.1895089187353522e-11), np.float64(1.0853990605356608e-11), np.float64(2.245195452694275e-11), np.float64(1.0984049152671165e-11), np.float64(1.057937994444476e-11), np.float64(1.915422701103588e-11), np.float64(2.1895529143768783e-11), np.float64(2.1890578845394964e-11), np.float64(2.2260996696921146e-11), np.float64(2.1523870560797363e-11), np.float64(1.5249633903203368e-11), np.float64(2.2254307796281403e-11), np.float64(1.181068315521195e-11), np.float64(2.2948321143617394e-11), np.float64(2.15242533492695e-11), np.float64(1.1620741162042096e-11), np.float64(2.1524886580935378e-11), np.float64(1.300066454609011e-11), np.float64(2.059701015028738e-11), np.float64(2.230462441444636e-11), np.float64(2.2839769395949653e-11), np.float64(1.1473138461631587e-11), np.float64(1.970463336674563e-11), np.float64(2.116446044611763e-11), np.float64(1.193217748732686e-11), np.float64(1.1473831797921145e-11), np.float64(2.399821376320339e-11), np.float64(2.22631118202727e-11), np.float64(1.3109901266964148e-11), np.float64(2.2450887509458622e-11), np.float64(1.3120669718768673e-11), np.float64(2.2846363661235536e-11), np.float64(2.226840599113559e-11), np.float64(2.059114503736059e-11), np.float64(1.2261324530194943e-11), np.float64(1.1933096316778612e-11), np.float64(1.5769064570489272e-11), np.float64(1.1931803096541994e-11), np.float64(1.2999021947600735e-11), np.float64(2.1898598652410014e-11), np.float64(2.1665344950731112e-11), np.float64(1.3107822961686413e-11), np.float64(2.244541200198883e-11), np.float64(2.1524484025701313e-11), np.float64(2.152417617732841e-11), np.float64(2.1722882346619887e-11), np.float64(1.122319004668345e-11), np.float64(1.7637243627376048e-11), np.float64(1.1223917213531903e-11), np.float64(2.190121436785152e-11), np.float64(2.2889410875650546e-11), np.float64(1.3449650936503288e-11), np.float64(1.3214107735880878e-11), np.float64(1.7639099971675708e-11), np.float64(2.152319589210094e-11), np.float64(2.3861302670823315e-11), np.float64(2.3096310932885634e-11), np.float64(2.1462620263875517e-11), np.float64(1.7635333242583036e-11), np.float64(1.30650905310083e-11), np.float64(2.6457064444951117e-11), np.float64(2.152568597284063e-11), np.float64(2.3092123644080687e-11), np.float64(2.2256786267204317e-11), np.float64(2.2454355995474732e-11), np.float64(1.1932573971647127e-11)]]"
9,100000,4,2.448226228670549e-07,2.098941469192505,6.100030322616386e-15,11.2,True,2.0418921906095364,"[[np.float64(131.62159249361187), np.float64(67.78717879154391), np.float64(47.67377736981927), np.float64(17.964790251099007), np.float64(3.6278988493632878), np.float64(0.5782881958414742), np.float64(0.11707962925615596), np.float64(0.008025502249089067), np.float64(3.9182247255226776e-05)], [np.float64(127.32754525888862), np.float64(67.3922530871008), np.float64(12.938169611783879), np.float64(41.13953033380123), np.float64(14.064689734429864), np.float64(2.5110512093522646), np.float64(0.7290240690420496), np.float64(0.3264685442193388), np.float64(0.09328183641143818), np.float64(0.00861835505660804), np.float64(7.136553871422487e-05)], [np.float64(130.02891350808218), np.float64(67.61305700665976), np.float64(19.761946990709134), np.float64(37.653979662550285), np.float64(12.214378020632164), np.float64(2.420833427623126), np.float64(1.0625081778600316), np.float64(0.6190885445975968), np.float64(0.29854042699133915), np.float64(0.08525102830047485), np.float64(0.007154833949512518), np.float64(4.813353666757449e-05)], [np.float64(128.92668630367515), np.float64(67.62077904825011), np.float64(48.0438288308374), np.float64(17.918673826869203), np.float64(4.011348448074116), np.float64(1.4354316240865894), np.float64(0.7976996139750294), np.float64(0.4076068994813359), np.float64(0.1456716642549274), np.float64(0.02047433475829631), np.float64(0.00039700024802220656)], [np.float64(130.43374140303516), np.float64(67.71879330624316), np.float64(31.051408553494635), np.float64(30.738980324671072), np.float64(8.871535335452284), np.float64(2.1840188061532935), np.float64(1.2298867179518276), np.float64(0.747890880826099), np.float64(0.3962861695386803), np.float64(0.14423992629921348), np.float64(0.02074549879959817), np.float64(0.00041736776463613623), np.float64(8.266491859930739e-08)]]"
10,100000,8,12450.62075489211,147.891583776474,872501.4171821612,1000.0,False,-0.4591761035978566,"[[np.float64(0.004833677893250508), np.float64(1.9995352492867342), np.float64(1.6732066571700719), np.float64(1.87493968887398), np.float64(0.006062273231242847), np.float64(0.007133880428088356), np.float64(0.004836182402114645), np.float64(0.004750657886714827), np.float64(2.0646549574418365), np.float64(0.004443799209377556), np.float64(0.00489018809026793), np.float64(0.0038446936387674983), np.float64(0.007510645225241588), np.float64(0.007518181376281944), np.float64(1.298736450958362), np.float64(0.00658560098887849), np.float64(0.006338948840360416), np.float64(0.00396515439911111), np.float64(0.00555147229868624), np.float64(0.0055737547274385705), np.float64(1.7597369418334923), np.float64(1.3248935712969643), np.float64(0.007068555194764957), np.float64(0.00516953709654204), np.float64(1.2069348487115434), np.float64(0.007380281442608689), np.float64(0.005153278703053893), np.float64(0.007203207156294923), np.float64(0.007093114998086657), np.float64(1.8223645886854156), np.float64(0.005824548695847889), np.float64(1.2546062017955262), np.float64(0.004704176776210936), np.float64(0.0059372514036857595), np.float64(1.7551300989759764), np.float64(0.006629893467328218), np.float64(0.006956762274571968), np.float64(0.005445123009346006), np.float64(0.007712362468068496), np.float64(0.006911571721688342), np.float64(1.6325946479883613), np.float64(0.006520877804615141), np.float64(0.0063747658542510225), np.float64(0.0049578531393531826), np.float64(0.006557998990954619), np.float64(0.004795181397385763), np.float64(1.527609876535091), np.float64(0.005163716599850253), np.float64(1.4976431070198624), np.float64(0.004789867770480254), np.float64(0.007125412557711211), np.float64(0.0055962548719496975), np.float64(0.006177403008788816), np.float64(0.005400897245810573), np.float64(0.005517234140566777), np.float64(0.0043784596827671895), np.float64(0.005917508334442347), np.float64(0.010386913917045857), np.float64(2.143484800063834), np.float64(0.00755726936052409), np.float64(1.481311868895052), np.float64(0.006592966137277831), np.float64(0.006887873511668644), np.float64(0.008072909622813366), np.float64(0.00443301681389193), np.float64(1.3424316820340674), np.float64(0.006621120836243184), np.float64(0.006975111490107171), np.float64(0.006489391240220234), np.float64(0.0068861159780655495), np.float64(0.006147663603922537), np.float64(1.1433571524990078), np.float64(0.00791773441842657), np.float64(0.008692880027428882), np.float64(0.006181653963332524), np.float64(0.00529841634717735), np.float64(0.00796431811058302), np.float64(0.004982526233561685), np.float64(0.00821328414688576), np.float64(0.005884318520529036), np.float64(0.0053119632381018606), np.float64(0.006587656605137754), np.float64(0.008657219397676259), np.float64(2.2098421228475447), np.float64(1.7873467720513012), np.float64(0.008642004290184522), np.float64(0.005556523992645017), np.float64(1.6576767847490488), np.float64(2.224620326454055), np.float64(0.008632327563859775), np.float64(0.005237034472593688), np.float64(1.2840010840458307), np.float64(0.006904294950385373), np.float64(1.9954866874568946), np.float64(0.006752337484923522), np.float64(0.005870352246414374), np.float64(1.195906290985064), np.float64(0.005996500196601306), np.float64(0.005459947697286642), np.float64(1.7605936886013556), np.float64(0.006928845160096874), np.float64(0.006107130142244371), np.float64(0.0066983758861059355), np.float64(0.006233852289774604), np.float64(0.006197048551452116), np.float64(0.006261836134171462), np.float64(0.006431306019327612), np.float64(0.009516381092366773), np.float64(0.008134281483996718), np.float64(0.0066944465220858925), np.float64(0.00587494789786489), np.float64(0.009907418268338596), np.float64(0.008523311362761413), np.float64(0.007146116781206973), np.float64(0.010732155996484817), np.float64(1.7853107591247), np.float64(0.0062473683082382445), np.float64(0.006502947821630607), np.float64(0.006217069165268525), np.float64(0.008370767182563552), np.float64(0.005478898429097382), np.float64(0.012250942722259281), np.float64(0.005394756835835519), np.float64(0.008151981114047094), np.float64(0.007011853505935582), np.float64(0.009318610346448106), np.float64(0.004774422799908836), np.float64(0.005684631798263479), np.float64(0.007024488354947928), np.float64(0.005483857750838094), np.float64(0.004739215137500404), np.float64(0.00589474131081665), np.float64(0.006340889592754839), np.float64(0.009161845707944101), np.float64(0.0077162498601025375), np.float64(0.006454651977554884), np.float64(0.010380458474890199), np.float64(0.005634898135230201), np.float64(1.8929324357232982), np.float64(1.6452695659094625), np.float64(0.00695977316497779), np.float64(1.5315871665906542), np.float64(0.011111746524944335), np.float64(0.007436803266351763), np.float64(0.006973150315805041), np.float64(1.434898827648218), np.float64(0.005914133456090175), np.float64(0.009045570881683817), np.float64(0.011099050672449855), np.float64(0.012037972774155584), np.float64(0.011046424957007778), np.float64(0.004147102883942613), np.float64(0.007232556920300273), np.float64(0.007124476316403105), np.float64(0.009841200329602088), np.float64(0.004745734186371018), np.float64(1.3240959224750295), np.float64(0.007057598266256161), np.float64(0.006380182484941618), np.float64(0.009812535352380494), np.float64(1.3819286461759326), np.float64(0.01223134720391144), np.float64(0.007451271523530575), np.float64(0.00662638673706874), np.float64(0.0036622270427813896), np.float64(0.007084387902123531), np.float64(1.4578259683427042), np.float64(1.4424623718411695), np.float64(0.006183840423956034), np.float64(0.009028633329796941), np.float64(1.7948553670915788), np.float64(0.012673244945458862), np.float64(0.010809179676897306), np.float64(0.00648298659174152), np.float64(1.9160497478499086), np.float64(0.007227086130563421), np.float64(0.006953196554047283), np.float64(0.007570084363317634), np.float64(0.00621129795439225), np.float64(0.006109574640003163), np.float64(0.012787751011379868), np.float64(1.356744341801901), np.float64(1.3783718954870692), np.float64(0.007744516417765874), np.float64(0.006250369675279277), np.float64(0.006790472767997582), np.float64(1.2683660883269392), np.float64(1.5507797672410426), np.float64(1.1987878293018568), np.float64(0.008084280712320167), np.float64(1.851770227231242), np.float64(0.006315303936110085), np.float64(0.005643062052649608), np.float64(1.7219438786806858), np.float64(1.6546544292491572), np.float64(0.007946512505434463), np.float64(0.006393450325329113), np.float64(2.1470275330837136), np.float64(0.004870234690773046), np.float64(0.004036094579843062), np.float64(0.006061896306313152), np.float64(0.007763176219701287), np.float64(0.006823191072350849), np.float64(0.004864278425445168), np.float64(0.006553542709176154), np.float64(1.325171530554324), np.float64(1.8473088688119457), np.float64(0.007011575131594619), np.float64(1.1999149442556005), np.float64(2.0688698147724023), np.float64(0.006627621408941658), np.float64(1.70454523656726), np.float64(0.00671504620373955), np.float64(1.601471917713819), np.float64(1.3613511043509974), np.float64(1.837575869208609), np.float64(0.008705496492748545), np.float64(0.008400781172038123), np.float64(1.440380860934093), np.float64(0.005654485549979589), np.float64(0.00941623458757577), np.float64(0.006279734163298864), np.float64(0.007257953084059416), np.float64(0.008535104168886976), np.float64(0.007663519400317531), np.float64(1.1508075472902601), np.float64(0.007265913576089559), np.float64(0.005984817551229147), np.float64(0.007304387172597297), np.float64(1.1141298727203532), np.float64(0.009306360216456507), np.float64(0.009784385873257527), np.float64(0.007434760582383052), np.float64(0.006421509378139928), np.float64(0.00817301984762453), np.float64(0.00972393238971006), np.float64(0.007228413448086517), np.float64(0.008699587571902421), np.float64(0.007298600352317911), np.float64(0.00954104514471232), np.float64(1.4596738006247183), np.float64(0.00834135549950346), np.float64(0.007383549149693478), np.float64(0.0074843190613313034), np.float64(0.005838297812947491), np.float64(0.011952084383107138), np.float64(0.008515371638479242), np.float64(0.008296662959319915), np.float64(0.007413663806916536), np.float64(0.008635931760851059), np.float64(0.004022294965641459), np.float64(1.2916208995107663), np.float64(0.0073015715062425025), np.float64(1.1006114200261217), np.float64(1.1721750138306173), np.float64(0.012960664799113437), np.float64(0.007002361847039303), np.float64(0.004772125474492621), np.float64(0.007568250276119678), np.float64(0.007946747238682994), np.float64(0.007983112162626382), np.float64(0.006747163797206418), np.float64(1.6307773217214476), np.float64(0.00646042005039789), np.float64(0.005346534371195379), np.float64(1.5078574481271145), np.float64(0.008210948399234665), np.float64(0.005643043603638657), np.float64(1.7963635557155215), np.float64(0.0073021150600460156), np.float64(0.008025178743698543), np.float64(0.9704832164447169), np.float64(0.008202639560940169), np.float64(0.008820424189506192), np.float64(1.2528457354709823), np.float64(0.011564502736989526), np.float64(0.01033050588242634), np.float64(0.008640613798644212), np.float64(0.005250814432094035), np.float64(0.005874670434887553), np.float64(0.0067819407857998715), np.float64(1.6527851753052), np.float64(0.008895153947051967), np.float64(0.008625547348106761), np.float64(0.005403487654821878), np.float64(0.005401535105716316), np.float64(1.5024589594056763), np.float64(0.005716770094392758), np.float64(0.008137630716804865), np.float64(0.009217118976764357), np.float64(0.012188192062696893), np.float64(0.00815127376884591), np.float64(0.007228739398565409), np.float64(0.00783241453430556), np.float64(0.006263817001982659), np.float64(0.0062906824301937605), np.float64(0.006339024380524993), np.float64(0.00743405647660836), np.float64(0.005648429693815793), np.float64(0.007327108320852361), np.float64(0.0063478017139904416), np.float64(0.008562689619838144), np.float64(0.007402775471524564), np.float64(1.5412271313981476), np.float64(1.3561696167473782), np.float64(0.008721738624311621), np.float64(0.006935685349247659), np.float64(0.008667932956812622), np.float64(0.006487984800288946), np.float64(0.008695536344671588), np.float64(0.007162146689231102), np.float64(0.005770225239171515), np.float64(0.005929537674286621), np.float64(0.007757575653382986), np.float64(0.004591308921865384), np.float64(0.007141286479659492), np.float64(0.007106058293903388), np.float64(0.004956379554594737), np.float64(0.006743344972870182), np.float64(0.006736034510232851), np.float64(0.0052677665271057975), np.float64(0.0035482933431272958), np.float64(1.5120686731818225), np.float64(1.309725356026462), np.float64(0.0037789403676456975), np.float64(0.0076340620891928055), np.float64(0.00638928787316518), np.float64(0.007075139081216994), np.float64(0.005633928782820214), np.float64(0.009490300649657456), np.float64(1.3056784243067903), np.float64(1.2406866339621112), np.float64(1.5624040146761162), np.float64(1.353671826717601), np.float64(1.1812405652192948), np.float64(0.009354669376752445), np.float64(0.006296967245789439), np.float64(0.006990199157976511), np.float64(0.0088076658868275), np.float64(0.007909195971727276), np.float64(0.007360736572905997), np.float64(1.7488635567764363), np.float64(0.009309161813358604), np.float64(0.008736087999919576), np.float64(1.4494514271359298), np.float64(0.006724361929694597), np.float64(0.00935512531699013), np.float64(1.3434518533928648), np.float64(0.008684571251751533), np.float64(0.007154195136033531), np.float64(0.008066970071643574), np.float64(0.0064856789603766635), np.float64(0.0062318104019093825), np.float64(0.006272803065223438), np.float64(0.006244389955452394), np.float64(0.005551609158519102), np.float64(0.009453723705729757), np.float64(1.464415348003343), np.float64(0.00462034227435753), np.float64(1.2404559988702348), np.float64(0.009192466785710958), np.float64(0.008896398901781934), np.float64(0.009746191435013835), np.float64(0.005833301969442723), np.float64(1.079960342788187), np.float64(0.005872511414262679), np.float64(0.011820098761981493), np.float64(1.441877147410886), np.float64(0.011546458424611468), np.float64(0.007559116012222828), np.float64(1.324555429317695), np.float64(0.008909562846545142), np.float64(1.9382718236668741), np.float64(1.4293225294884209), np.float64(0.009644855693550808), np.float64(1.3686098926699448), np.float64(0.009480709188377482), np.float64(1.3130481318474054), np.float64(0.008621880981903819), np.float64(1.268713129723309), np.float64(0.005603136542235121), np.float64(0.006140716581048029), np.float64(1.4450051880910242), np.float64(0.00807286892097343), np.float64(0.008001583621453036), np.float64(0.008775652928886636), np.float64(0.008553279978038005), np.float64(1.5899685014070295), np.float64(0.006727265774132847), np.float64(0.006783385081886494), np.float64(0.01073578461911905), np.float64(0.009168319433433044), np.float64(2.0777560738980574), np.float64(0.00962691001527823), np.float64(0.009645052917846274), np.float64(0.008858753023911656), np.float64(0.006892126545661782), np.float64(0.01008529917738185), np.float64(0.006902285891638317), np.float64(1.4141297605495657), np.float64(0.010280017340704977), np.float64(0.007026559609138005), np.float64(0.003938447228005955), np.float64(0.00814970150478806), np.float64(0.007084217123288691), np.float64(0.005140831913571704), np.float64(0.006089064587377884), np.float64(0.008635192012012974), np.float64(0.007093041493036272), np.float64(0.007289321654439546), np.float64(1.3525454087689108), np.float64(1.3705832202830974), np.float64(0.004266544839919729), np.float64(1.5270458178290587), np.float64(0.007515223781065274), np.float64(0.01015137386575637), np.float64(0.009064298093386363), np.float64(0.009819652549445381), np.float64(0.008454734839360361), np.float64(1.303223248899166), np.float64(0.009662221020595758), np.float64(1.5447597897382004), np.float64(0.010475642406457764), np.float64(0.007358279209963132), np.float64(0.010500918777681051), np.float64(0.007487430822217101), np.float64(1.6322631399779888), np.float64(0.009560120703396171), np.float64(0.006260059166293386), np.float64(0.01239663679208793), np.float64(0.011171015841513325), np.float64(0.005811290523722155), np.float64(0.01078203215256586), np.float64(0.004100067652717509), np.float64(0.005926972848299392), np.float64(0.007281251541099462), np.float64(1.2565176942435157), np.float64(0.005033284010556895), np.float64(0.009851002974197985), np.float64(0.00957511055039833), np.float64(1.6219098361052118), np.float64(0.00641991413960237), np.float64(0.004476055504182628), np.float64(1.8489366295036742), np.float64(1.4044489819806407), np.float64(0.00676327313506996), np.float64(2.253371355589636), np.float64(0.005363429250261914), np.float64(0.003261564946674425), np.float64(0.008654502882982034), np.float64(0.006226034072835865), np.float64(1.576607519661478), np.float64(0.007145880564795773), np.float64(0.00891696975662818), np.float64(0.006313223794694994), np.float64(1.2999600273115581), np.float64(0.0068468644837673545), np.float64(0.009117457816564707), np.float64(0.01197670970312244), np.float64(0.008354564434271905), np.float64(0.0031496171970304), np.float64(1.0146197216634696), np.float64(0.010880858877950522), np.float64(1.2915729775154499), np.float64(0.006492793281284547), np.float64(0.007273710064299484), np.float64(0.004837952157742137), np.float64(0.008672168561970298), np.float64(0.0037075563790095055), np.float64(0.011748708883280227), np.float64(0.008780885614221247), np.float64(0.01659802018831001), np.float64(1.3622508513268001), np.float64(0.0051115938773724804), np.float64(0.010389996684452358), np.float64(0.00640817059937465), np.float64(0.006825505516579096), np.float64(1.4665883361920258), np.float64(1.7368331055387962), np.float64(0.0064854834486629065), np.float64(0.011130327030417123), np.float64(0.010233255753883348), np.float64(0.00690986246848118), np.float64(0.007242665051729725), np.float64(0.005907139763907185), np.float64(0.008398662941989697), np.float64(0.010781373657086243), np.float64(0.005403438849380332), np.float64(0.005541009069876236), np.float64(0.01249846410383274), np.float64(1.8045910485172119), np.float64(1.7155809506476696), np.float64(1.419456468531036), np.float64(0.006798809060785564), np.float64(0.0055173553721720395), np.float64(0.006866366904786758), np.float64(1.0396353107618228), np.float64(0.007853320885263575), np.float64(0.014007776860186978), np.float64(0.006829449153961571), np.float64(0.00758868274497228), np.float64(0.007004384106850494), np.float64(0.006623516482810353), np.float64(0.007855332481774929), np.float64(0.010130759664359355), np.float64(0.008166151439598316), np.float64(0.00937767421004703), np.float64(0.006471965583065868), np.float64(0.006504028947210857), np.float64(0.009548582335084953), np.float64(2.151970512416908), np.float64(0.012387120188164385), np.float64(1.8670133924471508), np.float64(1.7279462228395417), np.float64(0.004525043717940569), np.float64(1.388465986482685), np.float64(0.007923002269876718), np.float64(0.005362535517863572), np.float64(0.006450374214192231), np.float64(0.007366416283769213), np.float64(0.011201601290828717), np.float64(0.010876681828479227), np.float64(1.8542606344866788), np.float64(0.00994628654543812), np.float64(0.007300614874316719), np.float64(0.01256383116176081), np.float64(0.012939025428769924), np.float64(0.0064865322522566484), np.float64(0.009540856641988943), np.float64(0.009047758190777348), np.float64(0.004368947353335808), np.float64(1.1034240346531161), np.float64(0.008044839263390157), np.float64(0.005783644302812695), np.float64(0.007596738449562405), np.float64(1.0924739417077085), np.float64(0.007145094338641808), np.float64(0.010856677021011209), np.float64(0.007285707851090131), np.float64(0.007924306887277039), np.float64(0.00802570070789023), np.float64(0.01369559212808567), np.float64(0.009064598219365037), np.float64(1.3949201334411099), np.float64(0.005006300355167141), np.float64(1.4073945905664915), np.float64(0.0077500932019713), np.float64(0.009697472800979939), np.float64(0.0033437363305858212), np.float64(1.7899738278758417), np.float64(0.012257390035756334), np.float64(0.007589448490269851), np.float64(0.007193561828385532), np.float64(0.008418824567537245), np.float64(0.008369228984581565), np.float64(0.0051170836500897985), np.float64(0.005431421616243713), np.float64(0.008044495199145761), np.float64(0.009585922264930382), np.float64(0.006148192973251327), np.float64(0.008525818071083543), np.float64(0.008429816590741563), np.float64(0.009678917368824001), np.float64(0.008139158595513677), np.float64(0.009950149327804875), np.float64(0.010801895776209193), np.float64(0.014851978688769859), np.float64(1.7081869397976812), np.float64(1.808180564487192), np.float64(1.0802208080374758), np.float64(0.0071072143450606065), np.float64(0.005937157137564616), np.float64(0.009839434198535153), np.float64(0.007578507218757384), np.float64(0.014486233501645563), np.float64(1.2566535596602293), np.float64(0.008595197883602941), np.float64(0.010130062084293663), np.float64(0.00860985978759786), np.float64(1.5136521545679342), np.float64(0.00926109645700192), np.float64(1.1237277924770281), np.float64(0.009156611266371807), np.float64(0.009869714507930671), np.float64(0.01409740174085799), np.float64(0.00886161700749848), np.float64(0.006735828668704895), np.float64(0.0071851752746233165), np.float64(1.162800046191675), np.float64(0.00838332428258869), np.float64(0.010941589771172086), np.float64(0.0139195682466594), np.float64(0.009540730639607784), np.float64(1.2444255296131517), np.float64(0.01667797046318931), np.float64(0.010450209998257366), np.float64(0.017687526767565753), np.float64(0.011809840780480354), np.float64(0.011951952307276963), np.float64(0.007985150923756965), np.float64(0.011041737213827498), np.float64(0.014646789256707676), np.float64(0.007369874651382269), np.float64(1.7253978106505434), np.float64(0.009918348610807391), np.float64(0.009006911626920694), np.float64(0.01178068197399556), np.float64(0.007847808320849222), np.float64(0.006204205487552801), np.float64(0.008606285092087414), np.float64(0.012538728156774875), np.float64(0.00630231203634591), np.float64(0.008257233486734626), np.float64(0.00820720122606316), np.float64(0.012378870587703237), np.float64(0.010460945974014375), np.float64(0.015524008725998219), np.float64(0.013581819969256557), np.float64(1.6982549194556098), np.float64(0.01088644082002544), np.float64(0.0034167130829326404), np.float64(0.006541412528764572), np.float64(0.012050830070651043), np.float64(0.009863941275955492), np.float64(0.010354639457638428), np.float64(1.063846097931148), np.float64(0.011132653971981767), np.float64(0.010188118498885202), np.float64(1.8438293661104885), np.float64(0.013505776218439638), np.float64(0.01200594235761621), np.float64(0.006690969170931357), np.float64(0.01821639679237909), np.float64(0.010157670763642853), np.float64(0.01429787270817105), np.float64(0.01588291530845044), np.float64(0.011378823784529448), np.float64(0.01456561820639011), np.float64(0.009408629148259852), np.float64(0.00834219145407242), np.float64(0.012038670941969785), np.float64(0.00922216257088909), np.float64(0.013402021337111528), np.float64(0.007543968148581935), np.float64(0.01652947417258414), np.float64(0.011833541165672642), np.float64(1.752279335714122), np.float64(0.0048518374223418675), np.float64(0.017910843835696227), np.float64(0.00659604047769743), np.float64(0.012046193281506853), np.float64(0.014894837653325927), np.float64(0.013406962649941236), np.float64(0.007328264340376109), np.float64(0.008827594690924747), np.float64(0.012058887564552458), np.float64(0.014129225601034126), np.float64(0.007706613339498107), np.float64(1.8236945836779663), np.float64(1.1441749435849586), np.float64(0.00864722539456879), np.float64(0.014953647090728373), np.float64(0.01271851273293736), np.float64(0.013875097009343607), np.float64(0.010934452942592505), np.float64(0.01184504517556583), np.float64(0.007818051967947194), np.float64(0.012069937268141063), np.float64(1.6165119786659827), np.float64(0.016590357413211153), np.float64(0.006473088621434092), np.float64(1.2528333965020821), np.float64(0.008169504814206556), np.float64(0.01494752277459357), np.float64(0.016007571788450376), np.float64(0.012632887856301355), np.float64(0.012683890056295666), np.float64(1.525525966775413), np.float64(0.007996644331759981), np.float64(0.011525821248613802), np.float64(0.013152592368171408), np.float64(0.012570697779798893), np.float64(1.6222163307781352), np.float64(0.013047873974005045), np.float64(0.009363312804237817), np.float64(0.010566794012677246), np.float64(0.0130326511938849), np.float64(0.017697077141762545), np.float64(0.012508934590621877), np.float64(0.01551096268153134), np.float64(0.020276271327259704), np.float64(1.0396874515061822), np.float64(0.013109355497488458), np.float64(0.013892937270364381), np.float64(0.014620491916912667), np.float64(0.01367412706457928), np.float64(0.00977368104376755), np.float64(0.014026747075624844), np.float64(0.00926572619051169), np.float64(0.01597188316650198), np.float64(0.015789812414444115), np.float64(0.012668174374589019), np.float64(0.014884656589455572), np.float64(0.019302626621948236), np.float64(0.01974643131266919), np.float64(0.016836699770026282), np.float64(0.012479741023605925), np.float64(0.0183769583657263), np.float64(0.01896526125093268), np.float64(0.01473305662366436), np.float64(0.007460305483020428), np.float64(0.012183980771222994), np.float64(0.011335423607095831), np.float64(0.014466210959086756), np.float64(0.013696958754972753), np.float64(0.013385810259783944), np.float64(0.004195501791780251), np.float64(0.010420004074710549), np.float64(0.009795488810654032), np.float64(0.009861971802300933), np.float64(0.01842126854228953), np.float64(0.01040811644826395), np.float64(0.014100058428321058), np.float64(0.014240383934397074), np.float64(0.016699199831112083), np.float64(0.011404990441145067), np.float64(0.013797340714645952), np.float64(0.008990521587836546), np.float64(0.01288734040786783), np.float64(0.008500829667191317), np.float64(0.022999728071020957), np.float64(0.010344611934018958), np.float64(0.015711123153300473), np.float64(0.009563009683905896), np.float64(0.008840174663247385), np.float64(0.00974977503249706), np.float64(0.019305438181285304), np.float64(0.008994167180120648), np.float64(1.6028037043864116), np.float64(0.024560951871160412), np.float64(0.0045736720924551815), np.float64(0.008402174167058187), np.float64(0.012087212535775861), np.float64(1.1400795255724443), np.float64(1.180752928450169), np.float64(0.018413358799998374), np.float64(0.014702824269312562), np.float64(0.02404409494026441), np.float64(0.014454182629542357), np.float64(0.023300045830801714), np.float64(0.01552932020730218), np.float64(0.015121684330840659), np.float64(0.01849671679035372), np.float64(0.017609596595473637), np.float64(0.012331327985573513), np.float64(0.015166797202366104), np.float64(0.012986982547474013), np.float64(0.01272124757142541), np.float64(0.015534063440478005), np.float64(0.021814753521822244), np.float64(0.01634640945967091), np.float64(0.015876785546406), np.float64(0.01830463639318881), np.float64(0.01849562153519926), np.float64(0.0142709690355569), np.float64(0.020338642139131478), np.float64(0.00812958478941171), np.float64(0.015645554206986927), np.float64(0.008762688119959455), np.float64(0.013358355954422182), np.float64(0.019603385706821762), np.float64(0.015412882047956187), np.float64(0.01816146948716765), np.float64(0.01869513052036809), np.float64(1.5563189248146994), np.float64(0.014597464362871803), np.float64(0.01900148766696802), np.float64(0.021745209554212493), np.float64(0.01511667196596966), np.float64(0.020162615309065067), np.float64(0.02168519944196029), np.float64(0.01912172553110872), np.float64(0.019225948221152592), np.float64(0.01945559899678783), np.float64(0.012271132174980796), np.float64(0.012362506362636708), np.float64(0.027778542870878914), np.float64(0.010111349940953198), np.float64(1.2645689955592585), np.float64(0.015043908614842528), np.float64(0.01974489740176856), np.float64(0.029644425820411862), np.float64(0.022108820152618572), np.float64(0.017231300040660414), np.float64(0.02621992163814282), np.float64(0.015332513015763403), np.float64(0.009622727046222327), np.float64(0.010693362486494452), np.float64(0.021763144808818666), np.float64(0.022528131046001487), np.float64(0.018801599931489974), np.float64(0.012249697781625471), np.float64(0.019520677726018006), np.float64(0.01922867119455302), np.float64(0.011812790531941484), np.float64(0.01708120696637877), np.float64(0.01702508333649225), np.float64(0.018275375987632667), np.float64(0.01589159670142906), np.float64(0.9492435892478531), np.float64(0.014409996476768003), np.float64(0.013838128097981075), np.float64(0.02495873608226502), np.float64(0.02305058785795799), np.float64(0.02493032785237732), np.float64(0.022077339837661806), np.float64(0.012846654704761349), np.float64(0.012939782379488843), np.float64(0.02818924889845165), np.float64(0.02390234330520999), np.float64(0.022378932616594967), np.float64(0.01564003919797603), np.float64(0.015768238995862847), np.float64(0.021079656905271103), np.float64(0.019459444985479708), np.float64(0.023081628643493887), np.float64(0.021333083835597948), np.float64(0.02179468789487514), np.float64(0.02488225861619466), np.float64(0.02345490542137413), np.float64(0.02599697217423164), np.float64(0.022198803702334926), np.float64(0.016917650861838295), np.float64(0.015200290908916171), np.float64(0.024668597950208114), np.float64(0.01571305235753838), np.float64(0.03604013531669469), np.float64(0.022306789072501075), np.float64(0.01620149180699057), np.float64(0.017032224722811604), np.float64(0.027799324294463523), np.float64(0.028571042076606885), np.float64(0.02179017741736687), np.float64(0.020061237004914186), np.float64(0.02393964277270739), np.float64(0.027892517199763493), np.float64(0.023202444119688848), np.float64(0.02750270300202208), np.float64(0.024484248001960352), np.float64(0.02319362678937816), np.float64(0.02957094800019063), np.float64(0.02565190797710977), np.float64(0.027155298635839556), np.float64(0.019760394468472425), np.float64(0.023496869554789065), np.float64(0.02711076932237099), np.float64(0.02070326589979556), np.float64(0.025892372236791937), np.float64(0.01967995159153545), np.float64(0.029132049318714385), np.float64(0.016921670400497253), np.float64(0.024798921942449512), np.float64(0.02006830115255674), np.float64(0.028627818556030346), np.float64(0.01792435798700518), np.float64(0.015276504530315795), np.float64(0.03298843888609352), np.float64(0.02770768562303853), np.float64(0.02263966937462544), np.float64(0.017590961878889), np.float64(0.018761174017286397), np.float64(0.028300102612956644), np.float64(0.01988607018511549), np.float64(0.017705661293711556), np.float64(0.02163497699494558), np.float64(0.027538895226699053), np.float64(0.029840128089215743), np.float64(0.026025977942840364), np.float64(0.030320954626392654), np.float64(0.02262677199049949), np.float64(1.240981058262232), np.float64(0.019270765652872182), np.float64(0.01460832867056282), np.float64(0.026172364979581045), np.float64(0.015988204657400206), np.float64(0.027304638612027053), np.float64(0.037697489452579676), np.float64(0.035574633402619946), np.float64(0.018946430135034012), np.float64(0.02362158827932582), np.float64(0.01749749909502068), np.float64(1.1794696048647835), np.float64(0.03497121740179481), np.float64(0.02996595690444456), np.float64(0.015861976556524538), np.float64(0.02060832521332229), np.float64(0.02914828551011256), np.float64(0.03475880149231786), np.float64(0.041644753322938606), np.float64(0.017092228861492434), np.float64(0.03155610855112789), np.float64(0.03242565761025656), np.float64(0.031917115894962066), np.float64(0.03371647842430755), np.float64(0.0323641792179027), np.float64(0.04271139829259897), np.float64(0.021070086871811458), np.float64(0.037687116820106364), np.float64(0.030607291224321306), np.float64(0.03738479833196023), np.float64(0.028507608363133024), np.float64(0.025123415167563726), np.float64(0.033759678614245135), np.float64(0.04609153323580189), np.float64(0.03536558728537233), np.float64(0.043869992068801475), np.float64(0.03130462364023171), np.float64(0.026335601069967754), np.float64(0.02209640545439956), np.float64(0.019096629438848954), np.float64(0.03669078416237484), np.float64(0.03680282480270807), np.float64(0.023233332862440708), np.float64(0.017323138440783037), np.float64(0.04010557163380567), np.float64(0.023744553841078514), np.float64(0.025914048739482554), np.float64(0.02406193847844163), np.float64(0.04313026814077838), np.float64(0.04403338310376033), np.float64(0.04130739900477298), np.float64(0.025063191721940034), np.float64(0.027130857651597264), np.float64(0.02070886973413496), np.float64(0.029753929664429097), np.float64(0.02932773401230667), np.float64(0.039262978532472265), np.float64(0.03501767880210885), np.float64(0.04258202762245872), np.float64(0.03785628206212626), np.float64(0.021700722467910553), np.float64(0.026969962044860678), np.float64(0.036087335492312446), np.float64(0.04986916544697571), np.float64(0.04102547480194147), np.float64(0.022767451636110037), np.float64(0.025674281979049744), np.float64(0.04818111369306543), np.float64(0.04142382909065567), np.float64(0.038094098676019435), np.float64(0.024044760463597638), np.float64(0.03590117231274772), np.float64(0.03954981017024779), np.float64(0.025693713847925074), np.float64(0.03430420615398617), np.float64(0.02881304445323917), np.float64(0.027505733243679144), np.float64(0.04098169632899912), np.float64(0.028365424506897167), np.float64(0.04225349392249963), np.float64(0.04215179861883726), np.float64(0.03954109048696429), np.float64(0.04292615803069352), np.float64(0.032294418296853915), np.float64(0.041964105055666064), np.float64(0.02362218579075198), np.float64(0.0407810721321066), np.float64(0.04771305518800792), np.float64(0.03982926137908803), np.float64(0.036512754074208884), np.float64(0.0332714151396285), np.float64(0.032701832664448705), np.float64(0.03664493612172945), np.float64(0.03560164798935313), np.float64(0.04280612630587703), np.float64(0.048369926443176794), np.float64(0.039286632836647836), np.float64(0.02857829472658451), np.float64(0.03156338893337744), np.float64(0.030665177060303705), np.float64(0.027644510220359065), np.float64(0.048303842201733616), np.float64(0.051036517967513004), np.float64(0.05093438687115439), np.float64(0.036603610304585574), np.float64(0.040150254128194125), np.float64(0.03568927949675318), np.float64(0.045316494138969154), np.float64(0.05269183749204109), np.float64(0.04370378049872216), np.float64(0.03044698311278638), np.float64(0.04085250092638285), np.float64(0.04836251262537422), np.float64(0.04016216899776235), np.float64(0.03486290470351546), np.float64(0.037650338368828716), np.float64(0.04061346996900296), np.float64(0.029013386683987452), np.float64(0.04121148191842711), np.float64(0.041760658278138706)], [np.float64(0.005315970228310312), np.float64(0.006445224817588597), np.float64(0.004735379284290774), np.float64(0.004642936305902565), np.float64(0.005177474198853459), np.float64(0.0060864049834832), np.float64(0.004879454131250458), np.float64(0.0043811652399046355), np.float64(2.011106641874515), np.float64(2.123668919637937), np.float64(1.7758466654855807), np.float64(0.005873831599299012), np.float64(0.006455697288872462), np.float64(0.008115471022617473), np.float64(1.2476674634680374), np.float64(0.0044727863089771575), np.float64(0.006271439246972813), np.float64(0.00732413479569547), np.float64(0.00490759970060671), np.float64(0.007115002263634612), np.float64(0.0048014488214208435), np.float64(0.006814494651914272), np.float64(1.6806666860727844), np.float64(0.007114210329749586), np.float64(0.006628928628161627), np.float64(1.6803382677004235), np.float64(0.005806467292214376), np.float64(0.004894280931178575), np.float64(0.0034626227239199186), np.float64(0.0053974010663062275), np.float64(0.004213439320828729), np.float64(0.0053996912390935), np.float64(0.006488799320327127), np.float64(0.0047162944807421425), np.float64(0.004225813746230494), np.float64(0.006639184025911697), np.float64(0.006131108059219667), np.float64(0.006221668607445606), np.float64(0.00473673887737965), np.float64(1.8130594181106807), np.float64(0.007914239416862055), np.float64(0.007680630338077753), np.float64(2.1021190997569335), np.float64(0.006797351394846436), np.float64(0.005166548819634082), np.float64(1.2781449134562248), np.float64(0.004902130427409084), np.float64(1.2030557876148507), np.float64(0.005965246220305151), np.float64(1.9010075688142987), np.float64(1.664931790127525), np.float64(0.008649505447222556), np.float64(0.006487173170480533), np.float64(0.007048654447844666), np.float64(0.005181160228873797), np.float64(0.007502389367300421), np.float64(0.006860535934152375), np.float64(0.006487693170530116), np.float64(1.7348435692677993), np.float64(1.4879652371858214), np.float64(0.00982834743790226), np.float64(0.007643172076018195), np.float64(0.006931841181643144), np.float64(1.5409729837857749), np.float64(0.007182192088570301), np.float64(0.006632970150451177), np.float64(0.006686117286631805), np.float64(0.006739698974885595), np.float64(0.00569187759821886), np.float64(1.4714750458252348), np.float64(0.010540832939556237), np.float64(0.005131315703587973), np.float64(0.004898596926787179), np.float64(0.006738142007911577), np.float64(0.0058807995475606625), np.float64(0.008467153384964465), np.float64(2.0567320352441576), np.float64(0.006480326247831524), np.float64(0.006643691922859674), np.float64(0.004752651496900534), np.float64(0.010151832882285562), np.float64(0.007187788993579595), np.float64(1.9058183499576977), np.float64(0.006787873224235682), np.float64(0.004604094990814883), np.float64(0.006913574561081676), np.float64(0.008670723673851523), np.float64(1.8465199666940673), np.float64(1.5775023155081478), np.float64(0.005714293196673185), np.float64(1.5811812707168085), np.float64(0.006763808194892758), np.float64(0.005421245248115982), np.float64(0.0053034351674709915), np.float64(0.007838682954892805), np.float64(1.1309520152979355), np.float64(2.0002955285314505), np.float64(0.005635350747225374), np.float64(0.007047872054321927), np.float64(0.006302094557046167), np.float64(0.007602442544916561), np.float64(1.4728340547171195), np.float64(0.0035240500181324278), np.float64(1.7129018828402354), np.float64(0.005914031668098064), np.float64(0.005163914067864525), np.float64(0.007611667583973268), np.float64(0.003697775630439848), np.float64(0.008715067807921934), np.float64(0.005527764725644316), np.float64(0.005453699085170992), np.float64(0.0063631181864653805), np.float64(0.0035305244382392766), np.float64(1.7686017714158335), np.float64(1.602021009864433), np.float64(2.3982801729774375), np.float64(0.007375123490448837), np.float64(0.006219517512772189), np.float64(0.01109412700491473), np.float64(2.44489594553143), np.float64(1.0852806096817997), np.float64(1.4229795560423846), np.float64(1.1930127813340115), np.float64(1.2346488859854199), np.float64(1.7897858066952541), np.float64(0.0061559166127223746), np.float64(0.01107952739528892), np.float64(0.006537523707711522), np.float64(1.766767547121198), np.float64(0.01002286462162382), np.float64(0.006710204416836225), np.float64(1.6186126173800075), np.float64(0.007368980829366638), np.float64(1.4054759728041046), np.float64(1.5854960295429574), np.float64(0.008599517620881755), np.float64(0.007460825830907853), np.float64(2.1388697242823747), np.float64(0.003338538995582521), np.float64(0.010254309235609181), np.float64(0.011335870418075551), np.float64(0.008764961284994911), np.float64(0.008101985887618091), np.float64(0.005720931032437601), np.float64(0.004720321548707237), np.float64(1.4307247424971272), np.float64(0.005295929140351183), np.float64(0.010282189005430889), np.float64(1.7500823722098584), np.float64(0.008995454608801207), np.float64(0.006349298448975684), np.float64(0.007028758398280802), np.float64(0.004792454852013168), np.float64(0.006787919430411432), np.float64(0.005481023740056571), np.float64(0.00627940949290941), np.float64(0.006676124798777586), np.float64(1.767980139518025), np.float64(1.3493652392381352), np.float64(1.4583636653012366), np.float64(2.0617523235392237), np.float64(1.6286660352352567), np.float64(0.006601399731118213), np.float64(0.007783475020854567), np.float64(1.4889797205553168), np.float64(0.00975255738686632), np.float64(0.0035588229958690653), np.float64(0.00468255168976681), np.float64(0.007179563894995699), np.float64(0.00792985950175312), np.float64(0.006480388245786842), np.float64(0.008593319641168487), np.float64(1.5148645706803265), np.float64(0.0077243313898174735), np.float64(0.006633069004252316), np.float64(0.006297258303788656), np.float64(0.008344455250548787), np.float64(1.6288241764836182), np.float64(0.0069492327290990655), np.float64(1.3059270240676422), np.float64(1.254147950285893), np.float64(1.9884228954905014), np.float64(0.005728100557388144), np.float64(0.006402172682215707), np.float64(0.006845409242525), np.float64(0.008363754162261434), np.float64(0.008931289280564346), np.float64(1.42441594239128), np.float64(1.4276939620198514), np.float64(0.010237194833314863), np.float64(1.6349556307940918), np.float64(0.005881886275159192), np.float64(0.007041980090949161), np.float64(0.009172005802415178), np.float64(0.007797476778581926), np.float64(0.008726152037652039), np.float64(0.0057895309385151295), np.float64(0.00894067935935109), np.float64(0.006901389312709189), np.float64(1.5366972086486235), np.float64(0.00575438243721857), np.float64(0.006592107319930466), np.float64(0.006138589715618473), np.float64(1.568525447095147), np.float64(0.004576242444039356), np.float64(0.006057049266070008), np.float64(0.005112465100440311), np.float64(0.008222185403980729), np.float64(1.3754336141145844), np.float64(1.282822369187251), np.float64(0.004693276968206411), np.float64(0.007975646050345992), np.float64(0.0070394142571484405), np.float64(1.1691512665741919), np.float64(0.011195870954446565), np.float64(0.007842520522338298), np.float64(0.003975886412223669), np.float64(0.008537853690039319), np.float64(0.008309679429842566), np.float64(0.006034953302606906), np.float64(0.00897457093733707), np.float64(0.008621582859660923), np.float64(0.007545297994534747), np.float64(0.006049475232210682), np.float64(0.007818436828713792), np.float64(1.5463231943261064), np.float64(0.006127046115864138), np.float64(2.0165734073067036), np.float64(0.007714413320636563), np.float64(0.009035770293894525), np.float64(0.006326747751566127), np.float64(0.007526843596678096), np.float64(1.383211295684002), np.float64(1.5408200618518895), np.float64(1.9751508143312608), np.float64(0.008255265491481313), np.float64(0.00822602583648381), np.float64(0.008379610344911758), np.float64(0.0065590734505592265), np.float64(0.00737154310118718), np.float64(0.007414264062628958), np.float64(2.0591520662698626), np.float64(0.009483932157287423), np.float64(0.007777549616599336), np.float64(2.0039243690105843), np.float64(0.0065580078849230864), np.float64(0.0036078225459520354), np.float64(1.855330565620759), np.float64(0.007634008631830466), np.float64(0.007206399007427353), np.float64(0.004277149184889802), np.float64(0.0061904763438220935), np.float64(0.010853768350929252), np.float64(0.006770839565871426), np.float64(0.007065941764986162), np.float64(0.011195303024023025), np.float64(0.009090887825134609), np.float64(0.007835118978505778), np.float64(0.004303179184672899), np.float64(0.011596350354653265), np.float64(0.007229063977134795), np.float64(0.006527573720152496), np.float64(0.004547725813732999), np.float64(2.130719650906499), np.float64(1.3856592676336132), np.float64(0.011896128964192641), np.float64(0.009067089246399472), np.float64(0.0073656622723072855), np.float64(0.008325484539037656), np.float64(0.007473547380965022), np.float64(1.4731251689651461), np.float64(0.008447005160529304), np.float64(0.01292385382827643), np.float64(2.193906834620315), np.float64(1.4704646973765463), np.float64(0.006645428564645587), np.float64(0.008575579558460129), np.float64(1.2770342043093244), np.float64(0.0054221876962948536), np.float64(0.006600351127418124), np.float64(0.009838152606349685), np.float64(0.0069912738728011275), np.float64(1.3443250803493743), np.float64(0.012378945112770968), np.float64(0.00813948863254164), np.float64(0.0074168292417608195), np.float64(0.012569242693568362), np.float64(0.009450201860638477), np.float64(2.064954387676766), np.float64(1.5439574012416806), np.float64(1.5841111031568818), np.float64(1.5413569518195214), np.float64(0.008970615556169178), np.float64(0.007589749480535308), np.float64(0.005747081632357076), np.float64(0.009895747069607275), np.float64(0.007183632865052879), np.float64(0.009233378245690182), np.float64(0.006752972165308628), np.float64(0.008942965401898206), np.float64(1.3322676498189259), np.float64(0.005450417229023649), np.float64(0.009820529191935233), np.float64(0.009620235179276368), np.float64(1.3478801900495772), np.float64(0.008313217234744628), np.float64(0.009831372343046502), np.float64(0.008330647659003316), np.float64(0.006405931978491677), np.float64(2.080166965450789), np.float64(0.007542809556744554), np.float64(0.008191005872033912), np.float64(0.01049501806594759), np.float64(0.008060327846693941), np.float64(2.191590508853717), np.float64(1.3877312291981643), np.float64(0.009637766289302598), np.float64(0.007182507731117667), np.float64(0.011747886347822764), np.float64(0.008685177272490373), np.float64(0.007432263417056564), np.float64(0.010045029297041158), np.float64(0.00874800154028946), np.float64(0.004939047437512494), np.float64(1.4581290577117196), np.float64(0.012900964363350562), np.float64(0.010686502280242781), np.float64(0.004014563242797984), np.float64(0.008336522885615216), np.float64(1.7678276923565939), np.float64(0.006976537497410448), np.float64(0.005727936658080459), np.float64(0.008066188343347035), np.float64(1.1675032440503288), np.float64(1.327698005274878), np.float64(0.011236280564957743), np.float64(0.0068063355439053844), np.float64(0.00997357161063686), np.float64(1.26872818329113), np.float64(0.00884504106564162), np.float64(0.00784825992637061), np.float64(0.009050594419072692), np.float64(0.009232574093619482), np.float64(0.008507466623823252), np.float64(0.010271740934985254), np.float64(0.008814127777648777), np.float64(1.5570036277480166), np.float64(0.01298730054580236), np.float64(0.010412599646328268), np.float64(0.0075687941189353045), np.float64(0.006407521985501205), np.float64(0.014481511064061441), np.float64(0.010722460550546202), np.float64(0.008285221062128341), np.float64(0.00476628915523663), np.float64(0.006629024859490459), np.float64(0.008026605555504846), np.float64(0.008526098935170994), np.float64(0.00946769792031889), np.float64(0.01102374710405694), np.float64(0.00971863622677352), np.float64(1.725279699713886), np.float64(0.006684794758479831), np.float64(1.7996396014271088), np.float64(1.8924265529223012), np.float64(0.009453874559397855), np.float64(0.008340571157120452), np.float64(0.009055236222802762), np.float64(0.005664659663115698), np.float64(1.1042965098657378), np.float64(0.0072298393858871105), np.float64(0.015912548900762876), np.float64(0.0067491846334698895), np.float64(0.010677983373734578), np.float64(0.010268140003013626), np.float64(0.01763939875988924), np.float64(0.009257860442688589), np.float64(0.006907752783293314), np.float64(0.006827768573552677), np.float64(0.006037661190303335), np.float64(0.011108135790982078), np.float64(0.007382582822855156), np.float64(0.008262197573048998), np.float64(2.014643609651361), np.float64(0.008323090699829606), np.float64(1.5837535780826364), np.float64(1.2382697025378926), np.float64(1.0061093110002945), np.float64(0.014449885698175477), np.float64(0.00942139906961601), np.float64(0.012030908769781797), np.float64(1.6602827546950851), np.float64(1.093717507345659), np.float64(0.006591373242661197), np.float64(0.009489619354597365), np.float64(0.005073701357522845), np.float64(0.015062620741054196), np.float64(0.010492969635214245), np.float64(0.007770035481485259), np.float64(1.559154347826155), np.float64(0.008495970731164778), np.float64(1.9372668802650677), np.float64(0.006548976823965668), np.float64(0.007410122468141422), np.float64(0.011274659616473916), np.float64(0.009129859424719219), np.float64(0.00841927971297348), np.float64(0.014253567237114613), np.float64(0.014478810843346346), np.float64(0.007557985823511314), np.float64(0.007251137295648999), np.float64(0.014604318330631959), np.float64(1.334391798669904), np.float64(0.008383608823008546), np.float64(0.007940454184429685), np.float64(1.2386189709639956), np.float64(2.0922768640390146), np.float64(0.015602107281990754), np.float64(0.01446007328893917), np.float64(0.012301071839245073), np.float64(0.006239844270580747), np.float64(0.007727194506231981), np.float64(0.0064010487613627475), np.float64(0.008449906846636048), np.float64(1.4197009054455452), np.float64(0.007343189273309829), np.float64(0.0098990128782303), np.float64(1.8377290924171488), np.float64(0.008627941056505946), np.float64(0.011043541531461134), np.float64(0.011962353319309374), np.float64(0.0065198512598936284), np.float64(0.007614064077555301), np.float64(0.00706902318602149), np.float64(1.1288074653600144), np.float64(1.3917269496577735), np.float64(1.2650565526149513), np.float64(0.006590313786017984), np.float64(0.013876824742341459), np.float64(0.010608075820245456), np.float64(1.2002945446911242), np.float64(0.9766536764697914), np.float64(0.01280087375628757), np.float64(1.5826067443115774), np.float64(1.16102335408713), np.float64(0.009223110947278833), np.float64(1.6598402788369215), np.float64(0.009802806881110498), np.float64(0.009734161223206021), np.float64(0.006398290833087), np.float64(0.006596623088165238), np.float64(1.1758677301252354), np.float64(0.01006868828149743), np.float64(0.006692142190135086), np.float64(0.009040475523981071), np.float64(0.007093075977622374), np.float64(0.006185145823256429), np.float64(0.010230922233959707), np.float64(0.0049814607053580056), np.float64(2.1382102944664934), np.float64(1.9859447844930163), np.float64(0.008435556986515914), np.float64(0.010593425775407648), np.float64(0.010413311458237002), np.float64(0.01091531161128171), np.float64(0.005292732736651818), np.float64(0.014922008632126662), np.float64(1.4509900375265938), np.float64(0.006833022738196732), np.float64(0.014435094066954285), np.float64(0.009916111214534616), np.float64(0.011625892052875678), np.float64(0.005735262371247832), np.float64(0.008701616601975553), np.float64(0.011030574418055836), np.float64(1.6323397046606207), np.float64(0.0035124467753336734), np.float64(0.004315292923682247), np.float64(0.006632977108578184), np.float64(0.004006595860510065), np.float64(1.418788344798697), np.float64(0.01290835782171844), np.float64(0.008966762457892404), np.float64(0.006539125405181567), np.float64(0.008151459442735591), np.float64(0.012156535546193564), np.float64(0.005254039546197023), np.float64(0.005228729710478201), np.float64(0.007453210478510885), np.float64(0.007299579198673631), np.float64(1.7500850201485851), np.float64(0.007282726962819464), np.float64(0.010237229421321846), np.float64(0.008807912601046295), np.float64(0.007944566478219397), np.float64(1.3004449405616896), np.float64(0.005121587621059958), np.float64(0.008959946225964651), np.float64(1.453479836247241), np.float64(0.012200290896003371), np.float64(1.6226925077004295), np.float64(0.008212926322478758), np.float64(0.008527730606628195), np.float64(1.0487426428097675), np.float64(1.7278349187776731), np.float64(0.004145750409887675), np.float64(1.4349576114737423), np.float64(1.2896925957051215), np.float64(0.015384657905519957), np.float64(0.004815867584505452), np.float64(1.6330945873634848), np.float64(0.008473981955095824), np.float64(0.008747013338033878), np.float64(0.012123888130616345), np.float64(0.009150733464200794), np.float64(0.004829666784508645), np.float64(0.013816116746776264), np.float64(0.008222204893313514), np.float64(0.0076143632372275205), np.float64(0.017253662036521195), np.float64(1.1494305421791582), np.float64(0.011444697054025454), np.float64(0.012550191993662044), np.float64(0.009091228088270058), np.float64(0.018545478782397585), np.float64(1.6877735940585252), np.float64(0.006653712265356801), np.float64(0.0072039076950901025), np.float64(0.00871298845571551), np.float64(0.009385173645571558), np.float64(1.7832205366545233), np.float64(0.008616802779857633), np.float64(0.01115132698643148), np.float64(0.015455062216932783), np.float64(0.0073225793800515155), np.float64(0.008875082835429336), np.float64(0.015985742027521965), np.float64(0.0068491927818296145), np.float64(0.008488958844632393), np.float64(0.00508386195152386), np.float64(1.4899875444308606), np.float64(0.006782275444891796), np.float64(0.007069185804539665), np.float64(0.007504987700236364), np.float64(0.006479771751317555), np.float64(1.846809861528043), np.float64(1.2291561725640792), np.float64(0.013364910072523802), np.float64(1.2417833070655113), np.float64(0.0071921381549217385), np.float64(1.3832575809807564), np.float64(0.02100551162657489), np.float64(0.011949073489373711), np.float64(0.0072207678082117305), np.float64(0.01151227986700577), np.float64(0.014744224269807931), np.float64(0.011288526697893899), np.float64(0.008322394017705735), np.float64(0.007777338720754869), np.float64(1.379391122029263), np.float64(0.014655466088592257), np.float64(0.007509432766673214), np.float64(1.454353157775923), np.float64(0.009042649657083013), np.float64(0.0167652327114746), np.float64(0.009539413304835893), np.float64(0.009780410596356643), np.float64(0.9310271131522396), np.float64(0.015108473611580539), np.float64(0.013991477578916367), np.float64(0.009774669854326979), np.float64(0.005905858381067378), np.float64(0.009891114810356327), np.float64(1.3280408163970812), np.float64(0.00898862392255091), np.float64(0.007347969286280404), np.float64(0.01288378107904229), np.float64(0.014807223901257409), np.float64(0.005822325504141539), np.float64(0.010641288963735396), np.float64(0.008849641929275637), np.float64(0.013053688245955859), np.float64(1.3622537255228897), np.float64(0.011292113545642666), np.float64(0.013519272284694607), np.float64(0.006660849380119953), np.float64(0.00985923095081844), np.float64(0.006911070251279279), np.float64(0.010216439935840597), np.float64(0.013332871577919764), np.float64(0.006621672452721622), np.float64(0.008575223580597813), np.float64(0.012696038810007616), np.float64(0.007768167902246329), np.float64(0.010416488079897318), np.float64(0.01805334880470311), np.float64(0.0084587079446488), np.float64(0.015273672479722363), np.float64(0.013324423097266155), np.float64(0.009468074491682472), np.float64(0.006742556171452492), np.float64(0.005391212191671359), np.float64(0.01432211602239031), np.float64(0.015790403043597193), np.float64(0.010275771393689785), np.float64(0.0117632994588367), np.float64(0.012560605362691837), np.float64(0.008450599863407507), np.float64(0.014769317465274108), np.float64(0.013640621218507122), np.float64(0.013716997587633652), np.float64(1.2985390309974463), np.float64(0.017708006189863363), np.float64(0.006058704734271647), np.float64(0.009395365682028416), np.float64(0.010301259292266605), np.float64(0.011969139462977263), np.float64(0.008707918080880532), np.float64(1.7034263501520732), np.float64(0.016013302102098986), np.float64(1.02197470757613), np.float64(0.014799665256647266), np.float64(1.3872930809602575), np.float64(0.010862402140609937), np.float64(0.015212030272645607), np.float64(0.015956692577082127), np.float64(0.017100988231966874), np.float64(0.013298416313561419), np.float64(0.013585407642728514), np.float64(0.015243381203186855), np.float64(0.015681208275515654), np.float64(0.013922849209460424), np.float64(0.010261419762980483), np.float64(0.010462634321872591), np.float64(0.020143022724916863), np.float64(0.013686948346146885), np.float64(0.014620751994013944), np.float64(0.011875117672507863), np.float64(0.015083767174593716), np.float64(0.011758855439172749), np.float64(0.013790458559075168), np.float64(0.011577096883077856), np.float64(0.007168074954472076), np.float64(1.6913863816072614), np.float64(0.015381573938078787), np.float64(0.01105657913412644), np.float64(1.5102177404352992), np.float64(0.02181346489661504), np.float64(1.0698806430676593), np.float64(0.016974095973373682), np.float64(0.016939201390114348), np.float64(1.0871649065549693), np.float64(0.01444001664620649), np.float64(0.017166834612634945), np.float64(0.016521372829795645), np.float64(0.02166134778809805), np.float64(0.02217450451838842), np.float64(1.2186966884706238), np.float64(0.017539903199283544), np.float64(0.01533823421741661), np.float64(0.009715673019369766), np.float64(0.010691598713496996), np.float64(0.01826197935772754), np.float64(0.01627178146188534), np.float64(0.008879807615740141), np.float64(0.022662923515630106), np.float64(0.01997994645881556), np.float64(0.014261081669975117), np.float64(0.015703453719660646), np.float64(0.9968100068193421), np.float64(0.021457649850455764), np.float64(0.01730376271903823), np.float64(0.009934794822338744), np.float64(0.016819369480609983), np.float64(0.01453179387065346), np.float64(0.015380566845315575), np.float64(0.0130251974950791), np.float64(0.0188245053402756), np.float64(0.011757279671122117), np.float64(0.025070948029995856), np.float64(0.017848216192447402), np.float64(0.015863906855823687), np.float64(0.03152831615618742), np.float64(0.02358314903856555), np.float64(0.017442134074084154), np.float64(0.02080899551319941), np.float64(0.015645932969612968), np.float64(0.012444032601251731), np.float64(0.01741677188386871), np.float64(0.009844392949591147), np.float64(0.019319562015851183), np.float64(0.016037454411412345), np.float64(0.019379935364012224), np.float64(0.017232065550107072), np.float64(0.015804670275625977), np.float64(0.01871021719694194), np.float64(0.018828765370689577), np.float64(0.01580272574783132), np.float64(0.01896299533941944), np.float64(0.016963272146693242), np.float64(0.012171442668529838), np.float64(0.011430678224713671), np.float64(0.017281476695949437), np.float64(0.01374753802585568), np.float64(0.01961098974193527), np.float64(0.022436358907133757), np.float64(0.01571988273314662), np.float64(0.016691975407277928), np.float64(0.01618680391013857), np.float64(0.02287878523565659), np.float64(0.018703446026099683), np.float64(0.016043346971295464), np.float64(0.019043362649011904), np.float64(0.021552992292551088), np.float64(0.0233091354690249), np.float64(0.019780411457975107), np.float64(0.017385184864622934), np.float64(0.02212820342406367), np.float64(0.015695321615665142), np.float64(0.01560945841841821), np.float64(0.011492641782507558), np.float64(0.01575497202276122), np.float64(0.019272443258004396), np.float64(0.02040463003849129), np.float64(0.021839568995452863), np.float64(0.024367593943511165), np.float64(0.017686296959623805), np.float64(0.020505173867967633), np.float64(0.023906345819236455), np.float64(0.021573807181865624), np.float64(0.019658904318817113), np.float64(0.018730075360531104), np.float64(0.019126429843585705), np.float64(0.028906947922305647), np.float64(0.017519440031551058), np.float64(0.022635434416798092), np.float64(0.021795995181201643), np.float64(0.021106129735126145), np.float64(0.0267600603168299), np.float64(0.01858803163154864), np.float64(0.02113862073344605), np.float64(0.026119092348222156), np.float64(0.012374818249618152), np.float64(0.02650308822210347), np.float64(0.021746664808876246), np.float64(0.02186201530135473), np.float64(0.009168730538749555), np.float64(0.00922250828723563), np.float64(0.018641654388418225), np.float64(0.020404693733575664), np.float64(0.009429688904449658), np.float64(0.018456903416986907), np.float64(0.017006870306814217), np.float64(0.007446946142443901), np.float64(0.007505144229035346), np.float64(0.009681501979002683), np.float64(0.024335620270756364), np.float64(0.021813614747659832), np.float64(0.026036933283666495), np.float64(0.013755903407942242), np.float64(0.020278587520740417), np.float64(0.01002459622619127), np.float64(0.007918011516049121), np.float64(0.015481490934579236), np.float64(0.022186869797175313), np.float64(0.021363047377177025), np.float64(0.010357655631430302), np.float64(0.008148731502840971), np.float64(0.02694191743452176), np.float64(0.016129760101409464), np.float64(0.024954872686905282), np.float64(0.018974498695312522), np.float64(0.021236647971128505), np.float64(0.02538642889997658), np.float64(0.02511875157172488), np.float64(0.02692517968937688), np.float64(0.02513707302205705), np.float64(0.01103164529517134), np.float64(0.008713473442315083), np.float64(0.011249955604437208), np.float64(0.03831047484926923), np.float64(0.023176588248918308), np.float64(0.02395632704481927), np.float64(0.03449335911254305), np.float64(0.014883315966504634), np.float64(0.02135506185300007), np.float64(0.0236661302366084), np.float64(0.022082651635019598), np.float64(0.009341821067720985), np.float64(0.00939103036183213), np.float64(0.023883580919483477), np.float64(0.026107051673889423), np.float64(0.023256681674113978), np.float64(0.02539792122494901), np.float64(0.01229409239637647), np.float64(0.027277282622840397), np.float64(0.02545884870838377), np.float64(0.014589884871161835), np.float64(0.028525113939888623), np.float64(0.01264619135550386), np.float64(0.012785495811360108), np.float64(0.03567782579074887), np.float64(0.02780833344473141), np.float64(0.013135375868530051), np.float64(0.025708976509839675), np.float64(1.1747981609792486), np.float64(0.014988533145819171), np.float64(0.01742059827809689), np.float64(0.024803786531106414), np.float64(0.02433616060280553), np.float64(0.03226933300351295), np.float64(0.024531093985134148), np.float64(0.02715845970399129), np.float64(0.024349907255507657), np.float64(0.03272883105368111), np.float64(0.028134372370258308), np.float64(0.023053092125151338), np.float64(0.028742358739465856), np.float64(0.02330670130303071), np.float64(0.02551026878519346), np.float64(0.028391147553753947), np.float64(0.02613866467982271), np.float64(0.036541160096727164), np.float64(0.038292073405060634), np.float64(0.03546474094503749), np.float64(0.029629225626479204), np.float64(0.03270586284486112), np.float64(0.01750424291509164), np.float64(0.03986197512335057), np.float64(0.028719959225927273), np.float64(0.03248446038024136), np.float64(0.04012808932549895), np.float64(0.032982738652805786), np.float64(0.03502696067702668), np.float64(0.025958633201535367), np.float64(0.038641389711567456), np.float64(0.019879755051719745), np.float64(0.026617441928515534), np.float64(0.034789596475724875), np.float64(0.03711732499023421), np.float64(0.02411768917908438), np.float64(0.015130437943866603), np.float64(0.03825496416911909), np.float64(0.03573487670687059), np.float64(0.03987434949653752), np.float64(0.0324894602403977), np.float64(0.039811653644517046), np.float64(0.030945340651636833), np.float64(0.01922644091468432), np.float64(0.033882546879225435), np.float64(0.017627845924946955), np.float64(0.02955273842465116), np.float64(0.030466431238220168), np.float64(0.02947523138772699), np.float64(0.031037041561568637), np.float64(0.04506573694373906), np.float64(0.037527843668425924), np.float64(0.03141932553613365), np.float64(0.0424124404953896), np.float64(0.028504739095825387), np.float64(0.03217500299012448), np.float64(0.04718881649325585), np.float64(0.030085225633067918), np.float64(0.042222768612646594), np.float64(0.027808662166228307), np.float64(0.03074090388683441), np.float64(0.029311332356863246), np.float64(0.03974831482791139), np.float64(0.04829557136685366), np.float64(0.024797623114652546), np.float64(0.02535565251559117), np.float64(0.04060799357401337), np.float64(0.027359296412579406), np.float64(0.033159824201103826), np.float64(0.039649365890642115), np.float64(0.0445345587257284), np.float64(0.03713501333010204), np.float64(0.03840747975815803), np.float64(0.03536364037295812), np.float64(0.03885720340894469), np.float64(0.0394248671337749), np.float64(0.02301821756941974), np.float64(0.02712677045834542), np.float64(0.04175373915546043), np.float64(0.03695005031277565), np.float64(0.03040946779161457), np.float64(0.04422838295865291), np.float64(0.053629250448555356), np.float64(0.03613724175364998), np.float64(0.04040889627310314), np.float64(0.044830900928922016), np.float64(0.020811759674264633), np.float64(0.04578528831376055), np.float64(0.05077265112946987), np.float64(0.04357103364924602), np.float64(0.04491997091267424), np.float64(0.03967377754201475), np.float64(0.03259394630260949), np.float64(0.052157540607749436), np.float64(0.04641253932705088), np.float64(0.0488241227959798), np.float64(0.0558025677824009), np.float64(0.025582151966690104), np.float64(0.04152999116993558), np.float64(0.01868067325429315), np.float64(0.03284929854899094), np.float64(0.061442460664048903), np.float64(0.05548582637785415), np.float64(0.06273761872309279), np.float64(0.043755020740988915), np.float64(0.02417234775227451), np.float64(0.04441310898575477), np.float64(0.0281967392243759), np.float64(0.0353527472843166), np.float64(0.037234995368748636), np.float64(0.045391510290170516), np.float64(0.058236797404252805), np.float64(0.0513243842198407), np.float64(0.04642502730770992), np.float64(0.04736101725621841), np.float64(0.0352564191050817), np.float64(0.05506349501659704), np.float64(0.05703245301775569), np.float64(0.04055891036429788), np.float64(0.06855771172487757), np.float64(0.0374160800468882), np.float64(0.05706876354600229), np.float64(0.04081564026088031), np.float64(0.04364913529358847), np.float64(0.05044033236910223), np.float64(0.05110639292739048), np.float64(0.06286646217460984), np.float64(0.04621417921167284), np.float64(0.02922930156201208), np.float64(0.043429431324609045), np.float64(0.053947380268520334), np.float64(0.05508810470113285), np.float64(0.05870895735719407), np.float64(0.055633639982298116), np.float64(0.04932733516590906), np.float64(0.05240560068659755), np.float64(0.049066227543950396), np.float64(0.051226576235944225), np.float64(0.04743919255625404), np.float64(0.05117192998279626), np.float64(0.0687279328513711), np.float64(0.06878930564104199), np.float64(0.06507543561538287), np.float64(0.06256366750042773), np.float64(0.04921759462512656), np.float64(0.05267663393286147), np.float64(0.06948427847247537), np.float64(0.053733906513176416), np.float64(0.056876258614848824), np.float64(0.047376814687944344), np.float64(0.05839666494072637), np.float64(0.06741238583145598), np.float64(0.05073832565191987), np.float64(0.053771815373684174), np.float64(0.05945424099303666), np.float64(0.0581838438926338), np.float64(0.05503867475115531), np.float64(0.057454863401821384), np.float64(0.04599750856287503), np.float64(0.053759798792189346), np.float64(0.03845705436328128), np.float64(0.07002470452436685), np.float64(0.05531959483641687), np.float64(0.06400153399118501), np.float64(0.06996600785224755), np.float64(0.05362677942589726), np.float64(0.05413395269146413), np.float64(0.05306928642733201), np.float64(0.05539915811021725), np.float64(0.032659656343696775), np.float64(0.07526384497366544), np.float64(0.05376731273842106), np.float64(0.06330451422764952), np.float64(0.062124066483634534), np.float64(0.06526824920819461), np.float64(0.05641086085238158), np.float64(0.059710048415526365), np.float64(0.08742361374708064), np.float64(0.06882361044815946), np.float64(0.04850632969711866), np.float64(0.09035983998501225), np.float64(0.05232220980921246), np.float64(0.04976224172395966), np.float64(0.053768290020100765), np.float64(0.05710797506964834), np.float64(0.05933797929052811), np.float64(0.05880443573339952), np.float64(0.05874753108338727), np.float64(0.05491713497359683), np.float64(0.053612501178167044), np.float64(0.07559036166098063), np.float64(0.06226314221826888), np.float64(0.034357267073700244), np.float64(0.049425493173140794), np.float64(0.08552568180161309)], [np.float64(0.006578261093991729), np.float64(1.4333512431921183), np.float64(1.3648897773663256), np.float64(0.005773221069203704), np.float64(0.006481657161050481), np.float64(1.7252394064251977), np.float64(0.008095216823370364), np.float64(0.00506219180951525), np.float64(0.00502126708191287), np.float64(0.005629497606592403), np.float64(0.00585262946001075), np.float64(0.0036034714035841527), np.float64(0.004820714790359144), np.float64(2.003817242618724), np.float64(1.6271264403387822), np.float64(0.007054165144098248), np.float64(0.0033112154052498274), np.float64(0.0035056006656067422), np.float64(1.9124875867677171), np.float64(0.004053435634951178), np.float64(1.4581000924185412), np.float64(0.005309167402608417), np.float64(1.2854256831988244), np.float64(0.0048670932989070504), np.float64(0.006695872558672918), np.float64(1.356665814910485), np.float64(0.00695450863387524), np.float64(0.006492687839708251), np.float64(1.180973817131004), np.float64(0.006309512729786074), np.float64(0.007216252942499029), np.float64(0.006736842550747284), np.float64(0.005394892463059686), np.float64(0.004834863112658412), np.float64(0.006414560487511994), np.float64(0.0066908048250955525), np.float64(0.004728430948910151), np.float64(0.008565088507469183), np.float64(0.006571182993688054), np.float64(1.3274241838371958), np.float64(0.005492062236159046), np.float64(1.9585645636689648), np.float64(1.7651823904169859), np.float64(1.5657094794740183), np.float64(0.005318145831085982), np.float64(0.006507412681557939), np.float64(0.00675669882179903), np.float64(0.005337814324949247), np.float64(0.009672920719421682), np.float64(0.008817644315250877), np.float64(1.914773066336106), np.float64(0.005652300445493451), np.float64(0.004717247252577924), np.float64(0.006509754690054543), np.float64(0.0052048617147036486), np.float64(1.98634256895595), np.float64(1.822826599628943), np.float64(0.006568981859130342), np.float64(2.3481093785288127), np.float64(0.008254494510946208), np.float64(0.0044958227775310266), np.float64(0.006968739504159277), np.float64(0.005909351668961476), np.float64(1.2102909338125116), np.float64(1.1172361612067672), np.float64(0.0047273647339054975), np.float64(0.0046137405054969835), np.float64(0.007097184479285603), np.float64(1.2483269617644301), np.float64(0.005489284653401596), np.float64(1.567210056289391), np.float64(0.0075953331328050735), np.float64(0.007607174789875421), np.float64(0.005306001196423317), np.float64(0.007547460565195221), np.float64(0.0066692146756999245), np.float64(0.005917936012491975), np.float64(0.006515815671800942), np.float64(0.0073517023771540865), np.float64(0.007607640354244318), np.float64(0.005027824396908583), np.float64(0.007169659740377295), np.float64(0.006747137460569633), np.float64(1.3466759572635083), np.float64(0.005852177800999815), np.float64(0.006153332581712266), np.float64(0.00805771991448769), np.float64(0.008349774376372158), np.float64(1.5184493359515285), np.float64(2.1162096117337135), np.float64(0.005312638586984538), np.float64(1.5799809452688776), np.float64(1.3347348319555838), np.float64(1.5992800031510233), np.float64(0.0047321840162790054), np.float64(2.18309147044252), np.float64(0.00966840506545628), np.float64(2.005559462352305), np.float64(0.009466154846844084), np.float64(0.00501765423637927), np.float64(1.8926595550754735), np.float64(0.0048600409617918965), np.float64(0.006805725059674361), np.float64(0.008508381920087116), np.float64(0.0074801293184089315), np.float64(1.9644386754568375), np.float64(0.006088373228393618), np.float64(0.004898036571943013), np.float64(0.006686324141009714), np.float64(0.007045802824764368), np.float64(2.074624216125883), np.float64(2.140678136459841), np.float64(0.007214318559700899), np.float64(0.005339586426553078), np.float64(1.7703983620093644), np.float64(1.4161028559610167), np.float64(0.008401385587144117), np.float64(0.007427491593726703), np.float64(0.010384238016021567), np.float64(1.7861664529545553), np.float64(0.005750104199785288), np.float64(0.005658907729679895), np.float64(0.0084550964969082), np.float64(0.004268704746785697), np.float64(1.152974686113689), np.float64(0.00546188671777252), np.float64(0.006291129610972522), np.float64(1.1480946368176324), np.float64(1.2283859165602498), np.float64(1.8023533226593134), np.float64(1.336996898148313), np.float64(2.1098556438742078), np.float64(1.3451905407952003), np.float64(0.007742502176576394), np.float64(1.480782009420638), np.float64(0.007653295188419608), np.float64(0.00615108309505446), np.float64(0.005496766115458412), np.float64(0.007218758155531614), np.float64(0.006048310827759152), np.float64(0.008440275780610969), np.float64(0.007674153396420019), np.float64(0.007496854723750337), np.float64(0.009399864869351309), np.float64(0.007196483045943287), np.float64(0.007253855701019299), np.float64(1.537858336418424), np.float64(0.006056358277762427), np.float64(0.008081753691653334), np.float64(0.005657773883484919), np.float64(0.00886705386568058), np.float64(0.006759147565593868), np.float64(0.004601013791564705), np.float64(0.006007896755728387), np.float64(0.007596643312737261), np.float64(0.010130575124588724), np.float64(1.8153916536299386), np.float64(0.006752268395344587), np.float64(0.008807212491045654), np.float64(0.003865163097182921), np.float64(0.009666721370126197), np.float64(0.0067064815239037245), np.float64(0.006530221157021883), np.float64(0.009427646708678997), np.float64(0.008833199085749968), np.float64(1.6439244771584454), np.float64(0.007020690557022087), np.float64(2.359378742003734), np.float64(1.1769745575741446), np.float64(0.005997163165679553), np.float64(0.006499617664817032), np.float64(1.9004685257675493), np.float64(1.768719820552233), np.float64(1.7067836144368325), np.float64(0.006791529697062353), np.float64(1.7484826246341505), np.float64(1.8839053825503735), np.float64(0.010292202425906167), np.float64(0.00869835857743889), np.float64(1.3614838789676504), np.float64(1.7495799769857874), np.float64(1.5038882415192245), np.float64(0.010003672497748787), np.float64(1.6122304928178826), np.float64(0.009436594663044685), np.float64(0.009080972960739377), np.float64(0.007680591488222199), np.float64(1.7170581470468587), np.float64(0.007680383453085948), np.float64(2.147097143980673), np.float64(0.00957361085067727), np.float64(0.011409607116740406), np.float64(1.6895485046553567), np.float64(1.7938268850431596), np.float64(0.0029079531883855095), np.float64(0.009282043396844344), np.float64(0.005444243707439257), np.float64(0.008207005272203994), np.float64(0.0075325522641197734), np.float64(0.004844234546266694), np.float64(0.00467011284280328), np.float64(0.0044637943906113515), np.float64(1.3409485989329175), np.float64(0.011373215269607944), np.float64(1.5667969768779733), np.float64(0.008864696029732905), np.float64(0.0051259435423287114), np.float64(1.9147571030711599), np.float64(1.2059542530846967), np.float64(0.00620908972048207), np.float64(0.0041648056202313825), np.float64(1.0016743631499838), np.float64(0.009612901971446926), np.float64(0.005845317683271825), np.float64(0.006296640795369828), np.float64(1.1132009690580422), np.float64(2.2520582987521434), np.float64(0.00611691530445479), np.float64(0.007768641696763907), np.float64(1.2766005052189189), np.float64(0.007211848042721826), np.float64(0.0072621782460870875), np.float64(0.006425382639877109), np.float64(0.007948793175281037), np.float64(0.005462177593164448), np.float64(0.006895018379757852), np.float64(1.798378352202639), np.float64(0.011899705417209666), np.float64(1.6495312303641672), np.float64(1.5235928227731566), np.float64(0.01318694747897513), np.float64(0.003953450419378252), np.float64(0.004175814845993329), np.float64(1.7457411896226056), np.float64(0.01089913763600197), np.float64(0.012308576682440672), np.float64(0.005433752571337649), np.float64(1.8604790346451545), np.float64(0.011552615486372288), np.float64(0.005656623234836939), np.float64(0.007741580061452134), np.float64(1.4988012264194104), np.float64(1.9394024643385683), np.float64(0.004300729090298355), np.float64(0.010633258334334773), np.float64(1.159347553946848), np.float64(0.005700734903035199), np.float64(0.00640337366343616), np.float64(0.007352238541983538), np.float64(0.011832869135526036), np.float64(0.004972672378165877), np.float64(0.007701612851189618), np.float64(0.0050802524119013), np.float64(0.007314537737499574), np.float64(1.4422793065217485), np.float64(0.006637654139426652), np.float64(0.006071109801984972), np.float64(0.012844616069285403), np.float64(0.004448903990626538), np.float64(0.0077858553992722224), np.float64(2.0678887923347564), np.float64(1.4111610108076384), np.float64(1.8834424334666615), np.float64(0.00805153096032775), np.float64(0.006298360031726738), np.float64(0.007295681947919967), np.float64(0.0038868282219627808), np.float64(0.008763016534963834), np.float64(0.010254629984913737), np.float64(1.0804617639611547), np.float64(0.010925303049848893), np.float64(0.007750948897792085), np.float64(0.006013044023238679), np.float64(0.0068633783455924365), np.float64(0.007599983517340186), np.float64(1.1059477736483847), np.float64(1.188516169815201), np.float64(0.008276718617060985), np.float64(0.005714267560425533), np.float64(1.3574210606509765), np.float64(0.008482743450281514), np.float64(0.006711960643057878), np.float64(0.0065282044622415845), np.float64(0.006861898147690206), np.float64(0.003729566250567604), np.float64(0.004530600568627151), np.float64(0.005685024420756601), np.float64(0.00837036612726216), np.float64(0.003661719570697196), np.float64(0.004425209047309121), np.float64(1.1775028006135044), np.float64(0.0077739707005207515), np.float64(0.005638804800855186), np.float64(1.465030489133832), np.float64(0.007627355283479907), np.float64(1.2331514907904022), np.float64(1.5443092146700783), np.float64(0.00853997855978955), np.float64(0.007398002668052816), np.float64(0.00818909712669309), np.float64(0.009599947703855865), np.float64(0.008771464416606421), np.float64(0.007657624171886037), np.float64(0.008774788310470506), np.float64(0.008504284125116003), np.float64(0.006446952281769621), np.float64(1.7199657834356308), np.float64(0.007874306800818192), np.float64(0.007343181687891123), np.float64(1.423029030460301), np.float64(1.5692840267153625), np.float64(0.007403182060162969), np.float64(0.007294710266340488), np.float64(1.0404293330574612), np.float64(0.004965589131883926), np.float64(0.010657518076333633), np.float64(0.008934566566738661), np.float64(0.0068726763436375606), np.float64(0.007172548434940575), np.float64(0.008762851672382572), np.float64(1.492335949611615), np.float64(0.0073700673974822295), np.float64(1.2679795552473208), np.float64(2.137374266086829), np.float64(1.8166363282950706), np.float64(0.004541536065866079), np.float64(1.5273420368423756), np.float64(0.005624007946013549), np.float64(0.007106510017477031), np.float64(0.0051511812380105925), np.float64(1.613979905508028), np.float64(1.286021456835567), np.float64(0.00819667467083173), np.float64(0.009353888790974837), np.float64(0.004115706227292775), np.float64(0.010401208042269976), np.float64(0.007693764454209589), np.float64(1.7050983778951614), np.float64(0.007098132865619404), np.float64(1.6346862439574499), np.float64(0.009699055011713205), np.float64(0.007780300992832508), np.float64(0.0044980612258818334), np.float64(0.007858411156370529), np.float64(1.4615115438618451), np.float64(1.2907757930478798), np.float64(0.006768997751299427), np.float64(0.004435812942026277), np.float64(0.009237515680378219), np.float64(1.2046571921543603), np.float64(0.006305986630662678), np.float64(1.4736572897084999), np.float64(0.008203372038881837), np.float64(1.491966349991667), np.float64(0.013083673706334937), np.float64(0.007977391811241803), np.float64(0.006181845763860456), np.float64(0.0069039634782389605), np.float64(0.008988153256442179), np.float64(1.6954190042011512), np.float64(0.00872950518151928), np.float64(0.00988801798763771), np.float64(0.00567300163090099), np.float64(0.010554943870790734), np.float64(0.006765923898552423), np.float64(0.005442412035913688), np.float64(0.005777318912052244), np.float64(1.745185305685914), np.float64(0.00827415617941912), np.float64(0.00871761207566211), np.float64(0.0049048093203516475), np.float64(0.009254506329407044), np.float64(1.7421600245499866), np.float64(0.0040438081722916795), np.float64(1.1148005113328991), np.float64(0.007952442131503814), np.float64(1.472402571267594), np.float64(0.006369946598465657), np.float64(0.009103869610468569), np.float64(0.010125353367444197), np.float64(0.01083258113619732), np.float64(1.2515498801755112), np.float64(0.006888141151037088), np.float64(1.608859703404746), np.float64(0.008778993647489595), np.float64(0.004410537725733909), np.float64(2.051091112583079), np.float64(1.0536183564360369), np.float64(1.2209676181655853), np.float64(0.0075155883600320356), np.float64(1.4609422074174623), np.float64(0.006956532834941543), np.float64(0.006095908241625948), np.float64(0.006299093046096055), np.float64(0.008916739685411554), np.float64(0.004841192328854587), np.float64(0.007161818639290504), np.float64(0.007885969606073129), np.float64(0.007063999225781113), np.float64(0.01049760009660542), np.float64(1.283309757961884), np.float64(0.00982397940450267), np.float64(0.011783632537477013), np.float64(0.006063744383145351), np.float64(0.007367225976002519), np.float64(0.006126634836599618), np.float64(0.00954709925521937), np.float64(2.0018566167504215), np.float64(0.007495557669997499), np.float64(1.85775378003446), np.float64(0.00931201507879679), np.float64(0.010888578907949241), np.float64(1.7323327641221207), np.float64(0.010120748492477936), np.float64(0.006419557777733753), np.float64(0.011434704340119265), np.float64(2.0603540348663945), np.float64(0.008929596528231158), np.float64(0.011895552734166145), np.float64(0.005380722855795052), np.float64(0.010220289578941654), np.float64(0.006396598524331966), np.float64(0.007883334573327112), np.float64(0.009451480522186168), np.float64(0.006297915731858537), np.float64(0.011806775933897314), np.float64(0.00760163094264979), np.float64(0.007938857006277196), np.float64(0.008003327573849717), np.float64(0.008178433984155601), np.float64(1.6689520212039597), np.float64(0.008273828256444201), np.float64(0.004031791672773607), np.float64(0.005053289167036205), np.float64(0.006041372560666959), np.float64(0.008161713151433993), np.float64(1.6902086787495028), np.float64(0.006416726767004686), np.float64(1.546513979774007), np.float64(0.010142632841332527), np.float64(0.00864497863180714), np.float64(1.2444770809311534), np.float64(0.008872724464443957), np.float64(0.004542865570918308), np.float64(0.0077939221593410985), np.float64(1.3483850157921302), np.float64(0.004541951769213692), np.float64(0.005031700388339714), np.float64(0.0067663062369713155), np.float64(0.008951987070675838), np.float64(0.009092580569881619), np.float64(0.008859663878566295), np.float64(0.011566079677164049), np.float64(1.2234032569077522), np.float64(0.007987718441466523), np.float64(0.00547848509013878), np.float64(1.8702316023634031), np.float64(0.007095355722978151), np.float64(0.011162492032868652), np.float64(1.0177103038796949), np.float64(1.1517026780033193), np.float64(0.008928218476593273), np.float64(0.007401549328426334), np.float64(0.009932635203969014), np.float64(0.009900091742251003), np.float64(0.010565856895149123), np.float64(0.00630417016557385), np.float64(1.546483287497481), np.float64(1.766010031235217), np.float64(1.5664040426803751), np.float64(0.0037725033061695593), np.float64(0.014772077572665297), np.float64(0.006619326598578552), np.float64(0.009011428851591303), np.float64(0.009790413073396871), np.float64(1.1640696356769342), np.float64(0.00857720146081983), np.float64(0.00758111791377114), np.float64(0.017027300343784774), np.float64(0.010613509001926147), np.float64(0.013536543940752564), np.float64(1.4609552426095103), np.float64(0.007487749764715734), np.float64(0.009109384036555984), np.float64(0.01057982916285761), np.float64(1.5660413566386209), np.float64(0.012015945942358096), np.float64(0.008154123618401727), np.float64(0.008503265754097558), np.float64(1.623515069392707), np.float64(0.0077910017529620925), np.float64(0.015360362397598009), np.float64(0.01023992112360664), np.float64(0.007965023643346798), np.float64(0.009444797877598894), np.float64(0.015731548869929928), np.float64(0.007591117197083399), np.float64(0.008130298486788336), np.float64(0.010045300888784641), np.float64(1.6121963302875655), np.float64(0.009885826527889566), np.float64(0.006192375498982977), np.float64(0.007476191011243127), np.float64(0.010451822173759463), np.float64(1.3450176871616977), np.float64(0.007203736878271444), np.float64(0.010391889028848519), np.float64(0.007100446673260187), np.float64(0.009916197374127696), np.float64(1.9973420636614472), np.float64(0.009802697022624844), np.float64(0.011749460696952988), np.float64(1.1205240522559796), np.float64(0.00797287273079392), np.float64(0.00783983395565717), np.float64(0.007760513490751799), np.float64(0.007948408286425882), np.float64(0.010572715857923333), np.float64(0.010475621013496205), np.float64(0.00819424385734207), np.float64(1.669391319765766), np.float64(0.0075858850251073005), np.float64(0.011998938897784736), np.float64(0.005913493356213957), np.float64(0.00507858783385094), np.float64(1.5798229129930748), np.float64(0.008146715793050737), np.float64(0.011912781123825418), np.float64(0.015167532665525521), np.float64(0.00676080191302143), np.float64(1.6219008471411624), np.float64(1.4453697703315591), np.float64(0.008201626308541687), np.float64(1.1745186539979773), np.float64(1.5208483885224904), np.float64(0.01675414861044604), np.float64(0.008021264882636273), np.float64(0.008374505218222868), np.float64(0.016026641898504307), np.float64(0.005883807852760978), np.float64(0.009049504363505713), np.float64(0.011093701284942912), np.float64(0.0107718245328838), np.float64(1.070508984939605), np.float64(0.006980563486414824), np.float64(1.3583169649681546), np.float64(1.257862617305471), np.float64(0.005547329914509643), np.float64(0.0038976487398009593), np.float64(0.009229074424178717), np.float64(0.009201470375966244), np.float64(2.1079003383482657), np.float64(1.09927979103604), np.float64(0.013540410618936525), np.float64(0.009494281685814768), np.float64(0.012978009341543393), np.float64(0.014129983701068589), np.float64(0.009771699986335734), np.float64(0.011832536794393373), np.float64(1.7342037302350455), np.float64(0.014326286647380629), np.float64(0.011321024041695353), np.float64(0.012962249624355106), np.float64(0.008750043372058891), np.float64(1.0889332378335226), np.float64(1.425907117402979), np.float64(0.00790326847259853), np.float64(0.010730769515204387), np.float64(0.012176189174485912), np.float64(1.222250376412871), np.float64(0.010852876481215546), np.float64(1.3164738205152309), np.float64(0.012111315618057613), np.float64(0.012538663424502036), np.float64(0.008644950498305413), np.float64(0.006761867926720458), np.float64(0.014581260501238329), np.float64(0.013851137219900804), np.float64(1.5409109456115233), np.float64(0.012595556626791246), np.float64(1.8687038213082559), np.float64(0.01100691914753624), np.float64(0.005963893017117464), np.float64(0.013022552299882025), np.float64(0.014691693860485952), np.float64(0.005384460769231611), np.float64(0.014405128851677756), np.float64(0.007883885118188124), np.float64(0.014521737704599724), np.float64(0.011783691899882192), np.float64(0.009582751141628477), np.float64(0.006351298068336508), np.float64(1.0794062429950442), np.float64(0.006994031743729758), np.float64(1.3356982058542322), np.float64(0.006662423516721641), np.float64(0.0078312149604374), np.float64(0.006971175964995836), np.float64(0.01146713603702748), np.float64(0.012807450771329805), np.float64(0.007392454987957484), np.float64(1.1077391321638619), np.float64(0.012811483624942326), np.float64(0.013738317438511824), np.float64(0.01239276160624472), np.float64(0.01004912618081794), np.float64(0.011837414849330177), np.float64(0.012379679629872712), np.float64(0.012383687305822419), np.float64(0.013560339329512543), np.float64(1.2929611503065686), np.float64(0.015515001404460887), np.float64(0.012524279227534747), np.float64(0.012213543488382468), np.float64(1.2034727264943346), np.float64(0.010579295141159272), np.float64(0.012678293019294344), np.float64(0.012380998968506944), np.float64(0.008498170372369617), np.float64(1.56081306669708), np.float64(0.010846955209175333), np.float64(0.006860684968782065), np.float64(0.014356096510882679), np.float64(0.006263851490603099), np.float64(0.9984179570256906), np.float64(0.007575584454836475), np.float64(0.013461823936493308), np.float64(0.01110988066842129), np.float64(0.00733419661270466), np.float64(1.2526171579101495), np.float64(0.009183180214335153), np.float64(0.011782896986747594), np.float64(0.012913655347094663), np.float64(0.013207323763507172), np.float64(0.009675547115763666), np.float64(0.009505368507751917), np.float64(0.011485281905447684), np.float64(1.86669393339558), np.float64(0.013563947793662535), np.float64(0.00971242977745018), np.float64(0.015308148317870283), np.float64(1.8079678094256275), np.float64(0.016695582075585143), np.float64(0.012936874581600795), np.float64(0.013128420316243748), np.float64(0.011127664983305141), np.float64(0.01020390765392145), np.float64(0.018013229017831832), np.float64(0.011272224576778718), np.float64(0.015594637685353718), np.float64(0.00996508257234067), np.float64(0.008527007064540225), np.float64(0.011610858382695629), np.float64(0.011714981851085498), np.float64(0.015322396850591374), np.float64(0.015963957784176076), np.float64(0.009131941244128267), np.float64(0.01309193964586324), np.float64(1.6965046851752457), np.float64(0.009047562179381411), np.float64(0.012870667784544553), np.float64(0.011113242624468746), np.float64(0.015445389274481393), np.float64(0.009301927504760327), np.float64(0.012343399374616764), np.float64(0.013212106154140268), np.float64(0.016251741169597173), np.float64(1.571931443236996), np.float64(0.011604915307981844), np.float64(0.015993010712361453), np.float64(0.012230105790983204), np.float64(0.015318874565531163), np.float64(0.008302603516610017), np.float64(0.012419343503375082), np.float64(0.017249560697808045), np.float64(0.01045215202158577), np.float64(1.397417197526708), np.float64(0.013130211139520441), np.float64(0.0162243815602577), np.float64(0.019005797535719272), np.float64(0.014204772429984134), np.float64(0.013780606331423906), np.float64(0.00821464217440019), np.float64(0.015204977811837193), np.float64(0.014206885902834962), np.float64(0.014330392049531048), np.float64(0.012929073532253369), np.float64(0.013578606500624495), np.float64(0.016105231332987913), np.float64(0.0066408054514625675), np.float64(0.006883264744664541), np.float64(0.01477331917356879), np.float64(0.013339877820332741), np.float64(1.186201680954), np.float64(0.013849535391999464), np.float64(0.007053768482302448), np.float64(0.01691115435350403), np.float64(0.011007647318329974), np.float64(0.014023169942569955), np.float64(0.007650696135244077), np.float64(0.9620409233568528), np.float64(0.9619118954619974), np.float64(0.003722647025851299), np.float64(0.013857833688754167), np.float64(0.011224559796245408), np.float64(0.018022396660656814), np.float64(0.00975248447989285), np.float64(0.01555750800639147), np.float64(0.014373606507807817), np.float64(0.015146645854061608), np.float64(0.0166277400098193), np.float64(0.015800140195263), np.float64(0.013390869691373883), np.float64(0.009987924802973322), np.float64(0.01829042256632768), np.float64(0.008585947346428889), np.float64(0.015086711547341062), np.float64(0.007861664754409284), np.float64(0.015311740238335576), np.float64(0.007974822620316742), np.float64(0.015558623945679669), np.float64(0.018677341881523517), np.float64(0.009782162062529125), np.float64(0.01589368728776084), np.float64(1.0879405313125161), np.float64(0.017659034254969654), np.float64(0.013110412371550665), np.float64(0.013304182286887524), np.float64(0.01857640490587638), np.float64(0.016302980565155552), np.float64(0.015028964102102164), np.float64(0.01675070919020028), np.float64(0.018848346424804537), np.float64(0.020181148210075727), np.float64(0.01952612558851129), np.float64(1.2894874992954843), np.float64(0.016038066629738203), np.float64(0.011085147401668312), np.float64(0.019277500862797278), np.float64(0.016375905148796485), np.float64(0.017485921464935734), np.float64(0.024275900833187754), np.float64(0.013419560722095072), np.float64(0.011473482789149189), np.float64(0.01838888949265222), np.float64(0.01617669225973568), np.float64(1.0170670779014537), np.float64(0.010010847261196517), np.float64(0.010730900036921884), np.float64(0.016830908578510613), np.float64(0.01974755001295249), np.float64(0.010282248117602961), np.float64(0.022959558591357537), np.float64(0.02119805186201068), np.float64(0.009498592609569843), np.float64(0.020317971556045936), np.float64(0.01716579747354853), np.float64(0.01012191018923419), np.float64(0.022679450065621252), np.float64(0.02323169550181966), np.float64(0.010993267389481273), np.float64(0.019746850634362784), np.float64(0.012490139048597006), np.float64(0.02139276458123335), np.float64(0.016652592632625713), np.float64(0.01798480515075569), np.float64(0.01036460263963354), np.float64(0.0104438015821849), np.float64(0.014313620266980794), np.float64(0.014706060113177991), np.float64(1.4859280402342447), np.float64(0.022789642232436593), np.float64(0.02006458495702974), np.float64(0.0130893557341829), np.float64(0.0196996104140001), np.float64(0.01958083806560977), np.float64(0.01678751412242938), np.float64(0.01595549620513493), np.float64(0.025495267238214457), np.float64(0.02625656507872738), np.float64(0.01984005783089943), np.float64(0.01653110102724353), np.float64(0.022374394343885808), np.float64(0.019616998137322858), np.float64(0.015494230713694991), np.float64(0.011613756660835035), np.float64(0.02264974815074567), np.float64(0.021323957534208193), np.float64(0.023328726474476025), np.float64(0.01184673914498706), np.float64(0.02364639289709128), np.float64(0.015006980420385563), np.float64(0.022825029436775366), np.float64(0.022678487148782792), np.float64(0.02798067602204639), np.float64(0.02246036124433649), np.float64(0.012683725058100795), np.float64(0.019912439717307964), np.float64(0.025024709214336794), np.float64(0.017225335898549726), np.float64(0.0211800867908529), np.float64(0.022934192342457613), np.float64(1.032472190736114), np.float64(0.01903618106999033), np.float64(0.026303510040042187), np.float64(0.025489534249864457), np.float64(0.019838998473581764), np.float64(0.02398080033247474), np.float64(0.01739889338695397), np.float64(0.01451361718848777), np.float64(0.012663742940513164), np.float64(0.020151640584142875), np.float64(0.02124099837085933), np.float64(0.011151866130929838), np.float64(0.021145858330459434), np.float64(0.013075856139329942), np.float64(0.014192551712429665), np.float64(0.021637473448076327), np.float64(0.01890011594366393), np.float64(0.024943068697163853), np.float64(0.020194838900472002), np.float64(0.030058340086070726), np.float64(0.028496430420573995), np.float64(0.02255854298534782), np.float64(0.02361706229053677), np.float64(0.022832113872307724), np.float64(0.01766794304132567), np.float64(0.022190863981603418), np.float64(0.023633716379002696), np.float64(0.026787297301152195), np.float64(0.019178934639155293), np.float64(0.024961133297405926), np.float64(0.02796212956559221), np.float64(0.022089437786647858), np.float64(0.03280668112082251), np.float64(0.015695532669415344), np.float64(0.02284924266032156), np.float64(0.016743381598999657), np.float64(0.018425344389152443), np.float64(0.0210897615094974), np.float64(0.027542295494643085), np.float64(0.025837688670114486), np.float64(0.025377864098329497), np.float64(0.024833306441190705), np.float64(0.02134340521689852), np.float64(0.01801221428134178), np.float64(0.01879663481165358), np.float64(0.019026037549153715), np.float64(0.016351429294797055), np.float64(0.02823193900414996), np.float64(0.021161241498139617), np.float64(0.02379639719115279), np.float64(0.026570531866581704), np.float64(0.036372139289894946), np.float64(0.013949290065717875), np.float64(0.02954529185358381), np.float64(0.014048733955529726), np.float64(0.030181057296088068), np.float64(0.027325829085971583), np.float64(0.03278014825560953), np.float64(0.025986813289067667), np.float64(0.029274318934193702), np.float64(0.021322615413303755), np.float64(0.018095134234476645), np.float64(0.019679046122204606), np.float64(0.022635180360816288), np.float64(0.02369286038632838), np.float64(0.022020126003587725), np.float64(0.037901250233268735), np.float64(0.02491481462380231), np.float64(0.022251832819432396), np.float64(0.02096167328307061), np.float64(0.023086796404099188), np.float64(0.01594218942437096), np.float64(0.02114188015483679), np.float64(0.02910549999229687), np.float64(0.029256550915544802), np.float64(0.021695031275889884), np.float64(0.023770225979374258), np.float64(0.022297820847255075), np.float64(0.03710307771384929), np.float64(0.022069489413973898), np.float64(0.02116279469005213), np.float64(0.030732491194611886), np.float64(0.02575048807071635), np.float64(0.02772552453299833), np.float64(0.023680067711037894), np.float64(0.021601467611643957), np.float64(0.019328933322613366), np.float64(0.0206718451463009), np.float64(0.03491004061903451), np.float64(0.03359101032442063), np.float64(0.02481430637785842), np.float64(0.0213015797732123), np.float64(0.022668778400216843), np.float64(0.9032678828214968), np.float64(0.020151912954198502), np.float64(0.024682710906384953), np.float64(0.02673326196059718), np.float64(0.04026543737418705), np.float64(0.028997811491332147), np.float64(0.012584747134971612), np.float64(0.03293625323198906), np.float64(0.027524797137171618), np.float64(0.03241246484457454), np.float64(0.024481784942075965), np.float64(0.03230389067864813), np.float64(0.027580700269841635), np.float64(0.03972156505053513), np.float64(0.03275728961283188), np.float64(0.03368325209524449), np.float64(0.02541960459852799), np.float64(0.03272109297030769), np.float64(0.027790375907784128), np.float64(0.02810199987619708), np.float64(0.042090795740486596), np.float64(0.0487370967313553), np.float64(0.02248838899772635), np.float64(0.02905996896370283), np.float64(0.017574832678067698), np.float64(0.029421892835726243), np.float64(0.043477741911435594), np.float64(0.03567972855116902), np.float64(0.0307675290106809), np.float64(0.030386531359378084), np.float64(0.03379668798730323), np.float64(0.026421952973461723), np.float64(0.03324418675336539), np.float64(0.03180950944586153), np.float64(0.04375308424153435), np.float64(0.04317715499479617), np.float64(0.03139523563572723), np.float64(0.04023979350784726), np.float64(0.03779702701690456), np.float64(0.030653326943056138), np.float64(0.045176604000926705), np.float64(0.044334597606143264), np.float64(0.03415464486506241), np.float64(0.03359031421565217), np.float64(0.028245555543517903), np.float64(0.025633712716106722), np.float64(0.033825411964215235), np.float64(0.03686447330418018), np.float64(0.037672744888877084), np.float64(0.04143970213826964), np.float64(0.04211238921579701), np.float64(0.058881069054975234), np.float64(0.041883310395561674), np.float64(0.05324939653013798), np.float64(0.04367404929109167), np.float64(0.02076822486280453), np.float64(0.03500177328514889), np.float64(0.028263449255517933), np.float64(0.030232103190446984), np.float64(0.0442987446913928), np.float64(0.04062652408327298), np.float64(0.03509428170380513), np.float64(0.06178555355637871), np.float64(0.041954437650760124), np.float64(0.04082218455376274), np.float64(0.04741905719370736), np.float64(0.05510335078013015), np.float64(0.034860130017832565), np.float64(0.0366015383239041), np.float64(0.0399511986951956), np.float64(0.023786114388415835), np.float64(0.045670121569097416), np.float64(0.043219801804179926), np.float64(0.041803459490680324), np.float64(0.031768193697875154), np.float64(0.041512189292513525), np.float64(0.042905258076083905), np.float64(0.03060581393671889), np.float64(0.040493239110134444), np.float64(0.042823951806286904), np.float64(0.04880213950864523), np.float64(0.044239502142720044), np.float64(0.03821008481353753), np.float64(0.05544278666645214), np.float64(0.034837544005796334), np.float64(0.047944374234373956), np.float64(0.03571078998259004), np.float64(0.04606066446804155), np.float64(0.04440615915226715), np.float64(0.035328513940853956), np.float64(0.054143643595980305), np.float64(0.05467888547252674), np.float64(0.06821622606498899), np.float64(0.049329827643056316), np.float64(0.04865614072454688), np.float64(0.03420969869146843), np.float64(0.046845676290631806), np.float64(0.06150505629396423), np.float64(0.048690075915558496), np.float64(0.04782510665561919), np.float64(0.05234088479234491), np.float64(0.06048051490834014), np.float64(0.05413976671304618), np.float64(0.06848633466229206), np.float64(0.08666216037466916)], [np.float64(0.003836587773308338), np.float64(0.007384600144796634), np.float64(0.005062299834894575), np.float64(0.006640953462631967), np.float64(0.007166793937498241), np.float64(0.008332270146551928), np.float64(1.5022972123078722), np.float64(0.0066883723458844805), np.float64(0.006413584690028348), np.float64(1.7736403604511928), np.float64(0.006844374317104745), np.float64(0.00683521816949331), np.float64(0.0060567687937847624), np.float64(0.008005282440332903), np.float64(0.005297407510749065), np.float64(2.287477397116495), np.float64(1.2400505390796956), np.float64(0.0070405601224689035), np.float64(0.00639298695924675), np.float64(0.00605901586691807), np.float64(0.006439241877843274), np.float64(0.005655658528469643), np.float64(0.006634468693043118), np.float64(0.00660868925125158), np.float64(0.006225694093702769), np.float64(0.006674546187266316), np.float64(0.005649100868200612), np.float64(0.006546848439236176), np.float64(1.8969017604962473), np.float64(0.009664788339458642), np.float64(0.00860063596800417), np.float64(1.6992336060420679), np.float64(0.007721555608918977), np.float64(0.007359663056140817), np.float64(0.006897473169582558), np.float64(1.3282549942797879), np.float64(0.00721040059743721), np.float64(0.005766882463979399), np.float64(2.0804354134944085), np.float64(0.0067995384814390405), np.float64(0.004019962263339547), np.float64(1.3934691845459428), np.float64(1.8049062831609017), np.float64(0.006935481208942814), np.float64(1.8438584093026722), np.float64(0.0077201045784328435), np.float64(0.005875800720199685), np.float64(0.007163874422398244), np.float64(0.00782944675618982), np.float64(0.005064080569775455), np.float64(1.8841927738527784), np.float64(0.0056021257896329306), np.float64(0.007104473248588964), np.float64(0.007642183594210088), np.float64(0.00713827622074824), np.float64(0.0048198655304412), np.float64(0.005514505973096621), np.float64(0.0074649240468472895), np.float64(1.8963764337341193), np.float64(0.007399410256583324), np.float64(1.4844910837291034), np.float64(0.0062999850714690305), np.float64(0.007331197711947039), np.float64(0.008228228166402226), np.float64(0.006303604285858182), np.float64(1.9798741935641213), np.float64(0.006410103596804717), np.float64(0.0057356266277902345), np.float64(0.008151715623640705), np.float64(0.005134658116550336), np.float64(0.006513297223408839), np.float64(0.006318682428074834), np.float64(1.7432616009146997), np.float64(0.006318180440410486), np.float64(0.005810396038436762), np.float64(1.4489846328070484), np.float64(0.0076017668154232994), np.float64(1.81818389948261), np.float64(0.00563789264582912), np.float64(2.01523685859607), np.float64(0.008020714814538144), np.float64(0.006794703687488514), np.float64(2.083318891020039), np.float64(0.006012226046688114), np.float64(0.009746565528781705), np.float64(0.007232492146303183), np.float64(1.39349736860123), np.float64(2.072582639346912), np.float64(0.00575343012019347), np.float64(1.766833500438786), np.float64(1.6511213008882668), np.float64(0.006713853883136362), np.float64(0.008017129929096553), np.float64(0.009460813914402988), np.float64(0.0069289856759995735), np.float64(1.4925737002300952), np.float64(0.006722126346596864), np.float64(0.006220032222389515), np.float64(0.00585653686278476), np.float64(0.008563622768397935), np.float64(1.8311161839938364), np.float64(2.1702114729489206), np.float64(1.485439875974082), np.float64(1.791457233995303), np.float64(0.01004887234286029), np.float64(0.005820274717048978), np.float64(0.005150924576032247), np.float64(0.005379447014393022), np.float64(0.007431410748713939), np.float64(0.007205421859592898), np.float64(0.009956028337662003), np.float64(2.2924298608928395), np.float64(0.00686885994801579), np.float64(0.0063902403797314235), np.float64(0.005417554632220331), np.float64(0.004347004048304935), np.float64(0.007928366351652576), np.float64(0.004576648513511342), np.float64(0.007700595103039601), np.float64(0.008523146002353368), np.float64(1.4622521971630462), np.float64(0.00663786129333482), np.float64(0.007766331073383904), np.float64(0.007196611457657426), np.float64(1.5265955849460133), np.float64(1.3076596325106074), np.float64(1.4227847539651657), np.float64(0.007286952316442831), np.float64(2.0355556009959046), np.float64(0.01081829336797656), np.float64(1.6750838423745604), np.float64(0.007027790772303956), np.float64(0.006985253379168214), np.float64(1.1979366587250566), np.float64(1.4435836539260634), np.float64(0.007071345974511464), np.float64(0.007370812877516148), np.float64(1.5478736123408725), np.float64(2.1042734419767184), np.float64(0.006378181982809827), np.float64(0.010458571146499868), np.float64(0.007465387768757935), np.float64(0.006762767780634452), np.float64(0.005853391736405237), np.float64(0.0056851607655824254), np.float64(1.982690984470864), np.float64(0.008364683027305636), np.float64(0.012968772147865413), np.float64(0.00781857641913163), np.float64(0.004134312882476837), np.float64(0.008707468538326565), np.float64(0.007692939440196264), np.float64(0.006065506062597717), np.float64(0.005750449969383813), np.float64(0.007794482331308729), np.float64(0.007333998567271956), np.float64(1.8705681775250687), np.float64(1.5540359256380378), np.float64(1.3756167709603226), np.float64(0.008910908332368017), np.float64(0.006474885632234628), np.float64(0.007827510751403434), np.float64(0.0061331745730440574), np.float64(0.006648447139615052), np.float64(1.8259586308190112), np.float64(0.011661054317096362), np.float64(2.2143386982729694), np.float64(0.006093420605797125), np.float64(0.007519571122490744), np.float64(1.8594964323618492), np.float64(1.4788503600718448), np.float64(0.008088373686781065), np.float64(0.007158764886541976), np.float64(1.7344025430550793), np.float64(2.266911957513783), np.float64(0.008400899248249955), np.float64(0.01214267374221626), np.float64(0.010348828072877068), np.float64(1.3989549195352038), np.float64(0.008274554979649363), np.float64(0.006800872514524315), np.float64(0.009939527124331682), np.float64(0.009489599464796257), np.float64(0.004475570485704861), np.float64(0.007830750552627124), np.float64(1.4474874211193338), np.float64(0.006639806364202088), np.float64(1.1709887529489131), np.float64(1.884708777645406), np.float64(1.2970961232488532), np.float64(0.007454972968653284), np.float64(0.00684992280626402), np.float64(1.8988022916936063), np.float64(1.5176002741663264), np.float64(0.005580708836459691), np.float64(0.008484033639386112), np.float64(0.006021712628715364), np.float64(0.006466878067783709), np.float64(0.012897884264574378), np.float64(1.6901995576649054), np.float64(0.010412422993516274), np.float64(0.007451299480743167), np.float64(0.0077712010061072225), np.float64(1.560549715733817), np.float64(0.012128455551849255), np.float64(0.007783719306182041), np.float64(0.007503438063708416), np.float64(0.009608263377128652), np.float64(0.007461681484584022), np.float64(0.003811589871411778), np.float64(1.2467954000656445), np.float64(1.5252476191113344), np.float64(0.0036079600098885135), np.float64(0.0072974320512833495), np.float64(0.00786383359099881), np.float64(1.9000764845483975), np.float64(1.347772730915278), np.float64(0.010628610234983987), np.float64(1.4208331870465374), np.float64(1.270960892992665), np.float64(0.006765255802037824), np.float64(0.008467479891524023), np.float64(0.005285397618859669), np.float64(0.007764636747843078), np.float64(0.007296798407363471), np.float64(0.009303197838646214), np.float64(1.2547500362865383), np.float64(0.006909263738300211), np.float64(0.00776974070906593), np.float64(0.010475549777999995), np.float64(0.01245342610206528), np.float64(0.006372079334642272), np.float64(0.01031353793390101), np.float64(1.8679743220654514), np.float64(0.0035853895426504996), np.float64(0.0069305180330224425), np.float64(0.0036092425558248028), np.float64(0.005496666965988272), np.float64(1.8062862690958876), np.float64(0.0033373006078480246), np.float64(1.8180534280489251), np.float64(0.005482643402318254), np.float64(1.847777233065539), np.float64(0.0055380626508294995), np.float64(0.01060032561946084), np.float64(0.00674235428868379), np.float64(0.011471492059975089), np.float64(0.010545068754139965), np.float64(1.2131783945659764), np.float64(0.010692963159183862), np.float64(0.009268233452062275), np.float64(2.025759480282963), np.float64(1.1972399639841982), np.float64(0.009025682422189124), np.float64(1.9532707564333502), np.float64(1.6944601136309714), np.float64(0.005787898955042114), np.float64(1.6410283081646007), np.float64(0.005981110260289183), np.float64(1.7520440283498933), np.float64(0.01211054118280116), np.float64(0.010248643263541645), np.float64(0.009283423067424185), np.float64(0.011430647463770982), np.float64(0.01128075951120321), np.float64(1.3683787253286446), np.float64(0.0071475420314165445), np.float64(0.012869004224108986), np.float64(0.009326607758720221), np.float64(0.01327252950193089), np.float64(1.0791288675155157), np.float64(0.007518591426288412), np.float64(0.007521267394141896), np.float64(0.013021172524062001), np.float64(0.013479216703244262), np.float64(0.008730480438302003), np.float64(0.005254912852009073), np.float64(0.012516070485928165), np.float64(0.008145528241087148), np.float64(0.0076162099433271764), np.float64(1.593247669845268), np.float64(1.3564790566238487), np.float64(0.01455003087325053), np.float64(0.009144538408928931), np.float64(1.4917996638593214), np.float64(0.007966647299546374), np.float64(0.009392647528002698), np.float64(0.006220429549927318), np.float64(0.008117569078089294), np.float64(0.0083894586889042), np.float64(0.009166573691229796), np.float64(1.830088851764179), np.float64(0.009391864939473893), np.float64(0.00755665825482821), np.float64(0.005020867803077874), np.float64(0.007612011007576016), np.float64(0.011665689075421344), np.float64(0.012041222726692741), np.float64(0.012565911372309517), np.float64(0.0039414200684677846), np.float64(1.3115605681510705), np.float64(2.235821002510871), np.float64(0.007939453212751671), np.float64(0.011565698323903742), np.float64(1.4409737002647571), np.float64(0.009471979636352382), np.float64(0.00765144594390269), np.float64(0.007541564345596395), np.float64(1.4824003644964783), np.float64(0.011397960744781707), np.float64(0.009099279218696403), np.float64(0.010939827813008734), np.float64(0.009205092337310967), np.float64(0.013439503702158467), np.float64(1.7863308589842009), np.float64(0.009666817419987378), np.float64(1.3281251787350827), np.float64(0.011689607982362222), np.float64(0.0074699747455908225), np.float64(0.007977355966350774), np.float64(0.012616926898389936), np.float64(1.4961203433582002), np.float64(1.2534737239366986), np.float64(0.009142094768886647), np.float64(1.529388177379683), np.float64(2.088968829608127), np.float64(0.007508079603690261), np.float64(0.004758161841864693), np.float64(1.1235716046232516), np.float64(0.005993244490576219), np.float64(0.00835434091655637), np.float64(0.0076219042557671285), np.float64(1.2134505874474537), np.float64(1.727691896713055), np.float64(1.0996487126080672), np.float64(0.00719348147455048), np.float64(0.006973537027958253), np.float64(0.015928362725030017), np.float64(0.97014668636712), np.float64(0.009700568799067692), np.float64(0.009821329927881374), np.float64(1.3615409755418442), np.float64(0.008309942800446458), np.float64(1.5695858874459996), np.float64(0.012309965545248639), np.float64(0.007886181675196129), np.float64(0.007215140945646319), np.float64(0.01482083064691692), np.float64(0.014230473500004516), np.float64(1.3044090108045057), np.float64(0.008055881609982198), np.float64(1.738695952163348), np.float64(0.012883994350202703), np.float64(1.1667607661392405), np.float64(0.012336532290683044), np.float64(0.013338282003045852), np.float64(0.01177339328951112), np.float64(0.010603748818793108), np.float64(0.00620238110075593), np.float64(0.011523469351373567), np.float64(0.011571693913323505), np.float64(1.4975560558088825), np.float64(0.014959924880940572), np.float64(0.007538676481405635), np.float64(0.009078045113663315), np.float64(0.009024716561937426), np.float64(0.012415408975745508), np.float64(0.009077300367684013), np.float64(1.389551183122765), np.float64(0.0073478601951606996), np.float64(0.012124933597374168), np.float64(0.0167706244384779), np.float64(0.004823403549907867), np.float64(0.00790757727392579), np.float64(0.004421282161959815), np.float64(1.6924589834454247), np.float64(0.009910604054750258), np.float64(1.5579010108354727), np.float64(0.004703843926887708), np.float64(0.008156958206188725), np.float64(0.012727320555635212), np.float64(0.01038522032986634), np.float64(0.0068739995781781325), np.float64(0.015868471111750035), np.float64(0.008132741767430004), np.float64(0.009721515389788743), np.float64(0.008877399356030439), np.float64(0.008425347564942169), np.float64(0.008490971046498541), np.float64(0.009183075025596616), np.float64(0.011679662115727962), np.float64(0.007308303779121321), np.float64(1.0068526269651157), np.float64(0.008719416795737777), np.float64(0.008070722043395604), np.float64(1.0601720557912073), np.float64(1.562639445636051), np.float64(0.01239654925753743), np.float64(0.008157104806942667), np.float64(0.009074811138714212), np.float64(1.0859831300874305), np.float64(0.00868672326963574), np.float64(0.008973333491009875), np.float64(0.004496899647779619), np.float64(0.01093725520688282), np.float64(1.3118105881817879), np.float64(0.011248676876005434), np.float64(0.0066941182400495), np.float64(0.010940745546788198), np.float64(0.009102943920496069), np.float64(0.00823580004895209), np.float64(0.004015795501577506), np.float64(0.0075563665802441116), np.float64(0.00486627352556322), np.float64(1.5043240640292146), np.float64(1.5013725723827696), np.float64(0.005832244800289386), np.float64(0.009883302087740799), np.float64(0.009443553811116731), np.float64(0.013126376837638221), np.float64(0.009217357667611583), np.float64(1.295241734071236), np.float64(1.4949808024241649), np.float64(0.007917088361185248), np.float64(0.010353702803868619), np.float64(0.009057530254604354), np.float64(0.0059781423062612), np.float64(0.004419741614205343), np.float64(0.0048336572107668925), np.float64(0.00943384576532337), np.float64(0.012086905574739251), np.float64(1.0487782531837904), np.float64(0.008129391173418349), np.float64(0.005061245545771628), np.float64(0.004696586319640282), np.float64(0.008265811527654298), np.float64(0.010573956746211964), np.float64(0.010566364413207812), np.float64(0.006085091852558484), np.float64(0.011382875014777168), np.float64(0.011171928928671786), np.float64(0.0042746723634145625), np.float64(0.01515384089146344), np.float64(0.009283095906986292), np.float64(0.008608436602624421), np.float64(0.010014987322935787), np.float64(1.8677497553956233), np.float64(0.00904136728698179), np.float64(0.005665933715412494), np.float64(1.0812257334195214), np.float64(0.007543466930663994), np.float64(0.00927167447443883), np.float64(0.006778022486679111), np.float64(0.01014751034786061), np.float64(0.007703757041610103), np.float64(0.005145388036797305), np.float64(1.9762558880538361), np.float64(0.009548493687466682), np.float64(0.005825042944561226), np.float64(1.6988481125178267), np.float64(0.013057135613973102), np.float64(0.012955728111974284), np.float64(0.007630946780321672), np.float64(0.013105826450022654), np.float64(1.8959732400275597), np.float64(0.010610557880647147), np.float64(0.009568398206116584), np.float64(0.00922977825715368), np.float64(0.006409000638817681), np.float64(0.014884322885009408), np.float64(0.009613246154042288), np.float64(0.009869628387123726), np.float64(1.2285783508997061), np.float64(1.2978906833300046), np.float64(0.007411998799996849), np.float64(0.008077119506147291), np.float64(0.014224159673638697), np.float64(0.009205591069780776), np.float64(0.010728283813163727), np.float64(0.007338113579876885), np.float64(1.8882811078143757), np.float64(0.01042534543993742), np.float64(1.7439026437248977), np.float64(0.010485957468061741), np.float64(1.160185637727807), np.float64(0.006483552996582143), np.float64(0.010605974347109694), np.float64(0.011997148587995148), np.float64(0.011058693781460443), np.float64(1.3848657620918028), np.float64(0.013158036700135595), np.float64(0.011568355838661401), np.float64(0.009559585722056986), np.float64(0.009833689454123757), np.float64(0.009886053662275199), np.float64(0.01272007910153711), np.float64(0.00929517667958751), np.float64(0.013679134218623141), np.float64(0.011982727092814782), np.float64(0.009460588237717553), np.float64(0.006576781862066014), np.float64(0.012625119509114206), np.float64(0.012033209213461658), np.float64(0.009627876682169703), np.float64(0.007894908528365864), np.float64(1.5346799066076713), np.float64(0.01175048108873511), np.float64(0.011618536518938096), np.float64(0.00962400283892438), np.float64(0.009849400936247288), np.float64(0.011300547358851165), np.float64(0.012434285088011258), np.float64(0.004905010396997106), np.float64(1.9033926521193778), np.float64(0.010009355207446155), np.float64(0.011627634808927884), np.float64(0.007910981327754609), np.float64(1.4717552552166426), np.float64(0.008368030664669016), np.float64(0.005122152340514151), np.float64(0.013787283875055218), np.float64(1.2045650419636402), np.float64(0.01281578703260735), np.float64(0.005962038827545849), np.float64(2.282175598839251), np.float64(1.779128546940626), np.float64(0.010282601355451757), np.float64(0.0160375960980825), np.float64(1.1357954568817268), np.float64(0.020459109290067376), np.float64(0.00958903717251162), np.float64(0.011480381012790065), np.float64(0.008045340466280847), np.float64(0.014762172192056285), np.float64(0.01342542379887647), np.float64(0.007862498881115228), np.float64(1.3173462926903317), np.float64(0.014373811048398733), np.float64(0.013677226511701689), np.float64(1.6241131335832464), np.float64(0.0073393877572930765), np.float64(1.3799263996917215), np.float64(0.013486361407483865), np.float64(0.016392729116965613), np.float64(0.011867374599347558), np.float64(0.01145327948084448), np.float64(0.016631753500269117), np.float64(0.011828896702694184), np.float64(0.011654366298320262), np.float64(0.010679470048323316), np.float64(0.014344765316963807), np.float64(0.013580511434777506), np.float64(0.01221326360111223), np.float64(0.01302748663569241), np.float64(0.008556092106236191), np.float64(0.01625113036699029), np.float64(1.5372875939798063), np.float64(0.008682610207383678), np.float64(0.008739109030430325), np.float64(0.008796000302859007), np.float64(0.013159380177035142), np.float64(0.01590863024135889), np.float64(0.018765350746068596), np.float64(0.015251287402453873), np.float64(0.013244289977090476), np.float64(0.016140005429004234), np.float64(0.013709092652676764), np.float64(0.013315326398718335), np.float64(0.013744653602370286), np.float64(0.012428813625636165), np.float64(0.014354099100006058), np.float64(0.016349464119859516), np.float64(0.015657983440530363), np.float64(0.01057283469404285), np.float64(1.3704666806037995), np.float64(0.013055207469232052), np.float64(0.009503678176855376), np.float64(0.013690718522421068), np.float64(0.008961251840551366), np.float64(1.6052953927028806), np.float64(0.0096631538681278), np.float64(0.018501054672240395), np.float64(0.017127563268365405), np.float64(0.011381794943433998), np.float64(0.014275214332501396), np.float64(0.009822987247376966), np.float64(0.008708553452281744), np.float64(1.839225358282743), np.float64(0.012991664466150424), np.float64(0.014536834425179114), np.float64(0.013745414159739901), np.float64(0.009992129831455365), np.float64(0.010104031141551052), np.float64(0.015550666492818454), np.float64(0.018568290692860236), np.float64(1.2303199395515123), np.float64(0.01893084041329659), np.float64(0.015068394070703444), np.float64(0.012432531829062858), np.float64(0.011161454626192634), np.float64(0.00795093716064136), np.float64(0.011399331418594812), np.float64(0.012630911345111927), np.float64(0.01281276115830171), np.float64(0.01731702924545808), np.float64(1.126668119235093), np.float64(0.014628485286011574), np.float64(0.015491815457282327), np.float64(0.014155372218871046), np.float64(0.012643900415822404), np.float64(0.01846725206889574), np.float64(0.019460618841792954), np.float64(0.009769501462525048), np.float64(0.009928278315971258), np.float64(0.977321507818603), np.float64(0.016816743262797498), np.float64(0.010113413140665727), np.float64(1.3999527877617373), np.float64(0.016603953465973747), np.float64(0.009189028068441676), np.float64(0.009753143660543145), np.float64(0.01843249164933917), np.float64(0.011384902573431508), np.float64(0.015157467428998227), np.float64(0.01650897848048448), np.float64(0.01481018036101244), np.float64(0.012310367514836327), np.float64(0.01554864193681057), np.float64(0.015132914282159769), np.float64(0.009918834147228177), np.float64(0.024330190093067246), np.float64(0.01887113895080237), np.float64(0.015319947287898296), np.float64(0.014086541690737024), np.float64(0.015002626489454425), np.float64(0.017345698956825355), np.float64(0.022338335148988316), np.float64(0.009614970949869413), np.float64(0.016296623692392175), np.float64(0.009710725843033908), np.float64(1.5051800114416884), np.float64(0.017055854625116395), np.float64(0.010808394173491434), np.float64(1.3009519102567986), np.float64(1.139238522609988), np.float64(0.017196327709411697), np.float64(0.017103757603730903), np.float64(0.016902983717608375), np.float64(0.014190389075621854), np.float64(0.01931704746511583), np.float64(0.015301586172802174), np.float64(0.018192673716621286), np.float64(0.015245895187892612), np.float64(0.009290350745423375), np.float64(0.014945709572841196), np.float64(0.01203837808425126), np.float64(0.0225318347072295), np.float64(0.017721219459184454), np.float64(0.016302021881628576), np.float64(0.018943285782378857), np.float64(0.016733915815222523), np.float64(0.014483954520615912), np.float64(0.015353542901962025), np.float64(0.01155441545348521), np.float64(0.008937949108572044), np.float64(0.019842249564797524), np.float64(0.015528092692782613), np.float64(0.010395158761284775), np.float64(0.021613641446805536), np.float64(0.01738749127930063), np.float64(0.016076146394219473), np.float64(0.01086402883780796), np.float64(0.017034971866730884), np.float64(0.019195190147366616), np.float64(0.018279234466117174), np.float64(0.019270670243092383), np.float64(0.019814738232974857), np.float64(0.026560646114337526), np.float64(0.011555404977102505), np.float64(0.021532178525145353), np.float64(0.009537690114448315), np.float64(0.011841871876270667), np.float64(0.014683815514209782), np.float64(0.018380754299475208), np.float64(0.010582177423226174), np.float64(0.009576989728402997), np.float64(0.012058815911584532), np.float64(0.015368188306675582), np.float64(0.017158009922220493), np.float64(0.007572923967264044), np.float64(0.009946168324276035), np.float64(0.017585741957627018), np.float64(0.021317645498557164), np.float64(0.017117900283782832), np.float64(0.011826450970562886), np.float64(0.016864906255919434), np.float64(0.012204553964711953), np.float64(0.006235734276605085), np.float64(0.01770150287010959), np.float64(1.2968440576826592), np.float64(0.007598103170615124), np.float64(0.0176397967078387), np.float64(0.007831227980453295), np.float64(0.021292929753648004), np.float64(0.016148344826288897), np.float64(0.01294450276408871), np.float64(0.011714838445621368), np.float64(0.011870400401555419), np.float64(0.01168919334773303), np.float64(0.017496415232121743), np.float64(0.013706248119333922), np.float64(0.006597342217448645), np.float64(0.010707043040054017), np.float64(0.012291976141427713), np.float64(0.013468146317856571), np.float64(0.008245069990436076), np.float64(0.009766925940327279), np.float64(0.010666124924845323), np.float64(0.008339329193847049), np.float64(0.013893941939839196), np.float64(0.024974653705111396), np.float64(1.1933785394853405), np.float64(0.01387195044548288), np.float64(0.024754495940303652), np.float64(0.011306617722979796), np.float64(0.012300551265805322), np.float64(0.01943177788140289), np.float64(0.02187810383572164), np.float64(0.020056111114392473), np.float64(0.01501440133877394), np.float64(0.01570247406512713), np.float64(0.017432347919836493), np.float64(0.013982831246124452), np.float64(0.02586639129135153), np.float64(0.014445938580415046), np.float64(0.017725292558324227), np.float64(0.015636433479878736), np.float64(0.03239412588965921), np.float64(0.01863781176123543), np.float64(0.011034446048788473), np.float64(0.022002120738191702), np.float64(0.01344747654380676), np.float64(0.013158259359752225), np.float64(0.014396092867974594), np.float64(0.012277707280686999), np.float64(0.016656712131309873), np.float64(0.016812634421443175), np.float64(0.024343254740249516), np.float64(0.017479980945339802), np.float64(0.02143789821650981), np.float64(0.02379759313693713), np.float64(0.021202553927416913), np.float64(0.032330194901348794), np.float64(0.010910739467955222), np.float64(0.021929576643291517), np.float64(0.02210782585254265), np.float64(0.017066686552308186), np.float64(0.017684737447380208), np.float64(0.016415595674193324), np.float64(0.02480987747375107), np.float64(0.014577300008147694), np.float64(0.015007610898198569), np.float64(0.014899273712290391), np.float64(0.026194236382599663), np.float64(0.016139588636729898), np.float64(0.016704204826318233), np.float64(0.013167531021274055), np.float64(0.01693896062665959), np.float64(0.013323134242919235), np.float64(0.031632776556270115), np.float64(0.020568803699148076), np.float64(0.030614842123521398), np.float64(0.029114259356430073), np.float64(0.013832311699262856), np.float64(0.022386986511358703), np.float64(0.02121531048793347), np.float64(0.027477664575712362), np.float64(0.017735861530585952), np.float64(0.03073135245026969), np.float64(0.02330345963174354), np.float64(0.03219807615436292), np.float64(0.020828614208721064), np.float64(0.01875058968373978), np.float64(0.029791104531282798), np.float64(0.01888154957161748), np.float64(0.018941388644691796), np.float64(0.0189530028422233), np.float64(0.022909477657538434), np.float64(0.013533906812120876), np.float64(0.018386795438177794), np.float64(0.025778627668561004), np.float64(0.02088003797293488), np.float64(0.015409601289684948), np.float64(0.024588424664020326), np.float64(0.030919213328978082), np.float64(0.02010726172239165), np.float64(0.029324428852952566), np.float64(0.01958761665907055), np.float64(0.024774952124616167), np.float64(0.019978175264068525), np.float64(0.02331625505520328), np.float64(0.02076039300709645), np.float64(0.01872767041128969), np.float64(0.018471595299258996), np.float64(0.014967845635705222), np.float64(0.025623890618998193), np.float64(0.036421304272009056), np.float64(0.01658792614989389), np.float64(0.038020176012171024), np.float64(0.015627193038967868), np.float64(0.02559865941849958), np.float64(0.020986119649326715), np.float64(0.021880818544236284), np.float64(0.02611484203945426), np.float64(0.02629221314581323), np.float64(0.021544825737505963), np.float64(0.028381972915387035), np.float64(0.029009101915825522), np.float64(0.02939161021349291), np.float64(0.023104957197823277), np.float64(0.03550688405031507), np.float64(0.02085591079035167), np.float64(0.023243896815635816), np.float64(0.01681902288083799), np.float64(0.024483533266484222), np.float64(0.023549039491561195), np.float64(0.02492709952620327), np.float64(0.0219914509289249), np.float64(0.027114279925114594), np.float64(0.024877491762689913), np.float64(0.02653348656732496), np.float64(0.0168395878985502), np.float64(0.036126450102459684), np.float64(0.014427478934240309), np.float64(0.02262901650400355), np.float64(0.028967268700781795), np.float64(0.029875423114264978), np.float64(0.020676939911689826), np.float64(0.03202522732780597), np.float64(0.019444798366378132), np.float64(0.04590053316278651), np.float64(0.030481509065023615), np.float64(0.033573065160666354), np.float64(0.028004785128893813), np.float64(0.023744377505079156), np.float64(0.02302452678602982), np.float64(0.0242796988529515), np.float64(0.017908048023172442), np.float64(0.03168038536875835), np.float64(0.030432284397006383), np.float64(0.022644833456926625), np.float64(1.1681915844877369), np.float64(0.026112298649823847), np.float64(0.03955454211469912), np.float64(0.03460227994708772), np.float64(0.03639309923211907), np.float64(0.030278213115509545), np.float64(0.034798739384341804), np.float64(0.017042342722730728), np.float64(0.02307102398863222), np.float64(0.024923143739152095), np.float64(0.0228671317852073), np.float64(0.03174764505163441), np.float64(0.02394886166152632), np.float64(0.0359992007395398), np.float64(0.01965985724113993), np.float64(0.02814165429541896), np.float64(0.01795431286533213), np.float64(0.03572130921497905), np.float64(0.0423244104365544), np.float64(0.03177529995429364), np.float64(0.037915119406777185), np.float64(0.0389760634662582), np.float64(0.028632416483438387), np.float64(0.02452267976306172), np.float64(0.04373125537301527), np.float64(0.026486353497118115), np.float64(0.042031077116000765), np.float64(0.0340004791504102), np.float64(0.025867644656545525), np.float64(0.036476048575493226), np.float64(0.029685912805898076), np.float64(0.035615373771307336), np.float64(0.02479525428207513), np.float64(0.03770167505906332), np.float64(0.03784175569454711), np.float64(0.04316741367216293), np.float64(0.034774135225744275), np.float64(0.0240083140284878), np.float64(0.04308037878576416), np.float64(0.037872486897801934), np.float64(0.03296355237070008), np.float64(0.04313768803700075), np.float64(0.027705014311099584), np.float64(0.03241329267931719), np.float64(0.03693018031882545), np.float64(0.051035464185821014), np.float64(0.04213702900948095), np.float64(0.035504742147869604), np.float64(0.044996189883278866), np.float64(0.0543018949389685), np.float64(0.029273356306665426), np.float64(0.0372436454317454), np.float64(0.028706275104113336), np.float64(0.037823017470512005), np.float64(0.029469852722744792), np.float64(0.04308308811798261), np.float64(0.032247410558543035), np.float64(0.03487341460530052), np.float64(0.030303893571717262), np.float64(0.04006571307681641), np.float64(0.02580764361058489), np.float64(0.0492100889368171), np.float64(0.04239929073247473), np.float64(0.03064515563192409), np.float64(0.04144583546160826), np.float64(0.049545876023233515), np.float64(0.02616004677124025), np.float64(0.044380731351292495), np.float64(0.049969894825707045), np.float64(0.049033295851918464), np.float64(0.04847202461220357), np.float64(0.03287860151066899), np.float64(0.04518016250738771), np.float64(0.04467853323601527), np.float64(0.03459483577984097), np.float64(0.04338549777415499), np.float64(0.05098361419884902), np.float64(0.053728279766811764), np.float64(0.04297950653870183), np.float64(0.040759707303539464), np.float64(0.03676755968524561), np.float64(0.03614712225727767), np.float64(0.042566681136275875), np.float64(0.05379148264723315), np.float64(0.04323083026500291), np.float64(0.04510485147696344), np.float64(0.06657773451703873), np.float64(0.04400390879932884), np.float64(0.05267972457885168), np.float64(0.05511024149090418), np.float64(0.04173233633097663), np.float64(0.03543454800835523), np.float64(0.048537702020245814), np.float64(0.0401342889888815), np.float64(0.0546091115573255), np.float64(0.057937494660610364), np.float64(0.05931104230980893), np.float64(0.04675291349798749), np.float64(0.03790950555900485), np.float64(0.04025920661269046), np.float64(0.04038401700087563), np.float64(0.05547746240982189), np.float64(0.04137567239625299), np.float64(0.03691171404876118), np.float64(0.03260350239380171), np.float64(0.05226732694887949), np.float64(0.0543252282896458), np.float64(0.04413455991010032), np.float64(0.0638496598139533), np.float64(0.049431322191719626), np.float64(0.045538164462752884), np.float64(0.05035347708319028), np.float64(0.06138783817724947), np.float64(0.0689253744712546), np.float64(0.039246951839130656), np.float64(0.04701910529804042), np.float64(0.046912945158712964), np.float64(0.048052763133807866), np.float64(0.06558497758681987), np.float64(0.04065998067070418), np.float64(0.046844754886147054), np.float64(0.06611079374700451), np.float64(0.053893127561599634), np.float64(0.06969693923508333), np.float64(0.0633288968356411), np.float64(0.04457747999934024), np.float64(0.0496616349874454), np.float64(0.05375046126917735), np.float64(0.04704043178081507), np.float64(0.05376072401510843), np.float64(0.054582822057020114), np.float64(0.08330858070831353), np.float64(0.05931565178891616), np.float64(0.05286296332073912), np.float64(0.05704640949905), np.float64(0.056587405683657103), np.float64(0.053486466707805456), np.float64(0.0669897421142651), np.float64(0.05721651994776137), np.float64(0.061620373551155405), np.float64(0.05647332246726483), np.float64(0.054202337726302265), np.float64(0.08054833405834776), np.float64(0.06472100667440592), np.float64(0.07394472682497107), np.float64(0.06115679263956565), np.float64(0.07560937104775636), np.float64(0.05683940500461592), np.float64(0.08714664468703931)], [np.float64(0.005823387405776645), np.float64(0.006525509639940665), np.float64(0.0071640939745799565), np.float64(0.005201059335227111), np.float64(0.005483055676060607), np.float64(0.006186004437155907), np.float64(0.0054805109920411845), np.float64(1.3256541452040778), np.float64(0.007898071730773764), np.float64(1.6850219411086444), np.float64(0.007296131218547301), np.float64(1.1838859646281266), np.float64(2.0467145742457755), np.float64(0.00711860954681625), np.float64(0.004941109349989735), np.float64(0.00552998197158348), np.float64(0.004419305278571321), np.float64(0.005877407527198898), np.float64(0.008238596065276943), np.float64(0.006942219612694136), np.float64(0.007456134689212793), np.float64(0.005528576259087143), np.float64(0.007975992319855898), np.float64(0.005738657923519352), np.float64(2.0125370107015996), np.float64(0.006213541465173398), np.float64(0.005753069336808368), np.float64(1.2565801538319028), np.float64(0.0065659662359475205), np.float64(1.7748757650661415), np.float64(1.5787687544875983), np.float64(0.010275334105075007), np.float64(1.3069463420224816), np.float64(1.867016346631203), np.float64(1.7795409935847684), np.float64(0.004445028268574106), np.float64(0.004603365428323739), np.float64(1.6843519501393516), np.float64(0.004692444548478956), np.float64(0.007572674706076525), np.float64(0.006437020284108906), np.float64(0.007281170683021382), np.float64(0.006254082407508985), np.float64(0.0078348322301298), np.float64(0.007612832646684374), np.float64(1.7808259694512651), np.float64(0.00938916976756378), np.float64(0.005670212629976788), np.float64(0.005756068996084764), np.float64(1.959165820122273), np.float64(0.008220488513139907), np.float64(0.006183501599890779), np.float64(0.00963097407753052), np.float64(0.006464397610760963), np.float64(0.9292229724270492), np.float64(1.3968155094258545), np.float64(0.005421022951945096), np.float64(0.006584173359608297), np.float64(0.007928579943994993), np.float64(1.2278853939309688), np.float64(0.006444556968201838), np.float64(0.008868980221586897), np.float64(1.9760627860947049), np.float64(0.0059430773280692035), np.float64(1.6517506928182843), np.float64(0.0068025203452438815), np.float64(1.5579497484357627), np.float64(1.2612164409349607), np.float64(0.005198103876452033), np.float64(0.008736251222557364), np.float64(0.00660508071177636), np.float64(0.008859453729555418), np.float64(0.006437727857231705), np.float64(2.0312256727044846), np.float64(0.008038064732434812), np.float64(0.008872839081960866), np.float64(1.4194590827002642), np.float64(0.009456158833146064), np.float64(0.007177541715531678), np.float64(1.761706512805741), np.float64(0.008403126422175717), np.float64(1.8955160846518557), np.float64(0.005807377675950949), np.float64(1.3616335478583166), np.float64(1.536202254959577), np.float64(1.3676411483276183), np.float64(0.006736609328023697), np.float64(2.3008474551444498), np.float64(0.009599031820563582), np.float64(0.005520154983207214), np.float64(1.6616102272253046), np.float64(0.0076457196078369835), np.float64(0.009800993842134058), np.float64(0.0065454380076329565), np.float64(0.00494009458471804), np.float64(0.009342444899927712), np.float64(0.006224380023034944), np.float64(1.4906237679266103), np.float64(0.004823904475638811), np.float64(2.085859217118294), np.float64(0.003910209332532982), np.float64(1.785500303920663), np.float64(0.006648739240870602), np.float64(1.9262741610973098), np.float64(0.007642511797403635), np.float64(0.006139504688718945), np.float64(1.4395627172937353), np.float64(0.010098497338816194), np.float64(0.011088560267262024), np.float64(0.007191454535235567), np.float64(2.2423139726439514), np.float64(0.011391747911814467), np.float64(1.6847524257012283), np.float64(0.00929340503542613), np.float64(0.006154793565776681), np.float64(1.2956366494084872), np.float64(0.007413383091429799), np.float64(0.006135942847180737), np.float64(0.009007690276255137), np.float64(0.008803033521609766), np.float64(0.007767484283777049), np.float64(0.007904569119695204), np.float64(1.4319109610112117), np.float64(0.008366487997124103), np.float64(0.006691843343719826), np.float64(0.006605341641979134), np.float64(0.009341953483334173), np.float64(0.006336202611876931), np.float64(0.008274804239877018), np.float64(0.007405584673819528), np.float64(0.007723722719219372), np.float64(1.3303080306106783), np.float64(1.371711968303912), np.float64(0.010176305253820163), np.float64(0.006969857309217594), np.float64(0.005557588166170289), np.float64(0.009692042261294456), np.float64(0.009564929008654082), np.float64(0.009117467680230648), np.float64(1.544086040331048), np.float64(0.007170318245944644), np.float64(0.004054444758869448), np.float64(0.00603292925142159), np.float64(0.006078905703907027), np.float64(0.008797042849876792), np.float64(0.007886072999149061), np.float64(1.206877613866597), np.float64(0.004651016996277767), np.float64(0.006304402534218343), np.float64(0.007257580026630853), np.float64(1.5133380607857247), np.float64(0.005796743933043888), np.float64(0.008151519805965683), np.float64(0.005196485629581125), np.float64(0.006372923208360404), np.float64(1.7090103394069074), np.float64(0.008504645445706567), np.float64(0.00846240293243633), np.float64(0.007577797269595413), np.float64(0.005032261998294657), np.float64(1.478353804526475), np.float64(0.0030446618842897588), np.float64(0.006176821867352829), np.float64(1.5405731149284427), np.float64(0.011032539369990832), np.float64(0.008595916130925925), np.float64(1.2578120696406951), np.float64(0.007535617297082291), np.float64(0.0040872672459203365), np.float64(1.5339795503686795), np.float64(0.008719415898172211), np.float64(0.005869477400373193), np.float64(0.007700895145622482), np.float64(0.005665446411268902), np.float64(0.011591084783355628), np.float64(1.2546076224649798), np.float64(0.007465871215466235), np.float64(0.007343010480324167), np.float64(0.012029676948396746), np.float64(1.5204999955594796), np.float64(0.011744357687929717), np.float64(0.00623449631996727), np.float64(0.008966578414986855), np.float64(1.244097559766075), np.float64(1.6398696799834094), np.float64(1.255668322593698), np.float64(1.3588128487616966), np.float64(0.00603718123707819), np.float64(1.781407954499274), np.float64(0.00866206737809412), np.float64(0.007988295115617987), np.float64(0.006432432475617042), np.float64(0.0044150251173194766), np.float64(0.00651845451813431), np.float64(2.0271530117338896), np.float64(0.006919876371708903), np.float64(0.008612019635140074), np.float64(0.008240914184237069), np.float64(0.007635811342603615), np.float64(0.0037376876976079145), np.float64(0.007601887862410162), np.float64(0.9734738342413464), np.float64(0.003333489067743213), np.float64(1.8551948414550268), np.float64(0.008058608729972546), np.float64(0.00985024852004188), np.float64(0.009473765121011911), np.float64(1.4174245781683281), np.float64(0.005191353131465962), np.float64(0.008515767343441762), np.float64(0.006104482736744616), np.float64(0.00793409495247737), np.float64(1.1494662491052434), np.float64(1.315805090552953), np.float64(0.0072399661122843776), np.float64(0.009699972315482518), np.float64(0.007446561163383276), np.float64(0.012669336194208666), np.float64(0.00516562302631965), np.float64(0.007738327730684369), np.float64(2.146777537274249), np.float64(1.7121615629796239), np.float64(0.007757272592350038), np.float64(1.7869752388108793), np.float64(1.5428035957735275), np.float64(1.0108526358698724), np.float64(0.009811639468598369), np.float64(0.007259318881409001), np.float64(1.3475029801061058), np.float64(0.007461474464154972), np.float64(0.007715110830541397), np.float64(0.009007964316518966), np.float64(0.009098717585971281), np.float64(0.01135448978761812), np.float64(0.010076146319069765), np.float64(1.4875386349635111), np.float64(0.006617826046969663), np.float64(1.5112767686603883), np.float64(0.009518426234750082), np.float64(0.006055607555229193), np.float64(0.00992077437473875), np.float64(0.009434165394788545), np.float64(0.007350145952602792), np.float64(0.007976604351922262), np.float64(0.00919757691337756), np.float64(0.006270503820819843), np.float64(1.2437932320099796), np.float64(0.010156602133154965), np.float64(0.005467979975588864), np.float64(1.371154331024074), np.float64(1.758432816951774), np.float64(0.004020539236186573), np.float64(1.5197804244749702), np.float64(1.606298171511683), np.float64(0.004311136110298404), np.float64(1.5961608713871827), np.float64(0.008907035125261932), np.float64(2.0056755971777656), np.float64(0.012460660023708343), np.float64(0.004427906474700545), np.float64(0.008423521921343791), np.float64(0.010221150905131688), np.float64(0.008075650761037178), np.float64(1.879516132386438), np.float64(0.011040712394416723), np.float64(0.009871625040574223), np.float64(1.42433516593298), np.float64(0.010398985490682652), np.float64(1.2643636998863022), np.float64(0.012523150044471056), np.float64(0.013058691604860392), np.float64(0.007173031334482183), np.float64(0.009666154864527866), np.float64(1.3256432693552926), np.float64(0.007742917622437469), np.float64(1.4976361562481062), np.float64(0.00348553846494564), np.float64(0.007315084143517365), np.float64(0.009441860096612648), np.float64(1.8558771009754447), np.float64(1.4129692437185748), np.float64(0.008062109134536042), np.float64(0.008935695548707968), np.float64(1.8203882185189983), np.float64(0.010053759570370333), np.float64(0.011704025828868715), np.float64(0.008188480867476521), np.float64(0.012189891611484484), np.float64(0.009296430215580609), np.float64(0.010901414698765289), np.float64(0.0042748336133732615), np.float64(0.014247483548811345), np.float64(0.005798016040690356), np.float64(0.006421541852863493), np.float64(2.2919548419938165), np.float64(0.007706106750199102), np.float64(1.68601382611425), np.float64(0.00965186053325809), np.float64(0.004870752630903609), np.float64(0.005347386247740542), np.float64(0.01018902190819122), np.float64(0.006625112054858055), np.float64(0.013758456753746939), np.float64(0.011089713598453914), np.float64(0.007089416019216586), np.float64(1.4800289555802117), np.float64(1.3186878753086198), np.float64(0.005802019643662148), np.float64(0.010140762375202434), np.float64(0.010794898319598767), np.float64(0.009471090891717942), np.float64(1.2542676221735256), np.float64(1.1608671270325217), np.float64(0.008092547611892376), np.float64(0.008466560086427027), np.float64(1.3188665401872655), np.float64(0.008463375698374936), np.float64(0.007724172135413848), np.float64(0.00781328246080935), np.float64(0.008036226784349532), np.float64(1.886747355190894), np.float64(0.012297971358397526), np.float64(0.00802559300754124), np.float64(0.007943584414146741), np.float64(1.0402390522314366), np.float64(0.006670869441127322), np.float64(0.007872111243501585), np.float64(0.007698657321118659), np.float64(0.008177038626251331), np.float64(0.0035509601622402453), np.float64(0.00952630892556623), np.float64(0.008487049287378066), np.float64(0.005129804677403276), np.float64(1.0918657403366236), np.float64(0.011591010414710064), np.float64(0.00888466089311341), np.float64(1.403613995872883), np.float64(0.007871250095251414), np.float64(0.006970507106289402), np.float64(0.008495641302193817), np.float64(0.007257245387004001), np.float64(0.007853046809027367), np.float64(0.007313705165530083), np.float64(1.0136644645234534), np.float64(0.007360644514378539), np.float64(1.6287273177030137), np.float64(1.8464714987624238), np.float64(0.010355612590425093), np.float64(1.509871575039997), np.float64(0.005317833431935943), np.float64(0.005586165130232982), np.float64(0.011939188453515057), np.float64(0.009795083838228188), np.float64(0.007566161262684608), np.float64(0.006125995988229956), np.float64(0.003785606899594829), np.float64(0.010677469314921481), np.float64(0.005793736297080247), np.float64(1.0820311169604468), np.float64(0.01342145790178372), np.float64(0.016654926004670487), np.float64(0.014003146715125337), np.float64(0.012447870045477958), np.float64(0.005735249822325467), np.float64(0.006250434217603281), np.float64(1.4527405859521592), np.float64(0.00655290593106753), np.float64(0.010840131027979405), np.float64(2.2582975977831734), np.float64(0.012707108558241132), np.float64(0.007723716048660417), np.float64(0.014626876209611393), np.float64(0.006851241790270779), np.float64(0.013455611395643637), np.float64(0.010487893844588477), np.float64(0.009498612092885762), np.float64(0.009993640843669823), np.float64(0.0061677153447840674), np.float64(1.6043520597603593), np.float64(1.1865756185382867), np.float64(0.004337233075178179), np.float64(0.01885589658797098), np.float64(0.008741373652147383), np.float64(1.619933218836908), np.float64(0.005827504587612784), np.float64(0.003996636394519013), np.float64(0.01016326303901596), np.float64(0.0039047810946981694), np.float64(0.009968642060159178), np.float64(0.01146055174332207), np.float64(0.00755557741698008), np.float64(0.006809756958972145), np.float64(0.010215266615368803), np.float64(0.006914320282522434), np.float64(1.9536406618286664), np.float64(1.8834215630550157), np.float64(1.4699642956184922), np.float64(0.007102449796925869), np.float64(1.4620634417685576), np.float64(0.009379862501312588), np.float64(0.007282117515172734), np.float64(0.007263443126832967), np.float64(0.009028359410463387), np.float64(0.0042918247942581615), np.float64(0.00645198818504752), np.float64(0.004968943985318989), np.float64(1.1911190352578707), np.float64(0.010445415365051206), np.float64(0.008571592093976454), np.float64(0.0077999499976559306), np.float64(0.005653568061646787), np.float64(0.00849765502650077), np.float64(1.7918932389827338), np.float64(0.0076432870088236175), np.float64(0.009354629400169534), np.float64(0.004150206542017174), np.float64(0.008617232496570688), np.float64(0.0044708851537534865), np.float64(0.011962919015969816), np.float64(2.057073264345765), np.float64(0.0037990812303077136), np.float64(0.005025222532857787), np.float64(1.3656968272417802), np.float64(0.0073562155546215485), np.float64(1.275999240150327), np.float64(0.01177772750395284), np.float64(1.671834580943217), np.float64(0.004437404146371009), np.float64(0.005269465345504851), np.float64(0.010606274624978176), np.float64(0.008338779979591999), np.float64(0.0075914313281442635), np.float64(0.008649840426553302), np.float64(2.159317054510504), np.float64(0.009926202468469588), np.float64(1.5844473285929455), np.float64(1.2033849649370112), np.float64(2.0686400996796177), np.float64(0.010733849312570338), np.float64(0.0054257857703521786), np.float64(0.011125098814973547), np.float64(0.007752403887516363), np.float64(0.007717496654035182), np.float64(0.006068533226692203), np.float64(1.3169667587118914), np.float64(0.008012416343928479), np.float64(0.013257942085253395), np.float64(0.007132381034930596), np.float64(0.007084677831240574), np.float64(0.009939301938125684), np.float64(1.9402178941513866), np.float64(0.01090515748770012), np.float64(0.006476028225842207), np.float64(0.013203570926576216), np.float64(0.005633379343897006), np.float64(1.2507013637549194), np.float64(0.006066930875081285), np.float64(0.010893605431620006), np.float64(0.004247832046295042), np.float64(0.009571710121308127), np.float64(0.010790372041567763), np.float64(0.012102561827675076), np.float64(0.006832031618830996), np.float64(1.9073799304607604), np.float64(1.0663704536557777), np.float64(0.004337895120914492), np.float64(0.007113347430652642), np.float64(0.008703032499439054), np.float64(1.2637334149806891), np.float64(0.01368089598870423), np.float64(0.00720982804624338), np.float64(0.007087668421425112), np.float64(0.006163570272405699), np.float64(0.00948010536107371), np.float64(0.00587187550114576), np.float64(0.009705032136396953), np.float64(0.009028330987988132), np.float64(0.008564826559739606), np.float64(0.012799026418664147), np.float64(0.010151317702062543), np.float64(0.011562157184015357), np.float64(0.0071823826543605356), np.float64(0.010043911405973775), np.float64(0.011870885827566308), np.float64(0.005457224383420939), np.float64(0.00998612639689447), np.float64(1.4078718913136996), np.float64(0.008852555412948365), np.float64(0.007140689982212859), np.float64(1.5555642960395157), np.float64(0.007287386262905682), np.float64(0.011887281751019578), np.float64(0.00851119738332792), np.float64(1.3583184584796069), np.float64(1.6380915383530823), np.float64(0.0053089826700845055), np.float64(0.006392679272486047), np.float64(2.023575129891281), np.float64(0.008829914708705507), np.float64(0.009156272464317527), np.float64(0.009368740266308765), np.float64(0.00694540269019345), np.float64(0.015859347945811456), np.float64(0.0066353418253907144), np.float64(0.012648259869177822), np.float64(0.00661487830649612), np.float64(1.6948575368799097), np.float64(0.007100316214996439), np.float64(0.006680697336403811), np.float64(0.006780315310378395), np.float64(1.7369405482027886), np.float64(0.006214585738807953), np.float64(0.010857701143427304), np.float64(0.007108152661144586), np.float64(0.006690185172461595), np.float64(0.01388705389231217), np.float64(0.004994092798818726), np.float64(0.006058510686413854), np.float64(0.005882380967843745), np.float64(0.012899429681369642), np.float64(2.0254544238910444), np.float64(0.0068298037843000994), np.float64(0.00716737796973272), np.float64(0.00722212789842888), np.float64(0.005121452745268845), np.float64(0.0072400239978592275), np.float64(1.7326959862858764), np.float64(0.0062722888045009225), np.float64(0.013552092275255664), np.float64(0.014014449292099664), np.float64(0.010566286375012475), np.float64(0.010564325030054502), np.float64(0.008953421486406416), np.float64(0.00471160181388393), np.float64(1.1364135011742615), np.float64(0.012558079731777699), np.float64(0.011236140312404717), np.float64(0.011977024480723663), np.float64(0.012321434152173627), np.float64(0.012135963972666163), np.float64(1.3884469439295795), np.float64(0.010632030053820655), np.float64(1.57733444132702), np.float64(0.01405854906251598), np.float64(0.013612942434135992), np.float64(0.012231078864047734), np.float64(1.1781620672717776), np.float64(0.010870150768471863), np.float64(0.013421427217827056), np.float64(0.009422116623939882), np.float64(0.011218044105246468), np.float64(0.010056533237359909), np.float64(0.0062083049356924215), np.float64(0.012766429965435396), np.float64(0.0036198189288533067), np.float64(0.007453657886247985), np.float64(0.00881936479061326), np.float64(1.7216064342028017), np.float64(0.014455581722437624), np.float64(1.1298453888276758), np.float64(0.01020992904768993), np.float64(0.013705178101022014), np.float64(0.007555146050442308), np.float64(0.009507115386801464), np.float64(0.0059290989639855015), np.float64(0.013991021267625872), np.float64(1.1123963104233003), np.float64(1.672026708559301), np.float64(0.01449548826841995), np.float64(0.009483189225273914), np.float64(0.008003547106772632), np.float64(0.015488214846442677), np.float64(1.0158528196365426), np.float64(1.8035960799121786), np.float64(0.00988131167483896), np.float64(0.005161836584929213), np.float64(0.009773321620521915), np.float64(0.010119526250997109), np.float64(0.008144770469791056), np.float64(0.005170115317714243), np.float64(0.011002467720308103), np.float64(0.014955541617175341), np.float64(0.009461507231237133), np.float64(0.011835376430696648), np.float64(1.1088091905069004), np.float64(0.014875640211517141), np.float64(0.010481271123578285), np.float64(0.007465775596642486), np.float64(1.8588562784763834), np.float64(0.009651099928580882), np.float64(0.012389634166979949), np.float64(0.013945136005768249), np.float64(0.011803041666308342), np.float64(0.012721955172604393), np.float64(0.010301908372637334), np.float64(0.011663163454878663), np.float64(0.007766931704951847), np.float64(0.016856201835533616), np.float64(0.017296847454569393), np.float64(0.012364869822486552), np.float64(0.004784018114349657), np.float64(0.013823961718708531), np.float64(0.015028848205083148), np.float64(0.0094426238499388), np.float64(0.00828534292191104), np.float64(1.290474239968589), np.float64(0.010872068196028584), np.float64(0.015174679387698111), np.float64(0.014285598284804557), np.float64(0.0078561591256105), np.float64(0.004435991958228778), np.float64(0.012756910992284543), np.float64(0.014477762609526526), np.float64(0.012002713591049072), np.float64(0.012020127187494505), np.float64(0.00976314418103349), np.float64(0.009979243484710984), np.float64(0.009355493836980816), np.float64(0.008943563164576084), np.float64(0.008956157017033568), np.float64(0.007929772128631355), np.float64(0.012334200033949689), np.float64(0.011336199104073866), np.float64(0.012933322809578625), np.float64(0.012246921845619345), np.float64(0.014539440944540747), np.float64(0.012382127582911047), np.float64(0.010441864520680374), np.float64(0.011269978844575179), np.float64(0.014601722803761645), np.float64(0.01022869261288322), np.float64(0.010306374654996108), np.float64(0.014428145814075706), np.float64(0.015572298808135472), np.float64(0.011246513574284661), np.float64(0.007076583625612309), np.float64(0.009645200394074408), np.float64(0.007837374833270704), np.float64(0.008498450701765685), np.float64(0.011677724444718816), np.float64(0.00934969881573508), np.float64(0.012793201037172193), np.float64(0.010836444795973161), np.float64(0.008087333227154471), np.float64(0.01400777027883512), np.float64(0.008740386067635218), np.float64(0.010987300886566059), np.float64(0.004926299518840988), np.float64(0.009976887505368424), np.float64(0.011710255405317687), np.float64(0.011015342409070967), np.float64(0.01340172323283574), np.float64(0.009697254744896145), np.float64(0.004707429648566858), np.float64(0.011676380343002429), np.float64(0.013662275385807162), np.float64(0.008927781860154476), np.float64(0.013850888858433994), np.float64(0.011894185555780496), np.float64(0.00516100582305059), np.float64(0.004975737510912513), np.float64(1.1418153119497063), np.float64(0.010749402337785203), np.float64(0.008713628892919528), np.float64(0.008611143079772114), np.float64(0.009361269416852872), np.float64(0.01031382870831786), np.float64(0.011963141472795636), np.float64(0.00475995517490515), np.float64(0.011228574035450432), np.float64(0.0053288226810342485), np.float64(0.009107372712407578), np.float64(0.0093044558583602), np.float64(0.012166915184959104), np.float64(1.1202470388612293), np.float64(1.4131245984442211), np.float64(0.011742644584994265), np.float64(0.014825889782547738), np.float64(0.010176673186944122), np.float64(0.013590243554805148), np.float64(0.011882073201894666), np.float64(0.008667433509211888), np.float64(0.009682358540522608), np.float64(0.005537163034136509), np.float64(0.012258420354272626), np.float64(1.4667896486607035), np.float64(0.01753580102163963), np.float64(0.01207891789743763), np.float64(0.012925298006035603), np.float64(1.2073666735509947), np.float64(0.00845484378226097), np.float64(0.013307093502726616), np.float64(0.0131464910591537), np.float64(0.010249761456614872), np.float64(0.021356890239289984), np.float64(1.3509083832338957), np.float64(0.015150278926205792), np.float64(0.013799911901781892), np.float64(1.1867319852634393), np.float64(0.011482753491408615), np.float64(0.005891520628012485), np.float64(0.016325981395555727), np.float64(0.013739466539103263), np.float64(1.4520049426009989), np.float64(0.014375656468569349), np.float64(0.0056998877014283415), np.float64(0.015302912577908343), np.float64(1.4826405973264232), np.float64(0.013939843819012645), np.float64(0.00520585434051921), np.float64(0.01412332313997511), np.float64(0.017872756221904186), np.float64(0.012699962659613203), np.float64(0.01711218357438187), np.float64(0.019595039223663558), np.float64(0.014538218201529745), np.float64(0.013965531956814381), np.float64(0.0053977765626538), np.float64(0.016071951455255057), np.float64(0.01625376685903437), np.float64(1.4557819743420308), np.float64(0.015735987795751156), np.float64(0.022927260328282052), np.float64(0.014517802568594801), np.float64(0.0203992638325066), np.float64(0.015577102180290547), np.float64(0.013785794698284086), np.float64(0.014826571104289855), np.float64(0.018277542715069747), np.float64(0.019711953092468447), np.float64(0.016496728383964827), np.float64(0.01379171633167354), np.float64(0.009801811519576473), np.float64(0.009797577988091765), np.float64(0.023353854258408063), np.float64(0.01293526736880279), np.float64(0.015562829838554811), np.float64(0.017354441915825723), np.float64(0.019950548504390174), np.float64(1.1156137756228928), np.float64(0.016963668180663707), np.float64(0.012617808905865975), np.float64(0.01887417713856291), np.float64(0.015519977424229716), np.float64(0.016178885179125323), np.float64(0.016330476435051353), np.float64(0.019529917880841473), np.float64(0.01657628982329894), np.float64(0.021229905162917118), np.float64(0.021640894449971693), np.float64(0.010918007871617168), np.float64(0.018132233410030448), np.float64(1.157308883049011), np.float64(0.014323467399098478), np.float64(0.01754562245831803), np.float64(0.014131091628418292), np.float64(0.020703997509600853), np.float64(0.01724812361060179), np.float64(0.015959549767069665), np.float64(0.011570710045702128), np.float64(0.01870933362559489), np.float64(0.01934932535263076), np.float64(0.011900457169919585), np.float64(0.016184668551376204), np.float64(0.01959191739402187), np.float64(0.023220079676738035), np.float64(0.02140836690213572), np.float64(0.017962528194860543), np.float64(0.008433691968742028), np.float64(0.01728653981009436), np.float64(0.02703474876217352), np.float64(0.015502153513762199), np.float64(0.024370762642505504), np.float64(0.01828231155866796), np.float64(0.01833106157155935), np.float64(0.016502884416421375), np.float64(0.01667912176496485), np.float64(0.015338999708758164), np.float64(0.012705187577062764), np.float64(0.02101901147680279), np.float64(0.014269075477595539), np.float64(1.238845566931333), np.float64(0.016424210190249793), np.float64(0.020480292669965195), np.float64(0.020930709917796584), np.float64(0.020857753897535657), np.float64(0.02231411851078071), np.float64(0.019505134316673802), np.float64(0.01753055627853757), np.float64(1.0296367139499936), np.float64(0.014576408224238384), np.float64(0.017150156908740364), np.float64(0.01964997257385809), np.float64(0.026396779751591774), np.float64(0.009834982874740116), np.float64(0.017085156912079704), np.float64(0.00993132131518226), np.float64(0.01401705155668311), np.float64(0.01995377598304628), np.float64(0.03278422245695152), np.float64(0.01645913560369276), np.float64(0.022133106029277184), np.float64(1.151479953495691), np.float64(0.020821997876996907), np.float64(0.014230135194895169), np.float64(0.021367715746984112), np.float64(0.025522374111541898), np.float64(0.020111429883283082), np.float64(0.017797860836358613), np.float64(0.024595379674900504), np.float64(0.014337156583247143), np.float64(0.01856346350772558), np.float64(0.025465591069278027), np.float64(0.019721545254146756), np.float64(0.01564183117035707), np.float64(0.020540642090071372), np.float64(0.014824140259988145), np.float64(0.020769717277009974), np.float64(0.01997440205859597), np.float64(0.02390722468164979), np.float64(0.01840756310126278), np.float64(0.02402743692989243), np.float64(0.012953535506576332), np.float64(0.020680666884281614), np.float64(0.013064188625698534), np.float64(0.019638037958939977), np.float64(0.02230718059227043), np.float64(0.02229407940349531), np.float64(0.02220587254746513), np.float64(0.01860159415293774), np.float64(0.018280581258303476), np.float64(0.014397304449060816), np.float64(1.2240138535104867), np.float64(0.013772278635425931), np.float64(0.01819688363934456), np.float64(0.013310020303491533), np.float64(0.018452052964980002), np.float64(0.024327132613636435), np.float64(0.01577570317944415), np.float64(0.025996069661282758), np.float64(0.01738250588663551), np.float64(0.02170777632634383), np.float64(0.015234982464059148), np.float64(0.020955288311985343), np.float64(0.025080906652897157), np.float64(0.025290421522308197), np.float64(0.02381715463735644), np.float64(0.02691108431034228), np.float64(0.014853611040346758), np.float64(1.2037609416435102), np.float64(0.012275980481935738), np.float64(0.018730517877436726), np.float64(0.017036108350880902), np.float64(0.015020329126912561), np.float64(0.03329192010342935), np.float64(0.02263112683964056), np.float64(0.023140395741659554), np.float64(0.014743934537855682), np.float64(0.01846549895650111), np.float64(0.03263844811345095), np.float64(0.0146511725686649), np.float64(0.02961619982172133), np.float64(0.015205438872773269), np.float64(0.02316329519764436), np.float64(0.02283957305920292), np.float64(0.03105574836854452), np.float64(0.026155289042982175), np.float64(0.01764679628479216), np.float64(0.020772193828585035), np.float64(0.015484983119447907), np.float64(0.02664596487477613), np.float64(0.02723152887752786), np.float64(0.03146187081442827), np.float64(0.020171758573502018), np.float64(0.0152317333737969), np.float64(0.022523155906494587), np.float64(0.020182697791309965), np.float64(0.0288388394649073), np.float64(0.017477856913903828), np.float64(0.025861404917555602), np.float64(0.03272164582323164), np.float64(0.02469931755485247), np.float64(0.017311567758415868), np.float64(0.018212630052729214), np.float64(0.02428461006807052), np.float64(0.01302181388751645), np.float64(0.022657558075827772), np.float64(0.03674145179150645), np.float64(0.018653303136132383), np.float64(0.028411833678904534), np.float64(0.02153819022763734), np.float64(0.02175871994635575), np.float64(0.03379903042063039), np.float64(0.03090985131004971), np.float64(0.031395499998547155), np.float64(0.02236100868981239), np.float64(0.03080587290559432), np.float64(0.0196687277027206), np.float64(0.02643162524435765), np.float64(0.02822262697888873), np.float64(0.026917661456974305), np.float64(0.03724556100200082), np.float64(0.030342458791193728), np.float64(0.027610018450807666), np.float64(0.020055385692210683), np.float64(0.03448162589318893), np.float64(0.031732129914048314), np.float64(0.03147123775879165), np.float64(0.017731845398331433), np.float64(0.03137305933163651), np.float64(0.03341719268680336), np.float64(0.03351184438789107), np.float64(0.024470716381591408), np.float64(0.01935900189644754), np.float64(0.02455063721172384), np.float64(0.0234692267517559), np.float64(0.02929530652850054), np.float64(0.028794030478913844), np.float64(0.036403854913297944), np.float64(0.03338318009273664), np.float64(0.03839710693557605), np.float64(0.022581822291994534), np.float64(0.02604487864983233), np.float64(0.029365593083598096), np.float64(0.041202973198573314), np.float64(0.02831320400580521), np.float64(0.03236847959294489), np.float64(0.02703957709115382), np.float64(0.030801079559477217), np.float64(0.03043864513787738), np.float64(0.03646988955910457), np.float64(0.02730135253231232), np.float64(0.03315300732909128), np.float64(0.01978423449813656), np.float64(0.027719261506128624), np.float64(0.035872587838975685), np.float64(0.03179053414100728), np.float64(0.02456657636773771), np.float64(0.03713244827996542), np.float64(0.0320917652307909), np.float64(0.03139691344590504), np.float64(0.040148728727105384), np.float64(0.0429290805408605), np.float64(0.038279651528597684), np.float64(0.033486419916464914), np.float64(0.030309363338353976), np.float64(0.02384970357676012), np.float64(0.03811670016637914), np.float64(0.04512598531189234), np.float64(0.022356494211549872), np.float64(0.034910251870581555), np.float64(0.02987522266324018), np.float64(0.022624492001705004), np.float64(0.03322486745022498), np.float64(0.04052283509839469), np.float64(0.042495062046603714), np.float64(0.044905645865468385), np.float64(0.03899183822197327), np.float64(0.03205707270098612), np.float64(0.033549957024360734), np.float64(0.043454478565074714), np.float64(0.04194973593746839), np.float64(0.030517370330008262), np.float64(0.028886281619911955), np.float64(0.02540394674411263), np.float64(0.02493629580509536), np.float64(0.04281387162184047), np.float64(0.04152561358580699), np.float64(0.03991541498744708), np.float64(0.033856400399450134), np.float64(0.04274938116691554), np.float64(0.030565452595265913), np.float64(0.04316568320732804), np.float64(0.04526728668442722), np.float64(0.03868580593038867), np.float64(0.02425722636670839), np.float64(0.03003558846262113), np.float64(0.049461008940092074), np.float64(0.053052363533383065), np.float64(0.04552786930296189), np.float64(0.03793736332147119), np.float64(0.046330040394200585), np.float64(0.033817846817783374), np.float64(0.046722504028912766), np.float64(0.05088042196376996), np.float64(0.05652492639726287), np.float64(0.030967206974743283), np.float64(0.0508261559589039), np.float64(0.03564820378269749), np.float64(0.04865413403771303), np.float64(0.039596548743968576), np.float64(0.03748710329508), np.float64(0.05613959431491361), np.float64(0.05412779383551081), np.float64(0.06356721803136758), np.float64(0.058743425193132144), np.float64(0.05606734482550965), np.float64(0.04890384024121761), np.float64(0.05970932275463656), np.float64(0.030620942939259547)]]"
11,100000,12,14243.928374712088,157.7258948802948,1054294.4320321602,1000.0,False,-1.0598268496280105,"[[np.float64(3.5768334010660036e-11), np.float64(4.754082873389563e-11), np.float64(4.959995067120843e-11), np.float64(5.010894650840381e-11), np.float64(4.545908192001452e-11), np.float64(3.1615031536894796e-11), np.float64(3.623612678294528e-11), np.float64(4.980059038799219e-11), np.float64(3.211099386050969e-11), np.float64(3.7155178208535004e-11), np.float64(4.608344330472029e-11), np.float64(4.4481475216803667e-11), np.float64(4.160260785665745e-11), np.float64(3.211140339018742e-11), np.float64(5.3742532426071784e-11), np.float64(3.5897744161614e-11), np.float64(3.3775676801774856e-11), np.float64(4.2629617082019796e-11), np.float64(5.123380542287435e-11), np.float64(3.623495984551139e-11), np.float64(3.134715311608486e-11), np.float64(4.186270483578666e-11), np.float64(3.29006729230056e-11), np.float64(4.365523343891949e-11), np.float64(4.203586834676357e-11), np.float64(3.651952689049578e-11), np.float64(3.601231854101638e-11), np.float64(4.650606123415083e-11), np.float64(3.558348939321283e-11), np.float64(3.247812582653742e-11), np.float64(4.262815623431266e-11), np.float64(3.586621373503408e-11), np.float64(4.673226268067885e-11), np.float64(2.8614479710980218e-11), np.float64(3.6687017760541e-11), np.float64(4.243521038175713e-11), np.float64(3.9546958918066427e-11), np.float64(4.5306058938173396e-11), np.float64(3.614388650087169e-11), np.float64(3.927713421747552e-11), np.float64(4.7779809439594256e-11), np.float64(3.811947011283047e-11), np.float64(3.732818520627944e-11), np.float64(3.732986246168164e-11), np.float64(3.9080869019293464e-11), np.float64(3.469261305722972e-11), np.float64(3.45861759222008e-11), np.float64(3.240699576158234e-11), np.float64(5.123342109785209e-11), np.float64(5.1231144805321946e-11), np.float64(3.234295539187222e-11), np.float64(3.0226507878508024e-11), np.float64(3.4255589277190905e-11), np.float64(4.77768584975484e-11), np.float64(3.587901309594018e-11), np.float64(3.812036389251892e-11), np.float64(3.6670630022216206e-11), np.float64(3.7813740669409194e-11), np.float64(4.241640622188019e-11), np.float64(4.60853563525648e-11), np.float64(4.331924647023382e-11), np.float64(3.6829593376156637e-11), np.float64(3.247737041647035e-11), np.float64(5.658435500195152e-11), np.float64(3.210997072184399e-11), np.float64(3.45860915933853e-11), np.float64(3.614321505262656e-11), np.float64(5.692280365456922e-11), np.float64(4.777549222515268e-11), np.float64(4.275790153745321e-11), np.float64(3.6236456070654025e-11), np.float64(3.113959468463221e-11), np.float64(3.535163694726257e-11), np.float64(4.8731351829944476e-11), np.float64(3.755811972510184e-11), np.float64(3.422167268932832e-11), np.float64(4.9601240556375717e-11), np.float64(5.210156619695362e-11), np.float64(3.211196618322844e-11), np.float64(3.5629876757396196e-11), np.float64(3.377773919221636e-11), np.float64(2.9097713099037065e-11), np.float64(4.104938503688159e-11), np.float64(3.668795237953996e-11), np.float64(3.562867145446597e-11), np.float64(3.652025401809478e-11), np.float64(3.780792410211578e-11), np.float64(3.4427034958876126e-11), np.float64(3.469223397495651e-11), np.float64(3.24788247995059e-11), np.float64(3.643057764289838e-11), np.float64(3.8039003132479016e-11), np.float64(3.675872695158395e-11), np.float64(3.623554154489088e-11), np.float64(3.2580643370818925e-11), np.float64(4.802798815037303e-11), np.float64(3.986255555821145e-11), np.float64(3.558610977202612e-11), np.float64(4.266941604068893e-11), np.float64(3.2481385186916515e-11), np.float64(3.963712908710789e-11), np.float64(3.921250268096311e-11), np.float64(4.60809949961827e-11), np.float64(3.62369825881692e-11), np.float64(4.9598953514502313e-11), np.float64(3.833317697558863e-11), np.float64(3.623534415130623e-11), np.float64(3.715562568094489e-11), np.float64(4.179367036678091e-11), np.float64(4.241519888978271e-11), np.float64(4.7470472556563816e-11), np.float64(4.6307768573713555e-11), np.float64(3.310148080298885e-11), np.float64(3.3568197685048216e-11), np.float64(3.537986658132433e-11), np.float64(3.4487305451607505e-11), np.float64(3.9638146561032233e-11), np.float64(3.524566011863483e-11), np.float64(4.959906915404338e-11), np.float64(3.596878141989324e-11), np.float64(3.674053291995285e-11), np.float64(2.819827752871884e-11), np.float64(4.192959116071686e-11), np.float64(4.725084008619843e-11), np.float64(4.3654197256421e-11), np.float64(3.602362268779639e-11), np.float64(5.69224623869824e-11), np.float64(3.5968114368766684e-11), np.float64(5.6584946672030764e-11), np.float64(4.938146837511853e-11), np.float64(3.5226584148668683e-11), np.float64(4.3603377838601794e-11), np.float64(5.51729765346403e-11), np.float64(4.1927969780931065e-11), np.float64(4.9742337601951454e-11), np.float64(4.042739212988263e-11), np.float64(3.134686513601727e-11), np.float64(4.268455148416988e-11), np.float64(4.980116835207169e-11), np.float64(4.19133363697829e-11), np.float64(3.153541517189321e-11), np.float64(3.499482913068878e-11), np.float64(3.69730811209957e-11), np.float64(3.6142735854194676e-11), np.float64(3.681223580837879e-11), np.float64(3.6171622619638285e-11), np.float64(3.623335875246558e-11), np.float64(4.4730048911499804e-11), np.float64(3.469193945807832e-11), np.float64(4.960067307743077e-11), np.float64(4.778104294657543e-11), np.float64(4.7544636656815346e-11), np.float64(3.258193204223864e-11), np.float64(4.438260748565752e-11), np.float64(4.006398192852944e-11), np.float64(3.2098017335469544e-11), np.float64(4.959733189093322e-11), np.float64(3.558660045617911e-11), np.float64(4.268924546835276e-11), np.float64(3.5627515872999185e-11), np.float64(4.1861261697959494e-11), np.float64(4.41396312047134e-11), np.float64(3.7350245211311525e-11), np.float64(4.364254530030646e-11), np.float64(4.118466064342812e-11), np.float64(4.746832391954483e-11), np.float64(3.780683229159531e-11), np.float64(3.8333064067862534e-11), np.float64(3.473125762825457e-11), np.float64(4.3245033872653395e-11), np.float64(3.81749442774911e-11), np.float64(3.562864649722552e-11), np.float64(3.5001554547392135e-11), np.float64(3.2484116044338185e-11), np.float64(4.3640154403875376e-11), np.float64(3.558673662863649e-11), np.float64(3.2088864712404e-11), np.float64(4.365363823255551e-11), np.float64(4.363783467414572e-11), np.float64(4.778024904168621e-11), np.float64(3.8176302363313754e-11), np.float64(5.169139083553103e-11), np.float64(3.5628721776765533e-11), np.float64(3.639647625761163e-11), np.float64(5.069597198499426e-11), np.float64(3.614320057165889e-11), np.float64(4.803020011860497e-11), np.float64(3.558539310870267e-11), np.float64(3.590515738838204e-11), np.float64(3.448888386054103e-11), np.float64(5.068536489162027e-11), np.float64(4.198910621925126e-11), np.float64(3.290487541530886e-11), np.float64(3.59696104711684e-11), np.float64(4.024653807982248e-11), np.float64(3.505685445779413e-11), np.float64(3.614212376796317e-11), np.float64(5.279716021205706e-11), np.float64(4.712518762332034e-11), np.float64(3.9861984736509475e-11), np.float64(3.4491024633893026e-11), np.float64(3.23684161793778e-11), np.float64(3.522388056909681e-11), np.float64(3.614324909060212e-11), np.float64(3.5351854418527705e-11), np.float64(3.86175190023316e-11), np.float64(3.6689260982805524e-11), np.float64(3.2958835714114175e-11), np.float64(4.2668797148728376e-11), np.float64(3.7113053277255994e-11), np.float64(4.080506193787707e-11), np.float64(4.725211576001824e-11), np.float64(3.643046624465713e-11), np.float64(5.584256498022591e-11), np.float64(5.2670794053217276e-11), np.float64(3.682939966831465e-11), np.float64(4.408126637590701e-11), np.float64(2.021930195502018e-11), np.float64(3.153671925499367e-11), np.float64(3.448816955308726e-11), np.float64(3.211243237473465e-11), np.float64(4.18607605228583e-11), np.float64(3.4868898353640594e-11), np.float64(4.3599312209712535e-11), np.float64(3.209381768724678e-11), np.float64(5.170739343740552e-11), np.float64(5.123231951134905e-11), np.float64(4.16006012371893e-11), np.float64(3.697211919048432e-11), np.float64(4.814490718538082e-11), np.float64(4.6864023718006785e-11), np.float64(3.735047612470952e-11), np.float64(3.623519481993016e-11), np.float64(4.546009554693578e-11), np.float64(3.3004704479717325e-11), np.float64(4.753916249749148e-11), np.float64(3.986954208293385e-11), np.float64(4.332196489872945e-11), np.float64(4.618761315489509e-11), np.float64(3.280101584616813e-11), np.float64(3.728072835406932e-11), np.float64(4.909010538078996e-11), np.float64(3.69040893565972e-11), np.float64(5.584303767618101e-11), np.float64(3.755928642694974e-11), np.float64(3.586742439992902e-11), np.float64(3.986106701320273e-11), np.float64(3.258170237017929e-11), np.float64(3.677587193625332e-11), np.float64(3.987256645145032e-11), np.float64(3.715718728692217e-11), np.float64(3.335171171172139e-11), np.float64(3.7001748088732604e-11), np.float64(2.8789264256232068e-11), np.float64(3.113776262253756e-11), np.float64(3.643028547694523e-11), np.float64(3.8616083647164817e-11), np.float64(3.659207082682178e-11), np.float64(3.728536277795031e-11), np.float64(4.546015020151452e-11), np.float64(5.915528329503144e-11), np.float64(3.505865728389571e-11), np.float64(4.205029452291438e-11), np.float64(3.2799878888744744e-11), np.float64(3.5583519298315874e-11), np.float64(5.220309682826153e-11), np.float64(3.728505032119265e-11), np.float64(4.414170319036413e-11), np.float64(5.657912702115098e-11), np.float64(3.535117992322111e-11), np.float64(4.20515124733511e-11), np.float64(3.504347217338317e-11), np.float64(3.5351593640002366e-11), np.float64(4.2415354220251256e-11), np.float64(4.9604692634549366e-11), np.float64(3.7282934370343126e-11), np.float64(3.690522977685756e-11), np.float64(3.993715078128148e-11), np.float64(3.155568518366021e-11), np.float64(4.307493598611606e-11), np.float64(4.873596942059071e-11), np.float64(3.255496252324057e-11), np.float64(3.5249104159456086e-11), np.float64(3.596938911644335e-11), np.float64(4.2628595891132455e-11), np.float64(4.365401108781106e-11), np.float64(4.079365163626361e-11), np.float64(3.755918331910896e-11), np.float64(3.755938590555549e-11), np.float64(3.5351726603127926e-11), np.float64(4.783056545158556e-11), np.float64(3.643199729187825e-11), np.float64(3.8617405266973156e-11), np.float64(4.504857656418729e-11), np.float64(3.718727826717944e-11), np.float64(3.2580715937222774e-11), np.float64(3.562843667070827e-11), np.float64(4.269159756277883e-11), np.float64(3.558636333576732e-11), np.float64(3.5467840112356364e-11), np.float64(3.209727714438176e-11), np.float64(3.652054208465639e-11), np.float64(4.9569886543505395e-11), np.float64(3.3218976429969335e-11), np.float64(4.4691289735957006e-11), np.float64(3.469232455776558e-11), np.float64(3.81117549919955e-11), np.float64(4.7779443448319313e-11), np.float64(3.869883654657154e-11), np.float64(3.596987399413049e-11), np.float64(5.009305137578889e-11), np.float64(5.0695577775319687e-11), np.float64(3.86515830945701e-11), np.float64(3.7560326039586846e-11), np.float64(4.959718967365451e-11), np.float64(4.4381686468840456e-11), np.float64(4.185979964215883e-11), np.float64(3.5727813249757253e-11), np.float64(4.438279104258405e-11), np.float64(3.700302358131438e-11), np.float64(3.61435734505961e-11), np.float64(4.179050455801751e-11), np.float64(5.1229063411335156e-11), np.float64(3.732882525273669e-11), np.float64(5.6292742917025416e-11), np.float64(3.643175791617137e-11), np.float64(3.211204313725416e-11), np.float64(3.8618600961572205e-11), np.float64(4.504998747553924e-11), np.float64(3.589921452741083e-11), np.float64(4.20504613830687e-11), np.float64(4.712104792177167e-11), np.float64(4.03813687937485e-11), np.float64(4.778547505370025e-11), np.float64(4.363997282154135e-11), np.float64(5.384567486001637e-11), np.float64(3.75586671573155e-11), np.float64(3.67771788376592e-11), np.float64(3.908392439700695e-11), np.float64(3.78174555428521e-11), np.float64(3.553091504987818e-11), np.float64(3.4895187456889674e-11), np.float64(4.331974490211282e-11), np.float64(3.356749789470723e-11), np.float64(3.730082267234973e-11), np.float64(5.123120794657318e-11), np.float64(3.673727324415531e-11), np.float64(3.6235262110244565e-11), np.float64(2.5648752394059383e-11), np.float64(3.7806244546635386e-11), np.float64(3.643110721054869e-11), np.float64(5.923105202233925e-11), np.float64(3.4892570450795506e-11), np.float64(3.135228777391506e-11), np.float64(3.987103622079214e-11), np.float64(4.1155741185301964e-11), np.float64(3.377663182779398e-11), np.float64(3.690500326783782e-11), np.float64(4.8959456120624034e-11), np.float64(4.1794933523653895e-11), np.float64(4.248984759517623e-11), np.float64(3.4234051840844816e-11), np.float64(4.9598337541106335e-11), np.float64(4.024503145614419e-11), np.float64(3.2896133636018205e-11), np.float64(4.9190815576275044e-11), np.float64(3.535046402123222e-11), np.float64(4.473055364328785e-11), np.float64(4.9599293385406693e-11), np.float64(4.332221962711459e-11), np.float64(3.105856803157432e-11), np.float64(3.781437329726906e-11), np.float64(5.4099187016499185e-11), np.float64(4.2990374718331535e-11), np.float64(3.6842074726745965e-11), np.float64(4.5474876362647835e-11), np.float64(4.959826674860616e-11), np.float64(4.241610819649219e-11), np.float64(3.4488607184969714e-11), np.float64(3.134633775261742e-11), np.float64(3.677646411303648e-11), np.float64(4.299083401422468e-11), np.float64(3.6973195424901043e-11), np.float64(4.896012421365931e-11), np.float64(3.6521163811103556e-11), np.float64(3.450355405886976e-11), np.float64(3.66886680152302e-11), np.float64(4.2625807848151886e-11), np.float64(3.4408891124404765e-11), np.float64(5.06967929621041e-11), np.float64(4.8412616770152986e-11), np.float64(3.7329078870504604e-11), np.float64(4.9798302720938324e-11), np.float64(2.8198043554855744e-11), np.float64(3.596833402550664e-11), np.float64(4.746960329713892e-11), np.float64(3.602201128019495e-11), np.float64(3.690397458822935e-11), np.float64(5.1232246903633774e-11), np.float64(2.5854335318631453e-11), np.float64(4.1820238931932315e-11), np.float64(3.9830992307333765e-11), np.float64(4.160078504777221e-11), np.float64(5.237968984330832e-11), np.float64(3.132473614466974e-11), np.float64(4.4381272771115484e-11), np.float64(3.458724582166116e-11), np.float64(4.778122093475816e-11), np.float64(4.5220751880004645e-11), np.float64(4.5457312489850106e-11), np.float64(3.4991818517341286e-11), np.float64(3.7527982281073895e-11), np.float64(3.6396236584771505e-11), np.float64(3.4891860273258045e-11), np.float64(3.5727540322160725e-11), np.float64(4.3294387704568185e-11), np.float64(3.4728914673100535e-11), np.float64(3.5350774607440994e-11), np.float64(3.582100270769151e-11), np.float64(4.4095143077397276e-11), np.float64(3.258194746697014e-11), np.float64(3.562882340044704e-11), np.float64(3.522577192690435e-11), np.float64(4.9597892555129194e-11), np.float64(4.2086671251812375e-11), np.float64(3.472985452207462e-11), np.float64(4.95991309491938e-11), np.float64(3.5627693097174384e-11), np.float64(3.667323539453111e-11), np.float64(3.535224888824734e-11), np.float64(3.5789818660947674e-11), np.float64(3.623461061430489e-11), np.float64(4.266904193058662e-11), np.float64(3.677578992244869e-11), np.float64(5.123316953445832e-11), np.float64(3.838912254537729e-11), np.float64(3.4729614358498316e-11), np.float64(3.908283152497236e-11), np.float64(3.667012262007668e-11), np.float64(3.4088027743377465e-11), np.float64(3.9656022100630457e-11), np.float64(3.643174091093808e-11), np.float64(3.211226235519839e-11), np.float64(4.9046006854461045e-11), np.float64(5.0828301301609505e-11), np.float64(3.987228262967093e-11), np.float64(3.697288583085035e-11), np.float64(3.25816092409801e-11), np.float64(3.5245977249715615e-11), np.float64(3.623436461350045e-11), np.float64(3.3777040179898034e-11), np.float64(3.72854252896885e-11), np.float64(3.6906613258936116e-11), np.float64(3.6431155127330753e-11), np.float64(3.704835309749792e-11), np.float64(3.6592584216936554e-11), np.float64(3.553177900454332e-11), np.float64(3.500312396307586e-11), np.float64(3.469264459809107e-11), np.float64(3.6235843491139956e-11), np.float64(3.8974331325389907e-11), np.float64(3.697335180511407e-11), np.float64(3.586833908256371e-11), np.float64(3.58671255455365e-11), np.float64(3.247839011605597e-11), np.float64(4.160389749629792e-11), np.float64(5.545102472077037e-11), np.float64(4.484331784521406e-11), np.float64(3.3439721971614397e-11), np.float64(3.608199912139901e-11), np.float64(3.240731931015656e-11), np.float64(3.6688863388453936e-11), np.float64(3.9859140771545976e-11), np.float64(4.960106869221924e-11), np.float64(4.3638256725458386e-11), np.float64(5.1705872457804225e-11), np.float64(3.7814459145468815e-11), np.float64(3.629684418261783e-11), np.float64(5.583964821580089e-11), np.float64(5.1233528241965213e-11), np.float64(3.6841052331590586e-11), np.float64(4.051459421797967e-11), np.float64(3.107553017247451e-11), np.float64(2.9337038876492456e-11), np.float64(4.360067635177897e-11), np.float64(5.170917242219176e-11), np.float64(5.692504251176286e-11), np.float64(4.241633942200221e-11), np.float64(3.75590398734524e-11), np.float64(3.965294677812874e-11), np.float64(4.1018289318125604e-11), np.float64(5.7864417745121496e-11), np.float64(3.608183758089479e-11), np.float64(3.2111846838340157e-11), np.float64(4.363813369182722e-11), np.float64(5.06825016259885e-11), np.float64(3.6525279977634456e-11), np.float64(3.9871294812760506e-11), np.float64(3.623378648653748e-11), np.float64(3.643053708919062e-11), np.float64(5.5174939207162954e-11), np.float64(3.448732846937217e-11), np.float64(3.7557756700649186e-11), np.float64(3.7560164638908484e-11), np.float64(3.8971670804825504e-11), np.float64(3.697309498825735e-11), np.float64(3.558598295635947e-11), np.float64(3.422106903712602e-11), np.float64(3.62137052259277e-11), np.float64(4.4693464277924226e-11), np.float64(3.5180501261542354e-11), np.float64(3.535151333000867e-11), np.float64(3.7328356328808245e-11), np.float64(3.582056924980148e-11), np.float64(3.5535008314273575e-11), np.float64(3.637031737476656e-11), np.float64(5.583914803254509e-11), np.float64(3.2194979530598267e-11), np.float64(3.4331995399623944e-11), np.float64(3.668651828720755e-11), np.float64(3.065219665666861e-11), np.float64(3.6590598670573476e-11), np.float64(4.365469253844249e-11), np.float64(3.8655041946119064e-11), np.float64(4.0139711523972865e-11), np.float64(3.7286785171187884e-11), np.float64(3.1553154704107326e-11), np.float64(4.269001085688566e-11), np.float64(3.6972813544322226e-11), np.float64(3.755991098979583e-11), np.float64(4.9045106272363266e-11), np.float64(2.4771605704348458e-11), np.float64(3.61423105895575e-11), np.float64(4.3654470680009654e-11), np.float64(3.1059145562256994e-11), np.float64(4.5050354497325476e-11), np.float64(3.614261144603196e-11), np.float64(4.949070961379897e-11), np.float64(3.5585898715147594e-11), np.float64(3.584038054205587e-11), np.float64(3.524655102524585e-11), np.float64(3.3568472232328225e-11), np.float64(4.4288953996125577e-11), np.float64(3.356913110202951e-11), np.float64(4.3891453165426314e-11), np.float64(4.089883412323124e-11), np.float64(3.586747951923283e-11), np.float64(3.6596666841529646e-11), np.float64(2.819841603870639e-11), np.float64(3.781710006681832e-11), np.float64(3.4501118034298885e-11), np.float64(2.8788423510916796e-11), np.float64(3.6431308799045094e-11), np.float64(4.959470405719095e-11), np.float64(3.4425111803822744e-11), np.float64(5.5173978861913846e-11), np.float64(3.356836719163363e-11), np.float64(3.276842764141704e-11), np.float64(3.668873143104326e-11), np.float64(4.919191400218629e-11), np.float64(3.596821318333042e-11), np.float64(4.1790649188388845e-11), np.float64(5.517591904000656e-11), np.float64(3.356792968862459e-11), np.float64(3.5726883016240973e-11), np.float64(4.262939037673456e-11), np.float64(3.7815842096548756e-11), np.float64(3.290056336211932e-11), np.float64(3.690665797667447e-11), np.float64(3.666965687386409e-11), np.float64(3.25810025649841e-11), np.float64(3.4406635108676117e-11), np.float64(4.856403373171901e-11), np.float64(3.579313377298364e-11), np.float64(3.6905576893136606e-11), np.float64(4.531587985818799e-11), np.float64(3.697321377107719e-11), np.float64(3.7711546830565176e-11), np.float64(5.170824441526604e-11), np.float64(3.7351442706418697e-11), np.float64(3.8035515903238236e-11), np.float64(3.8989993763093995e-11), np.float64(3.781794460756055e-11), np.float64(2.8199280570342326e-11), np.float64(3.6589527678865266e-11), np.float64(4.168510098875589e-11), np.float64(3.6840660266120455e-11), np.float64(4.959586869041506e-11), np.float64(3.469389266904583e-11), np.float64(3.4488814866794e-11), np.float64(3.6522948066465664e-11), np.float64(3.682826440462925e-11), np.float64(3.682816144415462e-11), np.float64(3.528662379993028e-11), np.float64(3.908069935052167e-11), np.float64(4.096346880410193e-11), np.float64(4.7514010150242386e-11), np.float64(3.558655851621423e-11), np.float64(4.959794816588287e-11), np.float64(3.677647451537991e-11), np.float64(3.235550756376939e-11), np.float64(3.652338300801556e-11), np.float64(4.184865266532077e-11), np.float64(5.69260658818151e-11), np.float64(3.4692563859287025e-11), np.float64(3.755973435908341e-11), np.float64(4.546093271336663e-11), np.float64(5.6584164756586124e-11), np.float64(3.643050041936775e-11), np.float64(2.878943396339701e-11), np.float64(3.878773534461933e-11), np.float64(4.2667227732774135e-11), np.float64(4.2990590751363955e-11), np.float64(4.438242342962722e-11), np.float64(4.186111218785711e-11), np.float64(3.586711181852629e-11), np.float64(2.5647991298554444e-11), np.float64(3.5867099279140893e-11), np.float64(4.3599238632726525e-11), np.float64(3.6903248267868803e-11), np.float64(3.596954920296415e-11), np.float64(3.7710872771145534e-11), np.float64(4.365318144936885e-11), np.float64(3.240746268999279e-11), np.float64(3.652058412813533e-11), np.float64(5.517499833064306e-11), np.float64(3.4586109768029686e-11), np.float64(3.2894823553950236e-11), np.float64(4.8731138850523365e-11), np.float64(3.64322887039163e-11), np.float64(4.959854915133403e-11), np.float64(3.240831723021804e-11), np.float64(4.111069374579574e-11), np.float64(4.712308052591152e-11), np.float64(3.667857678975931e-11), np.float64(3.562922937677477e-11), np.float64(3.812049808360281e-11), np.float64(3.677649346361211e-11), np.float64(4.239591661212504e-11), np.float64(4.8144726201381594e-11), np.float64(5.123092944106716e-11), np.float64(3.5627237709861675e-11), np.float64(3.589687723028586e-11), np.float64(3.4408568767951134e-11), np.float64(5.517559177649681e-11), np.float64(4.185974185215503e-11), np.float64(4.9597481183234065e-11), np.float64(2.8614663872474123e-11), np.float64(3.643070813459999e-11), np.float64(2.561786583351332e-11), np.float64(3.450013960630944e-11), np.float64(4.959787985604489e-11), np.float64(4.1929494368188834e-11), np.float64(3.455506712689425e-11), np.float64(3.586676659518406e-11), np.float64(3.668750254781661e-11), np.float64(4.438367231215459e-11), np.float64(3.152764029413021e-11), np.float64(4.8147018704148696e-11), np.float64(3.562864852721505e-11), np.float64(3.895233088356308e-11), np.float64(3.5968702899784736e-11), np.float64(4.545838548532091e-11), np.float64(4.049446671495935e-11), np.float64(4.134972837040064e-11), np.float64(5.47260025387537e-11), np.float64(5.123122812530738e-11), np.float64(4.843998341346695e-11), np.float64(3.2810367320261017e-11), np.float64(4.1823909327204215e-11), np.float64(3.6521656982145165e-11), np.float64(3.211059161042668e-11), np.float64(4.1789639447016484e-11), np.float64(3.4487991867262055e-11), np.float64(3.458423919792967e-11), np.float64(3.534971653940509e-11), np.float64(3.295967753997283e-11), np.float64(4.8447291781729543e-11), np.float64(5.0687081945888174e-11), np.float64(3.562952770035696e-11), np.float64(4.959942757535259e-11), np.float64(3.677945445231703e-11), np.float64(3.6143200096922927e-11), np.float64(3.9829876004717527e-11), np.float64(3.5584999093195814e-11), np.float64(4.179250094904091e-11), np.float64(3.562773148449024e-11), np.float64(3.817653296368927e-11), np.float64(4.113796715047326e-11), np.float64(4.438445065125365e-11), np.float64(5.517596544660171e-11), np.float64(3.46913761687021e-11), np.float64(3.2582662215013636e-11), np.float64(4.011573560973895e-11), np.float64(5.171182255587285e-11), np.float64(3.8718796118811886e-11), np.float64(3.236971281302732e-11), np.float64(4.1860294055691815e-11), np.float64(4.179161545769727e-11), np.float64(3.6143568629545556e-11), np.float64(5.069511832095591e-11), np.float64(4.054255767639793e-11), np.float64(4.193115151411355e-11), np.float64(3.4814843436066857e-11), np.float64(4.0516010668719784e-11), np.float64(3.9161867432607456e-11), np.float64(3.596884243530846e-11), np.float64(3.730157672175111e-11), np.float64(3.506458820163665e-11), np.float64(3.448691516295256e-11), np.float64(3.528489015191716e-11), np.float64(3.897298331830162e-11), np.float64(4.19281656632844e-11), np.float64(2.8614656778918732e-11), np.float64(3.6688694205768564e-11), np.float64(4.6080319344985395e-11), np.float64(3.650342999856262e-11), np.float64(3.6144108619429346e-11), np.float64(3.586874095681174e-11), np.float64(3.965306134599399e-11), np.float64(3.132697840400348e-11), np.float64(3.6234173682452936e-11), np.float64(3.674228758736233e-11), np.float64(3.572700204313472e-11), np.float64(3.5351508099925496e-11), np.float64(5.7468671180014934e-11), np.float64(3.636647129897223e-11), np.float64(3.674221887349721e-11), np.float64(3.5583769357577124e-11), np.float64(3.3568919784935746e-11), np.float64(4.275659480067721e-11), np.float64(3.209171707476282e-11), np.float64(3.728440914946465e-11), np.float64(4.9598503401112536e-11), np.float64(3.623436846083946e-11), np.float64(3.897370542228386e-11), np.float64(3.965282009698396e-11), np.float64(3.62342014087064e-11), np.float64(3.608507021395029e-11), np.float64(4.198927492620625e-11), np.float64(4.1992199555653973e-11), np.float64(3.612245056947298e-11), np.float64(3.59713589129553e-11), np.float64(3.6235248271458465e-11), np.float64(3.861830475480479e-11), np.float64(4.192993402753983e-11), np.float64(3.506368482401666e-11), np.float64(2.8074774675055334e-11), np.float64(4.438345254270755e-11), np.float64(3.132647180148562e-11), np.float64(3.2800514364979304e-11), np.float64(4.724988939286846e-11), np.float64(3.576518111866705e-11), np.float64(4.686135986388088e-11), np.float64(5.382665097565245e-11), np.float64(4.1157169515087943e-11), np.float64(3.558390465710714e-11), np.float64(5.1236161775305844e-11), np.float64(4.9600936292024314e-11), np.float64(3.8717237460109895e-11), np.float64(3.921140740560317e-11), np.float64(3.4488639778093025e-11), np.float64(3.728417172804406e-11), np.float64(4.4381215333246004e-11), np.float64(3.781434612180479e-11), np.float64(3.643062612623571e-11), np.float64(3.2091332172804424e-11), np.float64(2.8065647391023628e-11), np.float64(4.055231473530788e-11), np.float64(3.562955796581085e-11), np.float64(3.869899033266644e-11), np.float64(5.783333725016781e-11), np.float64(4.783278779475928e-11), np.float64(3.3295198419900516e-11), np.float64(3.608312713684945e-11), np.float64(3.697200874047748e-11), np.float64(3.623646439626243e-11), np.float64(3.7505439504875424e-11), np.float64(3.2407044019535545e-11), np.float64(3.236882693977151e-11), np.float64(4.913705072588386e-11), np.float64(3.674208456736723e-11), np.float64(4.7537736706997935e-11), np.float64(4.1928531826637106e-11), np.float64(3.9652314186192525e-11), np.float64(4.7779379352374255e-11), np.float64(3.9860716301819844e-11), np.float64(6.233843627777833e-11), np.float64(3.781844085532774e-11), np.float64(4.608098019474733e-11), np.float64(3.5584827623002416e-11), np.float64(3.732835615328413e-11), np.float64(4.2416405074493365e-11), np.float64(3.442463513672915e-11), np.float64(5.004494967790722e-11), np.float64(4.8729563808137515e-11), np.float64(3.486701360143314e-11), np.float64(4.9599390035237576e-11), np.float64(4.425190279521219e-11), np.float64(4.572534890350377e-11), np.float64(3.535140399619419e-11), np.float64(3.562858884041077e-11), np.float64(4.241605996236313e-11), np.float64(4.0243331353698926e-11), np.float64(3.2531474003445654e-11), np.float64(4.256183617390193e-11), np.float64(2.878836364169519e-11), np.float64(3.6121764094348826e-11), np.float64(3.677493652283225e-11), np.float64(3.290173062322251e-11), np.float64(3.850524017637353e-11), np.float64(3.9621430416835665e-11), np.float64(3.6232792864346364e-11), np.float64(3.623395564444408e-11), np.float64(4.208642759898177e-11), np.float64(5.210196013896713e-11), np.float64(3.2256672082254115e-11), np.float64(3.280048081575855e-11), np.float64(3.5866895323277065e-11), np.float64(3.614502168344279e-11), np.float64(3.652122310551247e-11), np.float64(4.254902583555396e-11), np.float64(3.161546537063966e-11), np.float64(2.934830177377112e-11), np.float64(3.62351865790026e-11), np.float64(3.4502951337531425e-11), np.float64(4.8733251315511106e-11), np.float64(5.170789149027322e-11), np.float64(3.209355785929047e-11), np.float64(4.182116231669011e-11), np.float64(3.416734021489032e-11), np.float64(4.0244376847932294e-11), np.float64(4.028441771027726e-11), np.float64(5.3913792007623784e-11), np.float64(3.621248512759827e-11), np.float64(3.596956423751657e-11), np.float64(3.5350639918839275e-11), np.float64(4.8426694833202486e-11), np.float64(3.440843538725005e-11), np.float64(4.5790521702015954e-11), np.float64(4.245769727017899e-11), np.float64(3.579268827159772e-11), np.float64(4.54577280229818e-11), np.float64(4.113714381517081e-11), np.float64(3.448820432161058e-11), np.float64(3.6687204879886616e-11), np.float64(3.623558969148506e-11), np.float64(3.572560191326046e-11), np.float64(4.26266711818565e-11), np.float64(3.4554079654998246e-11), np.float64(3.487041736601448e-11), np.float64(3.209671729594281e-11), np.float64(4.959801271775663e-11), np.float64(3.5998991620823734e-11), np.float64(4.802991272824783e-11), np.float64(3.4554997993210394e-11), np.float64(3.7280565159082034e-11), np.float64(3.6232947589009654e-11), np.float64(3.522494986874098e-11), np.float64(3.524622659592959e-11), np.float64(3.833494749730462e-11), np.float64(4.7151381905395246e-11), np.float64(5.3867479044891204e-11), np.float64(3.211040371398951e-11), np.float64(3.58670751800421e-11), np.float64(3.898905476115649e-11), np.float64(3.209175096607505e-11), np.float64(3.5969489214672144e-11), np.float64(3.8037663365683424e-11), np.float64(3.486885165882323e-11), np.float64(3.448759516890956e-11), np.float64(4.467167454224371e-11), np.float64(4.29919381212267e-11), np.float64(3.614449255032122e-11), np.float64(3.96359586087234e-11), np.float64(3.728529747473695e-11), np.float64(3.440782096837898e-11), np.float64(4.768897486213484e-11), np.float64(3.865233175019473e-11), np.float64(5.517786300768031e-11), np.float64(3.253032185946303e-11), np.float64(4.802858807236495e-11), np.float64(3.377801120770584e-11), np.float64(3.817481962198607e-11), np.float64(3.643314365296587e-11), np.float64(4.7249426179244794e-11), np.float64(4.462410139111856e-11), np.float64(4.0427189635011475e-11), np.float64(4.114027631110065e-11), np.float64(3.440760719213648e-11), np.float64(3.2110451337592035e-11), np.float64(4.814832204365219e-11), np.float64(4.364183378226335e-11), np.float64(3.5284767813346604e-11), np.float64(3.6142623703839885e-11), np.float64(3.1876806450974607e-11), np.float64(4.134837756308315e-11), np.float64(3.690581013225376e-11), np.float64(5.3910338317675e-11), np.float64(3.56290998010062e-11), np.float64(4.263506878244745e-11), np.float64(3.728120617781987e-11), np.float64(3.58781720052239e-11), np.float64(3.596845303000915e-11), np.float64(5.123166241547594e-11), np.float64(3.065283893877372e-11), np.float64(4.028479709632816e-11), np.float64(4.445025655414759e-11), np.float64(3.861741541512077e-11), np.float64(3.280027812450554e-11), np.float64(3.9869978287134166e-11), np.float64(3.1535653482989965e-11), np.float64(3.68397772796468e-11), np.float64(3.9828875798576135e-11), np.float64(3.6828853917942133e-11), np.float64(3.558577158733854e-11), np.float64(4.269233920786024e-11), np.float64(3.6520413333569784e-11), np.float64(3.643115994521296e-11), np.float64(4.364006976899571e-11), np.float64(3.7300746104770497e-11), np.float64(2.8788760163355143e-11), np.float64(3.841654040729963e-11), np.float64(4.179478407714949e-11), np.float64(3.651991444306547e-11), np.float64(3.2328562276929914e-11), np.float64(4.8143119369482424e-11), np.float64(3.6591405145132796e-11), np.float64(3.780762088655261e-11), np.float64(4.5460761036388306e-11), np.float64(3.7351945011124265e-11), np.float64(3.449043151612196e-11), np.float64(4.179298309961e-11), np.float64(3.44888669431543e-11), np.float64(3.1346459381967565e-11), np.float64(4.088590570681056e-11), np.float64(3.211107798798259e-11), np.float64(4.186243652699435e-11), np.float64(3.8174561176883745e-11), np.float64(4.791555616161335e-11), np.float64(3.6143879895647994e-11), np.float64(3.586697350598833e-11), np.float64(4.363819639096678e-11), np.float64(3.6841193163982756e-11), np.float64(2.933936176840357e-11), np.float64(4.747054645726013e-11), np.float64(4.005518695773442e-11), np.float64(3.2531801094621225e-11), np.float64(3.623544667140147e-11), np.float64(3.5247091245226496e-11), np.float64(4.5458711206631155e-11), np.float64(4.2689571860332035e-11), np.float64(4.5266782265249874e-11), np.float64(4.6584526348562806e-11), np.float64(5.0138150840277466e-11), np.float64(4.5050069816121825e-11), np.float64(3.535031844778654e-11), np.float64(3.6520178256722624e-11), np.float64(3.621271321248032e-11), np.float64(4.407252918506035e-11), np.float64(3.255461115653166e-11), np.float64(4.2614830202194825e-11), np.float64(3.9829853526717264e-11), np.float64(3.1615644924983504e-11), np.float64(4.407369555280549e-11), np.float64(3.897464188087091e-11), np.float64(3.4489713819919645e-11), np.float64(5.658309101045937e-11), np.float64(4.5036090469349884e-11), np.float64(3.53500494095907e-11), np.float64(3.2406360088905734e-11), np.float64(3.963716099929184e-11), np.float64(4.5439694499732893e-11), np.float64(4.0244209772621144e-11), np.float64(4.199078715642906e-11), np.float64(3.643236343006109e-11), np.float64(3.469321302861549e-11), np.float64(4.269061925837317e-11), np.float64(2.4772340708152126e-11), np.float64(3.535103600113877e-11), np.float64(3.979544959237924e-11), np.float64(4.530578963613288e-11), np.float64(4.3655756214064714e-11), np.float64(3.558352509149493e-11), np.float64(3.61443296829242e-11), np.float64(3.623342031475163e-11), np.float64(4.0538881993642126e-11), np.float64(3.4221062458321214e-11), np.float64(3.963746990087282e-11), np.float64(2.61019302074994e-11), np.float64(3.240600683837929e-11), np.float64(3.5626972043687616e-11), np.float64(3.636699527928436e-11), np.float64(4.6680115185389014e-11), np.float64(5.404207169544313e-11), np.float64(5.123397150721196e-11), np.float64(4.9598816747538025e-11), np.float64(4.3742350962266685e-11), np.float64(5.584149265873502e-11), np.float64(3.528481374465691e-11)], [np.float64(3.361245127248777e-11), np.float64(5.0097423100735863e-11), np.float64(4.964335421358599e-11), np.float64(3.6049883515810686e-11), np.float64(3.2436948160317874e-11), np.float64(4.268194744211895e-11), np.float64(3.3295279228564e-11), np.float64(3.565234347807036e-11), np.float64(3.463719125077891e-11), np.float64(4.346201324372051e-11), np.float64(5.358449099401493e-11), np.float64(4.0306735897838416e-11), np.float64(3.4354919317104146e-11), np.float64(3.1241077498941324e-11), np.float64(3.520628119847955e-11), np.float64(3.510872030181415e-11), np.float64(4.5449340829577506e-11), np.float64(3.0345109362131553e-11), np.float64(3.383765545250739e-11), np.float64(4.827685410799532e-11), np.float64(3.9721702973954913e-11), np.float64(3.527903584163585e-11), np.float64(3.915815976786902e-11), np.float64(4.2620312214196975e-11), np.float64(3.506173570378482e-11), np.float64(3.4611874688294506e-11), np.float64(3.4573129553771125e-11), np.float64(3.311665500595426e-11), np.float64(3.921043714047046e-11), np.float64(4.643826498712438e-11), np.float64(4.51888451107619e-11), np.float64(3.5061683131667975e-11), np.float64(3.243645037379943e-11), np.float64(3.602333647194546e-11), np.float64(3.15819327274307e-11), np.float64(3.3796510189532434e-11), np.float64(4.8569387778393586e-11), np.float64(3.703491283569521e-11), np.float64(3.690241215142696e-11), np.float64(4.5314868222471365e-11), np.float64(5.358142514769758e-11), np.float64(3.673186688067959e-11), np.float64(3.4733258792023646e-11), np.float64(3.442972595254509e-11), np.float64(3.527058931483692e-11), np.float64(3.075149475701822e-11), np.float64(3.859546909736193e-11), np.float64(3.441304393649511e-11), np.float64(3.9609259989752226e-11), np.float64(4.030545926654742e-11), np.float64(3.506258316102074e-11), np.float64(3.52689782565145e-11), np.float64(3.9212979339642376e-11), np.float64(4.531508833894036e-11), np.float64(4.6950613243730915e-11), np.float64(3.6049448093834495e-11), np.float64(3.9130163076043885e-11), np.float64(3.3295249017445544e-11), np.float64(4.498004986536023e-11), np.float64(3.682932532696397e-11), np.float64(3.473471269399797e-11), np.float64(3.527103288480317e-11), np.float64(5.211388549956576e-11), np.float64(3.4353122973349555e-11), np.float64(3.824917617366941e-11), np.float64(3.346996687226302e-11), np.float64(3.311518109831418e-11), np.float64(6.034067909647354e-11), np.float64(3.3586200869388545e-11), np.float64(4.725772700995977e-11), np.float64(3.824967725227418e-11), np.float64(3.535880592560129e-11), np.float64(5.211175631069875e-11), np.float64(3.8249036913604e-11), np.float64(4.601514370073239e-11), np.float64(3.331586221966254e-11), np.float64(4.6018170059688316e-11), np.float64(4.1681866053865895e-11), np.float64(3.5468090318430826e-11), np.float64(3.608427800282594e-11), np.float64(4.3461076961010686e-11), np.float64(5.615103096660538e-11), np.float64(3.688219895353172e-11), np.float64(3.527841622407684e-11), np.float64(3.347142049363865e-11), np.float64(3.5223987008453854e-11), np.float64(5.3581435349578694e-11), np.float64(4.268030856259656e-11), np.float64(4.5458519815283444e-11), np.float64(3.5205491443907453e-11), np.float64(5.009859790452634e-11), np.float64(3.383793346266249e-11), np.float64(4.117665752240289e-11), np.float64(3.255143258352535e-11), np.float64(3.383803561745555e-11), np.float64(4.601824426223368e-11), np.float64(2.8472509118525153e-11), np.float64(3.473295791016041e-11), np.float64(4.7061373484891e-11), np.float64(5.21806351318642e-11), np.float64(3.690018927100754e-11), np.float64(3.3200207995696124e-11), np.float64(3.5740082666662964e-11), np.float64(3.4314993051495395e-11), np.float64(4.3540633457726934e-11), np.float64(3.8011541727129826e-11), np.float64(3.0117795202221964e-11), np.float64(3.478702327180477e-11), np.float64(3.0118936222989645e-11), np.float64(4.8583116588042236e-11), np.float64(3.361012642431719e-11), np.float64(4.618780711043554e-11), np.float64(3.5272084727815314e-11), np.float64(3.710405482158517e-11), np.float64(4.2797754243032746e-11), np.float64(3.580278365259156e-11), np.float64(5.1036774687985235e-11), np.float64(3.815836046859266e-11), np.float64(3.527068912260619e-11), np.float64(2.978932553612307e-11), np.float64(3.331572225627748e-11), np.float64(3.2550841533560396e-11), np.float64(3.8089254527057653e-11), np.float64(3.506219648889117e-11), np.float64(4.9514570972447526e-11), np.float64(3.905777204844539e-11), np.float64(3.461322116524332e-11), np.float64(3.12424060582648e-11), np.float64(3.311578438268842e-11), np.float64(4.5299075873109574e-11), np.float64(3.0751691699324065e-11), np.float64(3.331208578940184e-11), np.float64(4.545557725119628e-11), np.float64(4.573028977479112e-11), np.float64(3.526385677768449e-11), np.float64(4.601954008528232e-11), np.float64(4.333160175212934e-11), np.float64(3.438863688781271e-11), np.float64(3.463618823668367e-11), np.float64(3.264182753694803e-11), np.float64(3.3231630707146865e-11), np.float64(4.949922689853987e-11), np.float64(3.0555600644530624e-11), np.float64(3.0387434195585295e-11), np.float64(4.392441812637365e-11), np.float64(4.138362677412184e-11), np.float64(3.460084775294321e-11), np.float64(4.5700038615977166e-11), np.float64(3.3295251680328914e-11), np.float64(3.530315707166131e-11), np.float64(3.075255092352269e-11), np.float64(3.814506080432937e-11), np.float64(3.442961118421417e-11), np.float64(4.495911686125672e-11), np.float64(5.358068166239213e-11), np.float64(4.372804944968073e-11), np.float64(4.1387368271166754e-11), np.float64(3.461120615468437e-11), np.float64(3.470144529077681e-11), np.float64(2.8131591029276922e-11), np.float64(3.540865169290723e-11), np.float64(4.2723409264242296e-11), np.float64(3.723715676811141e-11), np.float64(5.414898254271612e-11), np.float64(3.527090602114877e-11), np.float64(3.9178422519108814e-11), np.float64(3.32944937906981e-11), np.float64(3.243748781218049e-11), np.float64(4.333089906528517e-11), np.float64(3.385970719014412e-11), np.float64(3.3199657432973133e-11), np.float64(4.545677470473122e-11), np.float64(4.138445657656823e-11), np.float64(3.038923516087982e-11), np.float64(3.061969549323511e-11), np.float64(5.169849576631534e-11), np.float64(3.461339778929091e-11), np.float64(5.009818666577835e-11), np.float64(2.978820232017578e-11), np.float64(3.373907401245921e-11), np.float64(3.80881653888873e-11), np.float64(5.009744427757467e-11), np.float64(3.011838876527379e-11), np.float64(3.8245487855952445e-11), np.float64(3.5277055432250376e-11), np.float64(4.1720147156817036e-11), np.float64(3.8430813437861906e-11), np.float64(3.3839555696499154e-11), np.float64(3.3114671984412465e-11), np.float64(5.0639374656908966e-11), np.float64(3.580139708473204e-11), np.float64(3.3294103152718737e-11), np.float64(3.801200206843854e-11), np.float64(3.4403249588802386e-11), np.float64(3.3858887773306614e-11), np.float64(3.4653737871075285e-11), np.float64(5.2112051958417014e-11), np.float64(5.009552876945634e-11), np.float64(5.0094247272706476e-11), np.float64(3.3501063022250946e-11), np.float64(3.0344661666845646e-11), np.float64(4.268150406761946e-11), np.float64(4.0304932170059154e-11), np.float64(3.605120090908891e-11), np.float64(3.824900733960935e-11), np.float64(3.755001488922811e-11), np.float64(3.728988842065873e-11), np.float64(3.3201398674508266e-11), np.float64(3.255199178084805e-11), np.float64(2.8753388654240655e-11), np.float64(3.438850239891405e-11), np.float64(3.3838830092703947e-11), np.float64(3.3116066860469115e-11), np.float64(3.675964733581384e-11), np.float64(4.138029083656105e-11), np.float64(3.673211271240678e-11), np.float64(4.1010024777345246e-11), np.float64(3.687958109954413e-11), np.float64(3.331571049181787e-11), np.float64(3.3609405985570875e-11), np.float64(4.6264769208382297e-11), np.float64(3.431520255629145e-11), np.float64(3.868902168272161e-11), np.float64(3.435197189491576e-11), np.float64(4.819967605094641e-11), np.float64(5.4021086018310074e-11), np.float64(5.5011701095099196e-11), np.float64(3.386096344397294e-11), np.float64(3.5803749035956166e-11), np.float64(4.0548222085740204e-11), np.float64(3.379696920796848e-11), np.float64(3.5272855062620375e-11), np.float64(3.7974834095500294e-11), np.float64(4.854056927359322e-11), np.float64(3.46102612641778e-11), np.float64(3.8088845574994175e-11), np.float64(4.0305146472145643e-11), np.float64(2.9838444687117755e-11), np.float64(4.256950495917846e-11), np.float64(3.6516338671701734e-11), np.float64(4.0922267917295397e-11), np.float64(4.030372519914999e-11), np.float64(3.673006835155569e-11), np.float64(5.209044695459861e-11), np.float64(3.5204741741306795e-11), np.float64(4.496022173888782e-11), np.float64(5.358028864135706e-11), np.float64(3.4675599611064e-11), np.float64(4.268115375160323e-11), np.float64(4.864691456096441e-11), np.float64(3.2640981468383035e-11), np.float64(3.5325169941966824e-11), np.float64(3.8338977514522934e-11), np.float64(5.427231740533997e-11), np.float64(3.9296319397390695e-11), np.float64(3.580410238483481e-11), np.float64(3.358571495077827e-11), np.float64(3.323199237472317e-11), np.float64(3.605189444076663e-11), np.float64(2.8483500693979533e-11), np.float64(3.438939098940371e-11), np.float64(3.1859873243159064e-11), np.float64(3.9260507025501943e-11), np.float64(4.3207308805737767e-11), np.float64(5.169810744727265e-11), np.float64(3.2135549123273364e-11), np.float64(5.1319500863173896e-11), np.float64(5.3745846086143185e-11), np.float64(2.6614412681647706e-11), np.float64(2.98316152741625e-11), np.float64(3.854916309645306e-11), np.float64(3.075136790651103e-11), np.float64(3.003701527276457e-11), np.float64(3.3860863943465386e-11), np.float64(4.846959487096451e-11), np.float64(2.8770044498172274e-11), np.float64(3.506027054711213e-11), np.float64(4.1379651266398385e-11), np.float64(3.4315621937641785e-11), np.float64(3.4599093637582404e-11), np.float64(3.9504119179215794e-11), np.float64(3.461242071074566e-11), np.float64(4.725880063833905e-11), np.float64(3.1241847874559625e-11), np.float64(3.383725288558124e-11), np.float64(4.2770825835711284e-11), np.float64(3.580279489202645e-11), np.float64(3.9307256883702055e-11), np.float64(5.1698070946379204e-11), np.float64(3.7904319135907156e-11), np.float64(3.3861497978592636e-11), np.float64(3.0118522964750166e-11), np.float64(5.2106024240881916e-11), np.float64(4.2187658408884635e-11), np.float64(4.2725000081763475e-11), np.float64(3.208788075860489e-11), np.float64(4.3106692802375143e-11), np.float64(3.8954177567506206e-11), np.float64(3.688022335345568e-11), np.float64(3.527148083443914e-11), np.float64(4.530937955772948e-11), np.float64(3.824770759944244e-11), np.float64(4.201669485058801e-11), np.float64(3.3230489486883054e-11), np.float64(4.2247974858366585e-11), np.float64(4.303256551935065e-11), np.float64(4.026897775412718e-11), np.float64(3.7239582240383407e-11), np.float64(3.5411699520253484e-11), np.float64(4.306707788052643e-11), np.float64(2.4269910205472928e-11), np.float64(3.0388752783747997e-11), np.float64(4.276901056158501e-11), np.float64(3.243705928505068e-11), np.float64(3.7551105573168194e-11), np.float64(4.091061136499112e-11), np.float64(4.54561023912523e-11), np.float64(3.2340872840111676e-11), np.float64(5.357969807789416e-11), np.float64(3.461335574165682e-11), np.float64(3.3232694367888567e-11), np.float64(4.276714858473273e-11), np.float64(3.50610750908272e-11), np.float64(4.2714690301925124e-11), np.float64(3.605016728572379e-11), np.float64(4.284546228186315e-11), np.float64(3.6900166787567097e-11), np.float64(3.374123280373885e-11), np.float64(3.331549169284643e-11), np.float64(5.2925628323444785e-11), np.float64(3.393501441934513e-11), np.float64(3.8428466986232636e-11), np.float64(3.797577903821387e-11), np.float64(4.545544863899995e-11), np.float64(4.054796250941757e-11), np.float64(3.123553748953617e-11), np.float64(2.978864556166447e-11), np.float64(4.6264787806578905e-11), np.float64(3.2642591878609255e-11), np.float64(4.272521845663678e-11), np.float64(3.690038740236073e-11), np.float64(3.360889152457089e-11), np.float64(2.8131909176282526e-11), np.float64(2.7229970409134754e-11), np.float64(5.009587536710131e-11), np.float64(3.358541918349621e-11), np.float64(3.311606457153077e-11), np.float64(3.3798274149165894e-11), np.float64(4.100637391875734e-11), np.float64(3.9359054233073005e-11), np.float64(3.011910961714738e-11), np.float64(3.37973043627298e-11), np.float64(4.565305299885493e-11), np.float64(3.82929793391669e-11), np.float64(3.467623848768548e-11), np.float64(3.68504141221831e-11), np.float64(3.3293957890567145e-11), np.float64(4.27700920127607e-11), np.float64(3.384167790803766e-11), np.float64(5.009819346277927e-11), np.float64(3.298794449310936e-11), np.float64(3.5001685450141575e-11), np.float64(2.2225194600226982e-11), np.float64(5.2017436113396476e-11), np.float64(4.547263016714715e-11), np.float64(3.261561783580055e-11), np.float64(3.9092791038286345e-11), np.float64(3.4429024802940055e-11), np.float64(4.949601136573484e-11), np.float64(3.25509678334569e-11), np.float64(4.5299508255225035e-11), np.float64(4.3334519023026807e-11), np.float64(4.030311496024239e-11), np.float64(3.976691773089793e-11), np.float64(3.331473033993961e-11), np.float64(3.52049526281129e-11), np.float64(3.8457482126153466e-11), np.float64(3.459881194974776e-11), np.float64(4.37270362079552e-11), np.float64(4.345755877264864e-11), np.float64(3.801317973396994e-11), np.float64(3.520649718428872e-11), np.float64(3.323176885981046e-11), np.float64(4.349437824203967e-11), np.float64(3.6760557733854525e-11), np.float64(3.688176512773536e-11), np.float64(3.527113665901605e-11), np.float64(3.824689848357797e-11), np.float64(3.3803693413171367e-11), np.float64(3.1329200740205e-11), np.float64(3.790467614528035e-11), np.float64(3.3797075973569984e-11), np.float64(3.360849675385147e-11), np.float64(3.435313169184138e-11), np.float64(4.1851181051442724e-11), np.float64(3.959504021846513e-11), np.float64(3.6732074839628356e-11), np.float64(3.827202251432734e-11), np.float64(3.526698337024594e-11), np.float64(4.2247430951951514e-11), np.float64(5.748539033549648e-11), np.float64(3.526516341872004e-11), np.float64(3.520664131913451e-11), np.float64(4.505746395325662e-11), np.float64(3.185874453876001e-11), np.float64(3.797641496262666e-11), np.float64(3.605091005790609e-11), np.float64(4.054573820539007e-11), np.float64(3.3860450178233144e-11), np.float64(3.331497813067358e-11), np.float64(4.138186681618783e-11), np.float64(3.605119146034088e-11), np.float64(4.8798443270630944e-11), np.float64(3.3836670766343734e-11), np.float64(3.473237372282458e-11), np.float64(4.3747356601858206e-11), np.float64(3.7854592309198935e-11), np.float64(3.379751021817647e-11), np.float64(3.546633812840946e-11), np.float64(3.6084139140194976e-11), np.float64(4.0767508770638334e-11), np.float64(3.6880227475551454e-11), np.float64(4.1388878576480745e-11), np.float64(3.0752060864075366e-11), np.float64(3.8626739306208095e-11), np.float64(4.272657876684881e-11), np.float64(3.520692998322127e-11), np.float64(3.808730451001062e-11), np.float64(3.245451960504883e-11), np.float64(3.801448028076516e-11), np.float64(3.935941226931718e-11), np.float64(4.272509039406384e-11), np.float64(4.529833361901603e-11), np.float64(3.329571507902702e-11), np.float64(3.3314183835629426e-11), np.float64(3.4598800116708225e-11), np.float64(4.310691540512388e-11), np.float64(3.1240728883584915e-11), np.float64(3.361008889616972e-11), np.float64(3.960822417391005e-11), np.float64(3.688007964887487e-11), np.float64(3.4654111764433877e-11), np.float64(5.357850383160804e-11), np.float64(3.393407421786942e-11), np.float64(4.725870836634323e-11), np.float64(4.5298606632209636e-11), np.float64(3.158107505994631e-11), np.float64(5.0468026674294874e-11), np.float64(5.096779502873599e-11), np.float64(4.949669341374214e-11), np.float64(3.385908373872598e-11), np.float64(5.358272895307416e-11), np.float64(4.030602793703218e-11), np.float64(3.6819045029643e-11), np.float64(4.349556962356172e-11), np.float64(4.7257213870692775e-11), np.float64(3.074588492720964e-11), np.float64(3.393444708556944e-11), np.float64(3.354382022493737e-11), np.float64(3.185930023343544e-11), np.float64(3.6050307235913355e-11), np.float64(3.4353478566315513e-11), np.float64(3.3860242116207635e-11), np.float64(4.8451224649270994e-11), np.float64(3.360865471012344e-11), np.float64(3.5271275401241615e-11), np.float64(4.2169071170103613e-11), np.float64(3.4315234280460465e-11), np.float64(5.009761618852792e-11), np.float64(3.527252084024391e-11), np.float64(3.859649389216939e-11), np.float64(4.344417507979803e-11), np.float64(3.431465416178974e-11), np.float64(4.276954685664162e-11), np.float64(3.797568721786206e-11), np.float64(3.687896508296531e-11), np.float64(4.9523747920092136e-11), np.float64(3.5651013688893816e-11), np.float64(3.3609112492676914e-11), np.float64(3.675910248195356e-11), np.float64(3.3584749035517885e-11), np.float64(3.829414054002008e-11), np.float64(4.279762531224486e-11), np.float64(2.792849886662082e-11), np.float64(3.459937897128191e-11), np.float64(4.138225388830898e-11), np.float64(4.5298053001335065e-11), np.float64(3.9604269966697606e-11), np.float64(3.559250312407733e-11), np.float64(4.3492868968705513e-11), np.float64(3.960981319845604e-11), np.float64(3.755038812165692e-11), np.float64(5.103738583436075e-11), np.float64(3.360929779247566e-11), np.float64(4.350672377812739e-11), np.float64(3.5107271647030204e-11), np.float64(4.117521851084628e-11), np.float64(3.5259143616591446e-11), np.float64(4.3109188736659967e-11), np.float64(3.459990010230533e-11), np.float64(4.257260767478701e-11), np.float64(3.5235850680996474e-11), np.float64(3.491715631252797e-11), np.float64(3.208867953546846e-11), np.float64(2.990235409355953e-11), np.float64(3.527103146852093e-11), np.float64(5.0092967707245665e-11), np.float64(3.690771256884078e-11), np.float64(3.6881140535314326e-11), np.float64(3.185912955948777e-11), np.float64(3.8014815478038953e-11), np.float64(5.2250529561692816e-11), np.float64(3.153996882446676e-11), np.float64(3.5410626968484726e-11), np.float64(4.814443643529448e-11), np.float64(4.1716943250316374e-11), np.float64(4.414138324060035e-11), np.float64(3.383911897591985e-11), np.float64(3.675850852929631e-11), np.float64(3.730080119052054e-11), np.float64(2.879659532832188e-11), np.float64(3.675351868272834e-11), np.float64(3.44285662544029e-11), np.float64(5.4144554990394015e-11), np.float64(3.35851087513469e-11), np.float64(4.4960297156872634e-11), np.float64(3.530298870583748e-11), np.float64(4.570141221177812e-11), np.float64(4.117592025978089e-11), np.float64(3.676155213873511e-11), np.float64(3.5264998644582333e-11), np.float64(4.572811847391762e-11), np.float64(4.741630428457609e-11), np.float64(4.0331965881519743e-11), np.float64(3.442836089560673e-11), np.float64(4.685106934885376e-11), np.float64(3.3470689482134594e-11), np.float64(3.1604708010156786e-11), np.float64(3.4390634189590315e-11), np.float64(5.0129855251377e-11), np.float64(3.07524092133353e-11), np.float64(4.276865246031019e-11), np.float64(3.465388906537833e-11), np.float64(4.2244190123151796e-11), np.float64(2.9013720463020097e-11), np.float64(3.8012751723661064e-11), np.float64(3.52034420389231e-11), np.float64(4.1549519681118864e-11), np.float64(3.9211121369287037e-11), np.float64(5.81703754158246e-11), np.float64(4.398404208253757e-11), np.float64(3.5270011673265447e-11), np.float64(3.3935583012841725e-11), np.float64(3.383744712179771e-11), np.float64(4.350722631987214e-11), np.float64(4.333453911214249e-11), np.float64(3.673458264497804e-11), np.float64(4.080249488153604e-11), np.float64(4.9495734586790213e-11), np.float64(4.725798126135062e-11), np.float64(3.255129031658001e-11), np.float64(4.918808224754805e-11), np.float64(3.6959363375170276e-11), np.float64(4.090982570893536e-11), np.float64(4.467838045159877e-11), np.float64(3.541095952258793e-11), np.float64(3.824660071441834e-11), np.float64(3.137849876717708e-11), np.float64(4.496378524007753e-11), np.float64(4.0945356794419445e-11), np.float64(4.031221643987445e-11), np.float64(3.527258703554574e-11), np.float64(3.460995471957061e-11), np.float64(5.358294051442572e-11), np.float64(4.578645596622001e-11), np.float64(3.526986156615057e-11), np.float64(5.0101046124056396e-11), np.float64(4.2723648120000056e-11), np.float64(3.414548436421059e-11), np.float64(3.3797595953863294e-11), np.float64(4.8276156468071004e-11), np.float64(4.965079889047246e-11), np.float64(3.323136111883325e-11), np.float64(4.31947611511381e-11), np.float64(3.383743407834791e-11), np.float64(3.31146298878111e-11), np.float64(3.005350217759748e-11), np.float64(4.0801098207713464e-11), np.float64(3.460046347699005e-11), np.float64(4.2723399343683444e-11), np.float64(4.319256825761571e-11), np.float64(4.1381576740785e-11), np.float64(5.009942082814151e-11), np.float64(2.6464721131116612e-11), np.float64(4.803085940217239e-11), np.float64(3.0752145264347615e-11), np.float64(5.358529227259687e-11), np.float64(3.784929662615659e-11), np.float64(3.9767849260004775e-11), np.float64(3.075125994432405e-11), np.float64(4.3331792929052294e-11), np.float64(3.506185365428613e-11), np.float64(5.4144863147659406e-11), np.float64(3.320025038207813e-11), np.float64(4.61881596415195e-11), np.float64(4.321794606455091e-11), np.float64(3.827182314202852e-11), np.float64(3.4600355261415e-11), np.float64(4.349215104740157e-11), np.float64(4.5299561850576796e-11), np.float64(4.9498510062604773e-11), np.float64(4.138438632724814e-11), np.float64(4.244262091945754e-11), np.float64(3.9210491863410295e-11), np.float64(3.8317714968757074e-11), np.float64(4.257190141440179e-11), np.float64(3.8291012045600335e-11), np.float64(2.544790912131723e-11), np.float64(3.243655993597923e-11), np.float64(5.0094951600775095e-11), np.float64(3.920998281640703e-11), np.float64(3.07515402988942e-11), np.float64(3.5217323062751474e-11), np.float64(3.9209830915847e-11), np.float64(3.608549952437107e-11), np.float64(4.271615935903562e-11), np.float64(3.7431009341490415e-11), np.float64(4.5315126214279964e-11), np.float64(3.785092369189567e-11), np.float64(4.2247421579706236e-11), np.float64(5.225051559797598e-11), np.float64(3.829384500923791e-11), np.float64(3.6880780461840763e-11), np.float64(3.1860809112553305e-11), np.float64(4.601462042588039e-11), np.float64(3.320401193816628e-11), np.float64(3.264262400634978e-11), np.float64(3.530277880513623e-11), np.float64(4.66292633812268e-11), np.float64(3.687965806392485e-11), np.float64(4.7308794512067823e-11), np.float64(3.5302347028774364e-11), np.float64(3.354345058477683e-11), np.float64(3.2553651932574875e-11), np.float64(3.255209507218901e-11), np.float64(3.521576688403665e-11), np.float64(3.4600136234843254e-11), np.float64(3.755186268141353e-11), np.float64(4.5455069806426206e-11), np.float64(4.027038232327852e-11), np.float64(3.933470633651758e-11), np.float64(3.526343717760557e-11), np.float64(3.5273090109660954e-11), np.float64(3.4612687484031415e-11), np.float64(4.2014950944503594e-11), np.float64(4.2768265011551614e-11), np.float64(4.138354749743411e-11), np.float64(4.425328069927499e-11), np.float64(3.801585375345022e-11), np.float64(3.9177142720930477e-11), np.float64(3.003637270578738e-11), np.float64(3.360987760993901e-11), np.float64(4.695120504752074e-11), np.float64(3.4598205770967525e-11), np.float64(3.4676800890126787e-11), np.float64(3.9294138745139474e-11), np.float64(2.443595734887445e-11), np.float64(3.358549247868859e-11), np.float64(3.685179151453983e-11), np.float64(3.4676458560474966e-11), np.float64(4.354021820706139e-11), np.float64(3.379643461672581e-11), np.float64(3.825020595367818e-11), np.float64(4.171889343448869e-11), np.float64(5.1319909155768594e-11), np.float64(4.0943964417995286e-11), np.float64(3.8628379786333337e-11), np.float64(3.915729817882734e-11), np.float64(3.520550605641207e-11), np.float64(4.725835924496092e-11), np.float64(3.580070108999702e-11), np.float64(3.833906927258134e-11), np.float64(3.960960126516206e-11), np.float64(3.3797929407309713e-11), np.float64(3.6050873516135216e-11), np.float64(4.100834286281825e-11), np.float64(3.1580652055387966e-11), np.float64(4.344798262154799e-11), np.float64(3.4735089216176257e-11), np.float64(3.4674925207070586e-11), np.float64(4.247590829228716e-11), np.float64(4.3493362048304445e-11), np.float64(3.255165632516321e-11), np.float64(4.495832934607515e-11), np.float64(3.160388775034248e-11), np.float64(3.976974059557553e-11), np.float64(3.0751183353072094e-11), np.float64(4.567493926403453e-11), np.float64(3.703045049830777e-11), np.float64(3.038755532971488e-11), np.float64(3.2436890488085534e-11), np.float64(3.442715334942076e-11), np.float64(3.038836106111801e-11), np.float64(3.323046620201014e-11), np.float64(3.8248630506772624e-11), np.float64(3.4613965128709496e-11), np.float64(3.6760088728065974e-11), np.float64(3.1604957511730476e-11), np.float64(3.264220104685505e-11), np.float64(3.3797626283967694e-11), np.float64(3.435359337747031e-11), np.float64(5.1326339060026415e-11), np.float64(3.1581179962618104e-11), np.float64(5.009684824230715e-11), np.float64(3.3204305807680666e-11), np.float64(3.473474136866389e-11), np.float64(3.4599734261055723e-11), np.float64(3.915866564994546e-11), np.float64(4.5861336703669467e-11), np.float64(3.467754566915443e-11), np.float64(4.268424134007439e-11), np.float64(3.3839853632539704e-11), np.float64(3.8955486094830867e-11), np.float64(4.2727411481353584e-11), np.float64(3.86285199788057e-11), np.float64(3.685046017532234e-11), np.float64(3.6760436869667954e-11), np.float64(3.3450434792184737e-11), np.float64(3.360887290727829e-11), np.float64(5.009525422712408e-11), np.float64(4.6438759405369033e-11), np.float64(4.09108859890644e-11), np.float64(4.565127922560905e-11), np.float64(3.5256596124044595e-11), np.float64(3.5804629762387954e-11), np.float64(3.248816332003257e-11), np.float64(3.801260258240903e-11), np.float64(5.427312410911769e-11), np.float64(3.8247401978454294e-11), np.float64(5.009398380049217e-11), np.float64(4.5729995283522595e-11), np.float64(3.541070292355714e-11), np.float64(5.0096937623709785e-11), np.float64(4.3330203316383784e-11), np.float64(3.6901291729062864e-11), np.float64(4.28464451640565e-11), np.float64(3.824909553785246e-11), np.float64(3.5587548737000035e-11), np.float64(3.4429175636490556e-11), np.float64(5.864177698648241e-11), np.float64(3.580219816436999e-11), np.float64(3.9212795788922977e-11), np.float64(5.427543314382959e-11), np.float64(4.785660274780141e-11), np.float64(5.3734759425565664e-11), np.float64(5.414332274912765e-11), np.float64(3.2436978820323247e-11), np.float64(4.2184461012699575e-11), np.float64(3.78106751219203e-11), np.float64(3.459905187595919e-11), np.float64(3.527096691704655e-11), np.float64(4.5458496131359e-11), np.float64(3.754912162616616e-11), np.float64(3.3115045063669216e-11), np.float64(2.8473754421346574e-11), np.float64(4.495833969575664e-11), np.float64(3.0388317767310516e-11), np.float64(3.8350510316353e-11), np.float64(4.244480894805944e-11), np.float64(3.801423983846655e-11), np.float64(5.414264737587363e-11), np.float64(3.696123693765649e-11), np.float64(3.785059375143036e-11), np.float64(3.527911310525176e-11), np.float64(3.5221756069170065e-11), np.float64(3.354442544339397e-11), np.float64(3.463775936391699e-11), np.float64(4.138875785788322e-11), np.float64(3.461137389682217e-11), np.float64(3.758897679777624e-11), np.float64(3.473169505158382e-11), np.float64(3.329413539030342e-11), np.float64(4.8140079297564785e-11), np.float64(3.6759828112939365e-11), np.float64(3.690059557879462e-11), np.float64(3.56531625194824e-11), np.float64(4.1383203487021873e-11), np.float64(3.311467277350398e-11), np.float64(3.9053971248902564e-11), np.float64(3.580179041252868e-11), np.float64(3.386063289169559e-11), np.float64(4.117707852217613e-11), np.float64(3.790655343952812e-11), np.float64(3.8296882352029557e-11), np.float64(4.155063196997612e-11), np.float64(3.3115626987891065e-11), np.float64(5.414704451482191e-11), np.float64(3.473356344087276e-11), np.float64(3.383814560068519e-11), np.float64(5.3745578835437725e-11), np.float64(2.8473698141363094e-11), np.float64(3.5357892803838674e-11), np.float64(3.565393220741784e-11), np.float64(3.685116423888233e-11), np.float64(3.1977308479187466e-11), np.float64(3.431614525008855e-11), np.float64(3.359676785182245e-11), np.float64(3.2987800489438216e-11), np.float64(3.824835240979331e-11), np.float64(3.361060842724325e-11), np.float64(3.3735221073070064e-11), np.float64(3.383977831700368e-11), np.float64(4.467775571686215e-11), np.float64(3.3609201571732355e-11), np.float64(3.379664925643723e-11), np.float64(3.36091376393795e-11), np.float64(3.358461147832145e-11), np.float64(3.147269182372657e-11), np.float64(4.3447663290593174e-11), np.float64(3.687893506879625e-11), np.float64(3.073620280457515e-11), np.float64(3.921002623833317e-11), np.float64(3.360928578620445e-11), np.float64(3.0736564839151825e-11), np.float64(2.426890419814945e-11), np.float64(3.5803570425157427e-11), np.float64(4.224445144022408e-11), np.float64(6.017286248585708e-11), np.float64(3.158192464419503e-11), np.float64(3.386219025916968e-11), np.float64(3.535814051589738e-11), np.float64(4.0922984262443124e-11), np.float64(3.758888629694371e-11), np.float64(3.1605191201286095e-11), np.float64(3.4522056825024274e-11), np.float64(3.459963778275124e-11), np.float64(3.859554013170061e-11), np.float64(5.009650504627775e-11), np.float64(3.4351142081123234e-11), np.float64(4.526928233420576e-11), np.float64(4.995438346893303e-11), np.float64(5.1037068943858645e-11), np.float64(3.580370792362645e-11), np.float64(4.172058069952236e-11), np.float64(3.79045899174049e-11), np.float64(5.414644307532223e-11), np.float64(4.330713543613861e-11), np.float64(4.9643937662076804e-11), np.float64(2.8473235972555698e-11), np.float64(3.385995356002378e-11), np.float64(3.9331241479420345e-11), np.float64(3.346970056755231e-11), np.float64(4.349552709701484e-11), np.float64(3.8014312975586225e-11), np.float64(6.144546447833312e-11), np.float64(4.22465722827019e-11), np.float64(3.1235874052656246e-11), np.float64(3.675800577282842e-11), np.float64(3.3608750393676466e-11), np.float64(4.474698632213697e-11), np.float64(3.743213547316235e-11), np.float64(4.7590958972847317e-11), np.float64(4.509608814796562e-11), np.float64(3.6759266695361634e-11), np.float64(3.580199369638109e-11), np.float64(3.379712913763752e-11), np.float64(3.5409728386434266e-11), np.float64(4.278162984252327e-11), np.float64(3.6880492842135326e-11), np.float64(4.545562901446068e-11), np.float64(4.257332991240712e-11), np.float64(3.011805520324805e-11), np.float64(3.3200492960924614e-11), np.float64(3.580266046428847e-11), np.float64(3.323233894855846e-11), np.float64(5.010023081038959e-11), np.float64(3.243622753536716e-11), np.float64(3.8688765558770775e-11), np.float64(3.4676003241338794e-11), np.float64(3.545776768255489e-11), np.float64(3.546117789539698e-11), np.float64(4.138249838164487e-11), np.float64(3.580261765141726e-11), np.float64(3.4598485238370285e-11), np.float64(4.100637136569738e-11), np.float64(3.3230603759147744e-11), np.float64(4.26864736305402e-11), np.float64(3.4637476293081975e-11), np.float64(3.787740096041713e-11), np.float64(3.688042681178287e-11), np.float64(3.379707465129212e-11), np.float64(4.277074143938257e-11), np.float64(5.358140912207472e-11), np.float64(3.580416663253858e-11), np.float64(5.358516021146915e-11), np.float64(3.587198930932245e-11), np.float64(3.0050456280019385e-11), np.float64(3.1860657019767605e-11), np.float64(3.3796447704643194e-11), np.float64(3.608643900828327e-11), np.float64(3.801170942468714e-11), np.float64(4.2799278729096773e-11), np.float64(3.525695658192456e-11), np.float64(4.83876995731589e-11), np.float64(3.675898595607892e-11), np.float64(3.3838652565878115e-11), np.float64(3.808867883330851e-11), np.float64(3.5107534126191314e-11), np.float64(3.383948006049567e-11), np.float64(3.407597354992159e-11), np.float64(4.272568563854765e-11), np.float64(4.578197076886638e-11), np.float64(4.607631445956691e-11), np.float64(5.4144276212214724e-11), np.float64(3.46128504902287e-11), np.float64(4.2814493563772696e-11), np.float64(5.480438511493358e-11), np.float64(4.276955564333937e-11), np.float64(3.7850399401866845e-11), np.float64(3.460020037121606e-11), np.float64(3.386110806084009e-11), np.float64(3.358453611346809e-11), np.float64(4.467700868204863e-11), np.float64(3.608497837968689e-11), np.float64(4.516370041595914e-11), np.float64(5.231519473100408e-11), np.float64(3.5653265091446185e-11), np.float64(3.933334677231311e-11), np.float64(3.605244186395528e-11), np.float64(5.358119119151819e-11), np.float64(3.7238369307518e-11), np.float64(4.5775837665068874e-11), np.float64(3.580390416108297e-11), np.float64(5.480387805708805e-11), np.float64(3.1145755193895565e-11), np.float64(4.851826224851714e-11), np.float64(3.608553658056256e-11), np.float64(4.057602276967086e-11), np.float64(3.4428487940438566e-11), np.float64(4.5297623751106484e-11), np.float64(3.580307660525628e-11), np.float64(4.462890029798876e-11), np.float64(4.276684623560694e-11), np.float64(3.34507653879434e-11), np.float64(5.009802406439536e-11), np.float64(4.5254823367017735e-11), np.float64(3.075086819580128e-11), np.float64(3.386049791380215e-11), np.float64(4.385047616101807e-11), np.float64(4.276857399695025e-11), np.float64(3.960912643862575e-11), np.float64(3.329580530411846e-11), np.float64(3.185904785148909e-11), np.float64(3.6563616534082444e-11), np.float64(3.6707272685991904e-11), np.float64(4.24455409663938e-11), np.float64(5.009955146056666e-11), np.float64(4.1547864941714854e-11), np.float64(2.4269017569322668e-11), np.float64(3.9157539159245695e-11), np.float64(3.960704941342519e-11), np.float64(3.360947586205506e-11), np.float64(4.846788321001409e-11), np.float64(5.038853426908481e-11), np.float64(3.463835236752788e-11), np.float64(3.862865987428558e-11), np.float64(4.216716435810475e-11), np.float64(3.695759447955895e-11), np.float64(3.46111878358196e-11), np.float64(4.076717318743817e-11), np.float64(3.31166211903095e-11), np.float64(4.8273648475873036e-11), np.float64(3.132857025920059e-11), np.float64(3.605071932309692e-11), np.float64(3.5390364711135474e-11), np.float64(3.676120298721903e-11), np.float64(2.983133267594844e-11), np.float64(3.605120772227874e-11), np.float64(4.100876776222624e-11), np.float64(3.8347720018491943e-11), np.float64(4.6079347838533546e-11), np.float64(3.3412812935728156e-11), np.float64(2.8736072617941625e-11), np.float64(3.9770924302506987e-11), np.float64(4.154663683448928e-11), np.float64(3.8087510504713464e-11), np.float64(4.4750188608182897e-11), np.float64(3.3204594653306034e-11), np.float64(3.966245565446871e-11), np.float64(3.331483691145971e-11), np.float64(3.5589644340506875e-11), np.float64(3.604954628355412e-11), np.float64(2.84721962950854e-11), np.float64(4.239097198960145e-11), np.float64(3.00511397140153e-11), np.float64(3.5062081874105715e-11), np.float64(3.454747704419765e-11), np.float64(4.2681576470464887e-11), np.float64(3.676112892271719e-11), np.float64(3.827232420291356e-11)], [np.float64(3.2733135851347974e-11), np.float64(3.8123266237262656e-11), np.float64(3.131935980303759e-11), np.float64(3.321801220291986e-11), np.float64(4.04265301432539e-11), np.float64(3.818370126856627e-11), np.float64(3.850997117134461e-11), np.float64(3.892831446361892e-11), np.float64(3.737504338050269e-11), np.float64(4.067690406447439e-11), np.float64(3.3611954768530325e-11), np.float64(3.4779257443623204e-11), np.float64(4.3709913578293015e-11), np.float64(3.901425585227338e-11), np.float64(3.777273064766058e-11), np.float64(3.7141438892308307e-11), np.float64(3.2174939867999525e-11), np.float64(3.820666601812952e-11), np.float64(4.0108889804996083e-11), np.float64(4.515475203572562e-11), np.float64(5.559417925840097e-11), np.float64(3.002260832632949e-11), np.float64(3.24269516771058e-11), np.float64(3.8509461068789e-11), np.float64(4.988086342930044e-11), np.float64(4.3223465158142746e-11), np.float64(2.4121115190810428e-11), np.float64(3.3612367316427614e-11), np.float64(3.736847614130896e-11), np.float64(3.385430444125271e-11), np.float64(3.361087388999551e-11), np.float64(5.0424370483640014e-11), np.float64(5.6700506053588944e-11), np.float64(3.4631150872297685e-11), np.float64(5.5623108565910706e-11), np.float64(3.985350409407554e-11), np.float64(3.341533314747711e-11), np.float64(3.2177121463245304e-11), np.float64(4.444011995401405e-11), np.float64(3.036614631524096e-11), np.float64(4.1804062330916544e-11), np.float64(3.92898277153436e-11), np.float64(4.268581093514134e-11), np.float64(4.011612997048382e-11), np.float64(3.4634875187272486e-11), np.float64(5.5622846294725886e-11), np.float64(3.579486161342371e-11), np.float64(3.7366246209870437e-11), np.float64(3.437855422672145e-11), np.float64(3.4447706189648974e-11), np.float64(5.2601754002692656e-11), np.float64(4.315415382311355e-11), np.float64(3.256240020663106e-11), np.float64(3.8843954184656317e-11), np.float64(3.2177405564674955e-11), np.float64(3.6300257916333363e-11), np.float64(3.32119293124305e-11), np.float64(4.255152653139514e-11), np.float64(3.432410064758718e-11), np.float64(3.042805086613559e-11), np.float64(3.80571629745836e-11), np.float64(3.983209632297746e-11), np.float64(4.0332131622570335e-11), np.float64(3.677703702260888e-11), np.float64(3.528544983246368e-11), np.float64(4.5150614420829454e-11), np.float64(4.0333555531522747e-11), np.float64(3.814834664384611e-11), np.float64(4.5293307425049435e-11), np.float64(4.007479872372916e-11), np.float64(3.67348248158437e-11), np.float64(5.32199252469579e-11), np.float64(3.511979259776385e-11), np.float64(4.4743518350816093e-11), np.float64(3.083313985846434e-11), np.float64(3.7205983077465375e-11), np.float64(3.131980290465786e-11), np.float64(3.2607710465391414e-11), np.float64(4.961190875241344e-11), np.float64(4.3010325509247885e-11), np.float64(4.4467634674101425e-11), np.float64(4.0726337309587585e-11), np.float64(3.7369417324603465e-11), np.float64(3.217489292563999e-11), np.float64(3.777403101945625e-11), np.float64(3.5915890109780014e-11), np.float64(3.938514342908288e-11), np.float64(4.630550774408125e-11), np.float64(4.303550394561491e-11), np.float64(4.4465799206624903e-11), np.float64(4.897099089708553e-11), np.float64(3.286172554111364e-11), np.float64(3.7205609651717496e-11), np.float64(4.2853647766912606e-11), np.float64(3.042774858019946e-11), np.float64(4.265044846891822e-11), np.float64(3.0830953287558515e-11), np.float64(3.72074366245445e-11), np.float64(4.0076360798250705e-11), np.float64(3.875170215584103e-11), np.float64(3.7205888165527485e-11), np.float64(3.359546525202608e-11), np.float64(4.4594671643027796e-11), np.float64(4.180424347603635e-11), np.float64(3.4515715438730686e-11), np.float64(3.463410936578577e-11), np.float64(4.4679088774768625e-11), np.float64(3.987768643915576e-11), np.float64(4.2171907503731264e-11), np.float64(3.515955064361849e-11), np.float64(3.2875043913859514e-11), np.float64(4.65149030740145e-11), np.float64(5.321734557428922e-11), np.float64(3.720587049661192e-11), np.float64(4.446528678586635e-11), np.float64(4.3875086672873367e-11), np.float64(4.1209862746965817e-11), np.float64(3.859180140431622e-11), np.float64(3.853871550501058e-11), np.float64(3.736745290426148e-11), np.float64(4.799180572890797e-11), np.float64(4.473563499554038e-11), np.float64(3.870044731446035e-11), np.float64(3.788063401541301e-11), np.float64(3.720469484983451e-11), np.float64(3.736581359455456e-11), np.float64(3.763269469570979e-11), np.float64(3.4377958170185877e-11), np.float64(3.736847057792021e-11), np.float64(3.720606535816134e-11), np.float64(2.5372673701780064e-11), np.float64(3.8391720627601725e-11), np.float64(3.8750442958090053e-11), np.float64(3.528566401860346e-11), np.float64(3.207981841151443e-11), np.float64(3.4937427142992e-11), np.float64(3.6776054233652303e-11), np.float64(4.140610033125132e-11), np.float64(3.3612162603264225e-11), np.float64(3.736691321184568e-11), np.float64(3.3212725809358525e-11), np.float64(4.0813584457006445e-11), np.float64(3.8056386276013074e-11), np.float64(3.580275688298621e-11), np.float64(3.527848139619979e-11), np.float64(4.7353019872993514e-11), np.float64(3.427279643946156e-11), np.float64(3.8187989483734565e-11), np.float64(3.727823720284221e-11), np.float64(3.714293222629473e-11), np.float64(3.5489545132748647e-11), np.float64(3.308504764902018e-11), np.float64(3.901550594100166e-11), np.float64(3.703385278830492e-11), np.float64(4.6502121714363863e-11), np.float64(3.8185891108954756e-11), np.float64(3.546582073156042e-11), np.float64(3.030888506491948e-11), np.float64(3.744186645612404e-11), np.float64(4.265138644746954e-11), np.float64(3.131850483538073e-11), np.float64(4.1802074954995135e-11), np.float64(3.3611392517897e-11), np.float64(4.073175956230906e-11), np.float64(3.938358445547443e-11), np.float64(3.90854546301797e-11), np.float64(3.788066409732458e-11), np.float64(2.888479060485872e-11), np.float64(3.4634180248686723e-11), np.float64(3.521779605744177e-11), np.float64(4.308934950693443e-11), np.float64(5.136540882023533e-11), np.float64(4.1490833121480106e-11), np.float64(4.057174732289929e-11), np.float64(3.207992015109262e-11), np.float64(4.00892503101848e-11), np.float64(3.3085728014417204e-11), np.float64(5.1251826691001595e-11), np.float64(3.207871655269186e-11), np.float64(3.189534419118074e-11), np.float64(3.160710589207941e-11), np.float64(3.8510094391282034e-11), np.float64(3.217569139070366e-11), np.float64(3.8222272265482556e-11), np.float64(4.223413854815823e-11), np.float64(3.751676807539786e-11), np.float64(3.5917693983878745e-11), np.float64(3.548970271843543e-11), np.float64(3.579852986687209e-11), np.float64(5.947809772542343e-11), np.float64(3.6735415360028814e-11), np.float64(3.929006731061809e-11), np.float64(3.4205932169343796e-11), np.float64(3.7368546265865294e-11), np.float64(3.286155779286013e-11), np.float64(3.3134321164996404e-11), np.float64(4.4734702656296075e-11), np.float64(3.591566275242607e-11), np.float64(3.1319336534807595e-11), np.float64(4.0694510689981815e-11), np.float64(3.286242822065391e-11), np.float64(4.3876151689719915e-11), np.float64(3.9647381091920446e-11), np.float64(2.941645240586438e-11), np.float64(2.8671541316742078e-11), np.float64(3.5286007050632026e-11), np.float64(3.7772061547012584e-11), np.float64(3.9290528404284617e-11), np.float64(3.083183352306398e-11), np.float64(3.512033423627885e-11), np.float64(2.95643165663504e-11), np.float64(3.848255687351244e-11), np.float64(3.3134131883681294e-11), np.float64(3.806453303151969e-11), np.float64(4.027332464159671e-11), np.float64(4.033246713335497e-11), np.float64(3.451632282943576e-11), np.float64(3.631473289633908e-11), np.float64(4.616457899804055e-11), np.float64(4.64680679223037e-11), np.float64(4.630579716900079e-11), np.float64(4.51049769518e-11), np.float64(5.1362928034029856e-11), np.float64(3.9289029583760935e-11), np.float64(4.747845931595289e-11), np.float64(3.217662102218653e-11), np.float64(4.1945165534404295e-11), np.float64(5.3215446067469316e-11), np.float64(4.5340253751339207e-11), np.float64(3.136536469707196e-11), np.float64(4.958926310469015e-11), np.float64(4.191839294217547e-11), np.float64(3.2729658381719835e-11), np.float64(3.9357048012083405e-11), np.float64(3.51224321273629e-11), np.float64(3.6301707554939e-11), np.float64(4.3453721652101075e-11), np.float64(3.0597176888764075e-11), np.float64(5.657785602196939e-11), np.float64(3.217603759575543e-11), np.float64(3.4322476076159164e-11), np.float64(3.387703120687786e-11), np.float64(4.0507617456622e-11), np.float64(4.463988772854113e-11), np.float64(3.4026445517546205e-11), np.float64(3.5219184582321964e-11), np.float64(4.3339551963118197e-11), np.float64(5.069659458655745e-11), np.float64(3.2861675397483227e-11), np.float64(3.6160433284121443e-11), np.float64(5.453379865116779e-11), np.float64(4.4922899289214245e-11), np.float64(2.989204965942365e-11), np.float64(4.2639424770740623e-11), np.float64(4.0678083090548244e-11), np.float64(3.8427539571796816e-11), np.float64(4.200303995199375e-11), np.float64(3.402788585297545e-11), np.float64(4.576189142311513e-11), np.float64(4.0253387231994435e-11), np.float64(5.3217762440307625e-11), np.float64(3.8055547500496774e-11), np.float64(5.124371118820128e-11), np.float64(5.0031216746549255e-11), np.float64(3.782766934428442e-11), np.float64(3.361177784730441e-11), np.float64(3.7369203264479144e-11), np.float64(4.65025504601606e-11), np.float64(3.260874756259113e-11), np.float64(2.8664456918853002e-11), np.float64(3.131865510616992e-11), np.float64(3.351420756648159e-11), np.float64(3.4420839806366825e-11), np.float64(3.442065238221377e-11), np.float64(3.462047498513192e-11), np.float64(3.618110736939324e-11), np.float64(3.491586204476422e-11), np.float64(3.623178114378949e-11), np.float64(4.033243566643623e-11), np.float64(4.660682225772977e-11), np.float64(4.631871182714907e-11), np.float64(3.982174580394694e-11), np.float64(3.6734544328454065e-11), np.float64(3.618066645165353e-11), np.float64(3.9315556780163686e-11), np.float64(3.8392557704321226e-11), np.float64(5.648046499867057e-11), np.float64(3.8062376785674936e-11), np.float64(4.588883673184193e-11), np.float64(4.208958534596446e-11), np.float64(3.8981038292878536e-11), np.float64(3.5159554801801625e-11), np.float64(3.938303731607596e-11), np.float64(3.9496805431696834e-11), np.float64(3.036696108297428e-11), np.float64(4.8148519644678734e-11), np.float64(3.7376312469912473e-11), np.float64(3.908469668359652e-11), np.float64(3.77724439126609e-11), np.float64(3.737003492470464e-11), np.float64(4.37101460970342e-11), np.float64(4.732008295341189e-11), np.float64(5.321935096722949e-11), np.float64(2.888566412073968e-11), np.float64(3.777156548431705e-11), np.float64(3.870212593896231e-11), np.float64(3.7370267369772677e-11), np.float64(4.961047097292935e-11), np.float64(3.5915786830868314e-11), np.float64(4.52660353884086e-11), np.float64(4.081593286506837e-11), np.float64(4.0333309725499935e-11), np.float64(3.13189266642122e-11), np.float64(3.591692300299581e-11), np.float64(4.067847429591276e-11), np.float64(4.3707684199948486e-11), np.float64(3.7034832543128384e-11), np.float64(3.751665604139318e-11), np.float64(3.511995584879304e-11), np.float64(3.964808484806018e-11), np.float64(3.432325345288704e-11), np.float64(3.859268388381691e-11), np.float64(3.8510109407009506e-11), np.float64(3.3217645814002915e-11), np.float64(3.777259602815614e-11), np.float64(3.321190529345888e-11), np.float64(4.027387385850885e-11), np.float64(3.805773889638626e-11), np.float64(3.673477440040399e-11), np.float64(3.7519108365948347e-11), np.float64(3.51594187286979e-11), np.float64(4.317522245960899e-11), np.float64(2.5204764921015398e-11), np.float64(4.187315002186173e-11), np.float64(6.224345941216641e-11), np.float64(5.301025774367565e-11), np.float64(3.444990741844558e-11), np.float64(3.8594220886385424e-11), np.float64(3.7034485500413643e-11), np.float64(4.027391334914624e-11), np.float64(3.463329176625901e-11), np.float64(3.2175643192941795e-11), np.float64(3.777154530781094e-11), np.float64(4.357295435503315e-11), np.float64(3.677433676335094e-11), np.float64(3.870311810880004e-11), np.float64(4.2687683969762035e-11), np.float64(3.043936425041482e-11), np.float64(4.226051270200099e-11), np.float64(2.9305245124489585e-11), np.float64(3.8703187937984e-11), np.float64(3.1210476460467295e-11), np.float64(3.4273688127387195e-11), np.float64(5.321804695781321e-11), np.float64(3.812352355071424e-11), np.float64(3.7367388336788765e-11), np.float64(3.713470532892977e-11), np.float64(4.960648069011835e-11), np.float64(4.827303790926839e-11), np.float64(4.051937032957257e-11), np.float64(4.033122384030573e-11), np.float64(4.081573299859114e-11), np.float64(3.623382641576109e-11), np.float64(5.1736800766965025e-11), np.float64(3.489199013097927e-11), np.float64(3.376577103112819e-11), np.float64(3.965436999649681e-11), np.float64(3.618129661591945e-11), np.float64(3.8508271676889044e-11), np.float64(3.4420517240973865e-11), np.float64(3.4421148043260725e-11), np.float64(4.0677589351119073e-11), np.float64(3.8057058816406634e-11), np.float64(3.217612258767216e-11), np.float64(5.3214345089014066e-11), np.float64(4.2651054323932526e-11), np.float64(3.777209335162937e-11), np.float64(4.587451695351516e-11), np.float64(3.011368068148515e-11), np.float64(3.964927948665989e-11), np.float64(3.322810868572256e-11), np.float64(3.217643463697529e-11), np.float64(4.895041805294734e-11), np.float64(3.361210703650975e-11), np.float64(3.9084805653738284e-11), np.float64(3.43241709303961e-11), np.float64(4.05181753820496e-11), np.float64(3.839434746641198e-11), np.float64(4.649942167539787e-11), np.float64(3.0023863446549554e-11), np.float64(3.7365598905630436e-11), np.float64(3.2935222597552644e-11), np.float64(3.1320306379807666e-11), np.float64(3.260732174140074e-11), np.float64(3.5121198692381487e-11), np.float64(3.806475354855679e-11), np.float64(5.341187528975783e-11), np.float64(2.8147801155960647e-11), np.float64(4.2006221565974994e-11), np.float64(3.5165260111221714e-11), np.float64(3.591548277789208e-11), np.float64(4.455331648304844e-11), np.float64(3.5798358987709387e-11), np.float64(3.875185750838976e-11), np.float64(3.8691729349056487e-11), np.float64(3.512187318025554e-11), np.float64(4.959042082209511e-11), np.float64(4.242758088624166e-11), np.float64(3.663583982271126e-11), np.float64(4.3456771654225536e-11), np.float64(3.872817314105108e-11), np.float64(3.875086273262674e-11), np.float64(3.4420678042484894e-11), np.float64(3.2134591276429166e-11), np.float64(3.759347306166686e-11), np.float64(3.131898661040145e-11), np.float64(5.3217965453664686e-11), np.float64(3.528407324340544e-11), np.float64(3.286229601351682e-11), np.float64(4.05690961281569e-11), np.float64(3.437879450156463e-11), np.float64(3.207894740831702e-11), np.float64(3.7205963551158846e-11), np.float64(3.587626118031038e-11), np.float64(3.362436263660853e-11), np.float64(3.4633117520664995e-11), np.float64(3.515746703917418e-11), np.float64(4.586310053513071e-11), np.float64(3.981743189913979e-11), np.float64(4.107706044636003e-11), np.float64(3.853842956125711e-11), np.float64(3.8879548744710734e-11), np.float64(3.451590068885929e-11), np.float64(3.851062116814878e-11), np.float64(4.308708363650994e-11), np.float64(4.166283818567349e-11), np.float64(4.024313872885597e-11), np.float64(3.412186972892907e-11), np.float64(3.0831286346226305e-11), np.float64(3.6157540978141594e-11), np.float64(3.623211980038388e-11), np.float64(3.736735237237988e-11), np.float64(3.9386338966371714e-11), np.float64(3.755449317130073e-11), np.float64(4.357444627575861e-11), np.float64(4.961214581448257e-11), np.float64(3.1318336452373087e-11), np.float64(3.987950794318605e-11), np.float64(3.615363402974733e-11), np.float64(3.777251035136204e-11), np.float64(4.263864285794118e-11), np.float64(3.399357959104037e-11), np.float64(3.067402512179508e-11), np.float64(4.236470902909715e-11), np.float64(4.216563242863575e-11), np.float64(3.5159688589578616e-11), np.float64(4.375241459646574e-11), np.float64(4.422177637499387e-11), np.float64(3.432260816110026e-11), np.float64(3.9357327399828866e-11), np.float64(3.736915559452675e-11), np.float64(5.321964293882568e-11), np.float64(4.3875487746075787e-11), np.float64(3.8509019179346044e-11), np.float64(5.5625270261021504e-11), np.float64(3.7825200310840756e-11), np.float64(4.721725773760545e-11), np.float64(3.901372568318215e-11), np.float64(4.490475184643945e-11), np.float64(3.3084933826763973e-11), np.float64(3.777172755658467e-11), np.float64(3.549169472350934e-11), np.float64(3.44136398119745e-11), np.float64(3.8510284109671225e-11), np.float64(3.3085567484467244e-11), np.float64(3.869071862804164e-11), np.float64(5.035277373045426e-11), np.float64(3.0287105830576624e-11), np.float64(3.673684264130823e-11), np.float64(3.591797810044994e-11), np.float64(4.322560016059038e-11), np.float64(4.265576461753894e-11), np.float64(4.649899572719486e-11), np.float64(3.8509764537991844e-11), np.float64(4.009017221390314e-11), np.float64(5.5622750972810324e-11), np.float64(3.615283207650034e-11), np.float64(3.8750972570641326e-11), np.float64(3.9013485887781284e-11), np.float64(3.8748114098708754e-11), np.float64(3.720617407677792e-11), np.float64(4.4981366092556434e-11), np.float64(5.584664072357437e-11), np.float64(5.2474232403263345e-11), np.float64(3.442103042148207e-11), np.float64(3.5100948210489405e-11), np.float64(3.6311311169517615e-11), np.float64(4.268540873296549e-11), np.float64(4.418380135121719e-11), np.float64(3.4586969657021064e-11), np.float64(4.961475137090847e-11), np.float64(3.736542683065833e-11), np.float64(3.8754889776945824e-11), np.float64(4.157042910479028e-11), np.float64(3.777193956119164e-11), np.float64(3.82083136828325e-11), np.float64(5.321820658725933e-11), np.float64(3.442112813911842e-11), np.float64(3.736686808123296e-11), np.float64(3.677521839535555e-11), np.float64(3.887801157221308e-11), np.float64(2.5373225283653602e-11), np.float64(4.474039740092905e-11), np.float64(2.6220653834207092e-11), np.float64(3.361292657222324e-11), np.float64(3.9288907681652055e-11), np.float64(3.6152610247336497e-11), np.float64(4.453409402049578e-11), np.float64(4.498341270796889e-11), np.float64(3.286133180648515e-11), np.float64(3.805815719353429e-11), np.float64(5.12477649147724e-11), np.float64(3.929062344637851e-11), np.float64(4.268746387120758e-11), np.float64(3.463300309983371e-11), np.float64(4.2615419051446514e-11), np.float64(3.528640963944938e-11), np.float64(3.874749477479207e-11), np.float64(3.5800793213234826e-11), np.float64(3.736511431391135e-11), np.float64(4.7398285482948035e-11), np.float64(3.901230175391948e-11), np.float64(3.0596104151718e-11), np.float64(3.888139462370624e-11), np.float64(3.7824768876456134e-11), np.float64(3.7365634841924037e-11), np.float64(3.677414455473478e-11), np.float64(3.9288048294870894e-11), np.float64(3.286061194127218e-11), np.float64(3.736596933589893e-11), np.float64(3.859090395228895e-11), np.float64(4.371091834420489e-11), np.float64(3.948818011882145e-11), np.float64(3.591542160747125e-11), np.float64(4.076600819193234e-11), np.float64(3.9013254413967547e-11), np.float64(4.194012275719287e-11), np.float64(3.263948590447152e-11), np.float64(4.0305312576017646e-11), np.float64(4.315237344695502e-11), np.float64(3.736818748424825e-11), np.float64(3.677542812980783e-11), np.float64(3.028753728881476e-11), np.float64(3.4516092272892183e-11), np.float64(2.8987158648034403e-11), np.float64(4.6500707774132494e-11), np.float64(4.679577360768846e-11), np.float64(3.324131932939954e-11), np.float64(3.8187175121744007e-11), np.float64(5.3749408655081094e-11), np.float64(3.987804555563836e-11), np.float64(3.08314431327276e-11), np.float64(3.444875150446956e-11), np.float64(4.961154735204041e-11), np.float64(3.839073066972546e-11), np.float64(3.432399599875268e-11), np.float64(3.46314229120105e-11), np.float64(3.818497230523775e-11), np.float64(4.107133681015596e-11), np.float64(3.4323733036242525e-11), np.float64(3.515872462481056e-11), np.float64(4.442034663692229e-11), np.float64(3.4414212084756986e-11), np.float64(3.528592832921947e-11), np.float64(4.3222231226532577e-11), np.float64(3.8188696333450744e-11), np.float64(3.5122981373854384e-11), np.float64(3.6153297576121825e-11), np.float64(5.3218412230338716e-11), np.float64(5.3408579736563035e-11), np.float64(4.237241732161165e-11), np.float64(5.3217151833880525e-11), np.float64(4.209016727684992e-11), np.float64(3.8185938544665405e-11), np.float64(5.584543378279833e-11), np.float64(4.6994442921765855e-11), np.float64(5.101429862942301e-11), np.float64(3.562821955019856e-11), np.float64(3.61808909899205e-11), np.float64(3.751625093918636e-11), np.float64(4.0276016383373414e-11), np.float64(4.446623697878037e-11), np.float64(3.958007652237961e-11), np.float64(3.777267762424939e-11), np.float64(4.7215303013590334e-11), np.float64(3.510161878639471e-11), np.float64(3.308550712434691e-11), np.float64(4.1170365647389626e-11), np.float64(3.086973422765845e-11), np.float64(3.7515355781199947e-11), np.float64(4.9610567091018394e-11), np.float64(3.6160647389608466e-11), np.float64(3.011369259287928e-11), np.float64(4.897056756750661e-11), np.float64(3.673701616426547e-11), np.float64(4.2323594443073895e-11), np.float64(3.908594251839679e-11), np.float64(3.1318925382060716e-11), np.float64(3.432343726084797e-11), np.float64(4.5873315182193664e-11), np.float64(3.160786378266808e-11), np.float64(2.6749105283132038e-11), np.float64(3.441589863422902e-11), np.float64(3.8208443295687125e-11), np.float64(3.615429042524682e-11), np.float64(3.898029947109154e-11), np.float64(4.649795536146961e-11), np.float64(3.6158860698445656e-11), np.float64(4.192024220663319e-11), np.float64(3.9290989922222027e-11), np.float64(3.189352318217043e-11), np.float64(3.861003442530452e-11), np.float64(3.083132134977989e-11), np.float64(3.720619906692501e-11), np.float64(3.441378090343551e-11), np.float64(4.575917067680314e-11), np.float64(3.5952960939590805e-11), np.float64(3.720755406524608e-11), np.float64(3.8163648902466385e-11), np.float64(3.28629864735276e-11), np.float64(4.5876131282358836e-11), np.float64(3.432288298441436e-11), np.float64(3.067167373258838e-11), np.float64(4.3091024872085786e-11), np.float64(3.615908485359994e-11), np.float64(4.007754412223298e-11), np.float64(4.7322533119861204e-11), np.float64(3.736871508542026e-11), np.float64(3.321261174165991e-11), np.float64(3.851097671907284e-11), np.float64(3.8930100994178886e-11), np.float64(3.321808333536658e-11), np.float64(3.2730218458630946e-11), np.float64(3.287556827666056e-11), np.float64(3.7516817506766316e-11), np.float64(3.1318272372109977e-11), np.float64(3.54907392353176e-11), np.float64(3.678231570437839e-11), np.float64(3.5491058874071816e-11), np.float64(3.451744005559261e-11), np.float64(3.8394598240813416e-11), np.float64(4.006959650103136e-11), np.float64(4.120966237288523e-11), np.float64(3.5145545751427525e-11), np.float64(3.8511136802514585e-11), np.float64(4.02738209035014e-11), np.float64(4.6584528630298e-11), np.float64(4.0305111677454585e-11), np.float64(3.777181959513877e-11), np.float64(5.5851856066066726e-11), np.float64(3.812283207065088e-11), np.float64(3.412091952138234e-11), np.float64(3.7770480838274554e-11), np.float64(3.432338238964469e-11), np.float64(3.759361096626479e-11), np.float64(4.487769957181176e-11), np.float64(4.1801189268252387e-11), np.float64(4.265261492166661e-11), np.float64(3.77733278624631e-11), np.float64(2.9307931450508483e-11), np.float64(4.012262669789815e-11), np.float64(3.259572082993586e-11), np.float64(3.393764068120238e-11), np.float64(4.587573644881129e-11), np.float64(4.463533032071378e-11), np.float64(4.0122093804934326e-11), np.float64(3.78263220223553e-11), np.float64(4.398517971730097e-11), np.float64(3.9581667405910135e-11), np.float64(4.120925946322364e-11), np.float64(3.839065340034773e-11), np.float64(3.7367596202367434e-11), np.float64(3.6832882800207494e-11), np.float64(4.6492786549126594e-11), np.float64(3.737652996225721e-11), np.float64(3.327434270188011e-11), np.float64(4.072759671726172e-11), np.float64(4.660379917394333e-11), np.float64(3.893102796758478e-11), np.float64(3.002352228600248e-11), np.float64(3.4380040520300424e-11), np.float64(3.5146062049437565e-11), np.float64(4.630662272153263e-11), np.float64(5.321799038249081e-11), np.float64(3.3512981452210436e-11), np.float64(3.870189601885936e-11), np.float64(3.615319429580908e-11), np.float64(4.8153631314154956e-11), np.float64(3.775939813536679e-11), np.float64(3.451642089092722e-11), np.float64(3.3273787973627764e-11), np.float64(3.663482572282745e-11), np.float64(3.677540253064346e-11), np.float64(4.146684326036429e-11), np.float64(3.714284146383782e-11), np.float64(3.751640841904157e-11), np.float64(4.5887310112050565e-11), np.float64(4.3471049542358124e-11), np.float64(3.3513107486044393e-11), np.float64(3.928304417357392e-11), np.float64(3.8591903567278764e-11), np.float64(4.7217615070606333e-11), np.float64(3.5287858267168183e-11), np.float64(3.832254900171555e-11), np.float64(4.65005587485247e-11), np.float64(5.341091480248259e-11), np.float64(3.9818855095490825e-11), np.float64(3.615916240218158e-11), np.float64(3.8701992566702264e-11), np.float64(5.6707900783612305e-11), np.float64(3.623085459400884e-11), np.float64(3.5470350002928035e-11), np.float64(3.7769642530404917e-11), np.float64(4.3495076102853996e-11), np.float64(5.341400336141399e-11), np.float64(4.200559283531412e-11), np.float64(3.85098811619631e-11), np.float64(4.6498077101521637e-11), np.float64(2.5373007494583586e-11), np.float64(3.01132060032244e-11), np.float64(4.5763647942651973e-11), np.float64(2.9892021697608977e-11), np.float64(5.562277934884183e-11), np.float64(3.9084921869799394e-11), np.float64(3.355614174502422e-11), np.float64(3.591596126477684e-11), np.float64(3.432308504679908e-11), np.float64(3.736612542536519e-11), np.float64(4.680024942940756e-11), np.float64(4.680088417453844e-11), np.float64(3.30232782893259e-11), np.float64(3.7720522672839345e-11), np.float64(4.1950676906959e-11), np.float64(3.4796915504580027e-11), np.float64(3.942212729983948e-11), np.float64(5.173500216150132e-11), np.float64(3.432334734223288e-11), np.float64(3.2860721728588354e-11), np.float64(4.116861413250052e-11), np.float64(3.2238352108461765e-11), np.float64(3.7774130204138574e-11), np.float64(3.623123691738483e-11), np.float64(3.615856866540316e-11), np.float64(3.928897397768152e-11), np.float64(3.351394867699544e-11), np.float64(3.1318057724563123e-11), np.float64(3.678249182732058e-11), np.float64(3.4515896516333315e-11), np.float64(3.442475517998106e-11), np.float64(3.286175676790676e-11), np.float64(3.2873688277205324e-11), np.float64(5.3274751220064516e-11), np.float64(3.2431883510711126e-11), np.float64(4.3337842998981306e-11), np.float64(4.101221705139845e-11), np.float64(4.38742791837125e-11), np.float64(4.057044529615465e-11), np.float64(4.456119279882031e-11), np.float64(3.131880329610259e-11), np.float64(3.3085250329185886e-11), np.float64(3.777290999309215e-11), np.float64(5.584720653483363e-11), np.float64(4.2806791603412057e-11), np.float64(3.451683061833551e-11), np.float64(3.678278357113307e-11), np.float64(3.751661162044244e-11), np.float64(3.631465637242942e-11), np.float64(3.9214449438685127e-11), np.float64(3.083133157377277e-11), np.float64(3.777268297065801e-11), np.float64(4.007200177141899e-11), np.float64(4.1377344914388463e-11), np.float64(4.747899604410784e-11), np.float64(4.195009589083575e-11), np.float64(3.9382747888337545e-11), np.float64(3.965033071153433e-11), np.float64(3.875198092557957e-11), np.float64(3.8609297237052565e-11), np.float64(3.549113352711477e-11), np.float64(3.839229077290731e-11), np.float64(4.014794932689269e-11), np.float64(3.2176512993364657e-11), np.float64(3.736935898651189e-11), np.float64(3.8391430138584755e-11), np.float64(3.5917088618209674e-11), np.float64(4.548305646388686e-11), np.float64(4.477738803600098e-11), np.float64(3.580492886975007e-11), np.float64(3.720438725949288e-11), np.float64(4.2752607974498165e-11), np.float64(3.32384845468837e-11), np.float64(3.870022217833697e-11), np.float64(5.563083110914641e-11), np.float64(5.401060986539134e-11), np.float64(3.958089813599434e-11), np.float64(4.4743492421457775e-11), np.float64(3.5285667918780695e-11), np.float64(5.070000865310412e-11), np.float64(3.136539758474085e-11), np.float64(3.035545696629844e-11), np.float64(4.498212170032777e-11), np.float64(3.5158900499110115e-11), np.float64(4.050677068783531e-11), np.float64(4.5728938123207745e-11), np.float64(4.573578899129456e-11), np.float64(4.180578912370068e-11), np.float64(3.4421503146326826e-11), np.float64(5.081008041748036e-11), np.float64(5.011536493382024e-11), np.float64(4.3338633016013953e-11), np.float64(4.9010165855581993e-11), np.float64(3.820913099174195e-11), np.float64(2.3616683407412743e-11), np.float64(3.7516543389737543e-11), np.float64(3.839210885514504e-11), np.float64(3.6054725156296566e-11), np.float64(4.446439508854916e-11), np.float64(3.7517174413422047e-11), np.float64(3.3511362499544906e-11), np.float64(4.6463998590320605e-11), np.float64(5.562426836958862e-11), np.float64(5.1368845925956464e-11), np.float64(3.908487450926852e-11), np.float64(5.06972029599047e-11), np.float64(3.0923857927876015e-11), np.float64(3.217712230306687e-11), np.float64(3.0832526751505215e-11), np.float64(4.49817561755422e-11), np.float64(3.376661277497601e-11), np.float64(3.3273216763004555e-11), np.float64(4.333828567506107e-11), np.float64(3.4323425441521944e-11), np.float64(4.087726370579793e-11), np.float64(3.432463531012104e-11), np.float64(4.333891249737995e-11), np.float64(4.6501091554118267e-11), np.float64(4.2808146456760986e-11), np.float64(3.677502361949991e-11), np.float64(3.744040392813392e-11), np.float64(3.0832432491749724e-11), np.float64(2.8847526634821773e-11), np.float64(2.3973691156880355e-11), np.float64(3.432253397567011e-11), np.float64(4.649461193918204e-11), np.float64(3.577685201291517e-11), np.float64(4.952840031719002e-11), np.float64(3.442075236586388e-11), np.float64(3.4421384966748755e-11), np.float64(3.736626891428099e-11), np.float64(3.097268666002842e-11), np.float64(3.361158546240804e-11), np.float64(4.498311548645248e-11), np.float64(5.285533130501965e-11), np.float64(4.596488391818398e-11), np.float64(3.7962868783895704e-11), np.float64(3.9290660738756925e-11), np.float64(3.7771536964812704e-11), np.float64(3.777187168258016e-11), np.float64(3.1318960143680577e-11), np.float64(3.361090021703948e-11), np.float64(4.006846829331061e-11), np.float64(3.853769746413593e-11), np.float64(3.389310732588875e-11), np.float64(3.736746125201312e-11), np.float64(4.473640910880396e-11), np.float64(3.207975766469304e-11), np.float64(3.964913440035952e-11), np.float64(3.875034779287278e-11), np.float64(4.180674226410765e-11), np.float64(3.8751220772341525e-11), np.float64(3.777228060440534e-11), np.float64(5.3409208174785824e-11), np.float64(3.8772638524977255e-11), np.float64(3.751509667647074e-11), np.float64(3.7773853209914694e-11), np.float64(3.2426553631208884e-11), np.float64(3.3711473528824394e-11), np.float64(3.9384706435753654e-11), np.float64(3.870134423458256e-11), np.float64(3.217684434882498e-11), np.float64(3.56525954166766e-11), np.float64(3.286135184975509e-11), np.float64(5.3217899460303264e-11), np.float64(3.737683516071275e-11), np.float64(3.720688283394378e-11), np.float64(2.5204999872341622e-11), np.float64(3.3274015682139813e-11), np.float64(3.291750349949036e-11), np.float64(3.6775294118236523e-11), np.float64(4.180385669711977e-11), np.float64(4.961088821325523e-11), np.float64(3.736603961280722e-11), np.float64(4.6799202692308375e-11), np.float64(3.9412750007755904e-11), np.float64(4.232192105187266e-11), np.float64(3.805664294372582e-11), np.float64(3.131914655246483e-11), np.float64(3.806393081523737e-11), np.float64(4.721882836959066e-11), np.float64(4.1214124129290645e-11), np.float64(3.602640588880969e-11), np.float64(3.32740580950709e-11), np.float64(3.327433914737828e-11), np.float64(3.727618944425129e-11), np.float64(4.0333283197266355e-11), np.float64(3.7482550395356164e-11), np.float64(3.751688248904156e-11), np.float64(3.579313691284024e-11), np.float64(4.649286076122392e-11), np.float64(4.20909835484154e-11), np.float64(3.459000825386143e-11), np.float64(3.9580075833803135e-11), np.float64(3.3211530973661974e-11), np.float64(3.512038580334665e-11), np.float64(3.3273733446243786e-11), np.float64(5.102566883727626e-11), np.float64(4.860347660558238e-11), np.float64(3.870129702614911e-11), np.float64(4.453154268215931e-11), np.float64(3.7376612159493567e-11), np.float64(3.667465274065047e-11), np.float64(3.286265429432124e-11), np.float64(3.873056118385372e-11), np.float64(3.964935214013616e-11), np.float64(4.387608156571613e-11), np.float64(3.3274660788751314e-11), np.float64(3.3691134449366906e-11), np.float64(4.265225722871757e-11), np.float64(3.3611308611310396e-11), np.float64(3.549071171468682e-11), np.float64(3.818465383796795e-11), np.float64(3.908870196939956e-11), np.float64(3.618106539816305e-11), np.float64(4.061204532124743e-11), np.float64(3.8700826093948645e-11), np.float64(3.736577769667178e-11), np.float64(3.87017731630597e-11), np.float64(3.96485783942416e-11), np.float64(3.059718203231631e-11), np.float64(4.51516490233587e-11), np.float64(4.663086164601654e-11), np.float64(3.7515074330908476e-11), np.float64(3.242746779490929e-11), np.float64(4.4471068083060855e-11), np.float64(4.4540934956712823e-11), np.float64(4.0067928369086487e-11), np.float64(3.444964355776482e-11), np.float64(3.737561054995187e-11), np.float64(4.6501228542288526e-11), np.float64(3.3613494887628414e-11), np.float64(4.9896719964918705e-11), np.float64(3.736651996612464e-11), np.float64(3.842137887321301e-11), np.float64(3.083182770481444e-11), np.float64(3.853761994930659e-11), np.float64(4.007036468066074e-11), np.float64(3.7205070599340224e-11), np.float64(4.014706999863829e-11), np.float64(3.818547057253972e-11), np.float64(4.227401663025943e-11), np.float64(4.027138751201996e-11), np.float64(3.875087263410253e-11), np.float64(3.720557905160188e-11), np.float64(5.341340969122825e-11), np.float64(3.8155803168370095e-11), np.float64(3.5158527392164836e-11), np.float64(3.7366105853509755e-11), np.float64(3.5652486942620577e-11), np.float64(3.399514381371584e-11), np.float64(3.736746779681752e-11), np.float64(4.693979150277782e-11), np.float64(3.4206981240396005e-11), np.float64(4.4776056646287745e-11), np.float64(4.22758668058123e-11), np.float64(4.721606177246792e-11), np.float64(4.2323988702801145e-11), np.float64(4.6499586587190806e-11), np.float64(4.6941741659766163e-11), np.float64(3.805326479335754e-11), np.float64(4.814812430856708e-11), np.float64(3.217511205389605e-11), np.float64(3.839294643033199e-11), np.float64(4.121168086188441e-11), np.float64(3.806301083942667e-11), np.float64(4.649161270464062e-11), np.float64(3.217582406199801e-11), np.float64(3.9819775562576246e-11), np.float64(5.571686908278007e-11), np.float64(3.782771926611135e-11), np.float64(5.1250855821807015e-11)], [np.float64(2.8699542349600347e-11), np.float64(4.149282994925753e-11), np.float64(3.6136369892887163e-11), np.float64(4.506501301304986e-11), np.float64(5.3855124012745986e-11), np.float64(3.8034913326566895e-11), np.float64(3.8324639049912795e-11), np.float64(3.303050561356357e-11), np.float64(3.3029385898391456e-11), np.float64(4.59856168144174e-11), np.float64(5.192823151731178e-11), np.float64(3.375380921645184e-11), np.float64(3.5306398041448166e-11), np.float64(3.215195909120942e-11), np.float64(3.923371411168963e-11), np.float64(3.60256841795005e-11), np.float64(4.5065222238891164e-11), np.float64(3.772019707176094e-11), np.float64(3.313844093000196e-11), np.float64(3.278298166882549e-11), np.float64(5.981514444969071e-11), np.float64(3.602876546531808e-11), np.float64(5.06556644763617e-11), np.float64(3.832604063004399e-11), np.float64(4.823202752018072e-11), np.float64(3.614621082731584e-11), np.float64(3.605973226973408e-11), np.float64(5.4644112747392735e-11), np.float64(4.962997132128686e-11), np.float64(3.2152304876034655e-11), np.float64(3.7383282025356083e-11), np.float64(4.167484784242044e-11), np.float64(3.530773061308299e-11), np.float64(4.29493118824824e-11), np.float64(4.024464747024163e-11), np.float64(3.436557402052088e-11), np.float64(4.571396220391821e-11), np.float64(4.586221624163496e-11), np.float64(3.30294978346166e-11), np.float64(3.302857678453165e-11), np.float64(3.832556910026604e-11), np.float64(5.454512785344523e-11), np.float64(5.097348196821686e-11), np.float64(3.832379149150392e-11), np.float64(5.3854572149532576e-11), np.float64(3.6018628593906825e-11), np.float64(3.601908941682237e-11), np.float64(2.783685177966065e-11), np.float64(3.574707037755513e-11), np.float64(3.606142623755146e-11), np.float64(3.4852795425413385e-11), np.float64(2.933431267169535e-11), np.float64(5.076999222051484e-11), np.float64(5.3853966867330494e-11), np.float64(4.1664603622916505e-11), np.float64(3.7028399662560834e-11), np.float64(4.0738927572323093e-11), np.float64(3.4605509254716734e-11), np.float64(6.431108636733522e-11), np.float64(3.283618877462641e-11), np.float64(3.738224139797453e-11), np.float64(2.4590209315530824e-11), np.float64(3.711123729605163e-11), np.float64(3.702833064323485e-11), np.float64(3.7045308695372726e-11), np.float64(3.338231318804765e-11), np.float64(3.738303477114067e-11), np.float64(3.319291901091796e-11), np.float64(4.350361661016463e-11), np.float64(3.350120680727609e-11), np.float64(4.571015105170422e-11), np.float64(5.3027964294537675e-11), np.float64(5.418896793980415e-11), np.float64(4.103053846512959e-11), np.float64(3.6111356986019303e-11), np.float64(3.5306711202590736e-11), np.float64(3.112212570310983e-11), np.float64(5.907346439793266e-11), np.float64(3.030436403242681e-11), np.float64(3.734576494618493e-11), np.float64(5.564744469948606e-11), np.float64(3.46174295485042e-11), np.float64(6.290350792518089e-11), np.float64(5.385437121235685e-11), np.float64(5.422288303762564e-11), np.float64(2.5307345843003692e-11), np.float64(3.530761606402189e-11), np.float64(3.916033804723473e-11), np.float64(5.4645499938692637e-11), np.float64(5.991093550641334e-11), np.float64(3.0743151917717856e-11), np.float64(3.7380399225032814e-11), np.float64(3.702952472699091e-11), np.float64(3.4619180517862637e-11), np.float64(5.4222452866465056e-11), np.float64(3.9857923400371826e-11), np.float64(3.5118844739901034e-11), np.float64(3.9259156480023985e-11), np.float64(4.2489166941415157e-11), np.float64(2.981101463702093e-11), np.float64(4.2966499293890444e-11), np.float64(6.399749263629055e-11), np.float64(5.1743549395840465e-11), np.float64(4.540532316559398e-11), np.float64(4.088413302641484e-11), np.float64(4.686695311028313e-11), np.float64(3.885859953549937e-11), np.float64(3.703050134758986e-11), np.float64(3.733292781183327e-11), np.float64(3.244661203331072e-11), np.float64(4.28680166056445e-11), np.float64(4.462899263505534e-11), np.float64(3.203608356720517e-11), np.float64(4.3379046371090304e-11), np.float64(3.203529533544378e-11), np.float64(3.278339235797062e-11), np.float64(4.823156655231846e-11), np.float64(4.136906940961121e-11), np.float64(3.4309012225212084e-11), np.float64(4.8334475953645265e-11), np.float64(5.005254542902816e-11), np.float64(3.3138213232452975e-11), np.float64(3.21515853747678e-11), np.float64(3.5836385262937093e-11), np.float64(3.9159847666236054e-11), np.float64(3.738252862516676e-11), np.float64(4.5565211292275156e-11), np.float64(3.8136382211262435e-11), np.float64(3.381055043426301e-11), np.float64(3.530639028778006e-11), np.float64(3.5806522950367954e-11), np.float64(4.0245948000658e-11), np.float64(3.4853916019319e-11), np.float64(5.070489992979813e-11), np.float64(3.4339570279196584e-11), np.float64(2.692348634511934e-11), np.float64(5.385175245316084e-11), np.float64(3.2834955142216964e-11), np.float64(3.9129747769326464e-11), np.float64(3.516882440035077e-11), np.float64(3.583823271093004e-11), np.float64(3.985670062573295e-11), np.float64(3.9159790051570063e-11), np.float64(5.256640639458808e-11), np.float64(4.0085593630232666e-11), np.float64(3.95266430906726e-11), np.float64(3.7285109473442874e-11), np.float64(3.985736339141632e-11), np.float64(5.451211281496608e-11), np.float64(3.7976451932021316e-11), np.float64(3.5631255267811554e-11), np.float64(3.702845261242741e-11), np.float64(4.2894120313371805e-11), np.float64(4.57381920973824e-11), np.float64(3.6404550053651466e-11), np.float64(4.903779951115773e-11), np.float64(5.173054545633018e-11), np.float64(4.120348996509015e-11), np.float64(3.4607254615090627e-11), np.float64(3.645686101663803e-11), np.float64(3.076752612933255e-11), np.float64(3.9855445794456164e-11), np.float64(4.5710151586997664e-11), np.float64(2.770867666864579e-11), np.float64(4.5069791536641114e-11), np.float64(3.602578881587277e-11), np.float64(3.530721165471225e-11), np.float64(3.462974696103743e-11), np.float64(4.540912378108201e-11), np.float64(3.583560610383253e-11), np.float64(3.9097153422926e-11), np.float64(2.953805252899458e-11), np.float64(4.136843135582103e-11), np.float64(3.6135712332502686e-11), np.float64(4.5138741485933005e-11), np.float64(5.464573270589727e-11), np.float64(3.484186181513092e-11), np.float64(4.150739915293443e-11), np.float64(2.783707556745859e-11), np.float64(3.517867086819569e-11), np.float64(5.464359749411712e-11), np.float64(4.977650490346291e-11), np.float64(3.6136077354669916e-11), np.float64(3.3688042271459386e-11), np.float64(4.331067391555018e-11), np.float64(3.3678657576590725e-11), np.float64(3.034369352864359e-11), np.float64(3.526093093941529e-11), np.float64(3.4704989711307005e-11), np.float64(3.0344112498732663e-11), np.float64(5.3467309597776585e-11), np.float64(4.457134682050639e-11), np.float64(4.7219473261593735e-11), np.float64(4.073730656126419e-11), np.float64(3.419862071328398e-11), np.float64(3.319424495260342e-11), np.float64(4.903856786730468e-11), np.float64(3.25050940785344e-11), np.float64(3.5306102512713463e-11), np.float64(4.8334360977705376e-11), np.float64(4.255612796636947e-11), np.float64(5.385420427696752e-11), np.float64(4.573978086812143e-11), np.float64(4.742272396509133e-11), np.float64(3.389748455310753e-11), np.float64(3.7029033054798516e-11), np.float64(3.952772654241057e-11), np.float64(3.6018231537271303e-11), np.float64(3.8483280654587955e-11), np.float64(3.98563748946363e-11), np.float64(4.2487475603568945e-11), np.float64(5.384987595068023e-11), np.float64(3.8134972533902734e-11), np.float64(3.984065132036481e-11), np.float64(3.530677777027547e-11), np.float64(4.903624257087777e-11), np.float64(5.1746780877499526e-11), np.float64(3.602624861123475e-11), np.float64(3.875382189402756e-11), np.float64(3.574806091541332e-11), np.float64(3.831043609169146e-11), np.float64(3.885810410319153e-11), np.float64(5.014815809437094e-11), np.float64(3.244499585135037e-11), np.float64(3.738212348869172e-11), np.float64(3.602641010390567e-11), np.float64(3.64813720788677e-11), np.float64(5.174260614362615e-11), np.float64(3.226821822929611e-11), np.float64(4.7303966183035026e-11), np.float64(3.5119551352326935e-11), np.float64(5.464478444214321e-11), np.float64(4.088416537675992e-11), np.float64(3.640667913706353e-11), np.float64(5.464574700809357e-11), np.float64(3.957499758012412e-11), np.float64(5.988114159452735e-11), np.float64(5.1782381056824334e-11), np.float64(2.953769901690124e-11), np.float64(3.461462814821378e-11), np.float64(5.384945479584281e-11), np.float64(3.2784257092841935e-11), np.float64(4.823212485118938e-11), np.float64(4.903888123232635e-11), np.float64(5.015703426908417e-11), np.float64(3.8482474141737714e-11), np.float64(3.5306922928931795e-11), np.float64(3.5531155613806905e-11), np.float64(3.3678925392764296e-11), np.float64(4.0738949645737706e-11), np.float64(5.321794330880628e-11), np.float64(4.201442789569139e-11), np.float64(3.613867349685295e-11), np.float64(3.602490476317394e-11), np.float64(3.875396595980389e-11), np.float64(3.500043029438282e-11), np.float64(4.776381470665227e-11), np.float64(5.768867071039825e-11), np.float64(3.3500342716860204e-11), np.float64(3.074110549953736e-11), np.float64(3.511800194617658e-11), np.float64(4.0244758332574494e-11), np.float64(3.613698354391864e-11), np.float64(3.077967488861447e-11), np.float64(3.215286813434615e-11), np.float64(4.8230175971911443e-11), np.float64(5.3853958647801434e-11), np.float64(3.3194082578389766e-11), np.float64(3.400415568131987e-11), np.float64(3.875315367843314e-11), np.float64(3.420005412718207e-11), np.float64(3.1285206345339e-11), np.float64(4.073718876237988e-11), np.float64(4.5713825899363954e-11), np.float64(4.8234175552928665e-11), np.float64(3.4688276656264424e-11), np.float64(3.313676427674263e-11), np.float64(4.248931027401073e-11), np.float64(4.248887112780909e-11), np.float64(3.3193305560044526e-11), np.float64(3.0871596014141515e-11), np.float64(3.3029450663068154e-11), np.float64(5.7342951922555794e-11), np.float64(3.64966769621383e-11), np.float64(3.4531960779909124e-11), np.float64(3.530694510233064e-11), np.float64(3.1284956509311846e-11), np.float64(3.583636827569432e-11), np.float64(3.530694056420397e-11), np.float64(3.2782999569531663e-11), np.float64(4.20151494924498e-11), np.float64(4.201510858686151e-11), np.float64(3.435829702252035e-11), np.float64(4.5859691871222435e-11), np.float64(3.530757675637629e-11), np.float64(3.944634089170576e-11), np.float64(5.981719358873329e-11), np.float64(3.702895484647464e-11), np.float64(4.570894522726434e-11), np.float64(3.6025351116145123e-11), np.float64(4.5026506262620976e-11), np.float64(3.330911263658052e-11), np.float64(4.154352844939363e-11), np.float64(3.772110982126782e-11), np.float64(3.6108698966734884e-11), np.float64(5.008547790502237e-11), np.float64(4.46606706265646e-11), np.float64(3.944687278993721e-11), np.float64(3.498065040948681e-11), np.float64(3.601755823462747e-11), np.float64(4.6132500436718214e-11), np.float64(3.3029195978961155e-11), np.float64(3.3029755574760266e-11), np.float64(5.146190762621595e-11), np.float64(3.3897678840372164e-11), np.float64(4.514109509517806e-11), np.float64(4.5065319518126224e-11), np.float64(3.2151791964578964e-11), np.float64(4.7407920758566384e-11), np.float64(4.523537055698397e-11), np.float64(4.3378432712354834e-11), np.float64(2.9864728011903604e-11), np.float64(4.5064026140753274e-11), np.float64(3.832497283330904e-11), np.float64(3.38968320589274e-11), np.float64(4.185967026344101e-11), np.float64(3.606019364414328e-11), np.float64(5.4648586590271017e-11), np.float64(3.611051933854236e-11), np.float64(3.333087988860728e-11), np.float64(3.975196713762387e-11), np.float64(3.602530761641181e-11), np.float64(3.95276647808627e-11), np.float64(3.583717963359859e-11), np.float64(3.6059871953257174e-11), np.float64(2.953849417003583e-11), np.float64(3.8859509244253016e-11), np.float64(3.4979770162301025e-11), np.float64(3.4119583533155773e-11), np.float64(3.9331962778508733e-11), np.float64(3.58367140892703e-11), np.float64(4.490508527933444e-11), np.float64(3.3329641396584225e-11), np.float64(4.5863541613427196e-11), np.float64(3.322405928340227e-11), np.float64(3.984044619589933e-11), np.float64(3.702872597494522e-11), np.float64(3.333055899685167e-11), np.float64(4.462676925613372e-11), np.float64(4.2488659976499206e-11), np.float64(3.3754755257286004e-11), np.float64(3.8383670719102467e-11), np.float64(3.9841774819774294e-11), np.float64(5.799375016538855e-11), np.float64(3.738244112114977e-11), np.float64(3.984037609437567e-11), np.float64(3.485303327845224e-11), np.float64(5.338832711074223e-11), np.float64(3.7283628684074185e-11), np.float64(4.786450405744314e-11), np.float64(4.849328009775793e-11), np.float64(4.168516773918025e-11), np.float64(3.273938630710026e-11), np.float64(3.601859298642101e-11), np.float64(3.601935841349465e-11), np.float64(2.965963158285767e-11), np.float64(4.506642596476237e-11), np.float64(3.602466358962025e-11), np.float64(4.289612636458233e-11), np.float64(3.702677070420037e-11), np.float64(4.1910455601328554e-11), np.float64(4.4904650294992876e-11), np.float64(3.530682792572349e-11), np.float64(4.6782807734171414e-11), np.float64(3.8324190608714405e-11), np.float64(3.6355233245603364e-11), np.float64(3.530616366137743e-11), np.float64(3.5645801356604645e-11), np.float64(3.215228750727208e-11), np.float64(4.858299956226474e-11), np.float64(3.923270872842749e-11), np.float64(3.302907627633115e-11), np.float64(4.7217371103881775e-11), np.float64(3.926042679145903e-11), np.float64(3.952781465682484e-11), np.float64(3.0741461282950853e-11), np.float64(3.2685606506789226e-11), np.float64(3.91584238383821e-11), np.float64(3.5812899822839805e-11), np.float64(3.8394024878396275e-11), np.float64(3.530825456811394e-11), np.float64(3.4980400874546154e-11), np.float64(5.48716589601512e-11), np.float64(3.996049877551053e-11), np.float64(3.3226771258635585e-11), np.float64(5.464683309079095e-11), np.float64(5.871814492890558e-11), np.float64(3.9705847522497046e-11), np.float64(3.430816845044823e-11), np.float64(4.677903631806528e-11), np.float64(3.5860951044969415e-11), np.float64(4.506662956428109e-11), np.float64(3.3679510462106836e-11), np.float64(3.586092394490994e-11), np.float64(3.653724841427842e-11), np.float64(5.16072590991878e-11), np.float64(3.984041281628674e-11), np.float64(3.7111925358345396e-11), np.float64(3.150547232037691e-11), np.float64(3.601880339460751e-11), np.float64(3.60184338095984e-11), np.float64(3.601798226935782e-11), np.float64(3.601853912342484e-11), np.float64(3.7380653611350075e-11), np.float64(5.1248006192776674e-11), np.float64(3.550261208094752e-11), np.float64(3.9960477024808194e-11), np.float64(4.1125359414526184e-11), np.float64(3.839728540965874e-11), np.float64(3.375361168496772e-11), np.float64(3.996066398139286e-11), np.float64(4.923039138575028e-11), np.float64(4.571089263226824e-11), np.float64(4.677934834149197e-11), np.float64(3.27829213199073e-11), np.float64(3.5307638611341485e-11), np.float64(4.073980077456367e-11), np.float64(4.0245428905143284e-11), np.float64(4.524392158671412e-11), np.float64(4.02397723359112e-11), np.float64(5.178504953550892e-11), np.float64(3.547681938298611e-11), np.float64(3.021543566056343e-11), np.float64(3.996150023385291e-11), np.float64(4.678086668508098e-11), np.float64(3.367947790262176e-11), np.float64(3.330795075064442e-11), np.float64(3.774650658670973e-11), np.float64(2.5427453527258402e-11), np.float64(4.5652859308217146e-11), np.float64(3.549966368301018e-11), np.float64(3.5312883968418835e-11), np.float64(3.6111656453232315e-11), np.float64(3.985319020661536e-11), np.float64(3.7284395324794455e-11), np.float64(3.7277941389633385e-11), np.float64(3.8450625899383366e-11), np.float64(4.209397102082433e-11), np.float64(3.46143530583312e-11), np.float64(4.255539334255873e-11), np.float64(3.5305705988535194e-11), np.float64(3.786717322864156e-11), np.float64(4.6781060344322315e-11), np.float64(3.6018347883159057e-11), np.float64(3.601874358854414e-11), np.float64(3.60176097556218e-11), np.float64(3.957373555078596e-11), np.float64(4.5065108959785975e-11), np.float64(2.7165065760625098e-11), np.float64(3.53066059934457e-11), np.float64(4.5710169095035805e-11), np.float64(3.702727354912153e-11), np.float64(5.146156950375832e-11), np.float64(4.150690918211714e-11), np.float64(3.7382585124716726e-11), np.float64(4.49045621210773e-11), np.float64(4.289404160617143e-11), np.float64(3.2873978782828546e-11), np.float64(5.116252100169741e-11), np.float64(3.2782613978862626e-11), np.float64(3.923388194896734e-11), np.float64(3.3193599574523355e-11), np.float64(4.088590746471554e-11), np.float64(4.331170378041453e-11), np.float64(3.580576338014827e-11), np.float64(2.9334538969133407e-11), np.float64(3.925910982605093e-11), np.float64(3.203495711029166e-11), np.float64(3.9037701952970924e-11), np.float64(3.613594872051332e-11), np.float64(2.981316657633553e-11), np.float64(3.319453129203079e-11), np.float64(3.498045102662082e-11), np.float64(4.3564917867485994e-11), np.float64(3.9445599404148475e-11), np.float64(4.5407771060121665e-11), np.float64(3.3193315705979387e-11), np.float64(4.167786633583414e-11), np.float64(3.909581239360466e-11), np.float64(3.9234125357856343e-11), np.float64(3.61450877152238e-11), np.float64(5.377749384913881e-11), np.float64(3.952760295534365e-11), np.float64(3.309208053398427e-11), np.float64(3.389392653137753e-11), np.float64(3.711923360734159e-11), np.float64(5.454496204864196e-11), np.float64(3.400419351549993e-11), np.float64(4.990513702883882e-11), np.float64(3.4978430319122225e-11), np.float64(4.823007043355014e-11), np.float64(3.3637985704958453e-11), np.float64(4.974695217099873e-11), np.float64(4.99098025302265e-11), np.float64(3.706165243138937e-11), np.float64(4.073776699590908e-11), np.float64(3.38981042750884e-11), np.float64(3.6108817491611585e-11), np.float64(3.215362826322209e-11), np.float64(3.9855284314814495e-11), np.float64(3.813651477385989e-11), np.float64(4.944541835699122e-11), np.float64(3.6137458433003773e-11), np.float64(4.570081044937286e-11), np.float64(4.50683928921373e-11), np.float64(4.490324491978944e-11), np.float64(4.5862377823158944e-11), np.float64(3.9844146699340434e-11), np.float64(4.005688626605822e-11), np.float64(3.944545342943926e-11), np.float64(3.33317421130934e-11), np.float64(4.9106568539421385e-11), np.float64(5.464624390092354e-11), np.float64(4.0705615950430326e-11), np.float64(3.6131330833727115e-11), np.float64(5.464375266967579e-11), np.float64(3.461509049698279e-11), np.float64(3.5645338764898124e-11), np.float64(4.586288479800125e-11), np.float64(4.782081809109079e-11), np.float64(2.5065209507945675e-11), np.float64(4.903893364606754e-11), np.float64(3.485183129097246e-11), np.float64(5.981579822420671e-11), np.float64(4.6867380464595945e-11), np.float64(4.20943070237487e-11), np.float64(3.8755136163766265e-11), np.float64(4.490486744244573e-11), np.float64(4.167799396644964e-11), np.float64(3.5836602758194905e-11), np.float64(3.3380292938105454e-11), np.float64(3.6354326708906676e-11), np.float64(5.1462812450807356e-11), np.float64(3.774769556073664e-11), np.float64(3.5307255201528543e-11), np.float64(3.203652658008124e-11), np.float64(3.3678648468834005e-11), np.float64(3.53073663861867e-11), np.float64(4.696346039815586e-11), np.float64(3.738181018574415e-11), np.float64(3.485149682288831e-11), np.float64(4.571058049754928e-11), np.float64(3.614460280282896e-11), np.float64(4.088494517661782e-11), np.float64(4.573979626310915e-11), np.float64(3.411861725854671e-11), np.float64(3.3899534336017124e-11), np.float64(3.5118977195586915e-11), np.float64(3.6152070023996095e-11), np.float64(5.095076705517149e-11), np.float64(3.6024755980812073e-11), np.float64(3.9527921245433496e-11), np.float64(3.46176470220289e-11), np.float64(3.0742137103012506e-11), np.float64(4.876879256557553e-11), np.float64(3.319305632448584e-11), np.float64(4.822984734277936e-11), np.float64(3.345953559849472e-11), np.float64(3.2450121285170646e-11), np.float64(5.3854187944652105e-11), np.float64(3.3753879548623234e-11), np.float64(3.7383399306749314e-11), np.float64(4.923291554361698e-11), np.float64(4.2786761495250306e-11), np.float64(3.1424739745435104e-11), np.float64(3.8324341981144356e-11), np.float64(3.427776118468767e-11), np.float64(3.034433849420736e-11), np.float64(3.7029214351859664e-11), np.float64(3.944538463237706e-11), np.float64(5.385455276585573e-11), np.float64(3.4616592440457704e-11), np.float64(3.98426424734725e-11), np.float64(5.5742273320558285e-11), np.float64(5.2780926425263236e-11), np.float64(4.2094072696332044e-11), np.float64(3.9573309311502566e-11), np.float64(3.4614805129656e-11), np.float64(4.538520277836645e-11), np.float64(4.197179252097733e-11), np.float64(3.461635430741977e-11), np.float64(4.001017438041362e-11), np.float64(3.3687969254875814e-11), np.float64(3.498099051129809e-11), np.float64(5.988974494758098e-11), np.float64(5.1463893221335154e-11), np.float64(3.215264711209343e-11), np.float64(4.570115567722813e-11), np.float64(4.571139835501547e-11), np.float64(4.2903375941165305e-11), np.float64(3.738324571001833e-11), np.float64(3.968921398165432e-11), np.float64(5.4525484348382904e-11), np.float64(3.389526732452187e-11), np.float64(3.8438606638860954e-11), np.float64(3.1120976141261394e-11), np.float64(4.671778948870224e-11), np.float64(4.248845897516152e-11), np.float64(4.035293859591396e-11), np.float64(4.07387564454362e-11), np.float64(4.351703018828579e-11), np.float64(4.248840812642227e-11), np.float64(3.2091038929072656e-11), np.float64(3.613704759948295e-11), np.float64(3.278351903558003e-11), np.float64(4.255511543339341e-11), np.float64(3.338193527189369e-11), np.float64(3.852141453260351e-11), np.float64(3.728424617309627e-11), np.float64(3.268681137286967e-11), np.float64(4.514096661451564e-11), np.float64(3.885761190801217e-11), np.float64(4.797709162353066e-11), np.float64(3.3193956661907335e-11), np.float64(5.833395524815767e-11), np.float64(3.349997544690002e-11), np.float64(4.201737702939993e-11), np.float64(3.3814098492454376e-11), np.float64(5.4224252071187435e-11), np.float64(3.848328851263214e-11), np.float64(3.606030629538871e-11), np.float64(3.484224983183182e-11), np.float64(3.6514353312962645e-11), np.float64(3.832586090884156e-11), np.float64(4.991085103569363e-11), np.float64(3.244830065116614e-11), np.float64(4.8233282772661215e-11), np.float64(3.832407187512002e-11), np.float64(4.677873062515997e-11), np.float64(5.385572468846545e-11), np.float64(3.944430531561224e-11), np.float64(3.497963860553125e-11), np.float64(3.813431347019617e-11), np.float64(4.120154547040218e-11), np.float64(4.073719828726159e-11), np.float64(3.337990287829002e-11), np.float64(3.778380430577264e-11), np.float64(3.1445334104034706e-11), np.float64(3.8134652346999784e-11), np.float64(4.90404844145547e-11), np.float64(3.319493906848905e-11), np.float64(4.5063209287405347e-11), np.float64(4.6866810579657195e-11), np.float64(3.4686959949594407e-11), np.float64(4.136804845715066e-11), np.float64(5.6755911775697115e-11), np.float64(4.034139384597461e-11), np.float64(3.885905975392847e-11), np.float64(4.462665746841289e-11), np.float64(2.9722542497279706e-11), np.float64(3.30291633806073e-11), np.float64(3.7027443257015664e-11), np.float64(3.350033533526216e-11), np.float64(5.46472102974452e-11), np.float64(3.6256252259146374e-11), np.float64(3.5307178257476003e-11), np.float64(3.338370163322791e-11), np.float64(4.911315472992839e-11), np.float64(2.995412899751349e-11), np.float64(3.5308248967326956e-11), np.float64(4.7307205683734025e-11), np.float64(3.4356931206580025e-11), np.float64(3.468814913069695e-11), np.float64(5.384985976280174e-11), np.float64(3.61456362057673e-11), np.float64(3.7381963682600777e-11), np.float64(3.215344775231632e-11), np.float64(2.953861256922938e-11), np.float64(3.4798989018233474e-11), np.float64(5.422432492713061e-11), np.float64(3.484344420892406e-11), np.float64(3.703018374285303e-11), np.float64(4.792995729388902e-11), np.float64(4.2900451653653575e-11), np.float64(3.550258835350153e-11), np.float64(3.984212224438776e-11), np.float64(3.564405635909198e-11), np.float64(2.995384362048357e-11), np.float64(3.738239551461218e-11), np.float64(3.278284739969051e-11), np.float64(3.601801944733953e-11), np.float64(3.605990171548316e-11), np.float64(3.215151306200612e-11), np.float64(3.128439689275603e-11), np.float64(4.506376063400013e-11), np.float64(3.309169788875346e-11), np.float64(3.5807634061789e-11), np.float64(5.095375840010247e-11), np.float64(4.150786396092105e-11), np.float64(5.385410455746375e-11), np.float64(5.5380107148912134e-11), np.float64(3.3811846689768584e-11), np.float64(3.225956073658654e-11), np.float64(5.989857054956917e-11), np.float64(3.733486472953427e-11), np.float64(5.454475564384934e-11), np.float64(4.506732562075637e-11), np.float64(5.4225638543439024e-11), np.float64(3.2685310770903314e-11), np.float64(4.513772738756499e-11), np.float64(3.3227130302487654e-11), np.float64(3.461446693866097e-11), np.float64(3.3680149051305014e-11), np.float64(4.571316562443786e-11), np.float64(3.952758011542166e-11), np.float64(3.33808213385386e-11), np.float64(3.813535436059088e-11), np.float64(6.11817178214992e-11), np.float64(4.154198241528713e-11), np.float64(5.4649087907809076e-11), np.float64(3.338126356041104e-11), np.float64(3.32838105139811e-11), np.float64(2.953903293027903e-11), np.float64(3.7868923472423824e-11), np.float64(3.564274179345471e-11), np.float64(4.209412891200498e-11), np.float64(4.1674918225455636e-11), np.float64(5.877706200817576e-11), np.float64(5.966767580226382e-11), np.float64(4.166232199529008e-11), np.float64(4.910910904751742e-11), np.float64(4.571117233490591e-11), np.float64(3.738102389923631e-11), np.float64(3.774771523679606e-11), np.float64(5.5104082884969815e-11), np.float64(3.2873462181571147e-11), np.float64(4.9917574549623734e-11), np.float64(4.571262817075008e-11), np.float64(3.530644989838438e-11), np.float64(3.9036948242140624e-11), np.float64(4.571151100395314e-11), np.float64(4.556645227019133e-11), np.float64(3.6144380208336817e-11), np.float64(2.6818303814432286e-11), np.float64(2.567105551993565e-11), np.float64(3.984423527135535e-11), np.float64(3.468738878512212e-11), np.float64(4.394320313162099e-11), np.float64(3.738245436197731e-11), np.float64(3.2035952834336917e-11), np.float64(3.3030507925843385e-11), np.float64(5.309823525989185e-11), np.float64(4.152105627442599e-11), np.float64(3.601721969707966e-11), np.float64(3.460639409480306e-11), np.float64(4.6779524124295166e-11), np.float64(4.0717363342810806e-11), np.float64(4.506674917979372e-11), np.float64(3.367944942258649e-11), np.float64(3.215191718919814e-11), np.float64(3.614475443734744e-11), np.float64(3.367848670149906e-11), np.float64(3.9258833419730055e-11), np.float64(3.583546860824328e-11), np.float64(4.294737910295677e-11), np.float64(5.082448577226302e-11), np.float64(3.468669003328506e-11), np.float64(3.203619138122157e-11), np.float64(3.461494464171288e-11), np.float64(3.367948573619167e-11), np.float64(3.273919377993828e-11), np.float64(5.192871408419919e-11), np.float64(3.7027186956754977e-11), np.float64(3.6110943028669376e-11), np.float64(3.338093994390199e-11), np.float64(4.8336373845862246e-11), np.float64(3.613666422540928e-11), np.float64(3.3500068670523734e-11), np.float64(3.338067198341686e-11), np.float64(4.11259864532374e-11), np.float64(4.2895613621784257e-11), np.float64(3.738212699902595e-11), np.float64(3.485237244225667e-11), np.float64(5.454297896231991e-11), np.float64(5.385425013728699e-11), np.float64(3.8520942496724343e-11), np.float64(5.6514940381597405e-11), np.float64(5.146163486457129e-11), np.float64(3.702896467237825e-11), np.float64(3.6018013534856204e-11), np.float64(3.7277538632230705e-11), np.float64(5.16094360540739e-11), np.float64(3.60599589499524e-11), np.float64(4.4903995108614075e-11), np.float64(2.7626851724554373e-11), np.float64(3.581325525315339e-11), np.float64(3.6018466704635325e-11), np.float64(5.080543414770318e-11), np.float64(4.267546677015803e-11), np.float64(3.944519351469639e-11), np.float64(4.248929204728937e-11), np.float64(3.861971556325205e-11), np.float64(3.9856250333431586e-11), np.float64(4.289585774467734e-11), np.float64(3.6135760814916444e-11), np.float64(5.5809521149422036e-11), np.float64(3.1424431448857053e-11), np.float64(4.5022779949487065e-11), np.float64(4.3240354937939504e-11), np.float64(3.9842829909879345e-11), np.float64(3.601887768132517e-11), np.float64(2.995381960441183e-11), np.float64(3.727695642756651e-11), np.float64(2.995338408072215e-11), np.float64(4.007089584467654e-11), np.float64(3.728411985922626e-11), np.float64(3.498256697708225e-11), np.float64(4.2557076969012424e-11), np.float64(4.506506493884e-11), np.float64(3.8857636512694325e-11), np.float64(6.279969891543744e-11), np.float64(3.7381770461116355e-11), np.float64(3.9840482319429806e-11), np.float64(3.885789300669273e-11), np.float64(3.2782570561137355e-11), np.float64(3.3677962260555586e-11), np.float64(4.5067655815814766e-11), np.float64(3.702713285761144e-11), np.float64(3.419880360312475e-11), np.float64(5.393028799796138e-11), np.float64(3.614564042160242e-11), np.float64(3.9856785753355445e-11), np.float64(3.613523205077746e-11), np.float64(3.7284560422790734e-11), np.float64(5.0019500070360915e-11), np.float64(3.2961701400648796e-11), np.float64(3.7794847127754575e-11), np.float64(3.61437925971292e-11), np.float64(4.07373303840158e-11), np.float64(4.6135850799463054e-11), np.float64(3.3848169462005247e-11), np.float64(3.079315051275285e-11), np.float64(4.9230321976976364e-11), np.float64(5.645279723696279e-11), np.float64(3.375348390740585e-11), np.float64(3.324455971791794e-11), np.float64(3.333096135403915e-11), np.float64(3.497965024747347e-11), np.float64(2.953883550142261e-11), np.float64(3.530684319296255e-11), np.float64(4.1722441642217e-11), np.float64(3.996237534586675e-11), np.float64(3.350061941149756e-11), np.float64(4.1675499170742575e-11), np.float64(4.3479439738798795e-11), np.float64(3.3896806581666775e-11), np.float64(4.02361048257374e-11), np.float64(3.9113533898513126e-11), np.float64(3.4981300817061996e-11), np.float64(3.952944961116081e-11), np.float64(3.653523138944355e-11), np.float64(3.463009091303573e-11), np.float64(3.112116879160948e-11), np.float64(3.4002335810562524e-11), np.float64(4.120097717324258e-11), np.float64(3.63536499780218e-11), np.float64(3.787005985063843e-11), np.float64(2.9537512401752816e-11), np.float64(3.728402544023342e-11), np.float64(3.4120354279016375e-11), np.float64(4.073614233478382e-11), np.float64(3.925971091548872e-11), np.float64(5.710095189792874e-11), np.float64(2.953808704052933e-11), np.float64(5.981352263319981e-11), np.float64(3.6060809800779836e-11), np.float64(3.6018869977568195e-11), np.float64(4.9036813289460897e-11), np.float64(3.5774376498414934e-11), np.float64(3.70287434852569e-11), np.float64(3.530769052549093e-11), np.float64(3.5454751145955955e-11), np.float64(2.972419598317479e-11), np.float64(3.84510218837467e-11), np.float64(3.839258977218558e-11), np.float64(3.613715795488587e-11), np.float64(4.540703719389797e-11), np.float64(3.738001662061233e-11), np.float64(3.8745667685468813e-11), np.float64(3.389717564944057e-11), np.float64(4.2168250231203566e-11), np.float64(2.995417413284654e-11), np.float64(3.83276917479498e-11), np.float64(4.177267462637437e-11), np.float64(4.677873952690675e-11), np.float64(3.601921016206878e-11), np.float64(3.330826494784776e-11), np.float64(3.5861584216331476e-11), np.float64(3.3898622089849625e-11), np.float64(3.996017883791526e-11), np.float64(3.485197301066952e-11), np.float64(4.0070096277032385e-11), np.float64(4.431945877936087e-11), np.float64(3.3899623083608214e-11), np.float64(3.367873431470327e-11), np.float64(2.7165290425652558e-11), np.float64(3.530717056432796e-11), np.float64(3.702902436736835e-11), np.float64(3.797544444252306e-11), np.float64(5.4644776965719906e-11), np.float64(3.1121263193743274e-11), np.float64(3.2782769977334235e-11), np.float64(4.154735188910031e-11), np.float64(3.447827075508931e-11), np.float64(3.074204806795242e-11), np.float64(4.455451332584225e-11), np.float64(3.7354737315029675e-11), np.float64(3.738264431951181e-11), np.float64(4.154168194970577e-11), np.float64(3.800246679466308e-11), np.float64(4.1543889700253427e-11), np.float64(3.332986101714588e-11), np.float64(5.385332445476485e-11), np.float64(3.478422349564483e-11), np.float64(3.087222778365285e-11), np.float64(3.984206971726557e-11), np.float64(3.7029718468460595e-11), np.float64(3.728404239256726e-11), np.float64(3.909657013653737e-11), np.float64(3.8393718929280146e-11), np.float64(3.3898611479869794e-11), np.float64(3.367922140659896e-11), np.float64(4.167999316033471e-11), np.float64(3.7383151352668836e-11), np.float64(3.702738876589448e-11), np.float64(3.5307982890188656e-11), np.float64(2.98111919546103e-11), np.float64(3.614518817600085e-11), np.float64(3.128433276009774e-11), np.float64(3.984324462897955e-11), np.float64(3.3090382887146134e-11), np.float64(5.0771825008977375e-11), np.float64(3.3330563663746504e-11), np.float64(4.911089211857964e-11), np.float64(4.0738744939081546e-11), np.float64(3.923161250421592e-11), np.float64(3.6018718287096314e-11), np.float64(3.484355816061913e-11), np.float64(3.3897648515757174e-11), np.float64(2.6817715186346166e-11), np.float64(4.6881914163574466e-11), np.float64(3.411945141188248e-11), np.float64(4.007107337319862e-11), np.float64(3.702790477193586e-11), np.float64(5.5735688830487265e-11), np.float64(3.625608281557311e-11), np.float64(5.256866816831428e-11), np.float64(3.215294477064246e-11), np.float64(5.988797518605958e-11), np.float64(3.6341819853103384e-11), np.float64(4.1542128911301857e-11), np.float64(3.738171768582882e-11), np.float64(3.614294593569961e-11), np.float64(5.385580443165545e-11), np.float64(3.711064113707721e-11), np.float64(3.9857425512066254e-11), np.float64(4.1973396879256925e-11), np.float64(3.875615324777934e-11), np.float64(5.454504620715721e-11), np.float64(3.074264688680024e-11), np.float64(3.349996883160097e-11), np.float64(4.735159968918302e-11), np.float64(5.3850717470189604e-11), np.float64(4.2489018558097695e-11), np.float64(3.7380480386991606e-11), np.float64(3.975112524206969e-11), np.float64(3.8858496171230665e-11), np.float64(3.46151323953469e-11), np.float64(4.1029970153844164e-11), np.float64(4.0681390872044094e-11), np.float64(4.073894870629657e-11), np.float64(4.154053434131536e-11), np.float64(4.8238257466634925e-11), np.float64(3.5308207771301574e-11), np.float64(3.5809020695624186e-11), np.float64(3.996279990822031e-11), np.float64(2.5427346791001066e-11), np.float64(5.871319542714459e-11), np.float64(3.92328868223286e-11), np.float64(5.422347668410493e-11), np.float64(3.601930501428202e-11), np.float64(3.738311044739952e-11), np.float64(3.5262240840800914e-11), np.float64(5.7712934920817394e-11), np.float64(5.454704228198791e-11), np.float64(3.9095790828478626e-11), np.float64(4.943635546077369e-11), np.float64(5.454335907338553e-11), np.float64(4.2895895768028685e-11), np.float64(3.9529279491841026e-11)], [np.float64(3.3045629457202934e-11), np.float64(3.5766185535449544e-11), np.float64(3.9481683268782696e-11), np.float64(3.6244073600203785e-11), np.float64(3.424982364199032e-11), np.float64(4.5384909440110104e-11), np.float64(3.847951554642345e-11), np.float64(3.576613780443091e-11), np.float64(4.3462078734746735e-11), np.float64(3.076504846321705e-11), np.float64(3.766439656513862e-11), np.float64(4.8037051399541826e-11), np.float64(4.273733102919637e-11), np.float64(4.6248350509640954e-11), np.float64(4.031263225053844e-11), np.float64(3.9576667678396885e-11), np.float64(3.463533090350593e-11), np.float64(3.1855316708189316e-11), np.float64(4.3771973244834814e-11), np.float64(3.392102011402876e-11), np.float64(3.076486281825163e-11), np.float64(3.8420364633844785e-11), np.float64(5.7005240559006924e-11), np.float64(3.678446611502906e-11), np.float64(4.597915346649069e-11), np.float64(3.399195241697509e-11), np.float64(4.8391802288618625e-11), np.float64(3.693044288054823e-11), np.float64(4.6197485854724914e-11), np.float64(3.9481283689697385e-11), np.float64(4.396076362768824e-11), np.float64(3.6024994275269574e-11), np.float64(2.5063282417300428e-11), np.float64(3.850687876349272e-11), np.float64(3.760970340736003e-11), np.float64(3.613582804235214e-11), np.float64(3.507763100996881e-11), np.float64(3.922285135061061e-11), np.float64(4.966825588147907e-11), np.float64(3.2613080118970846e-11), np.float64(4.088228712402837e-11), np.float64(4.0139790648835624e-11), np.float64(3.863767535681689e-11), np.float64(4.273926632517339e-11), np.float64(3.613879865071942e-11), np.float64(3.325343647640377e-11), np.float64(3.602592231601582e-11), np.float64(3.8383923538199214e-11), np.float64(3.435876535807423e-11), np.float64(3.5449866088749085e-11), np.float64(3.998449411572172e-11), np.float64(3.622395521781277e-11), np.float64(4.598777967449698e-11), np.float64(4.3526925434039826e-11), np.float64(3.613599517253615e-11), np.float64(3.766297148636019e-11), np.float64(3.495522157294421e-11), np.float64(3.850550609517649e-11), np.float64(4.059233674303917e-11), np.float64(4.058846039528922e-11), np.float64(4.245647893432668e-11), np.float64(3.833599394618866e-11), np.float64(3.668875483510609e-11), np.float64(3.7609801262749464e-11), np.float64(4.865296056253254e-11), np.float64(3.4501073602589977e-11), np.float64(3.774997560236778e-11), np.float64(3.902440696486853e-11), np.float64(3.950051466426792e-11), np.float64(4.648097995365508e-11), np.float64(3.215501910821444e-11), np.float64(3.760717879852579e-11), np.float64(3.576734083027254e-11), np.float64(4.4511767514899325e-11), np.float64(5.7004597422823924e-11), np.float64(3.922955557198697e-11), np.float64(3.631003015742199e-11), np.float64(3.553242544884322e-11), np.float64(4.3474098393524843e-11), np.float64(3.613897405874707e-11), np.float64(3.435656463071107e-11), np.float64(4.727136900315847e-11), np.float64(3.948470762023853e-11), np.float64(4.892868621522125e-11), np.float64(3.687867807427591e-11), np.float64(4.146296654766467e-11), np.float64(4.145891321280881e-11), np.float64(4.787003357635423e-11), np.float64(5.202023206366924e-11), np.float64(4.4513399221779485e-11), np.float64(3.3876884013477623e-11), np.float64(3.173049592696e-11), np.float64(3.576563319068665e-11), np.float64(3.491550781015776e-11), np.float64(3.6026589696750236e-11), np.float64(3.6821102896510457e-11), np.float64(4.3561655302061656e-11), np.float64(3.616411610719321e-11), np.float64(3.4955453361294785e-11), np.float64(4.5989579440232867e-11), np.float64(3.6539099374978925e-11), np.float64(3.970222458246755e-11), np.float64(3.739819714870797e-11), np.float64(3.8334880720816267e-11), np.float64(3.8479501336308245e-11), np.float64(3.185499745260554e-11), np.float64(3.957523224553673e-11), np.float64(4.529019918936816e-11), np.float64(5.164557601288199e-11), np.float64(3.3253729377287626e-11), np.float64(3.4954579981972685e-11), np.float64(3.294231742788522e-11), np.float64(4.8460273035910944e-11), np.float64(4.755206258638376e-11), np.float64(4.120689593759826e-11), np.float64(4.787067006118092e-11), np.float64(5.2020422441371435e-11), np.float64(4.3186071404587475e-11), np.float64(3.076401479417131e-11), np.float64(3.918539164914294e-11), np.float64(3.1730703442275006e-11), np.float64(6.318807624101049e-11), np.float64(5.202074887881224e-11), np.float64(3.743707996660998e-11), np.float64(3.456482499197199e-11), np.float64(3.733404545309178e-11), np.float64(4.538480440884818e-11), np.float64(3.653742287374318e-11), np.float64(3.5533276166043367e-11), np.float64(3.5339781935862135e-11), np.float64(3.304217022600892e-11), np.float64(4.376635451494761e-11), np.float64(3.1928375462857525e-11), np.float64(3.833661208747029e-11), np.float64(3.913630490044659e-11), np.float64(3.9575561548535036e-11), np.float64(5.2169297384269526e-11), np.float64(3.3174111014507554e-11), np.float64(3.4611408497185595e-11), np.float64(3.946563551267775e-11), np.float64(4.1652288512524955e-11), np.float64(3.7436114527375424e-11), np.float64(3.957530956422566e-11), np.float64(4.3412970812435346e-11), np.float64(3.922240662499067e-11), np.float64(3.445963655208203e-11), np.float64(4.484289106086719e-11), np.float64(3.8352269869375735e-11), np.float64(5.430667652579482e-11), np.float64(4.245394983843796e-11), np.float64(3.7587048899890504e-11), np.float64(4.025755056907895e-11), np.float64(3.922090541113967e-11), np.float64(4.864945326535365e-11), np.float64(3.5339180592945464e-11), np.float64(3.39894575111109e-11), np.float64(3.761220192025528e-11), np.float64(5.566986776407197e-11), np.float64(3.5549575478990536e-11), np.float64(3.518768124809487e-11), np.float64(4.0591049566761425e-11), np.float64(4.142784767169792e-11), np.float64(3.554673569582656e-11), np.float64(4.120361414457696e-11), np.float64(3.4992530073940816e-11), np.float64(4.132535058260098e-11), np.float64(3.687912353067213e-11), np.float64(3.848006096011243e-11), np.float64(3.79212187217556e-11), np.float64(3.889722996797204e-11), np.float64(3.8282438002698316e-11), np.float64(3.774958217770644e-11), np.float64(5.3027480315100867e-11), np.float64(4.29708061483409e-11), np.float64(4.0168708594169714e-11), np.float64(4.1323198955102553e-11), np.float64(3.969893370607165e-11), np.float64(3.9305606147274003e-11), np.float64(4.1649954860600505e-11), np.float64(3.5533970312042276e-11), np.float64(4.318484852796768e-11), np.float64(3.076533216770752e-11), np.float64(3.4637426440970634e-11), np.float64(3.743737374688675e-11), np.float64(3.0985146025125065e-11), np.float64(3.998585697029116e-11), np.float64(3.375025826843141e-11), np.float64(3.602766356270628e-11), np.float64(3.3875854157964285e-11), np.float64(4.624967596234661e-11), np.float64(4.4620582827250784e-11), np.float64(3.9793280243427615e-11), np.float64(3.760971710037009e-11), np.float64(3.317232001486712e-11), np.float64(4.7470802393736934e-11), np.float64(3.9134942305134043e-11), np.float64(3.6538346814873663e-11), np.float64(4.846400337858812e-11), np.float64(4.010668365217638e-11), np.float64(4.2806947069190266e-11), np.float64(5.201880490493963e-11), np.float64(4.0691107251465546e-11), np.float64(3.3877892146520164e-11), np.float64(5.2020220852587306e-11), np.float64(4.593436636494683e-11), np.float64(3.496129420722599e-11), np.float64(3.948393326191183e-11), np.float64(3.621896158066425e-11), np.float64(3.5336678797109566e-11), np.float64(3.185430155643983e-11), np.float64(3.602758502217666e-11), np.float64(4.280476707104743e-11), np.float64(3.6136806500652606e-11), np.float64(3.63989959283505e-11), np.float64(3.78348572360601e-11), np.float64(3.7324886212902444e-11), np.float64(3.6537331503155906e-11), np.float64(4.855287712540182e-11), np.float64(4.63439763541378e-11), np.float64(3.621903562349606e-11), np.float64(3.62230369880704e-11), np.float64(3.4992827742202555e-11), np.float64(3.076526347443533e-11), np.float64(3.653924546194463e-11), np.float64(5.155608127193187e-11), np.float64(4.9604765129127675e-11), np.float64(4.34645033361315e-11), np.float64(3.7646452213753126e-11), np.float64(4.9934041855879136e-11), np.float64(3.850706334249924e-11), np.float64(3.154982510178099e-11), np.float64(3.889671711112347e-11), np.float64(4.598853866080381e-11), np.float64(3.1548589031627435e-11), np.float64(2.8606466775478597e-11), np.float64(4.5996118343826906e-11), np.float64(3.5078556432309426e-11), np.float64(2.668506067565589e-11), np.float64(3.9618939573372885e-11), np.float64(3.576734090264679e-11), np.float64(4.145585838325671e-11), np.float64(4.0895001213906714e-11), np.float64(4.0377082071499853e-11), np.float64(2.985611313194077e-11), np.float64(3.8284931083070265e-11), np.float64(5.55686927113688e-11), np.float64(3.7331043680682153e-11), np.float64(3.317445941410658e-11), np.float64(3.216073066378043e-11), np.float64(3.399038980940828e-11), np.float64(3.732996491566864e-11), np.float64(3.622199552018398e-11), np.float64(3.672517942058123e-11), np.float64(3.678328912472357e-11), np.float64(3.979265621633511e-11), np.float64(3.529383439391443e-11), np.float64(3.172883866669766e-11), np.float64(4.4408099820897904e-11), np.float64(4.34134617121172e-11), np.float64(4.26396482704423e-11), np.float64(3.48544449969188e-11), np.float64(4.839271536973158e-11), np.float64(3.743767954060889e-11), np.float64(3.523205985995618e-11), np.float64(3.493903737977851e-11), np.float64(3.668898750322787e-11), np.float64(3.280977984166706e-11), np.float64(3.598808192125637e-11), np.float64(4.747040898892098e-11), np.float64(3.192749250962507e-11), np.float64(3.602848767163067e-11), np.float64(3.387607817817163e-11), np.float64(3.1854088052081954e-11), np.float64(3.772803510213451e-11), np.float64(4.751774301486284e-11), np.float64(3.2831444777891806e-11), np.float64(3.4256077267061914e-11), np.float64(5.6425743531354915e-11), np.float64(5.2244373541157644e-11), np.float64(4.16491949063522e-11), np.float64(3.44590042559534e-11), np.float64(3.076611546005581e-11), np.float64(3.732727154953223e-11), np.float64(3.831631416820153e-11), np.float64(4.205899194801538e-11), np.float64(3.6135745869438436e-11), np.float64(3.154781714648816e-11), np.float64(3.766138891898618e-11), np.float64(2.765205621776053e-11), np.float64(4.245651410039472e-11), np.float64(3.0765595946119004e-11), np.float64(3.613801812135108e-11), np.float64(5.0653531754927533e-11), np.float64(3.774864281269754e-11), np.float64(4.2943626171160124e-11), np.float64(3.710531411305678e-11), np.float64(3.483041764102883e-11), np.float64(5.452408219863082e-11), np.float64(4.025589035097438e-11), np.float64(4.776164213623548e-11), np.float64(3.1976961757475737e-11), np.float64(3.682041663732183e-11), np.float64(3.324438207450879e-11), np.float64(4.318420095812814e-11), np.float64(3.18541711469771e-11), np.float64(3.6080347905069276e-11), np.float64(5.0361710126488995e-11), np.float64(4.74161491800006e-11), np.float64(3.8277683466281165e-11), np.float64(3.7327362879685085e-11), np.float64(3.9618297211766696e-11), np.float64(4.376476094992465e-11), np.float64(3.766226317327393e-11), np.float64(3.076539256239717e-11), np.float64(3.842062402045133e-11), np.float64(3.0765552211207747e-11), np.float64(3.146525047604523e-11), np.float64(3.8634950861313336e-11), np.float64(3.03389771684643e-11), np.float64(3.889949382644226e-11), np.float64(3.280922254718899e-11), np.float64(3.5338496158272766e-11), np.float64(4.0880606356552015e-11), np.float64(4.0258535651540364e-11), np.float64(4.377220737666902e-11), np.float64(3.948287835210445e-11), np.float64(3.154799744633955e-11), np.float64(3.930370011935452e-11), np.float64(4.778327530282394e-11), np.float64(3.602715411989636e-11), np.float64(3.280862864594591e-11), np.float64(3.4953445784950184e-11), np.float64(3.192856474664415e-11), np.float64(3.192871996763552e-11), np.float64(3.6218731453565997e-11), np.float64(3.229297482173555e-11), np.float64(3.922567089203705e-11), np.float64(3.6027274145176324e-11), np.float64(3.7663284295298514e-11), np.float64(4.2004942930676895e-11), np.float64(3.979378262951181e-11), np.float64(4.102576127021596e-11), np.float64(3.4255476403849834e-11), np.float64(3.739884796265808e-11), np.float64(3.5233107329390733e-11), np.float64(4.152640721007354e-11), np.float64(4.593320114368228e-11), np.float64(4.484259657998481e-11), np.float64(4.7417188045430286e-11), np.float64(3.399132440601178e-11), np.float64(3.1730300255363885e-11), np.float64(3.709096034043667e-11), np.float64(3.678284057618372e-11), np.float64(3.653811852243308e-11), np.float64(3.2390201756760185e-11), np.float64(4.178487641590419e-11), np.float64(5.224410641306453e-11), np.float64(3.822487693822129e-11), np.float64(3.678432699181101e-11), np.float64(3.613714755548042e-11), np.float64(3.614920720446605e-11), np.float64(3.495467534560355e-11), np.float64(4.6248265266594045e-11), np.float64(4.776132489021371e-11), np.float64(3.4956168345534635e-11), np.float64(3.982478157961865e-11), np.float64(3.576578904353816e-11), np.float64(3.68182442393767e-11), np.float64(4.206049700815367e-11), np.float64(4.8836640318062386e-11), np.float64(3.523275621525669e-11), np.float64(3.94809314335714e-11), np.float64(3.599059194163033e-11), np.float64(4.025465653553518e-11), np.float64(3.19272767134153e-11), np.float64(3.3041992096287555e-11), np.float64(3.7331475920517457e-11), np.float64(4.487466459209822e-11), np.float64(3.760820891922e-11), np.float64(4.619596117631671e-11), np.float64(4.088218973352343e-11), np.float64(3.743873115887801e-11), np.float64(3.2497415452956974e-11), np.float64(3.53381553439085e-11), np.float64(3.622189102484271e-11), np.float64(3.602717516418291e-11), np.float64(5.201998176358063e-11), np.float64(4.05898597467607e-11), np.float64(4.593430806789461e-11), np.float64(2.9864655138200095e-11), np.float64(4.109152622360444e-11), np.float64(3.766460438539244e-11), np.float64(3.761013521615589e-11), np.float64(3.315074678422867e-11), np.float64(3.709182711523065e-11), np.float64(3.425463435451373e-11), np.float64(3.0864109891655565e-11), np.float64(3.154761124395358e-11), np.float64(3.787685112313089e-11), np.float64(3.495360868067533e-11), np.float64(3.4255925959891176e-11), np.float64(3.8422277037883894e-11), np.float64(3.60286166157704e-11), np.float64(3.4995076090749264e-11), np.float64(5.317349237384077e-11), np.float64(3.1334388317718894e-11), np.float64(4.1703709280988114e-11), np.float64(3.8507056072755735e-11), np.float64(3.863641440423241e-11), np.float64(3.392077477902986e-11), np.float64(4.118784079011518e-11), np.float64(5.075506997881596e-11), np.float64(3.5232107893169565e-11), np.float64(3.6398983099016323e-11), np.float64(3.961645531216205e-11), np.float64(3.3253097496506205e-11), np.float64(3.425532947502569e-11), np.float64(3.7921667878900173e-11), np.float64(3.772887425531404e-11), np.float64(3.53388260788404e-11), np.float64(3.7725690266174354e-11), np.float64(4.058847715386827e-11), np.float64(4.2547818306149146e-11), np.float64(4.180067861169152e-11), np.float64(3.507929396902899e-11), np.float64(5.216967331597747e-11), np.float64(4.662205414488875e-11), np.float64(3.613792219789971e-11), np.float64(3.0339215897732444e-11), np.float64(3.553428856593025e-11), np.float64(3.4992067800074225e-11), np.float64(3.7748087726045336e-11), np.float64(3.9467126059295e-11), np.float64(3.185427174518104e-11), np.float64(4.8656055638010146e-11), np.float64(5.202254409452018e-11), np.float64(4.0794293232499376e-11), np.float64(4.3772320843861856e-11), np.float64(4.755213964345531e-11), np.float64(3.602821975621148e-11), np.float64(3.787890775563536e-11), np.float64(5.2016706083344143e-11), np.float64(3.1927232909744034e-11), np.float64(3.5232222684782233e-11), np.float64(3.784545072403333e-11), np.float64(3.1852326026592174e-11), np.float64(3.507750461374484e-11), np.float64(3.8282883592304377e-11), np.float64(5.2293580372495146e-11), np.float64(3.302330986224676e-11), np.float64(4.3020222454861536e-11), np.float64(4.058814414828537e-11), np.float64(3.7118381905030114e-11), np.float64(3.317368964266816e-11), np.float64(3.0765633146974905e-11), np.float64(4.7196721440050635e-11), np.float64(5.321802341353141e-11), np.float64(3.6723581911238955e-11), np.float64(4.0815609783319677e-11), np.float64(4.3763829227533424e-11), np.float64(4.2062903771061025e-11), np.float64(4.1206570177264104e-11), np.float64(3.668815900542244e-11), np.float64(3.739965823767471e-11), np.float64(5.339070532645307e-11), np.float64(4.125747548694159e-11), np.float64(3.743488141577582e-11), np.float64(3.75667228743204e-11), np.float64(4.3847708274904395e-11), np.float64(3.4994833733930246e-11), np.float64(3.185409800479404e-11), np.float64(3.192841079782793e-11), np.float64(4.78483526590805e-11), np.float64(4.031611824285158e-11), np.float64(3.283330410609553e-11), np.float64(4.356329146612532e-11), np.float64(3.3990483922448236e-11), np.float64(3.5956305638968005e-11), np.float64(3.94819870959268e-11), np.float64(4.599712012751874e-11), np.float64(3.0210643892541123e-11), np.float64(3.463544055248272e-11), np.float64(3.533801061914574e-11), np.float64(3.523246611305824e-11), np.float64(3.621930779764976e-11), np.float64(4.6170537347436595e-11), np.float64(3.310283008777923e-11), np.float64(4.238403270547425e-11), np.float64(4.0107201428645657e-11), np.float64(4.96051387817185e-11), np.float64(4.4014166517906376e-11), np.float64(3.6136735536761066e-11), np.float64(5.4800878160004826e-11), np.float64(3.6782214737348623e-11), np.float64(3.317421586064388e-11), np.float64(4.61987997231163e-11), np.float64(5.912387902173002e-11), np.float64(4.1259481241764335e-11), np.float64(3.185529701508569e-11), np.float64(3.155012867533617e-11), np.float64(4.297123798613406e-11), np.float64(4.529155120257663e-11), np.float64(4.1204847774777884e-11), np.float64(3.418938372159638e-11), np.float64(5.22448582035822e-11), np.float64(3.602866108169178e-11), np.float64(4.3564286007084035e-11), np.float64(3.63541780419294e-11), np.float64(3.3921459484015326e-11), np.float64(4.356545893670522e-11), np.float64(4.727315669765798e-11), np.float64(4.4843280474007944e-11), np.float64(3.4955503279685194e-11), np.float64(4.691915243233587e-11), np.float64(3.902499034028307e-11), np.float64(3.587990891104799e-11), np.float64(2.9905683878786665e-11), np.float64(3.930562398301932e-11), np.float64(3.215840736339924e-11), np.float64(3.621843272262786e-11), np.float64(3.7608558202354106e-11), np.float64(4.077996878163281e-11), np.float64(3.961858802520063e-11), np.float64(4.5979604933474656e-11), np.float64(4.0258715291397306e-11), np.float64(3.614976985049268e-11), np.float64(3.283164992066126e-11), np.float64(4.062247043821389e-11), np.float64(3.425531513931179e-11), np.float64(4.05906086633893e-11), np.float64(3.8928405891130985e-11), np.float64(4.437227099542486e-11), np.float64(3.9987504105787614e-11), np.float64(3.1854267095631694e-11), np.float64(3.6220326746717245e-11), np.float64(3.1548879127812416e-11), np.float64(3.7334556574069725e-11), np.float64(4.031707243234549e-11), np.float64(3.5233267173102616e-11), np.float64(3.863534698179146e-11), np.float64(3.508109008639301e-11), np.float64(3.970028404025206e-11), np.float64(3.75877981054398e-11), np.float64(3.635334329132173e-11), np.float64(4.11890689314601e-11), np.float64(3.774788544404163e-11), np.float64(3.611726556707623e-11), np.float64(3.693259876950277e-11), np.float64(3.4254492191534104e-11), np.float64(3.1928812606119824e-11), np.float64(4.232499646193211e-11), np.float64(3.682002300907626e-11), np.float64(4.01065699596084e-11), np.float64(3.495603154080704e-11), np.float64(5.162170698142648e-11), np.float64(3.399081223959313e-11), np.float64(4.3541805035043876e-11), np.float64(4.088108016695897e-11), np.float64(4.353551198313085e-11), np.float64(3.831126851939978e-11), np.float64(2.6684801725347778e-11), np.float64(5.0133521196854765e-11), np.float64(4.263970964731601e-11), np.float64(4.6484615111325475e-11), np.float64(3.856048049736541e-11), np.float64(3.613796971908157e-11), np.float64(3.4635692461542183e-11), np.float64(3.7326352927735075e-11), np.float64(3.69313733905221e-11), np.float64(3.5336673851977836e-11), np.float64(4.529176720737401e-11), np.float64(4.919652577797866e-11), np.float64(4.0902929565773425e-11), np.float64(4.013893609548575e-11), np.float64(5.268350928450172e-11), np.float64(3.678268129796344e-11), np.float64(4.9058835755560455e-11), np.float64(5.444215341537039e-11), np.float64(4.157395689936484e-11), np.float64(3.42553907171523e-11), np.float64(3.4962943853931046e-11), np.float64(4.899082630948227e-11), np.float64(3.2809062731298194e-11), np.float64(3.902284929316301e-11), np.float64(3.6147832225472395e-11), np.float64(3.785423277636876e-11), np.float64(3.15490285092949e-11), np.float64(3.461088068354733e-11), np.float64(4.0589079626426357e-11), np.float64(3.4255378015261884e-11), np.float64(3.499233660199016e-11), np.float64(3.8527588757467535e-11), np.float64(3.792138826316804e-11), np.float64(5.479721249476939e-11), np.float64(3.747103076793235e-11), np.float64(4.059033077648246e-11), np.float64(4.132113613752515e-11), np.float64(3.30212495658883e-11), np.float64(3.761078908872486e-11), np.float64(3.68759499567818e-11), np.float64(4.4871825487030855e-11), np.float64(3.602754691789964e-11), np.float64(3.6725301915163995e-11), np.float64(4.059041451021511e-11), np.float64(3.602690351822108e-11), np.float64(3.6688192936943216e-11), np.float64(4.1091889653765036e-11), np.float64(3.425573809858698e-11), np.float64(3.576638510004033e-11), np.float64(3.764671212970817e-11), np.float64(4.16517051395041e-11), np.float64(5.451906429957683e-11), np.float64(4.755088452496385e-11), np.float64(4.08957129570565e-11), np.float64(3.327371126524069e-11), np.float64(3.704493414410174e-11), np.float64(4.786953503250787e-11), np.float64(3.0764893285950586e-11), np.float64(4.3565274241959974e-11), np.float64(3.523259293059146e-11), np.float64(3.7854309488304384e-11), np.float64(3.6026460216348245e-11), np.float64(3.653747516587752e-11), np.float64(3.672290542345815e-11), np.float64(4.081253028684931e-11), np.float64(4.4478775533793745e-11), np.float64(3.4457068864366566e-11), np.float64(3.7922852223149524e-11), np.float64(3.733336000505672e-11), np.float64(3.709245705722328e-11), np.float64(4.1518218205945084e-11), np.float64(4.751758778376061e-11), np.float64(3.392059346738482e-11), np.float64(3.6136305505506354e-11), np.float64(5.009000065380189e-11), np.float64(3.7326425809398756e-11), np.float64(3.7919377791655977e-11), np.float64(3.6355279180384426e-11), np.float64(4.3354070687015945e-11), np.float64(3.6689570089500905e-11), np.float64(4.495298773267311e-11), np.float64(3.133332844255469e-11), np.float64(5.680398400769497e-11), np.float64(3.523122274794011e-11), np.float64(3.930739801264346e-11), np.float64(3.884694138370431e-11), np.float64(3.622301384963479e-11), np.float64(3.5534454459394785e-11), np.float64(4.20267309716148e-11), np.float64(3.613798753255881e-11), np.float64(3.82779839576451e-11), np.float64(3.529253324096661e-11), np.float64(3.5233065385537835e-11), np.float64(4.8926835651531505e-11), np.float64(4.3563153484100106e-11), np.float64(3.827951336975861e-11), np.float64(5.912392226281641e-11), np.float64(3.76086974385419e-11), np.float64(3.42553178954757e-11), np.float64(3.6136993828185676e-11), np.float64(3.4459885366443203e-11), np.float64(3.076453022620819e-11), np.float64(3.185576120460191e-11), np.float64(3.7330980928745136e-11), np.float64(4.3766171829548825e-11), np.float64(3.587935881483332e-11), np.float64(4.0139957398366924e-11), np.float64(3.792074166108587e-11), np.float64(3.482929521022796e-11), np.float64(3.156432030765269e-11), np.float64(3.425521572973305e-11), np.float64(3.4254404967502977e-11), np.float64(3.46364263442382e-11), np.float64(3.733424004496194e-11), np.float64(3.192801448350534e-11), np.float64(3.972174119012059e-11), np.float64(3.483089170141173e-11), np.float64(3.508117108442645e-11), np.float64(4.0795525189771736e-11), np.float64(4.26396307227551e-11), np.float64(3.173158836215077e-11), np.float64(3.635554922941863e-11), np.float64(5.1778488212330175e-11), np.float64(4.7417142025170053e-11), np.float64(4.75162432483265e-11), np.float64(3.7921574166767115e-11), np.float64(4.151592042096061e-11), np.float64(3.957586679221509e-11), np.float64(5.201958139122015e-11), np.float64(3.613550662156932e-11), np.float64(4.2548608985302496e-11), np.float64(3.5079798425341515e-11), np.float64(4.179738522146842e-11), np.float64(3.78541012146609e-11), np.float64(3.774651080177536e-11), np.float64(3.626843122112045e-11), np.float64(3.709243485333765e-11), np.float64(4.787189748154341e-11), np.float64(4.0810713692866854e-11), np.float64(2.7652658019292588e-11), np.float64(3.774821856917008e-11), np.float64(3.463653270531874e-11), np.float64(4.9600266012850884e-11), np.float64(3.7333799908491624e-11), np.float64(5.2242761475670233e-11), np.float64(3.425747617085211e-11), np.float64(3.281135326791406e-11), np.float64(3.842189907346282e-11), np.float64(3.6246194110855163e-11), np.float64(3.6689961352955966e-11), np.float64(3.9867102804089705e-11), np.float64(5.202531574758622e-11), np.float64(4.7868500158496496e-11), np.float64(3.833683901019996e-11), np.float64(4.8553557863699714e-11), np.float64(3.833697369358025e-11), np.float64(3.833307939639492e-11), np.float64(4.648548004483734e-11), np.float64(4.058925786437994e-11), np.float64(3.833731254442138e-11), np.float64(2.823806748416089e-11), np.float64(3.495437485007048e-11), np.float64(3.732681926313961e-11), np.float64(4.138566054079235e-11), np.float64(4.1026641766493976e-11), np.float64(4.142812957324163e-11), np.float64(3.8335760386770114e-11), np.float64(4.3961038480621954e-11), np.float64(4.079797188351326e-11), np.float64(3.95767806561673e-11), np.float64(3.7662313900430764e-11), np.float64(4.0590488254655425e-11), np.float64(3.3151219992135364e-11), np.float64(3.760871912064232e-11), np.float64(3.4952098660513544e-11), np.float64(3.1731245845808595e-11), np.float64(2.405833188015477e-11), np.float64(4.694796707668367e-11), np.float64(3.4636823452373294e-11), np.float64(3.6135941853471166e-11), np.float64(4.0813507729940867e-11), np.float64(4.8839404110910155e-11), np.float64(5.472382449716967e-11), np.float64(4.270471367582091e-11), np.float64(3.399220693236841e-11), np.float64(3.5533911084142765e-11), np.float64(4.016603198896015e-11), np.float64(3.185383989360095e-11), np.float64(4.125956066040042e-11), np.float64(5.002898947577657e-11), np.float64(3.280931481042051e-11), np.float64(3.384669215160214e-11), np.float64(4.786919536785985e-11), np.float64(3.73310013877968e-11), np.float64(5.202058273858867e-11), np.float64(3.086362329335857e-11), np.float64(4.6144446435635965e-11), np.float64(3.499367192527965e-11), np.float64(5.483815911490189e-11), np.float64(3.6137893666727926e-11), np.float64(3.325307500184379e-11), np.float64(2.8478018734389716e-11), np.float64(3.979611800709008e-11), np.float64(5.339077420550319e-11), np.float64(3.622279180700377e-11), np.float64(3.787692452851319e-11), np.float64(3.6149176991044014e-11), np.float64(4.18193549880534e-11), np.float64(3.387712657544292e-11), np.float64(3.507846405045638e-11), np.float64(4.3564335128271005e-11), np.float64(4.3472805453662325e-11), np.float64(3.739682714794744e-11), np.float64(3.37515354123658e-11), np.float64(4.058839406769648e-11), np.float64(4.059083001154734e-11), np.float64(3.766345712516045e-11), np.float64(4.5748081280626303e-11), np.float64(3.7855571059095684e-11), np.float64(3.687887711180834e-11), np.float64(4.66220846408327e-11), np.float64(3.918587945942097e-11), np.float64(4.058705886223276e-11), np.float64(3.774838931405668e-11), np.float64(5.224541445757471e-11), np.float64(4.50140228142258e-11), np.float64(4.254940673874298e-11), np.float64(5.202287428100247e-11), np.float64(3.2808890592053296e-11), np.float64(3.7326461030971957e-11), np.float64(3.507966559578634e-11), np.float64(4.1312138523432425e-11), np.float64(5.557143302575416e-11), np.float64(3.739825656630949e-11), np.float64(3.5231935515633403e-11), np.float64(3.961967688024276e-11), np.float64(3.112291498086591e-11), np.float64(3.4458592492879405e-11), np.float64(4.531442861394006e-11), np.float64(4.767667654883672e-11), np.float64(3.185474329718036e-11), np.float64(3.613804319956451e-11), np.float64(3.425567758079112e-11), np.float64(5.239183821581896e-11), np.float64(3.302209943169987e-11), np.float64(5.2539012089766466e-11), np.float64(3.4635737671064344e-11), np.float64(4.102545733180325e-11), np.float64(4.377198618836632e-11), np.float64(5.201974991254929e-11), np.float64(3.1928165977176065e-11), np.float64(3.6027606929756215e-11), np.float64(3.2831534369545186e-11), np.float64(3.5936430987225e-11), np.float64(2.9865755561636974e-11), np.float64(3.5078076525055664e-11), np.float64(5.4799770249009705e-11), np.float64(3.7471215026396566e-11), np.float64(3.787820119266818e-11), np.float64(4.079658020753952e-11), np.float64(5.203446475057037e-11), np.float64(4.3186885295615894e-11), np.float64(4.904279544666004e-11), np.float64(3.6027215600774996e-11), np.float64(2.715355354235311e-11), np.float64(3.998426886666743e-11), np.float64(4.2942507116352545e-11), np.float64(4.529322595920682e-11), np.float64(4.294183739138757e-11), np.float64(3.529240112777219e-11), np.float64(5.0654080271031263e-11), np.float64(3.387598644925408e-11), np.float64(3.760926446309203e-11), np.float64(3.962017480584427e-11), np.float64(2.859795661262498e-11), np.float64(4.447742517408216e-11), np.float64(5.006039859412329e-11), np.float64(3.192868813212201e-11), np.float64(4.1072367368340467e-11), np.float64(4.024009710668253e-11), np.float64(3.133453309827994e-11), np.float64(3.979306987597639e-11), np.float64(4.5991288128608906e-11), np.float64(3.681775788206388e-11), np.float64(4.7209719303972716e-11), np.float64(5.5568965397751134e-11), np.float64(4.4841587727176824e-11), np.float64(4.12074777184113e-11), np.float64(3.948206583346866e-11), np.float64(4.865090856211521e-11), np.float64(4.447868250925922e-11), np.float64(5.3025410255697434e-11), np.float64(3.890822819982707e-11), np.float64(3.425504770454489e-11), np.float64(4.1258338252243854e-11), np.float64(3.302176849968859e-11), np.float64(3.280940833783845e-11), np.float64(2.859835990554277e-11), np.float64(4.971836782089753e-11), np.float64(3.78792749835558e-11), np.float64(5.4799551070717596e-11), np.float64(3.7333352682887716e-11), np.float64(4.7669246145064764e-11), np.float64(3.523331387189401e-11), np.float64(3.9992915884022666e-11), np.float64(4.0813614223289346e-11), np.float64(4.014053384506658e-11), np.float64(3.5079900890237124e-11), np.float64(4.0255177626649737e-11), np.float64(4.012838331254255e-11), np.float64(3.848050046367566e-11), np.float64(3.389820896330368e-11), np.float64(3.576769280647987e-11), np.float64(4.85527500642486e-11), np.float64(3.653825332648086e-11), np.float64(5.317453371345609e-11), np.float64(4.2137129454667455e-11), np.float64(4.058842357969109e-11), np.float64(3.533937846262315e-11), np.float64(4.747142993890555e-11), np.float64(3.998423869014036e-11), np.float64(3.7727400257377073e-11), np.float64(4.157547788725099e-11), np.float64(3.948336307023131e-11), np.float64(5.133478341939841e-11), np.float64(4.7196995853387025e-11), np.float64(3.2808537819581036e-11), np.float64(3.8908751332718565e-11), np.float64(5.224421511751979e-11), np.float64(4.884244994966754e-11), np.float64(3.5232697592867064e-11), np.float64(4.058990480930542e-11), np.float64(5.2591704694306885e-11), np.float64(4.081351328278253e-11), np.float64(4.403656908417401e-11), np.float64(4.059040042378544e-11), np.float64(3.6729020083710544e-11), np.float64(3.533781841594408e-11), np.float64(3.6025109019656427e-11), np.float64(5.2505386291064876e-11), np.float64(3.61479709123799e-11), np.float64(3.833537022304346e-11), np.float64(3.631132222541149e-11), np.float64(3.2808716456203326e-11), np.float64(4.010583422097832e-11), np.float64(3.425711376154553e-11), np.float64(4.746750670955465e-11), np.float64(3.0588649330583174e-11), np.float64(3.1927886720979664e-11), np.float64(3.785626002949603e-11), np.float64(4.3464070126885094e-11), np.float64(5.4797530217646286e-11), np.float64(3.8336355470258113e-11), np.float64(5.781624923399849e-11), np.float64(3.374337243189897e-11), np.float64(4.146412878064625e-11), np.float64(4.7469198158153645e-11), np.float64(3.392186063262187e-11), np.float64(4.33310370884299e-11), np.float64(4.883937719351143e-11), np.float64(3.913446988401711e-11), np.float64(3.450174899162463e-11), np.float64(4.531325007689488e-11), np.float64(4.079591751863484e-11), np.float64(5.202241107691077e-11), np.float64(3.185490021390584e-11), np.float64(3.5079839748957335e-11), np.float64(2.8599062098086513e-11), np.float64(4.1517657874744506e-11), np.float64(3.948283553582449e-11), np.float64(4.4408477008456e-11), np.float64(3.425301496279588e-11), np.float64(3.5232857663480844e-11), np.float64(3.733281206055697e-11), np.float64(3.760909653100858e-11), np.float64(4.396180837813848e-11), np.float64(3.9576243414139267e-11), np.float64(3.0764304503969225e-11), np.float64(4.341526715619391e-11), np.float64(3.8280312080629277e-11), np.float64(3.192797362892355e-11), np.float64(3.760973485926368e-11), np.float64(3.733471143448204e-11), np.float64(3.635415399505592e-11), np.float64(3.842209382918209e-11), np.float64(3.80620796465372e-11), np.float64(3.760836610842307e-11), np.float64(3.653906031398025e-11), np.float64(3.829772556920075e-11), np.float64(3.743725852411503e-11), np.float64(4.721555665393553e-11), np.float64(4.013939315797862e-11), np.float64(3.1928038036667616e-11), np.float64(4.0589323076052713e-11), np.float64(4.0589404900508614e-11), np.float64(3.772694891097702e-11), np.float64(4.7420355055663485e-11), np.float64(4.12574281316949e-11), np.float64(4.2808933462452805e-11), np.float64(3.6135418411248457e-11), np.float64(3.325460349920375e-11), np.float64(4.8392423215195505e-11), np.float64(4.750884667341752e-11), np.float64(3.112220831886473e-11), np.float64(3.9222141553810826e-11), np.float64(3.229361277660969e-11), np.float64(3.693098296123414e-11), np.float64(4.371308089657957e-11), np.float64(3.098479269056598e-11), np.float64(3.533739169357295e-11), np.float64(3.785419038479715e-11), np.float64(3.6037011583077196e-11), np.float64(3.731870613218101e-11), np.float64(4.1028589881099204e-11), np.float64(4.616943563227755e-11), np.float64(3.613772976386709e-11), np.float64(3.65388925519106e-11), np.float64(3.4760528100589614e-11), np.float64(3.8636660614475525e-11), np.float64(4.0194106270978524e-11), np.float64(4.787167903147941e-11), np.float64(4.3187083539935525e-11), np.float64(4.013812866890987e-11), np.float64(3.6688632776260534e-11), np.float64(4.283193358617461e-11), np.float64(4.336122551445264e-11), np.float64(3.961893651531401e-11), np.float64(3.553262953222415e-11), np.float64(4.498967209338574e-11), np.float64(3.602799035970101e-11), np.float64(4.29446898692354e-11), np.float64(3.533793934587939e-11), np.float64(4.8551296554110716e-11), np.float64(4.20614430197671e-11), np.float64(4.100462036507715e-11), np.float64(4.846352206252572e-11), np.float64(3.0764411162071235e-11), np.float64(4.3415216746348505e-11), np.float64(4.828182161474322e-11), np.float64(3.621995077609803e-11)]]"
