,n,k,norm_gradient,time,final_score,iterations,converges,conv,paths
0,2,4,1.9773212044914226e-07,0.020136070251464844,6.1359970749307704e-15,6.2,True,2.013976803393981,"[array([[-1.5996328 , -0.76022539],
       [-1.04727883, -0.83853472],
       [-0.68827732, -0.70117908],
       [-0.62437154, -0.49228579],
       [-0.4859767 , -0.40745251],
       [-0.45487971, -0.38654594],
       [-0.45329323, -0.38540803],
       [-0.45328926, -0.38540505]]), array([[-1.02365334, -0.29381177],
       [-0.65500268, -0.45052477],
       [-0.53867221, -0.48148386],
       [-0.48588954, -0.39581033],
       [-0.46630286, -0.40191337],
       [-0.45364764, -0.38584004],
       [-0.4532895 , -0.38540533],
       [-0.45328926, -0.38540505]]), array([[-0.69052661, -0.05081016],
       [-0.40834876, -0.2466725 ],
       [-0.37678055, -0.33257998],
       [-0.4650874 , -0.39406609],
       [-0.45351071, -0.38557459],
       [-0.45328932, -0.3854051 ]]), array([[-1.57400677, -0.19162456],
       [-0.9354882 , -0.38425656],
       [-0.6397606 , -0.50367701],
       [-0.49118405, -0.4112214 ],
       [-0.45540597, -0.38693439],
       [-0.45329637, -0.38541041],
       [-0.45328926, -0.38540505]]), array([[-0.98119634, -1.43899706],
       [-0.97756474, -0.92385646],
       [-0.6767446 , -0.58416353],
       [-0.49945578, -0.46420466],
       [-0.4586967 , -0.39351231],
       [-0.45336351, -0.38550713],
       [-0.45328927, -0.38540506]])]"
1,2,8,1.4375995966564246e-08,0.0076462745666503905,2.2611796434922976e-17,7.6,True,6.717613270672412,"[array([[-1.5996328 , -0.76022539],
       [-1.15210962, -0.82367246],
       [-0.86315348, -0.78127173],
       [-0.67190133, -0.60656522],
       [-0.55892951, -0.48438408],
       [-0.45292472, -0.39760011],
       [-0.45771844, -0.38943947],
       [-0.45332002, -0.3854267 ],
       [-0.45328927, -0.38540505]]), array([[-1.02365334, -0.29381177],
       [-0.40721054, -0.55586095],
       [-0.49998752, -0.40303685],
       [-0.47261262, -0.40979527],
       [-0.45384213, -0.38596697],
       [-0.45329008, -0.38540599],
       [-0.45328926, -0.38540505]]), array([[-0.69052661, -0.05081016],
       [-0.10186793, -0.45940379],
       [-0.30351275, -0.13245322],
       [-0.29999108, -0.19492891],
       [-0.32910323, -0.27388003],
       [-0.53729378, -0.41731698],
       [-0.48040741, -0.43071521],
       [-0.45585576, -0.38937181],
       [-0.45329548, -0.38540613],
       [-0.45328926, -0.38540505]]), array([[-1.57400677, -0.19162456],
       [-0.32891029, -1.29170248],
       [-0.66201263, -0.20290757],
       [-0.41850741, -0.37800121],
       [-0.44083294, -0.36828404],
       [-0.45393598, -0.38641933],
       [-0.4532881 , -0.385403  ],
       [-0.45328926, -0.38540505]]), array([[-0.98119634, -1.43899706],
       [-0.97725408, -0.87978997],
       [-0.6314301 , -0.58883825],
       [-0.5266569 , -0.4112936 ],
       [-0.48640575, -0.42202123],
       [-0.46272635, -0.38582976],
       [-0.45661114, -0.38919551],
       [-0.45330818, -0.38542286],
       [-0.45328927, -0.38540505]])]"
2,2,12,2.103798390326086e-07,0.027477073669433593,5.454193080109499e-15,28.2,True,593057.479571114,"[array([[-1.5996328 , -0.76022539],
       [-1.59963277, -0.76022539],
       [-0.31464545, -0.94241642],
       [-0.31464546, -0.9424164 ],
       [-0.15633595,  0.3088143 ],
       [ 0.15252577, -0.15897875],
       [ 0.15252577,  0.13763757],
       [ 0.15252577,  0.13763757],
       [-0.38410748, -0.12288082],
       [-0.38410748, -0.20384255],
       [-0.38410748, -0.20384256],
       [-0.34353215, -0.33027817],
       [-0.46707182, -0.31421926],
       [-0.43269288, -0.3604838 ],
       [-0.43269289, -0.3730446 ],
       [-0.4326929 , -0.3730446 ],
       [-0.45256547, -0.38496036],
       [-0.45343478, -0.38501437],
       [-0.45343478, -0.38548829],
       [-0.45343477, -0.38548829],
       [-0.45343476, -0.38548829],
       [-0.45328921, -0.38540501]]), array([[-1.02365334, -0.29381177],
       [ 0.00679308, -0.29381177],
       [-0.48465167, -0.29381177],
       [-0.38711763, -0.40904624],
       [-0.38711763, -0.33905176],
       [-0.38711764, -0.33905176],
       [-0.4457213 , -0.38009797],
       [-0.45399727, -0.38189355],
       [-0.45399726, -0.38577832],
       [-0.45344518, -0.38581742],
       [-0.45344518, -0.38581742],
       [-0.45354197, -0.3854465 ],
       [-0.45328913, -0.38540498],
       [-0.4532893 , -0.38540498],
       [-0.45328927, -0.38540501],
       [-0.45328926, -0.38540501],
       [-0.45328926, -0.38540505]]), array([[-0.69052661, -0.05081016],
       [-0.10184491, -0.45954041],
       [-0.10184491, -0.4595404 ],
       [-0.38770742, -0.15312038],
       [-0.31314033, -0.31640436],
       [-0.38038147, -0.30619332],
       [-0.38038148, -0.33871844],
       [-0.45671253, -0.34595624],
       [-0.42685815, -0.39156438],
       [-0.45974096, -0.36706716],
       [-0.44027595, -0.39195993],
       [-0.45902636, -0.37578776],
       [-0.44614419, -0.39051007],
       [-0.4574956 , -0.37989078],
       [-0.45282346, -0.38492893],
       [-0.45340755, -0.38559262],
       [-0.45339922, -0.38559261],
       [-0.45339922, -0.38559261],
       [-0.45339922, -0.38546827],
       [-0.45339921, -0.38546827],
       [-0.45326222, -0.38546834],
       [-0.45333454, -0.38537775],
       [-0.45326544, -0.38543904],
       [-0.45331477, -0.38538424],
       [-0.4533145 , -0.3853845 ],
       [-0.45331449, -0.38541957],
       [-0.45328926, -0.38540505]]), array([[-1.57400677, -0.19162456],
       [-1.57400676, -0.19162456],
       [ 2.11293759, -1.30298605],
       [ 2.1129384 , -1.30298553],
       [ 2.11293823,  1.23556354],
       [-0.81624562,  0.06731185],
       [-0.81624559,  0.06731183],
       [ 0.1297851 , -0.4606745 ],
       [-0.38256456,  0.24597218],
       [ 0.20943682, -0.31488593],
       [-0.1975915 ,  0.15624845],
       [-0.07670166, -0.13984192],
       [-0.07670166, -0.13984192],
       [-0.07670166, -0.13984192],
       [-0.44124249, -0.15594775],
       [-0.44124249, -0.15594775],
       [-0.4412424 , -0.15594775],
       [-0.4412424 , -0.15594776],
       [-0.30889654, -0.34976531],
       [-0.42322681, -0.29851936],
       [-0.40877469, -0.34317328],
       [-0.46573911, -0.3920037 ],
       [-0.45588935, -0.39264041],
       [-0.4577433 , -0.3859841 ],
       [-0.4577433 , -0.38598414],
       [-0.45307858, -0.38826666],
       [-0.45520812, -0.38482936],
       [-0.45265884, -0.38675912],
       [-0.45265885, -0.38503603],
       [-0.45328867, -0.3854047 ],
       [-0.45328909, -0.38540471],
       [-0.45328911, -0.38540497],
       [-0.4532893 , -0.38540497],
       [-0.45328929, -0.38540497],
       [-0.45328928, -0.38540498],
       [-0.45328921, -0.38540507],
       [-0.45328925, -0.38540504]]), array([[-0.98119634, -1.43899706],
       [-0.97042728,  0.09324781],
       [-0.97042726,  0.0932478 ],
       [ 0.41202953, -0.55215001],
       [ 0.41202953, -0.55215001],
       [-0.33115334,  1.35822912],
       [-0.33115333,  1.35822911],
       [ 1.53305964,  1.14011052],
       [ 1.24439378,  0.97471582],
       [ 1.26514071,  0.98431878],
       [ 1.2605166 ,  0.97440172],
       [ 1.27328869,  0.97337584],
       [ 1.26931536,  0.97337584],
       [ 1.27093735,  0.96014957],
       [ 1.33225685,  0.92777137],
       [ 1.31019954,  0.89814208],
       [ 1.41129276,  0.75710272],
       [ 1.41129276,  0.75710271],
       [ 1.41129276,  0.75710271],
       [ 1.41129276,  0.75710271],
       [ 1.41129276,  0.75710271],
       [ 1.41129276,  0.75710271],
       [ 1.41129276,  0.7571027 ],
       [ 1.41129276,  0.7571027 ],
       [ 1.41129276,  0.7571027 ],
       [ 1.41129276,  0.7571027 ],
       [ 1.41653111,  0.58820844],
       [ 1.51052813,  0.58820844],
       [ 1.51052813,  0.58820844],
       [ 1.48485532,  0.30728125],
       [ 1.62682815,  0.30728125],
       [ 1.65034233,  0.24964377],
       [ 1.64819941,  0.26284181],
       [ 1.64439749,  0.26030566],
       [ 1.64439768,  0.26030567],
       [ 1.64572586,  0.26085206],
       [ 1.64540644,  0.2605285 ],
       [ 1.64566514,  0.26053312],
       [ 1.64554026,  0.26042834],
       [ 1.64554055,  0.26042839],
       [ 1.64559209,  0.26043784],
       [ 1.64559214,  0.26040963],
       [ 1.64559666,  0.26040663]])]"
3,1000,4,2.689946929222933e-07,0.03594846725463867,2.3342718292212176e-15,13.8,True,1.6214004522929961,"[[np.float64(10.390584880075007), np.float64(7.088045321653444), np.float64(4.869869955698008), np.float64(3.0114456511907375), np.float64(0.4977060303280225), np.float64(0.35759767241084617), np.float64(0.03285451729220061), np.float64(0.019850804052405902), np.float64(0.008668659261644328), np.float64(0.0014038445558773479), np.float64(0.00010958547253765698), np.float64(2.500152869333446e-06)], [np.float64(10.15942442445219), np.float64(7.186512106871513), np.float64(4.889137496903619), np.float64(3.000184851366389), np.float64(0.5450279702910871), np.float64(0.41129159804953475), np.float64(0.03918433418163029), np.float64(0.02724909096580715), np.float64(0.00921584864730644), np.float64(0.004106672418875257), np.float64(0.0007901686263950285), np.float64(4.2354232722260735e-05), np.float64(1.770598910746598e-06)], [np.float64(10.652881958279968), np.float64(6.948829002388728), np.float64(4.834392027460461), np.float64(2.3994404121258164), np.float64(0.4444718694266262), np.float64(1.3544519434983089), np.float64(0.25623177938354486), np.float64(0.0718080172631675), np.float64(0.028256248204195106), np.float64(0.012352471505759898), np.float64(0.008146790452329272), np.float64(0.0007504761769471719), np.float64(0.00022447090370762766), np.float64(6.905793336317188e-06), np.float64(1.0388916841948712e-07)], [np.float64(10.610266137914326), np.float64(7.163263210961074), np.float64(4.900411819032667), np.float64(2.4587844802737755), np.float64(1.681511732419275), np.float64(0.20970582815751582), np.float64(0.20773946632841778), np.float64(0.062225770221424136), np.float64(0.025658904902389656), np.float64(0.010894845000225374), np.float64(0.007328394014260049), np.float64(0.0005818519316478473), np.float64(0.0001805127009290918), np.float64(7.4544880652712155e-06)], [np.float64(10.030880182311613), np.float64(6.818540509061397), np.float64(4.710855005181675), np.float64(2.940481460213196), np.float64(0.601293483110286), np.float64(0.2401799441842632), np.float64(0.1162772635569221), np.float64(0.05230295980273921), np.float64(0.02602533757000427), np.float64(0.01175255067728097), np.float64(0.008997689899064801), np.float64(0.0004841820177183178), np.float64(0.00020888991002862112), np.float64(8.878677286516933e-06), np.float64(5.474958489870913e-08)]]"
4,1000,8,2.0316773318431248e-07,0.04225454330444336,1.1682733959368328e-15,17.0,True,1.4303920657008071,"[[np.float64(24.34050070892427), np.float64(12.094459671766849), np.float64(4.00829011916567), np.float64(1.5674995292749239), np.float64(1.1681719345801902), np.float64(1.0220351421259015), np.float64(0.6943409329695085), np.float64(1.1477707840003781), np.float64(0.629015982398686), np.float64(2.124595456388412), np.float64(0.2716277298015887), np.float64(0.3870484611284961), np.float64(0.09501660811316952), np.float64(0.054825786911043214), np.float64(0.004357561737582315), np.float64(0.0021065562313461747), np.float64(0.0001578490061372749), np.float64(3.6333485966991534e-06)], [np.float64(6.410441439258941), np.float64(8.045945947048736), np.float64(4.845835693261038), np.float64(4.208226892721954), np.float64(0.8295132093718103), np.float64(2.180283098529691), np.float64(0.5894277700313386), np.float64(0.1839178003107214), np.float64(0.07016331545664424), np.float64(0.032671232420754176), np.float64(0.01445709421909777), np.float64(0.010683209992247871), np.float64(0.0007339190036220886), np.float64(0.00019734911203174527), np.float64(8.400534886731659e-06), np.float64(8.620363832425017e-08)], [np.float64(12.914601883456632), np.float64(5.792625274802025), np.float64(2.68568149684409), np.float64(1.7684045596674165), np.float64(3.674402811848939), np.float64(1.0052720801499095), np.float64(1.076290667195581), np.float64(0.12076259344635955), np.float64(0.12458982295928069), np.float64(0.04448641123911438), np.float64(0.016595863010875962), np.float64(0.010064822849502006), np.float64(0.0013378245989987064), np.float64(0.00046516327135378487), np.float64(1.1111281589296084e-05), np.float64(1.8443048843461625e-07)], [np.float64(4.536093318569602), np.float64(9.816300709329603), np.float64(4.76794414108011), np.float64(4.439596928610578), np.float64(0.9117153377139325), np.float64(2.3128262184431327), np.float64(1.370954152503372), np.float64(0.4834889723208959), np.float64(0.12813553098560074), np.float64(0.046077081565838604), np.float64(0.02167609059396955), np.float64(0.009127933444460187), np.float64(0.007070095409480813), np.float64(0.0005382502992279279), np.float64(3.610334134118616e-05), np.float64(3.529245318566811e-07)], [np.float64(22.512911804776557), np.float64(6.592251884379361), np.float64(4.721031403484559), np.float64(1.7642451629860068), np.float64(4.80398592885676), np.float64(0.9413733330405564), np.float64(1.3099597650992585), np.float64(0.4503870399382526), np.float64(1.0084801714453409), np.float64(0.8271755046428951), np.float64(0.24744245291640232), np.float64(0.16232164805521973), np.float64(0.05685358633721296), np.float64(0.018926111831552392), np.float64(0.014515583239076512), np.float64(0.0010683067334007073), np.float64(0.00022362761626383104), np.float64(1.0955341625713788e-05), np.float64(1.443055705464146e-07)]]"
5,1000,12,6.260773895964055e-07,0.3301109313964844,1.0627820772564182e-14,136.8,True,-0.45312582435223303,"[[np.float64(24.57459069883691), np.float64(12.267854180390753), np.float64(7.028345472297675e-07), np.float64(7.448127842938301), np.float64(6.896442832522687e-07), np.float64(7.708023002861268), np.float64(7.657771709453813), np.float64(7.125357736325753), np.float64(6.472510629005174), np.float64(1.5755475802984906e-06), np.float64(5.908777019929567), np.float64(0.0001157896296182598), np.float64(5.477654687206615), np.float64(1.7200468992369583e-06), np.float64(5.153570547650234), np.float64(6.225301050679141e-06), np.float64(4.919588818485813), np.float64(4.936034094968639e-06), np.float64(2.1280825190839374e-06), np.float64(3.6074477587362815e-06), np.float64(4.0245773315615596e-06), np.float64(4.764055263632102), np.float64(4.673250868111721), np.float64(3.204729037678149e-05), np.float64(4.637112162191937), np.float64(2.7905556997187193), np.float64(1.03593558261995), np.float64(1.3598535015814393e-05), np.float64(3.5879307747876627e-06), np.float64(1.0603153809664383), np.float64(1.117804738413564), np.float64(0.7239896679935313), np.float64(0.36038144743401335), np.float64(2.8091779429490237e-06), np.float64(0.37709458907540694), np.float64(1.733910597978468e-05), np.float64(8.364231237599294e-06), np.float64(4.956187946724457e-06), np.float64(7.004841460441936e-06), np.float64(5.841177346569832e-06), np.float64(0.40913953971829664), np.float64(0.27329918636572237), np.float64(0.1511015252312003), np.float64(0.159654916964674), np.float64(1.840058865063487e-05), np.float64(8.226828976593849e-06), np.float64(1.198322102719787e-05), np.float64(0.1759806005222704), np.float64(0.11951269561469974), np.float64(0.0671401579758404), np.float64(1.3298221020510196e-05), np.float64(0.07228773193224027), np.float64(0.04861185451007552), np.float64(0.0295582627845997), np.float64(0.03078862402316543), np.float64(0.03389208177331943), np.float64(0.023119943843225643), np.float64(0.013503193632246027), np.float64(1.5346219086828708e-05), np.float64(0.01446138138881512), np.float64(0.009735769494407851), np.float64(1.4904209585082618e-05), np.float64(0.006043151507802991), np.float64(3.6903098884425535e-06), np.float64(0.006263908355864364), np.float64(4.473251756580188e-06), np.float64(0.006883097920575844), np.float64(8.020090450257858e-06), np.float64(1.623484693010767e-06), np.float64(0.0046897944345353), np.float64(4.1113573949432326e-06), np.float64(5.708828075097277e-06), np.float64(0.0027572676162233665), np.float64(1.3488783280964033e-05), np.float64(0.002927542250058428), np.float64(2.9945015680311658e-06), np.float64(3.2702171395291365e-05), np.float64(0.0019262543903230186), np.float64(1.798690432833109e-05), np.float64(1.2328217307341278e-05), np.float64(1.2538381696905934e-06), np.float64(2.739803211761127e-06), np.float64(0.0011769837017465712), np.float64(4.5812130005454455e-05), np.float64(0.0011249608034689038), np.float64(0.0012133593125301977), np.float64(0.0008205386000466631), np.float64(0.00012552266248028304), np.float64(6.947662783632907e-06), np.float64(0.0005697205200447533), np.float64(0.0005041732890290156), np.float64(6.533047083039782e-06), np.float64(0.0003345806148047855), np.float64(7.222170774380487e-06), np.float64(0.00019455547083308916), np.float64(1.2033494890460665e-05), np.float64(0.00018159410686175616), np.float64(0.00019753136442126463), np.float64(1.1123351224373597e-05), np.float64(1.207306252911249e-05), np.float64(0.00017652056844204625), np.float64(0.00012134708108208723), np.float64(7.065994989108012e-05), np.float64(7.675757333483491e-05), np.float64(2.0633294374078523e-05), np.float64(4.5559676077830555e-05), np.float64(2.2597151992111938e-05), np.float64(0.00011128910777614514), np.float64(2.1421319521168554e-05), np.float64(1.3984658739631992e-05), np.float64(1.613071067380562e-05), np.float64(4.319595504605254e-06), np.float64(9.220103968214072e-06), np.float64(3.487908802036146e-06), np.float64(4.778732514317762e-06), np.float64(2.32801919093842e-06), np.float64(1.3571079261131271e-05), np.float64(2.2024455074113483e-06), np.float64(4.598834027694643e-06), np.float64(9.246722497928187e-07), np.float64(1.7482070669244085e-07), np.float64(1.3034224450758058e-07), np.float64(6.313285496356143e-08), np.float64(7.240929121055525e-08), np.float64(3.49865296483772e-08), np.float64(1.507211220565543e-08)], [np.float64(23.557120457537334), np.float64(11.748140306063888), np.float64(7.4328727847488185), np.float64(3.290450774343813e-07), np.float64(2.0182136336809687e-07), np.float64(7.615875008916782), np.float64(1.5160512542995751e-07), np.float64(7.472708724433501), np.float64(7.02517331216624), np.float64(4.747063133569197e-06), np.float64(6.454643871073407), np.float64(5.901173558458325), np.float64(5.45779795163963), np.float64(5.149581246162315), np.float64(4.9562959763099155), np.float64(1.726119269495549e-05), np.float64(4.848890602421313), np.float64(1.4571288341852467e-06), np.float64(4.806816678514031), np.float64(2.955869391358354e-06), np.float64(5.525931239069296e-06), np.float64(1.161716050003728e-05), np.float64(2.890690109181957), np.float64(4.9672891586832285e-05), np.float64(2.303696349236589e-06), np.float64(2.912104490582214e-06), np.float64(4.103162799570202e-06), np.float64(2.6902742575237544e-06), np.float64(1.84175015124798e-06), np.float64(3.929744254050166e-06), np.float64(1.0796217892278035), np.float64(1.1046102635165094), np.float64(1.1633313648748227), np.float64(6.8280592464856375e-06), np.float64(0.7524432584471693), np.float64(0.38558633491236927), np.float64(0.39957150414700754), np.float64(6.984287773579967e-06), np.float64(0.42982493781056114), np.float64(0.0007166137250833348), np.float64(1.2064446086927092e-05), np.float64(0.28442519146161954), np.float64(1.651356285203338e-06), np.float64(0.164981293724399), np.float64(3.6767866106723735e-06), np.float64(0.17043382158166487), np.float64(0.1849919807116371), np.float64(2.0175404751833424e-05), np.float64(2.944551473843496e-06), np.float64(4.069647777722355e-06), np.float64(0.1244496030081319), np.float64(1.596871824511824e-05), np.float64(0.07333541544044528), np.float64(2.426548370872066e-06), np.float64(4.7936944453184764e-05), np.float64(3.7210949054620153e-06), np.float64(9.768018756903547e-06), np.float64(1.5767301250371549e-06), np.float64(2.102290013471983e-06), np.float64(0.07682235530390549), np.float64(0.08474054163832992), np.float64(0.05777726234269832), np.float64(0.03327217929275684), np.float64(0.035800115671361474), np.float64(2.66358286930511e-05), np.float64(0.024088179184631357), np.float64(0.01482115271993469), np.float64(6.622481377824279e-06), np.float64(7.305415052630296e-06), np.float64(0.015417637247868612), np.float64(0.016999703446754055), np.float64(0.011621228346830218), np.float64(3.026625582047795e-06), np.float64(0.0067939786793573135), np.float64(1.9290509575335793e-06), np.float64(0.007306204255243739), np.float64(0.004930980220550378), np.float64(0.003057331369727714), np.float64(0.003189361803665767), np.float64(0.00352375077758251), np.float64(5.307112304512479e-06), np.float64(5.300011153539609e-06), np.float64(2.3729133738994613e-05), np.float64(0.0023707256161161422), np.float64(7.605389776751071e-06), np.float64(4.069457560021225e-06), np.float64(0.001376189183327107), np.float64(0.0014777354456652289), np.float64(0.000996837995404527), np.float64(4.576940058266733e-06), np.float64(0.0006168244265631901), np.float64(2.8220547604213937e-06), np.float64(0.0006355003881826926), np.float64(2.3588261225331952e-05), np.float64(0.0006534808318979981), np.float64(0.0004450964257124352), np.float64(0.00026854521628225683), np.float64(0.0002854444183811325), np.float64(0.00019148353744153222), np.float64(0.00012277602140037654), np.float64(0.00012623844194270843), np.float64(3.5980405927725093e-06), np.float64(0.00013128858517004303), np.float64(8.926673739773343e-05), np.float64(3.906331242811853e-06), np.float64(5.963412129572695e-06), np.float64(8.275325696013251e-06), np.float64(1.9510352916555657e-05), np.float64(8.285939678624047e-07), np.float64(0.00011684670028491861), np.float64(2.3044049629356436e-05), np.float64(2.464713282475068e-06), np.float64(1.7895874520091e-06), np.float64(1.0719742092693355e-06), np.float64(2.9309939208179227e-07), np.float64(1.3524281641498885e-06), np.float64(5.024519597444914e-07), np.float64(2.5410943714983543e-07), np.float64(5.27940919739025e-07), np.float64(2.1209598936007782e-07), np.float64(4.0272559492894867e-07), np.float64(1.8297791444618918e-07), np.float64(1.4462044859268075e-07), np.float64(6.694710105758746e-08), np.float64(5.6052444102014677e-08), np.float64(6.158829700003008e-08), np.float64(1.1013991082159711e-07), np.float64(3.1697479573705023e-08)], [np.float64(24.67761929448608), np.float64(2.7148711856301404e-08), np.float64(2.7099635771353565e-08), np.float64(6.561982489920877e-07), np.float64(2.0622304179851103e-08), np.float64(12.722603229880239), np.float64(1.127279108403011e-06), np.float64(7.56579354506895), np.float64(2.9589856549052623e-09), np.float64(7.702972600998283), np.float64(7.664062077110478e-08), np.float64(7.471870452689424), np.float64(6.826148472510581), np.float64(6.185195196919444), np.float64(5.694113742365758), np.float64(5.309289719215636), np.float64(5.007840347210677), np.float64(1.1824076197030198e-05), np.float64(2.8429154063734383e-06), np.float64(4.2511586732066595e-06), np.float64(4.887404669156391e-06), np.float64(4.793783816413523), np.float64(8.317865673320831e-06), np.float64(4.659117724021922), np.float64(4.590085341282823), np.float64(4.575141358825457), np.float64(7.286751569237261e-06), np.float64(6.619215494413111e-05), np.float64(1.7888413014102602e-05), np.float64(2.7636093203798944), np.float64(1.4222841500494156e-05), np.float64(1.0331108583108506), np.float64(1.0606381395295938), np.float64(1.1201408305202678), np.float64(1.0632632307428917e-05), np.float64(0.725951066084935), np.float64(2.183241064421515e-06), np.float64(2.636503767999619e-06), np.float64(0.3667572883644049), np.float64(0.3831113388872159), np.float64(0.4140299025256579), np.float64(1.1615694310020264e-05), np.float64(0.2752970894515192), np.float64(4.458769069909782e-06), np.float64(0.15912541360377905), np.float64(1.5249382647329451e-06), np.float64(6.4252850089410425e-06), np.float64(0.1649574447932215), np.float64(2.288020925024275e-06), np.float64(0.17900458535229707), np.float64(0.12025636950758814), np.float64(5.644301229840806e-07), np.float64(5.258432648594511e-07), np.float64(0.07153083049830893), np.float64(3.051368671041129e-06), np.float64(2.4353141789351703e-06), np.float64(0.07463248352059558), np.float64(4.614202097512514e-06), np.float64(0.08192476949756307), np.float64(0.0556670423092902), np.float64(5.061973381003467e-07), np.float64(1.3535752388625266e-05), np.float64(0.03238860633899169), np.float64(0.034559447832629916), np.float64(0.023159488601850606), np.float64(1.2801424616491097e-06), np.float64(4.544100135034476e-07), np.float64(4.797376944850473e-07), np.float64(1.6543053033487828e-06), np.float64(8.964321968564694e-07), np.float64(5.380839008422308e-07), np.float64(4.2665102746777436e-07), np.float64(0.014479161466318714), np.float64(9.236066041565539e-07), np.float64(0.014918074992779345), np.float64(0.01633065874508914), np.float64(0.011117386562876676), np.float64(1.1406638036774568e-05), np.float64(9.428572428440222e-07), np.float64(7.923157105015002e-07), np.float64(1.18286685848708e-06), np.float64(0.006563346120613591), np.float64(1.585120145704005e-06), np.float64(7.3298602409695585e-06), np.float64(1.2276617181601154e-06), np.float64(4.673010496975209e-06), np.float64(1.6179791310146514e-05), np.float64(0.006936652854126632), np.float64(9.774744230437577e-06), np.float64(0.004639832909678792), np.float64(4.97454897150495e-05), np.float64(0.0028696388882353385), np.float64(1.6083872198794007e-06), np.float64(0.0029336742617387486), np.float64(0.0032007948587328724), np.float64(1.2662365675375581e-05), np.float64(0.002161782601077078), np.float64(0.0013009280461171748), np.float64(0.0013802068419453614), np.float64(8.234838932719468e-06), np.float64(1.5038542639312017e-05), np.float64(3.558021608992065e-06), np.float64(3.5168334029862946e-05), np.float64(1.3554409476447469e-05), np.float64(9.592839893278985e-06), np.float64(5.194720630578225e-06), np.float64(0.0013603950934000665), np.float64(2.476574923502665e-05), np.float64(0.0009001810513861365), np.float64(1.4301416637018946e-06), np.float64(0.0005309919655401674), np.float64(0.0005688311745196952), np.float64(0.0003832556434598044), np.float64(6.425985771471442e-06), np.float64(0.00023165245061042825), np.float64(0.0002382422930669785), np.float64(0.0002667185094075256), np.float64(1.962013460572952e-05), np.float64(2.922118776917696e-05), np.float64(3.6085829590446926e-06), np.float64(0.00020076037861585185), np.float64(5.730291514958804e-06), np.float64(1.5418995013982514e-05), np.float64(0.00011115187610947884), np.float64(2.6835679400416814e-06), np.float64(6.573218876884493e-05), np.float64(3.330638215966389e-06), np.float64(1.5204379674440778e-06), np.float64(5.9402318124250146e-05), np.float64(6.374020376871258e-05), np.float64(4.764093838315506e-06), np.float64(9.909684708775966e-06), np.float64(1.7200530637400412e-05), np.float64(8.055919605655505e-05), np.float64(2.560584463484947e-05), np.float64(7.853566584748313e-06), np.float64(2.950506069884247e-06), np.float64(1.3935885505899185e-06), np.float64(6.62936727018171e-07), np.float64(4.148664297828821e-07), np.float64(2.3512899081553815e-07), np.float64(1.291120615226314e-06), np.float64(3.111985585807234e-07)], [np.float64(1.6722943874527782e-07), np.float64(3.168828130295459e-07), np.float64(24.676050998849774), np.float64(9.734447427431991e-09), np.float64(1.8671817345099978e-08), np.float64(5.232515073948413e-07), np.float64(12.636275325238472), np.float64(1.1571763220042667e-06), np.float64(8.13743044077667), np.float64(8.50578347251484), np.float64(8.079103884924615), np.float64(7.082760525155906), np.float64(1.5390215825414397e-06), np.float64(6.972779629726665e-07), np.float64(6.17703521457206), np.float64(5.51046113933355), np.float64(5.042361307436622), np.float64(4.709693442194976), np.float64(3.756348964658827e-06), np.float64(4.384561428878803e-06), np.float64(3.7514800978391904e-06), np.float64(4.478089623866727), np.float64(4.333986314570929), np.float64(4.265967939812768), np.float64(3.1455627556564443e-06), np.float64(4.260099427688428), np.float64(4.581460332971289e-06), np.float64(2.4781814251770934e-05), np.float64(1.5386988823168585e-06), np.float64(1.0859043405433369e-05), np.float64(2.5405153647964167e-06), np.float64(2.5823032263566623), np.float64(2.664295567460899e-06), np.float64(0.9890019365971202), np.float64(1.0174464357621948), np.float64(3.953267305667419e-05), np.float64(2.740976265600876e-05), np.float64(1.0774195725342175), np.float64(7.326437265934911e-06), np.float64(1.7578535720233006e-05), np.float64(0.7007639105501452), np.float64(5.684214334200856e-06), np.float64(2.1776857183529557e-06), np.float64(0.3681531273984718), np.float64(7.286249460021674e-06), np.float64(4.074299165681846e-06), np.float64(2.8931200509036562e-06), np.float64(1.0120067016685539e-06), np.float64(3.524610044589909e-06), np.float64(0.38353063560025324), np.float64(0.41408983382118864), np.float64(5.850495783591995e-06), np.float64(4.911887545371298e-06), np.float64(0.27553605275976034), np.float64(0.16721476088469847), np.float64(0.17184754793586127), np.float64(3.5103353834164753e-06), np.float64(0.1851402127447847), np.float64(3.751835247158151e-06), np.float64(0.12387147217348188), np.float64(0.07793404125845638), np.float64(6.140172168758132e-07), np.float64(0.07985252217740246), np.float64(0.08653151466723788), np.float64(8.509299141515183e-06), np.float64(1.7701633819169982e-05), np.float64(2.7436954380370054e-06), np.float64(0.058367526574025504), np.float64(4.7542334186761606e-07), np.float64(0.03580609894902825), np.float64(3.73540935222651e-06), np.float64(2.426368650483744e-06), np.float64(1.3671241199344215e-06), np.float64(0.00016345056602489648), np.float64(6.314430117276264e-05), np.float64(0.036960197706168894), np.float64(0.040694436660619296), np.float64(8.138455472016601e-06), np.float64(7.857399072777065e-06), np.float64(0.027764484951228553), np.float64(0.016339843168124552), np.float64(2.893180679809522e-06), np.float64(0.017514131567170747), np.float64(3.3641685448207226e-06), np.float64(0.01179193602579221), np.float64(1.813635423875951e-06), np.float64(4.159274332069552e-06), np.float64(3.9965295021564354e-07), np.float64(1.73586740840176e-05), np.float64(4.0944354611022397e-07), np.float64(0.007335292562338773), np.float64(6.694081970521863e-06), np.float64(0.007597138942761287), np.float64(5.859221647094889e-06), np.float64(3.0389972060722358e-05), np.float64(0.00829268163768759), np.float64(0.005668071087834016), np.float64(8.702255568000581e-07), np.float64(6.515071888117837e-07), np.float64(8.919235504798333e-07), np.float64(2.93015264944389e-06), np.float64(1.5603222378809128e-06), np.float64(4.3721414334286266e-07), np.float64(8.448714899278304e-07), np.float64(0.0033383833342773635), np.float64(0.0035805473492239413), np.float64(3.840062607490462e-06), np.float64(5.948283527665418e-06), np.float64(1.8577047890420316e-05), np.float64(2.23523301695231e-05), np.float64(2.8952157432072553e-06), np.float64(0.0023491508044214808), np.float64(8.941502848039009e-07), np.float64(9.878703341164103e-07), np.float64(0.001479294843678849), np.float64(4.120801093168713e-06), np.float64(0.0015241722068224514), np.float64(5.158144379934712e-06), np.float64(0.0016660657566689417), np.float64(0.0011387859742448523), np.float64(0.0006766827309032769), np.float64(1.9053618860720366e-06), np.float64(4.296103492808491e-06), np.float64(4.629550853769627e-06), np.float64(0.0007053298738385893), np.float64(0.00047453053945469237), np.float64(0.0003007051995925892), np.float64(2.9418122638911376e-06), np.float64(2.4815792454881236e-06), np.float64(0.00030173186757041727), np.float64(0.0003306418454946394), np.float64(2.3516928950140626e-05), np.float64(2.467096252354696e-06), np.float64(0.00019354969449390696), np.float64(0.00012094502082982491), np.float64(0.0001261809671816446), np.float64(0.00013955797664849394), np.float64(9.574186083727606e-05), np.float64(2.32300386738685e-06), np.float64(5.254777928845578e-05), np.float64(5.508566734216205e-06), np.float64(4.604812226256758e-05), np.float64(2.7275884051366528e-05), np.float64(4.8037286653334906e-05), np.float64(5.378242049789745e-06), np.float64(3.2724362966461127e-06), np.float64(1.454044601134962e-05), np.float64(1.0062046581275346e-05), np.float64(1.9262386032189142e-06), np.float64(5.431154267952062e-06), np.float64(2.4884475061997976e-06), np.float64(1.1690891218264972e-05), np.float64(5.729942231313725e-06), np.float64(3.5448902753291173e-06), np.float64(7.680589052626013e-07), np.float64(2.6169192316704654e-07), np.float64(1.070367870814585e-07), np.float64(4.647655614717443e-08), np.float64(7.248564255385869e-08), np.float64(2.695013578510217e-08), np.float64(2.3409995137497933e-08)], [np.float64(22.512885728357876), np.float64(10.73781747105766), np.float64(2.4326867162629005e-06), np.float64(2.5000448778213893e-06), np.float64(8.816712380902013e-07), np.float64(1.40362519459442e-06), np.float64(6.586136759629002), np.float64(1.1926242942892665e-05), np.float64(1.3211158033624551e-06), np.float64(7.333159316404789e-05), np.float64(4.195318860163241), np.float64(2.122163437335445), np.float64(7.365515591459638e-06), np.float64(1.3829895411894302), np.float64(8.012456493950996e-07), np.float64(0.8292835695328956), np.float64(0.8574636412070514), np.float64(0.9219222233854707), np.float64(2.7748472512339053e-06), np.float64(1.015363119925134), np.float64(0.6812917016519655), np.float64(1.5364258425622661e-06), np.float64(0.4026342456049005), np.float64(0.41920948590427703), np.float64(2.5652029251600574e-06), np.float64(4.650274710629336e-06), np.float64(2.6851940500054454e-05), np.float64(5.616617180816003e-06), np.float64(1.599357982806374e-05), np.float64(0.45328185046556757), np.float64(0.30254407082954804), np.float64(1.66852472242055e-06), np.float64(0.18801468299763804), np.float64(8.271800808006457e-07), np.float64(0.19211481570554423), np.float64(0.20681530126870987), np.float64(0.13852134419445516), np.float64(0.0855206337401917), np.float64(1.60473828955656e-05), np.float64(1.5399891650637196e-06), np.float64(0.08806224933562874), np.float64(3.2434791242830577e-06), np.float64(0.09595513600436965), np.float64(1.4831932607036487e-05), np.float64(0.06496050753630232), np.float64(1.4252390224585839e-06), np.float64(0.03866476129124631), np.float64(0.040837350849523515), np.float64(5.674340732095782e-06), np.float64(0.02720542769415001), np.float64(0.017429217575248526), np.float64(0.00016624818659175767), np.float64(4.908186913828696e-06), np.float64(1.348836835793531e-06), np.float64(0.017455825171616892), np.float64(0.0189194343603467), np.float64(0.00015663664375284973), np.float64(1.7082149967192927e-05), np.float64(2.9808771057031744e-05), np.float64(0.012561833898628742), np.float64(0.007647974045931578), np.float64(0.008030986082270198), np.float64(0.0005134075195395654), np.float64(0.007886809041556244), np.float64(0.005373867392934194), np.float64(1.3660555974594414e-06), np.float64(0.0031914818699906745), np.float64(3.4060852987693093e-06), np.float64(2.7467473911013774e-05), np.float64(7.643728541449695e-06), np.float64(0.0033337247936504016), np.float64(0.0022359041291461494), np.float64(0.0014196543814683981), np.float64(0.0014617997265423677), np.float64(0.0016023540173345997), np.float64(5.142459465201623e-06), np.float64(0.001086857216620935), np.float64(0.0006482754817508805), np.float64(0.0006922584532072225), np.float64(6.746202593700254e-06), np.float64(0.0004574186880377025), np.float64(0.000290603900351642), np.float64(6.640001108066731e-06), np.float64(3.4351852648567586e-06), np.float64(7.293012017784876e-06), np.float64(0.00027030939394384764), np.float64(3.121013468356873e-05), np.float64(1.0418257309751996e-05), np.float64(0.00021554459746459426), np.float64(1.0537302271439511e-05), np.float64(4.497549202180137e-06), np.float64(4.008639067886427e-06), np.float64(6.032866312449529e-06), np.float64(7.24025788049342e-06), np.float64(0.00017497570725527134), np.float64(5.511380413828293e-06), np.float64(0.000182827664204388), np.float64(0.0001250438446801418), np.float64(7.415222214352817e-05), np.float64(3.968955238506235e-06), np.float64(7.22099477055596e-05), np.float64(4.829051850831643e-05), np.float64(1.328097495550112e-06), np.float64(1.3916357528868338e-06), np.float64(1.4203291034403855e-06), np.float64(4.15642680612036e-06), np.float64(6.182770197209622e-05), np.float64(3.41335125783156e-05), np.float64(5.325466798346818e-06), np.float64(4.73224180598861e-06), np.float64(2.3493605138048864e-06), np.float64(3.497499424728958e-05), np.float64(2.619839907380861e-05), np.float64(3.3093842640309994e-06), np.float64(5.686224424456599e-07), np.float64(1.0050878876422248e-05), np.float64(3.3835762340872767e-06), np.float64(1.257564131320151e-06), np.float64(3.3025395038554813e-07), np.float64(2.292519780037063e-07), np.float64(1.0300502667809946e-07), np.float64(2.1446592310456955e-07), np.float64(7.416852845311825e-08), np.float64(4.7411155148538934e-08), np.float64(4.317783686755851e-08), np.float64(4.561716535715035e-08)]]"
6,10000,4,1.4834632714086136e-07,0.1189488410949707,4.46415024232904e-16,14.6,True,1.09493969566086,"[[np.float64(32.69989839899293), np.float64(22.26933774015843), np.float64(15.425887059044179), np.float64(9.632219664074409), np.float64(1.903052914171909), np.float64(1.5876612331426716), np.float64(0.17430109763409196), np.float64(0.14710543914951138), np.float64(0.05382202803147394), np.float64(0.021615247980099773), np.float64(0.009603704422939077), np.float64(0.005807217117799425), np.float64(0.0008653419596509064), np.float64(4.32379126336033e-05), np.float64(1.2496167350552957e-06)], [np.float64(32.41796985405656), np.float64(22.08372101551045), np.float64(15.398997797564123), np.float64(9.722436756472597), np.float64(1.7612696222399704), np.float64(1.2285680075968604), np.float64(0.11559802316436332), np.float64(0.07107326159786566), np.float64(0.02549601635517968), np.float64(0.008118231251901685), np.float64(0.005339988176560745), np.float64(0.0007240042008278425), np.float64(4.093216951695829e-05), np.float64(2.3336940480199826e-06)], [np.float64(32.776869017802504), np.float64(22.203706476417747), np.float64(15.413202675670002), np.float64(9.747944814334566), np.float64(1.8286876578280837), np.float64(1.3224155228712102), np.float64(0.12551987566444736), np.float64(0.07927430809556031), np.float64(0.028817298750523076), np.float64(0.009397424679608385), np.float64(0.00602927068732518), np.float64(0.0008071104259963832), np.float64(4.480911803771237e-05), np.float64(2.518297767039123e-06)], [np.float64(33.16382764100193), np.float64(22.30915246927275), np.float64(15.216772253598512), np.float64(9.67250780314374), np.float64(1.8917446200644086), np.float64(1.3287999439866798), np.float64(0.1309260535027159), np.float64(0.07769107417733073), np.float64(0.02902827387943861), np.float64(0.008839107868991617), np.float64(0.006048111152755136), np.float64(0.0007743228373008742), np.float64(4.289550080580429e-05), np.float64(2.2239526523776187e-06)], [np.float64(32.7728851407726), np.float64(22.212381197461536), np.float64(15.366059390557247), np.float64(7.385571209337553), np.float64(1.4096655420035837), np.float64(3.9718916944832894), np.float64(0.648824112714297), np.float64(0.17796752957495635), np.float64(0.07448539371658722), np.float64(0.030905751525425185), np.float64(0.014751680415993864), np.float64(0.009832889390800912), np.float64(0.0007976897533115968), np.float64(0.00022611246752489704), np.float64(7.364311864697715e-06), np.float64(9.313485040186416e-08)]]"
7,10000,8,3.076312472601675e-07,0.27561326026916505,3.074740344567108,34.4,True,1.101006492329244,"[[np.float64(55.12399148459031), np.float64(14.505222547405733), np.float64(10.946539522187354), np.float64(13.160942867328354), np.float64(3.6418695827664282), np.float64(1.3691184234026996), np.float64(2.9148250856588973), np.float64(1.053793115344949), np.float64(2.286303518233433), np.float64(0.5336594040979327), np.float64(0.4700694850865308), np.float64(0.2600311650764239), np.float64(0.5234106287658102), np.float64(0.23598152826770782), np.float64(1.095106219939294), np.float64(0.283406282345452), np.float64(0.10478691920075973), np.float64(0.0335650636633728), np.float64(0.024120138700606465), np.float64(0.0016676681263679877), np.float64(0.0009972118334168327), np.float64(5.7009044297002456e-05), np.float64(9.58585677611886e-07)], [np.float64(38.61358769361956), np.float64(18.68577181672852), np.float64(8.374402885973625), np.float64(14.175461174450774), np.float64(3.2068785467974434), np.float64(2.2431691931190434), np.float64(1.1601782106722125), np.float64(3.7306850793023876), np.float64(1.011743960385153), np.float64(0.4708242283888035), np.float64(1.2584462311130924), np.float64(0.3585648800112079), np.float64(0.991433627837369), np.float64(0.1621227206239783), np.float64(0.13838119327316076), np.float64(0.05031756137243346), np.float64(0.02004472854907652), np.float64(0.013235438918056588), np.float64(0.001124892559040151), np.float64(0.00032549718213948937), np.float64(1.1902478317472085e-05), np.float64(1.7683648430659217e-07)], [np.float64(76.07026192285657), np.float64(6.8218616675631525), np.float64(15.515353578769307), np.float64(14.219535094291938), np.float64(5.416522195654172), np.float64(6.0244995195140465), np.float64(2.679764907680628), np.float64(4.2388421846348185), np.float64(1.534705429363739), np.float64(2.6965248235583683), np.float64(0.9392908444811877), np.float64(1.3651134337913617), np.float64(0.4911832958190161), np.float64(1.9320504257545899), np.float64(0.2893100445761368), np.float64(0.25699944933742425), np.float64(0.07554939149735765), np.float64(0.02843652294535468), np.float64(0.01343358720247214), np.float64(0.008648113162224772), np.float64(0.0008264505628000348), np.float64(0.00024400300476759036), np.float64(6.962536829245992e-06), np.float64(1.0962472603050342e-07)], [np.float64(17.301198860109363), np.float64(63.750000551179056), np.float64(15.570332728498386), np.float64(18.101527613006915), np.float64(5.518962563513164), np.float64(6.240124134599322), np.float64(3.0111361343547838), np.float64(4.333272854159641), np.float64(1.7457124487177236), np.float64(0.5968077832104226), np.float64(6.133671874685485), np.float64(1.1736284333298554), np.float64(0.9670569175552031), np.float64(0.48756798384928307), np.float64(0.7749749158202324), np.float64(0.37345658845463364), np.float64(0.2829834212611447), np.float64(0.42461082539528744), np.float64(0.2621107486510891), np.float64(0.48461158043758623), np.float64(0.24938303196604944), np.float64(0.35601562172204654), np.float64(0.17288261399467358), np.float64(0.36867599933391404), np.float64(0.21130845426345507), np.float64(0.6907061371077813), np.float64(0.35692527540945485), np.float64(0.6648684292895166), np.float64(0.1680084392915846), np.float64(0.2686163012383661), np.float64(0.13634329368885675), np.float64(0.045617104869227904), np.float64(0.01622022772252229), np.float64(0.028103132555924205), np.float64(0.01352587164502395), np.float64(0.09306984950111329), np.float64(0.021299495357050387), np.float64(0.011550074001047439), np.float64(0.004224469665753703), np.float64(0.009060266749101953), np.float64(0.005060350667463727), np.float64(0.0018877292505817128), np.float64(0.0008497344608380229), np.float64(0.001957267436423922), np.float64(0.007630984801216228), np.float64(0.0016590266061355665), np.float64(0.00043602132926218705), np.float64(0.00027611842470529996), np.float64(0.00015134962982411536), np.float64(0.00029306787995019235), np.float64(0.00014158589626273293), np.float64(8.239941458459869e-05), np.float64(0.00014592216121642247), np.float64(5.862130458416894e-05), np.float64(4.94896913115751e-05), np.float64(3.494320143724283e-05), np.float64(1.1359425074338066e-05), np.float64(4.378906475858781e-05), np.float64(1.1946663276260625e-05), np.float64(1.6398554160044063e-05), np.float64(1.0305535905618815e-05), np.float64(1.3670074696407738e-05), np.float64(1.7361063114065405e-05), np.float64(6.65952974455193e-06), np.float64(3.3812543367556013e-06), np.float64(2.206389424001528e-06), np.float64(2.3276050936281475e-06), np.float64(8.018037818639959e-07), np.float64(5.797032900573658e-07), np.float64(6.501922141241179e-07), np.float64(4.860699057370486e-06), np.float64(1.033985868360378e-06), np.float64(3.3857735152478284e-07), np.float64(4.135192710980269e-07), np.float64(2.2032774425071538e-07), np.float64(8.614702778372184e-07), np.float64(2.4157479881466094e-07), np.float64(1.0064247755165254e-07), np.float64(7.028994462616332e-08), np.float64(5.340198029487124e-07), np.float64(1.3519571816751807e-07), np.float64(1.7473468484090398e-07), np.float64(5.073250767821727e-08), np.float64(8.421778314028152e-08), np.float64(4.354674725182744e-08)], [np.float64(17.76025247844591), np.float64(26.397243711098803), np.float64(16.009553881958823), np.float64(17.39987197912343), np.float64(3.595077829079007), np.float64(3.845119804254161), np.float64(3.8451524637612673), np.float64(1.3861329409565795), np.float64(1.8806867731101071), np.float64(0.20509635238346377), np.float64(0.24038905468245067), np.float64(0.06663291989694396), np.float64(0.027063671704162885), np.float64(0.011219726152847472), np.float64(0.007475388708519673), np.float64(0.0005971574757898551), np.float64(0.00018612851427152535), np.float64(6.0490953727830404e-06)]]"
8,10000,12,6.665408714003385e-07,1.0996035099029542,1.6524439673465506e-14,138.2,True,-0.6015851016132987,"[[np.float64(75.57719976371209), np.float64(1.41059817499857e-07), np.float64(1.2084466080189377e-07), np.float64(1.4794330335014317e-07), np.float64(7.935555879652493e-08), np.float64(2.0331428032311575e-07), np.float64(1.0231325989731492e-07), np.float64(6.97199344167044e-08), np.float64(37.0841036782253), np.float64(3.061566409539077e-06), np.float64(23.20541300143277), np.float64(2.9073519457734037e-06), np.float64(2.9133549108788503e-07), np.float64(9.044393838909585e-08), np.float64(14.504213909761908), np.float64(1.753398439306397e-06), np.float64(1.647786557039714e-06), np.float64(8.317362736340595e-06), np.float64(6.879292461163632), np.float64(2.411278075077997e-06), np.float64(5.441642270981923e-06), np.float64(7.213753983325957), np.float64(4.692428507755558), np.float64(2.5974359155861735), np.float64(2.69082238727978), np.float64(2.8714096066383994), np.float64(3.715061177545618e-05), np.float64(3.132341717002342), np.float64(2.0831669997832836), np.float64(1.2633811665213939), np.float64(1.2980973878072277), np.float64(1.3840595322587672), np.float64(1.1000443533772345e-05), np.float64(4.164728349701475e-06), np.float64(3.5728720227240444e-05), np.float64(4.839727861006598e-05), np.float64(1.5202961906155443), np.float64(7.363466398730251e-05), np.float64(1.0234519064773744), np.float64(0.6217193546090573), np.float64(9.23382348426368e-06), np.float64(4.2065252910745e-06), np.float64(0.6491909192358475), np.float64(0.7057495930166168), np.float64(0.7893269649147263), np.float64(0.5393218971574535), np.float64(0.314752339989325), np.float64(0.3378869280365067), np.float64(8.477235298316894e-06), np.float64(2.0482329016824132e-05), np.float64(0.37571898365620265), np.float64(0.25653935140467626), np.float64(8.911994078888609e-06), np.float64(2.0659551298755606e-06), np.float64(6.523932084906775e-07), np.float64(0.15110068258247272), np.float64(0.16147414938931157), np.float64(8.143883915563254e-06), np.float64(1.771203506905611e-05), np.float64(1.1543212940035184e-05), np.float64(0.10792673557754935), np.float64(4.0831063018613374e-06), np.float64(0.06953931565504949), np.float64(0.07084810379483546), np.float64(0.07679450830148046), np.float64(1.637530769817911e-05), np.float64(0.05193932384584826), np.float64(0.03165493074412061), np.float64(1.7931776978100207e-06), np.float64(8.759008695564961e-06), np.float64(8.22948159287842e-06), np.float64(1.389173208703269e-06), np.float64(1.531927794081309e-05), np.float64(0.03315588870885985), np.float64(2.477428073413778e-05), np.float64(1.996107261772842e-05), np.float64(0.03664453652864669), np.float64(4.620032469553561e-05), np.float64(1.1440304732855465e-05), np.float64(0.025045645374938755), np.float64(0.014491071249193377), np.float64(9.84032518388851e-06), np.float64(0.015673770308005264), np.float64(3.671967835283554e-05), np.float64(0.010575365978720299), np.float64(0.006438536494243978), np.float64(1.172760402960957e-05), np.float64(5.64429778201928e-06), np.float64(0.006746302784543838), np.float64(2.3977321566503623e-05), np.float64(0.004468974383648909), np.float64(0.0029027511020018695), np.float64(0.0029515469857994392), np.float64(0.0032107162795079326), np.float64(0.0021823840493501944), np.float64(0.00131865627487251), np.float64(7.833978770479702e-06), np.float64(0.0013830355275488947), np.float64(0.0009255360186828943), np.float64(9.785637060727776e-07), np.float64(0.0005934311694202549), np.float64(1.3296661662192947e-06), np.float64(0.0006054751142673782), np.float64(0.0006615170337018641), np.float64(7.356488773388386e-05), np.float64(2.044569191973366e-05), np.float64(0.0005589736488919848), np.float64(2.0126267606414872e-05), np.float64(0.0003147633241056245), np.float64(7.132188117017274e-07), np.float64(0.00023828907484968424), np.float64(0.00023294718501613021), np.float64(0.00016009925580001382), np.float64(9.310769736605097e-05), np.float64(0.00010115535619330359), np.float64(1.92282416657543e-05), np.float64(6.109657111737248e-06), np.float64(6.4997796321459775e-06), np.float64(5.5032141160426424e-05), np.float64(3.346882234561045e-06), np.float64(5.5255975256109735e-05), np.float64(2.4826166742615015e-05), np.float64(2.6874060130393476e-05), np.float64(1.4080584538500876e-05), np.float64(1.6627238581495715e-06), np.float64(5.297355036349576e-07), np.float64(2.1835242321877127e-05), np.float64(7.4174342205738965e-06), np.float64(2.8909261954390824e-06), np.float64(2.6717018464012614e-06), np.float64(2.187937547858397e-06), np.float64(2.003297960899672e-06), np.float64(1.2907977760051739e-06), np.float64(1.2717223822130988e-06), np.float64(6.061192626377726e-07), np.float64(2.378192658617028e-06), np.float64(4.146466284556133e-07), np.float64(2.1739615860638746e-07), np.float64(1.1369327104801115e-07), np.float64(1.085985897704657e-07), np.float64(7.839347825072448e-08), np.float64(3.269971937516173e-08), np.float64(5.143422094551783e-08), np.float64(1.3224551324424903e-08), np.float64(1.934944699333589e-08)], [np.float64(74.51119464597062), np.float64(36.50840822344834), np.float64(22.5342550625968), np.float64(7.515176293351189e-06), np.float64(7.85368380643763e-08), np.float64(14.064953770933004), np.float64(2.028021945059285e-06), np.float64(1.2572865265771336e-06), np.float64(1.0160678336215355e-05), np.float64(7.796120978119982e-07), np.float64(4.752283216800307e-06), np.float64(6.7516656585835735), np.float64(7.114198770358984), np.float64(6.581193579749567e-07), np.float64(4.643414808007356), np.float64(6.801087745755305e-06), np.float64(1.780528074377486e-05), np.float64(2.7634226022008655e-06), np.float64(7.773214069586034e-06), np.float64(2.58568256329253), np.float64(9.266933035768868e-07), np.float64(1.1798200646871098e-06), np.float64(1.9117352366397307e-06), np.float64(2.763945017104537e-06), np.float64(2.677874438584271), np.float64(2.859244833646395), np.float64(3.12301360603767), np.float64(2.0801812278400527), np.float64(7.081772693553192e-07), np.float64(1.2425158231028979), np.float64(9.4482454109928e-07), np.float64(1.2821551384745526), np.float64(1.3744417640129618), np.float64(1.517501382576165), np.float64(1.4994126851306107e-05), np.float64(9.64611196719234e-06), np.float64(1.0078941510399575e-05), np.float64(1.0256226366378596), np.float64(0.6107068800516283), np.float64(0.6452097563858785), np.float64(0.7073687321014929), np.float64(7.479001964560531e-06), np.float64(7.741378206673752e-06), np.float64(1.0932332523674648e-05), np.float64(0.47707155410692775), np.float64(6.441332823814857e-07), np.float64(0.3070356713963571), np.float64(0.3174534536107937), np.float64(1.8346215573739207e-06), np.float64(0.34234043510504514), np.float64(1.4869442087876389e-05), np.float64(0.3813003122988711), np.float64(2.156927649928141e-05), np.float64(2.4751720979055812e-05), np.float64(0.26039830458576435), np.float64(3.568971775260428e-05), np.float64(0.15483246992792943), np.float64(1.7106462483525716e-06), np.float64(3.35065213840035e-06), np.float64(0.16504856582398622), np.float64(0.1835284809749648), np.float64(0.12568502682554078), np.float64(0.07305109431896456), np.float64(0.07877630740824616), np.float64(0.05314406487224592), np.float64(3.957891370924056e-07), np.float64(7.204519485563048e-07), np.float64(8.581083552976753e-07), np.float64(0.03287179064001185), np.float64(5.772325063007566e-06), np.float64(1.403393913010033e-06), np.float64(0.034230049539662875), np.float64(0.03775966547851636), np.float64(6.114291752016887e-05), np.float64(2.3800605120557316e-05), np.float64(1.883655279842435e-05), np.float64(0.025701703354644084), np.float64(0.015027645717815912), np.float64(0.01618233610357431), np.float64(1.5194095516295933e-05), np.float64(6.418821047264054e-06), np.float64(6.874755686977618e-06), np.float64(0.010898990607415419), np.float64(1.5719593426798988e-06), np.float64(0.006711355836788524), np.float64(0.007020080904622682), np.float64(1.532241217461832e-05), np.float64(0.007745171879600517), np.float64(0.0053132404913296604), np.float64(5.585232611489614e-06), np.float64(1.9497488802597194e-06), np.float64(0.0030723737066437095), np.float64(3.465403139307776e-06), np.float64(3.350989998713657e-06), np.float64(5.693260251071614e-06), np.float64(1.1886894257678566e-05), np.float64(0.0032813592661749547), np.float64(0.0022232443123513584), np.float64(3.115610178298329e-06), np.float64(0.0013560960056119536), np.float64(0.0014256867431165449), np.float64(8.154687336593969e-06), np.float64(0.0015681270546401664), np.float64(0.0010776142583458254), np.float64(0.0006242453791181079), np.float64(0.0006787400462849515), np.float64(0.0004613963218105627), np.float64(0.00027994483637102275), np.float64(0.00029645816004740067), np.float64(1.625556522938657e-05), np.float64(0.0002983385137936222), np.float64(0.00010795252211420888), np.float64(1.5143735901772617e-06), np.float64(4.856389845002363e-06), np.float64(1.905394817991562e-05), np.float64(0.0001451335432204402), np.float64(1.3925576741382374e-05), np.float64(3.1544886126120135e-05), np.float64(1.0258145548875576e-06), np.float64(6.769319695725898e-05), np.float64(1.810332464372964e-05), np.float64(4.613959998610838e-06), np.float64(5.8055851108822036e-05), np.float64(3.7582777698202895e-05), np.float64(2.3227264449036724e-05), np.float64(9.578977958069517e-06), np.float64(6.329134277773039e-07), np.float64(4.660954302448944e-05), np.float64(1.6320978502002873e-05), np.float64(5.239354233582479e-06), np.float64(4.2929693679474864e-07), np.float64(1.1655241308591518e-06), np.float64(3.9565226336534313e-07), np.float64(1.053672968850789e-07), np.float64(1.4591430429422916e-07), np.float64(8.378005443365428e-08), np.float64(5.460128604219547e-08), np.float64(5.963596214945522e-08), np.float64(3.399253189918899e-08)], [np.float64(76.07135528140289), np.float64(37.821897922744604), np.float64(1.5944930835120582e-07), np.float64(23.499266116294553), np.float64(24.32380776472423), np.float64(1.5820771432403545e-07), np.float64(7.381064262772468e-08), np.float64(24.139787304770202), np.float64(8.429259207398112e-08), np.float64(22.53356143142547), np.float64(20.492286699228607), np.float64(1.2640957758843357e-05), np.float64(18.596226901114367), np.float64(1.6595273679396484e-05), np.float64(17.115657396056577), np.float64(16.071787127278228), np.float64(5.292548028088541e-05), np.float64(15.376646656110912), np.float64(14.950228892040291), np.float64(14.747295178847109), np.float64(0.00011821187142506535), np.float64(8.842641184342543), np.float64(3.1740204178322725e-05), np.float64(3.3129290477341535), np.float64(8.321147960049425e-05), np.float64(3.0998193285795965e-06), np.float64(3.3823611944605), np.float64(3.146088881006766e-05), np.float64(3.5561915172673007), np.float64(3.8423887450139466e-05), np.float64(6.203239416903817e-05), np.float64(0.0001310786328768741), np.float64(0.0001331995982365392), np.float64(2.29745699155664), np.float64(1.197172014926822), np.float64(6.478931623674634e-05), np.float64(3.98548796886794e-06), np.float64(2.633656554735285e-06), np.float64(1.7491827373687814e-05), np.float64(3.399684940175454e-05), np.float64(1.235346697021453), np.float64(4.2576143202709904e-05), np.float64(0.00020377090001696152), np.float64(2.273415155492675e-05), np.float64(1.324232779674782), np.float64(0.8769727981977249), np.float64(3.974154408817579e-06), np.float64(0.000251844386822324), np.float64(0.5304628162869991), np.float64(0.543460658275233), np.float64(0.5840465652367619), np.float64(0.6493432241285025), np.float64(1.186697778760448e-05), np.float64(0.4424883845238227), np.float64(9.777027931892473e-07), np.float64(4.85497532662463e-06), np.float64(0.26086977725197), np.float64(1.1053695310428384e-06), np.float64(0.27940162710411653), np.float64(2.661690439743943e-06), np.float64(2.5652615290145604e-06), np.float64(3.9559712292581295e-06), np.float64(0.3100412280972872), np.float64(0.00036023815855419194), np.float64(0.21084471017708), np.float64(0.12942872725591364), np.float64(7.564586842111233e-07), np.float64(3.544248567272792e-07), np.float64(1.7015435404911448e-06), np.float64(0.13663346899127135), np.float64(2.625399294411194e-06), np.float64(2.422620037812575e-06), np.float64(0.15054795235697174), np.float64(0.00011737904736144838), np.float64(4.531682572852816e-06), np.float64(3.533322976158731e-06), np.float64(0.1023143778887412), np.float64(0.06238653197890705), np.float64(0.06583905562877529), np.float64(0.0729781728486502), np.float64(0.04999584546057945), np.float64(0.029296017030579092), np.float64(0.031577338469717366), np.float64(3.89851089619109e-05), np.float64(0.021285175324380998), np.float64(0.013205650496811832), np.float64(0.01378479970975035), np.float64(0.01524465835600833), np.float64(1.0574394330321057e-05), np.float64(2.9513375739219598e-05), np.float64(5.867398368777726e-06), np.float64(0.010395391531939135), np.float64(2.0901717214128834e-07), np.float64(3.131921516928172e-07), np.float64(7.220167080486793e-07), np.float64(0.0060775332054228874), np.float64(0.006567700150758889), np.float64(2.9766393497868884e-06), np.float64(0.004445860888981487), np.float64(0.0027309080996173293), np.float64(1.4241246596421452e-06), np.float64(0.0028682969444160946), np.float64(0.003188114531633661), np.float64(0.0021927962099465787), np.float64(1.1028421753003078e-05), np.float64(4.89330384299335e-07), np.float64(1.990380835160503e-06), np.float64(0.0012471097792738411), np.float64(0.001354378087256843), np.float64(5.876935635912159e-06), np.float64(1.0725894343547053e-05), np.float64(0.0008998724444276789), np.float64(0.0005515843843053498), np.float64(9.778122856044967e-07), np.float64(2.7365343295704414e-06), np.float64(0.000574666346747544), np.float64(6.80102983580706e-06), np.float64(0.0006255079118008844), np.float64(0.0002779196897134166), np.float64(0.0002896269107763589), np.float64(0.00017900619855408642), np.float64(7.721916274013054e-07), np.float64(0.00011272974196070958), np.float64(1.1909267342640154e-06), np.float64(3.4752822536269186e-06), np.float64(0.00010823097879489577), np.float64(4.078100085955003e-06), np.float64(0.00010985542215183482), np.float64(1.0594666447995428e-05), np.float64(2.8567051085960806e-05), np.float64(4.4336009526949136e-07), np.float64(4.783819102797589e-05), np.float64(4.9684302796085976e-05), np.float64(5.4815945551241725e-05), np.float64(3.750919765194638e-05), np.float64(2.2104768351779672e-05), np.float64(2.380151613635713e-05), np.float64(1.4049770058472397e-05), np.float64(8.286736069316216e-06), np.float64(2.7961945665038874e-07), np.float64(7.232407406066626e-07), np.float64(7.534734802184099e-06), np.float64(7.530523319101505e-06), np.float64(5.031285880831305e-07), np.float64(7.182230888405965e-06), np.float64(4.4390412481151456e-06), np.float64(8.288975384247409e-07), np.float64(8.580239668378087e-06), np.float64(2.360581328125024e-06), np.float64(5.546445142700452e-07), np.float64(6.244969343958113e-07), np.float64(1.3647619247821386e-07), np.float64(2.136753767434353e-07), np.float64(8.060927263180361e-08), np.float64(5.872910496109273e-08), np.float64(4.9707308316127594e-08)], [np.float64(76.51231005476734), np.float64(37.32225638703724), np.float64(22.533239291934777), np.float64(3.014703053365017e-07), np.float64(13.935476453565533), np.float64(1.7625473025708533e-06), np.float64(3.297215196803544e-07), np.float64(6.146518005076717e-06), np.float64(1.5445321871552001e-06), np.float64(6.653942779452207), np.float64(3.317270964847882e-06), np.float64(6.9588750027415625), np.float64(1.0452060632126838e-05), np.float64(2.305268452506526e-05), np.float64(7.531191478433444), np.float64(4.926717395376093), np.float64(2.5597832125110767), np.float64(2.681369026382101), np.float64(9.937450484997617e-06), np.float64(3.916814247930173e-05), np.float64(7.959540806790171e-06), np.float64(1.377828617497933e-05), np.float64(2.8817738247296725), np.float64(0.0007433738111423613), np.float64(3.1590632734216646), np.float64(4.112359870846748e-05), np.float64(3.0871039235600354e-05), np.float64(4.573014805084744e-05), np.float64(2.3901453771362042e-05), np.float64(2.1098141250890103), np.float64(5.9220741329721004e-05), np.float64(2.8013923206011168e-05), np.float64(9.714886609109152e-06), np.float64(6.2640395820357985e-06), np.float64(3.4423473989149293e-06), np.float64(0.00010141682668607884), np.float64(1.2085430906165036), np.float64(1.2634720722784343), np.float64(1.368954270370078), np.float64(1.8035328846752352e-05), np.float64(0.914104414568757), np.float64(0.566868594340433), np.float64(0.5806091692189648), np.float64(1.502754615868858e-05), np.float64(0.6249534622606173), np.float64(2.6554812127758255e-05), np.float64(1.826442677635046e-05), np.float64(0.418123017824349), np.float64(0.26207953271392337), np.float64(0.26863636413052866), np.float64(0.2913006393379742), np.float64(0.0008735320347760211), np.float64(4.7091671382822174e-05), np.float64(0.19547316318928204), np.float64(0.11894724245702207), np.float64(0.00024319996158563017), np.float64(0.12383317289465329), np.float64(0.13647545573940142), np.float64(0.0931505308049049), np.float64(0.05426833810328896), np.float64(2.2681273274503136e-05), np.float64(0.05824795477019442), np.float64(0.03924196360703213), np.float64(0.024256709407317372), np.float64(0.02524943673299207), np.float64(0.00010085128441265693), np.float64(1.3714567800589364e-05), np.float64(0.02762321610627652), np.float64(0.018886184061049218), np.float64(0.011049016411679026), np.float64(0.011891979268800737), np.float64(9.929435683374918e-05), np.float64(0.007908892121577093), np.float64(0.004905439114704754), np.float64(0.00012643675154707542), np.float64(5.1802654675072694e-05), np.float64(0.0047997772919602276), np.float64(0.005261398751357369), np.float64(0.0035895847280745102), np.float64(4.165705864662479e-06), np.float64(0.002128401710046664), np.float64(0.00014882007346295504), np.float64(2.6987957107090866e-05), np.float64(0.0019513048567095584), np.float64(1.0944613524581644e-05), np.float64(0.0021321244101072316), np.float64(0.0014594150319011292), np.float64(4.6936512863974094e-05), np.float64(3.7425009901965215e-06), np.float64(2.4651136961099555e-06), np.float64(7.5951810172997165e-06), np.float64(4.293094841702582e-05), np.float64(1.4298603584119718e-05), np.float64(0.0006804899507632151), np.float64(0.0006970487678190684), np.float64(2.3479757891936648e-05), np.float64(2.8622370867360396e-05), np.float64(7.083400566556937e-05), np.float64(0.0005313166249209195), np.float64(0.0005831230170067592), np.float64(0.00039824883128035263), np.float64(0.0002372733718249899), np.float64(0.00025392759450408055), np.float64(0.00017104969483615502), np.float64(0.0001078012749482881), np.float64(0.00011183705530528335), np.float64(2.433675036423156e-05), np.float64(3.736068694824553e-06), np.float64(2.226887602958264e-05), np.float64(1.5036584033660126e-06), np.float64(0.00010844197943991605), np.float64(2.5245063287286883e-05), np.float64(1.036455095286829e-05), np.float64(4.688439030583321e-06), np.float64(1.0344584948509795e-05), np.float64(5.7956378127490545e-06), np.float64(7.764553259984315e-06), np.float64(1.7073862581990513e-05), np.float64(5.080912580666707e-06), np.float64(4.9002689007764435e-06), np.float64(1.5024258014950235e-06), np.float64(2.442914751083497e-06), np.float64(9.065165085382609e-07), np.float64(5.113400201293876e-07), np.float64(3.9628172292230474e-07), np.float64(3.1906458856643223e-07), np.float64(2.7918756284894136e-07), np.float64(1.78332982943418e-07), np.float64(6.238283302785723e-08), np.float64(2.4600478785317543e-08)], [np.float64(75.91843603329308), np.float64(38.080267389348904), np.float64(23.623069183163565), np.float64(24.44005878059938), np.float64(24.366987239375923), np.float64(1.1139929979350422e-06), np.float64(4.5514835080365437e-07), np.float64(3.5594177487774024e-06), np.float64(1.2987506584858184e-07), np.float64(22.88423044921101), np.float64(20.83541172673161), np.float64(18.936064792487198), np.float64(17.43227508219672), np.float64(16.347952780641535), np.float64(2.353199377331286e-05), np.float64(2.9628306864377535e-05), np.float64(15.624099842951027), np.float64(2.685934105196323e-05), np.float64(15.18782936116215), np.float64(14.97772445268496), np.float64(14.949614022774776), np.float64(9.04314187656254), np.float64(3.393201231510703), np.float64(3.4783757127716064), np.float64(3.669335822623464), np.float64(2.376860146642215), np.float64(0.0023510790923405743), np.float64(1.1879014136596677), np.float64(6.117887705380219e-05), np.float64(6.777765627710299e-05), np.float64(1.2400361116170837), np.float64(1.3426682872691265), np.float64(0.895354052906831), np.float64(1.4528157143395182e-05), np.float64(0.5026241807343892), np.float64(0.5274444077609908), np.float64(0.0005795458582026756), np.float64(0.5776211637454125), np.float64(8.067667912084882e-05), np.float64(0.3909877805355465), np.float64(1.6141652271836932e-05), np.float64(0.2233883459904703), np.float64(1.882167111652266e-05), np.float64(2.1869218300060693e-05), np.float64(1.9624809583657854e-05), np.float64(6.0392961408432e-05), np.float64(1.9599151987766448e-05), np.float64(0.23809801750430137), np.float64(0.00011541345912443862), np.float64(9.229990230800765e-05), np.float64(0.15894260725665543), np.float64(5.01548278767931e-05), np.float64(5.942580792839109e-06), np.float64(8.760990619329495e-06), np.float64(3.960569833460704e-05), np.float64(0.09896407509050528), np.float64(2.428183915934733e-05), np.float64(0.10160973231954283), np.float64(0.11081599583546131), np.float64(0.07520623554705377), np.float64(0.0448607343131537), np.float64(2.0464299980128075e-05), np.float64(0.00016340700281652153), np.float64(0.047202061050972334), np.float64(0.03152504755290695), np.float64(0.020221246546097995), np.float64(0.00027551724207852793), np.float64(0.020190581094669563), np.float64(0.021917210239454837), np.float64(0.0001733611573608932), np.float64(0.014648101231812594), np.float64(2.1443607517694928e-05), np.float64(0.008910078219196553), np.float64(0.009365007947117398), np.float64(0.0005019065297456401), np.float64(0.009395609490228041), np.float64(0.0064131403828366846), np.float64(0.0038113645507943206), np.float64(0.004076722323641991), np.float64(5.810352943920512e-05), np.float64(0.0026726681600082076), np.float64(5.7492269875999604e-05), np.float64(5.249331882837461e-05), np.float64(2.664352384840155e-05), np.float64(2.4952690853810134e-05), np.float64(2.303257980006583e-05), np.float64(0.0002564453851894395), np.float64(0.0019910583490439786), np.float64(0.0017592419240310996), np.float64(0.0011949481959050553), np.float64(0.0007280812421945211), np.float64(0.0007691422650878637), np.float64(0.0005139462020705135), np.float64(6.509284534771814e-05), np.float64(6.260930797034029e-06), np.float64(0.0004179363386868954), np.float64(0.00011315312287211177), np.float64(0.00017680667058249665), np.float64(0.0001774518597528947), np.float64(5.836743878676529e-05), np.float64(2.0047949141695086e-05), np.float64(0.00020016278695063135), np.float64(4.740561659149915e-05), np.float64(4.280546504707981e-05), np.float64(3.639170027151725e-05), np.float64(1.9009653949715296e-05), np.float64(7.093541341203173e-06), np.float64(5.110333121083339e-06), np.float64(5.480939611385715e-06), np.float64(1.1692895409027657e-05), np.float64(1.2027638028351587e-05), np.float64(2.2588779145199837e-05), np.float64(6.22425793589602e-06), np.float64(7.407210289311378e-07), np.float64(8.774024909576057e-07), np.float64(2.669726735887899e-07), np.float64(1.0544441881293285e-07), np.float64(8.499177122946749e-08), np.float64(9.826797553970682e-08), np.float64(7.203890306145716e-08), np.float64(3.6014793542299066e-08)]]"
9,100000,4,1.2039699434413995e-07,1.5887120246887207,3.880693926535958e-16,15.2,True,1.3335361685932159,"[[np.float64(103.72250215210761), np.float64(70.25423603877273), np.float64(48.85407010482518), np.float64(30.271380794786985), np.float64(5.759998424524916), np.float64(4.2906230130573855), np.float64(0.4322065857421898), np.float64(0.28210470562285295), np.float64(0.10685554564338066), np.float64(0.03500807647124669), np.float64(0.023376912110560286), np.float64(0.002254559292949575), np.float64(0.0013352816183360076), np.float64(4.549554465010237e-05), np.float64(6.634699213793662e-07)], [np.float64(103.2450530530051), np.float64(70.21351037175755), np.float64(48.77541703527297), np.float64(30.127916047911672), np.float64(5.7393368389260875), np.float64(4.371363395738962), np.float64(0.4468839360956243), np.float64(0.32373859543019723), np.float64(0.12899072945886716), np.float64(0.04550874268296264), np.float64(0.030367413739107597), np.float64(0.002284527306160189), np.float64(0.0023039677621845343), np.float64(9.337797285530932e-05), np.float64(4.30216697385677e-06)], [np.float64(103.73059792074275), np.float64(70.44860621390322), np.float64(48.74527065622874), np.float64(30.118110275407094), np.float64(5.625887827900004), np.float64(4.116412451254542), np.float64(0.4063387213951112), np.float64(0.27388868791628573), np.float64(0.10789174968640039), np.float64(0.03694708981263639), np.float64(0.024600473914709268), np.float64(0.002481561841897228), np.float64(0.0014137053473556596), np.float64(9.13955556563954e-05), np.float64(7.203578032863229e-06), np.float64(3.5433922496065864e-08)], [np.float64(103.68964819137575), np.float64(70.44557905429596), np.float64(48.5391039318359), np.float64(30.210323564917775), np.float64(5.695146342188523), np.float64(4.2940754752073085), np.float64(0.4298441897864723), np.float64(0.2905677931882562), np.float64(0.11085189277342483), np.float64(0.03788151726041331), np.float64(0.024759483197959002), np.float64(0.0025183802252809174), np.float64(0.0014937472588006948), np.float64(4.4839368908009225e-05), np.float64(7.149117087347552e-07)], [np.float64(103.75784544216526), np.float64(70.21817019907046), np.float64(48.700703778518026), np.float64(30.436946012129223), np.float64(5.700404900423197), np.float64(4.219023157960664), np.float64(0.41892962546962315), np.float64(0.27996756715075366), np.float64(0.10672189041534753), np.float64(0.03634126141353108), np.float64(0.023837917547272727), np.float64(0.0024425253374519237), np.float64(0.0014426957878596173), np.float64(4.367661088557877e-05), np.float64(6.942787937509228e-07)]]"
10,100000,8,4.7318193574256433e-07,4.462817287445068,0.5124582887198414,43.8,True,-0.10739142923778414,"[[np.float64(77.32878437295908), np.float64(78.41363148833366), np.float64(41.618329648632624), np.float64(18.28454328234094), np.float64(42.88621635180051), np.float64(5.939021661030452), np.float64(9.362744634767669), np.float64(4.973025851111145), np.float64(1.5064878355960745), np.float64(2.0884591683605396), np.float64(0.9654047156145499), np.float64(3.102926563940665), np.float64(0.7074599412586929), np.float64(0.6587607875878392), np.float64(0.26788465803657585), np.float64(0.4534278872600917), np.float64(0.21664745046218065), np.float64(0.16134276857757993), np.float64(0.16976274403353303), np.float64(0.6834104199035436), np.float64(0.08160747454123965), np.float64(0.10198831461744379), np.float64(0.033397367327823176), np.float64(0.013556325775895712), np.float64(0.03595750846119331), np.float64(0.005184398781902796), np.float64(0.004093161830213859), np.float64(0.0012384406640162664), np.float64(0.0006354108004222464), np.float64(0.00011497241048245328), np.float64(8.260619718032362e-05), np.float64(0.00030375832707891343), np.float64(1.8548480774808063e-05), np.float64(1.682305661236438e-05), np.float64(6.1910948310825166e-06), np.float64(7.974961983671682e-06), np.float64(3.3066450484523768e-06), np.float64(1.932819108601899e-06), np.float64(1.1214805182413799e-06), np.float64(1.6689688279962398e-06), np.float64(2.8913854840940806e-07), np.float64(1.211150262714593e-06), np.float64(2.920332342030154e-07)], [np.float64(86.81265663234862), np.float64(75.78395675477536), np.float64(38.03199457376164), np.float64(16.978759401031393), np.float64(13.52440004676168), np.float64(30.10566849556518), np.float64(4.159447948610394), np.float64(4.597717085031818), np.float64(2.2646558951426257), np.float64(2.239046241745805), np.float64(2.1156303391508775), np.float64(0.6038984339134836), np.float64(0.38892459765144793), np.float64(0.290792296843009), np.float64(1.5152277058392565), np.float64(0.2294965778195396), np.float64(0.40980083016918695), np.float64(0.080279118857523), np.float64(0.050899665427411644), np.float64(0.003918204057167607), np.float64(0.0017511405874292634), np.float64(0.00013759529695839425), np.float64(5.9080474819410195e-06)], [np.float64(72.0226615211244), np.float64(81.16992568318128), np.float64(42.62716032005118), np.float64(18.15746324826025), np.float64(19.323080166351232), np.float64(22.392346410931864), np.float64(1.3987365025512122), np.float64(6.62962212556178), np.float64(2.5811381489138028), np.float64(4.0043502698046), np.float64(1.268027344949858), np.float64(1.108188347705285), np.float64(3.1074883627026395), np.float64(0.5466237798157452), np.float64(0.4344047208077394), np.float64(0.20097049437936762), np.float64(0.7928917416319189), np.float64(0.208766900528516), np.float64(0.08255996183763836), np.float64(0.6603059373643694), np.float64(0.11994377157190973), np.float64(0.10797472951992587), np.float64(0.08341670103725858), np.float64(0.03800847093300024), np.float64(0.00996294799637861), np.float64(0.00795606908951684), np.float64(0.0037861645032562672), np.float64(0.02285707467151435), np.float64(0.010615800008102605), np.float64(0.00555408822723822), np.float64(0.003048055226689938), np.float64(0.005054133154085298), np.float64(0.0023520892897832364), np.float64(0.008140827530624421), np.float64(0.0021741270525193943), np.float64(0.00166052940989281), np.float64(0.0004241730845883277), np.float64(0.0002706656430808206), np.float64(0.0007692358435900748), np.float64(0.00029689042876573126), np.float64(0.00012564234561660028), np.float64(8.59029068713648e-05), np.float64(0.00012029579356638784), np.float64(4.853580524566818e-05), np.float64(2.525780823053003e-05), np.float64(8.395532033310031e-05), np.float64(2.175068199389434e-05), np.float64(5.346571686483874e-05), np.float64(5.44376187729921e-05), np.float64(3.709432902159041e-05), np.float64(2.048566356982522e-05), np.float64(2.5617656543791845e-05), np.float64(1.0725622794394484e-05), np.float64(8.826751632537504e-06), np.float64(4.001811599428356e-06), np.float64(5.205697721785448e-06), np.float64(2.410015406987288e-06), np.float64(9.260588626898361e-07), np.float64(5.280333376914374e-06), np.float64(1.126969018529529e-06), np.float64(6.718415993648196e-07), np.float64(1.0200642309291837e-06), np.float64(4.817511605816124e-07), np.float64(1.3537196438899308e-07), np.float64(3.5796005591341386e-07), np.float64(2.043931194311135e-07), np.float64(1.0217856731084547e-07), np.float64(1.2216927750274678e-07), np.float64(1.2819538054342605e-07)], [np.float64(62.28742861461355), np.float64(86.32815841201771), np.float64(45.472597321675494), np.float64(19.25781811235741), np.float64(16.46686608371276), np.float64(34.365560866160926), np.float64(4.760311262431836), np.float64(4.113208750102422), np.float64(3.1302158150124186), np.float64(8.957746771326509), np.float64(6.394049144254743), np.float64(2.135410776072544), np.float64(0.4669714685603307), np.float64(0.7846268475000028), np.float64(0.5683552399054657), np.float64(0.23455949672483087), np.float64(0.08027049826566514), np.float64(0.12540188879170674), np.float64(0.06001384672202883), np.float64(0.1492077562297273), np.float64(0.048055449020120836), np.float64(0.0928670975799347), np.float64(0.017646864861008926), np.float64(0.014975788951812456), np.float64(0.010202520189092177), np.float64(0.016944083795185732), np.float64(0.00941577315707937), np.float64(0.18644837234791845), np.float64(0.02935723974862501), np.float64(0.008165254363217285), np.float64(0.08286280857049774), np.float64(0.03294530465278778), np.float64(0.011216794366433368), np.float64(0.0034661613561482044), np.float64(0.0012016424999152495), np.float64(0.00020137365425175523), np.float64(0.0005971332670014423), np.float64(0.0014461920483157344), np.float64(0.00030284840981487646), np.float64(0.0002320053675198869), np.float64(0.0001322820029381961), np.float64(0.0001245053362150303), np.float64(6.373947064452275e-05), np.float64(2.0900928882601075e-05), np.float64(3.549709246504124e-05), np.float64(1.2476481467207564e-05), np.float64(3.8386600269162116e-05), np.float64(1.2123695571482886e-05), np.float64(8.614227677186248e-06), np.float64(4.436899071777978e-06), np.float64(1.274521680415809e-06), np.float64(4.3549864002732236e-07), np.float64(9.245120240520419e-07), np.float64(8.947832698480465e-07), np.float64(4.2352908217200654e-07), np.float64(1.5451503825425177e-07), np.float64(6.872091967857139e-08), np.float64(3.217366647064414e-07), np.float64(2.7737689092472313e-07), np.float64(5.583477791024619e-07), np.float64(1.1581174678617224e-07), np.float64(1.9150404171328082e-07), np.float64(5.497133503199619e-08)], [np.float64(115.3382164416025), np.float64(63.846737378146436), np.float64(30.436582223156663), np.float64(15.363659936416104), np.float64(13.875743514179065), np.float64(30.9982407129103), np.float64(10.025926441222023), np.float64(3.3263718222151577), np.float64(0.9285590908580167), np.float64(2.418465645648571), np.float64(0.3103003941020932), np.float64(0.2718061147790285), np.float64(0.7486506338327573), np.float64(0.1106767855281723), np.float64(0.1367198139578884), np.float64(0.035971996828052646), np.float64(0.011306441481429006), np.float64(0.006561393703927873), np.float64(0.0007471253367890399), np.float64(6.914558915935133e-05), np.float64(2.2961357318119595e-06)]]"
11,100000,12,0.00024891064893690175,76.92504153251647,0.5124582888913245,576.6,False,3.798456913017481,"[[np.float64(239.388139148135), np.float64(119.19844433534165), np.float64(3.31996010238036e-06), np.float64(4.810639935789276e-06), np.float64(73.45545123932537), np.float64(6.2275938119445425e-06), np.float64(75.95276345695895), np.float64(3.5723962870536527e-07), np.float64(76.09599520570605), np.float64(1.0446342706441463e-06), np.float64(2.2732858967311487e-06), np.float64(1.7202015521805442e-06), np.float64(71.96020536175757), np.float64(66.0249723305352), np.float64(60.37465975385809), np.float64(0.0004916735964044005), np.float64(55.7780740623081), np.float64(0.00023811648642978067), np.float64(0.0005377759945689379), np.float64(52.354023201259636), np.float64(49.96308873063301), np.float64(48.430324157303986), np.float64(0.00048708824024595144), np.float64(47.618445901430825), np.float64(47.42275414401727), np.float64(28.652253060477033), np.float64(2.5032334241773738e-05), np.float64(0.00014488771314910464), np.float64(10.749667901173162), np.float64(8.23076622928731e-05), np.float64(0.0008727667197139508), np.float64(0.001181448912781483), np.float64(11.026637218181795), np.float64(8.5305994521521e-05), np.float64(4.120702263471218e-05), np.float64(11.645395790703544), np.float64(0.001587118507878512), np.float64(7.550600561709531), np.float64(2.9252399188813756e-05), np.float64(1.0138001460096126e-05), np.float64(3.798196803407295), np.float64(1.7189883233537317e-05), np.float64(3.973636004979777), np.float64(4.3091763732957835), np.float64(0.00021771251591824736), np.float64(0.00015778959638037328), np.float64(2.8762549989186135), np.float64(1.6289104877028648), np.float64(2.7435593876418803e-05), np.float64(1.7107541203532934), np.float64(3.168559179571084e-05), np.float64(1.4415936265950162e-05), np.float64(0.00011692392804551154), np.float64(1.9667278483799606e-05), np.float64(3.9775901957803724e-05), np.float64(3.3157449269794565e-05), np.float64(1.8757910755625493), np.float64(1.2689977834998252), np.float64(0.7478813450942361), np.float64(0.792456996729894), np.float64(0.876400005848873), np.float64(0.5970288154262128), np.float64(7.207589618869793e-09), np.float64(0.35905481827046), np.float64(4.115047185464438e-06), np.float64(0.3819180517529546), np.float64(1.9562259614422448e-07), np.float64(0.4236469396727314), np.float64(0.28947619559855975), np.float64(0.17806449419591522), np.float64(0.19091955611582442), np.float64(0.21313616015090234), np.float64(2.962750450329737e-09), np.float64(1.819189017018917e-07), np.float64(0.24348884319541092), np.float64(0.28155147771865935), np.float64(2.05145866602547e-06), np.float64(7.16936749478448e-05), np.float64(0.19637056350274892), np.float64(0.1284221796073724), np.float64(7.953001033224084e-09), np.float64(2.9525167447615977e-06), np.float64(7.761057215303493e-07), np.float64(5.220829521058196e-09), np.float64(1.0979090634332506e-08), np.float64(4.9737553830180984e-05), np.float64(5.778125061693725e-09), np.float64(1.0977674322487937e-05), np.float64(0.14286966289997807), np.float64(1.4112213025329236e-08), np.float64(0.159729614182112), np.float64(0.1793803801004565), np.float64(1.2716000869473722e-06), np.float64(2.996311754265234e-07), np.float64(0.20265241798115097), np.float64(0.2307214601776161), np.float64(0.15894676052099438), np.float64(0.1029727344314855), np.float64(4.062111764328423e-06), np.float64(1.5240614406092143e-05), np.float64(5.734645271952045e-05), np.float64(0.10865624876288563), np.float64(4.505105391097705e-05), np.float64(3.970311409415499e-05), np.float64(0.11844371154081944), np.float64(0.13308299115147793), np.float64(0.09160405516057231), np.float64(2.6206187819556994e-07), np.float64(4.623247915756769e-06), np.float64(0.05429007012099405), np.float64(7.333145185983688e-07), np.float64(4.982243532688584e-07), np.float64(0.058564897501404256), np.float64(0.03949447527858818), np.float64(0.025126062436155894), np.float64(0.025979612734088275), np.float64(1.5465029858149175e-06), np.float64(1.0542851003124984e-06), np.float64(0.02851917269670756), np.float64(0.01948103984808779), np.float64(0.011622642100278413), np.float64(0.00010500936975804043), np.float64(9.216735984126234e-06), np.float64(4.426516716867408e-07), np.float64(0.012215157196131159), np.float64(0.008218350232637742), np.float64(0.005188654186259118), np.float64(6.180176455938163e-06), np.float64(0.0053620690158412325), np.float64(0.005907870409305858), np.float64(0.004047112635523389), np.float64(1.5284780635881258e-07), np.float64(1.4418211872569337e-06), np.float64(0.0023814180969780217), np.float64(7.695772216810479e-07), np.float64(0.0025659115260658247), np.float64(7.713304318441522e-06), np.float64(3.456379217560274e-06), np.float64(2.8774268841729725e-06), np.float64(3.1237625836185593e-06), np.float64(1.5022168553338502e-06), np.float64(0.001714612967604322), np.float64(0.001061816913514727), np.float64(0.0011126052282576149), np.float64(0.0012352805480820757), np.float64(3.505883507710917e-06), np.float64(6.054618045070056e-06), np.float64(0.0008376286818658194), np.float64(0.00048794564754598747), np.float64(0.0005301600169667643), np.float64(3.9039024794264466e-06), np.float64(0.0003557353495141777), np.float64(0.00021723820950768322), np.float64(8.094731062836904e-06), np.float64(0.00021497220669892524), np.float64(1.6639514950652233e-05), np.float64(4.9055458132398365e-06), np.float64(0.0001959163470270488), np.float64(0.00013296430819797504), np.float64(8.168506560185433e-05), np.float64(7.11153825423445e-07), np.float64(2.217321006120329e-06), np.float64(8.083525573665209e-05), np.float64(8.942728078544364e-05), np.float64(1.3700808580679098e-05), np.float64(1.5110426939619046e-06), np.float64(4.2520605571933344e-05), np.float64(1.8292799598561232e-07), np.float64(1.2082269898377542e-07), np.float64(8.18912375027365e-07), np.float64(3.3994367246336074e-07), np.float64(7.84717635951395e-07), np.float64(4.132041438530351e-05), np.float64(2.8541577894737195e-06), np.float64(2.442976785277e-05), np.float64(1.5277753589205628e-05), np.float64(7.688491384379267e-06), np.float64(4.9922677286628535e-05), np.float64(7.976750312345421e-06), np.float64(6.260724636195908e-06), np.float64(6.357932973641218e-06), np.float64(4.17910487798793e-06), np.float64(6.98726648598175e-08), np.float64(3.1948464289884214e-07), np.float64(3.5850784171126807e-07), np.float64(7.887770797040068e-08), np.float64(1.2775936731853197e-06), np.float64(1.1801443863077801e-07), np.float64(1.442232121933018e-05), np.float64(2.6724208196174487e-06), np.float64(2.513935265911463e-06), np.float64(2.069653323092619e-06), np.float64(1.3780737196736058e-06), np.float64(4.4026769541543235e-07), np.float64(5.933033546769882e-08), np.float64(1.123906271074232e-06), np.float64(9.231668026014199e-07), np.float64(6.826396418934851e-07), np.float64(3.75602323474727e-07), np.float64(1.8610196001365692e-07), np.float64(3.9444033910903213e-07), np.float64(3.0340292198920445e-07), np.float64(1.3947195009768264e-07), np.float64(1.53636939166108e-07), np.float64(7.539217229676041e-08), np.float64(8.575210848503273e-08), np.float64(6.37383423773325e-08), np.float64(4.4865103787641566e-08), np.float64(3.268213523479755e-08)], [np.float64(238.53309192582384), np.float64(118.76412314093848), np.float64(73.40926389170194), np.float64(75.68614070080366), np.float64(6.158573404039509e-07), np.float64(75.80022359455594), np.float64(71.79674858224014), np.float64(65.99228774391406), np.float64(60.480924407092296), np.float64(0.0004917329897850498), np.float64(56.02432565459935), np.float64(52.674568499789615), np.float64(50.30608696839555), np.float64(0.0020884598255948303), np.float64(48.76827195782563), np.float64(47.93890791054904), np.float64(47.70966768875909), np.float64(28.79810552753603), np.float64(10.77916666065567), np.float64(0.005663771510210102), np.float64(11.043533647018068), np.float64(0.00036580006965596134), np.float64(0.0005247060302179038), np.float64(0.0015395212891824285), np.float64(0.0003215580178928608), np.float64(11.652759364542222), np.float64(0.0034355163092322457), np.float64(7.55080432373609), np.float64(3.807022279257867), np.float64(3.979470414783628), np.float64(3.4451228338774096e-05), np.float64(3.1580201458165667e-06), np.float64(5.9698930397594264e-05), np.float64(4.312519138660925), np.float64(1.768159528672623e-05), np.float64(0.00028798285472600996), np.float64(6.187874608841231e-06), np.float64(2.877541846238289), np.float64(3.5684280259786914e-05), np.float64(1.634790205865745), np.float64(3.841268419258469e-08), np.float64(2.434006886661983e-07), np.float64(1.7142191832026699), np.float64(5.687706141656271e-05), np.float64(1.009079788065014e-06), np.float64(1.8783675125740054), np.float64(3.0509919646667667e-06), np.float64(2.695936698418452e-05), np.float64(1.270457582415405), np.float64(0.7475448770259552), np.float64(1.3180595720740527e-06), np.float64(1.5623701311999506e-06), np.float64(2.934891144874288e-07), np.float64(0.7923272447245607), np.float64(2.3819595803937957e-07), np.float64(4.028020098849362e-06), np.float64(0.877552022335205), np.float64(7.015820714234579e-07), np.float64(2.1119147021055647e-06), np.float64(0.5987772413746437), np.float64(0.3627255369232275), np.float64(1.8488693950177022e-07), np.float64(0.38864304535858374), np.float64(0.43207059930270664), np.float64(0.49111218169158116), np.float64(7.540512078500379e-06), np.float64(0.3392535507245945), np.float64(0.2049454247192532), np.float64(0.22163744227610574), np.float64(1.3687416045548088e-06), np.float64(5.720422005659302e-06), np.float64(6.254256849879638e-06), np.float64(0.24654149519338828), np.float64(7.667769569018679e-07), np.float64(3.4049810538880812e-06), np.float64(0.1682807823219508), np.float64(0.10419334514916578), np.float64(0.10996059153090765), np.float64(1.890958192582315e-06), np.float64(0.12176208728261156), np.float64(0.08332731794724352), np.float64(0.051856128107069084), np.float64(0.055445148016242014), np.float64(0.061617130166091515), np.float64(4.932916188596209e-07), np.float64(9.416157598941098e-11), np.float64(0.07008131739138507), np.float64(0.04851311773712096), np.float64(0.029605732584926645), np.float64(0.03212467651399138), np.float64(1.9225074951204534e-10), np.float64(1.2679740670565047e-05), np.float64(1.916834570254904e-10), np.float64(0.0359300037803045), np.float64(0.024583524974704615), np.float64(0.01621268843900474), np.float64(0.017069348806055894), np.float64(0.018654031123975713), np.float64(1.3533290312797627e-09), np.float64(1.4263407821991513e-07), np.float64(0.02094473346526547), np.float64(2.417732265422291e-07), np.float64(0.014389850589625537), np.float64(2.1834889148927055e-10), np.float64(4.61059634482305e-07), np.float64(1.3005153003319001e-08), np.float64(0.009215317392909634), np.float64(0.009796353761580836), np.float64(8.690024767014755e-10), np.float64(1.53285143601387e-06), np.float64(4.680429650983532e-08), np.float64(7.840867692048599e-10), np.float64(0.01080534027836991), np.float64(0.012225086384125575), np.float64(0.008439635370036922), np.float64(0.005266589958938924), np.float64(5.893751660665592e-10), np.float64(2.1311657615299676e-06), np.float64(0.005676543353778019), np.float64(0.006313079973395404), np.float64(4.669478075201803e-09), np.float64(0.00718366895507663), np.float64(0.004974549894439904), np.float64(0.003085444066387069), np.float64(0.003352312293886605), np.float64(0.0037433715380480706), np.float64(1.3056797868851345e-08), np.float64(0.00025585939956544127), np.float64(1.8216761360833751e-09), np.float64(0.003748407527425383), np.float64(2.5750863494863627e-09), np.float64(2.6419401291168527e-08), np.float64(0.0025825292376928433), np.float64(8.539744069793431e-10), np.float64(0.0017213651690752175), np.float64(0.0018410291100280295), np.float64(0.002015855039503337), np.float64(0.0022696553346819334), np.float64(1.8252033395653954e-09), np.float64(0.0025891407013416733), np.float64(0.0017915709108366376), np.float64(7.964776223652164e-10), np.float64(4.778086928001558e-08), np.float64(0.0011665915032580128), np.float64(0.0012586182676787632), np.float64(0.0013929659826399615), np.float64(0.0015800261331109084), np.float64(9.552325262340458e-09), np.float64(1.5633157864857804e-09), np.float64(1.0792593774358737e-08), np.float64(0.001805561742093924), np.float64(0.001252675214882566), np.float64(4.3674807440292555e-10), np.float64(0.0008093615740456631), np.float64(9.931236113071337e-10), np.float64(1.6280422970797543e-05), np.float64(7.21526749603531e-11), np.float64(0.0008551040977895048), np.float64(0.0009444485855131349), np.float64(1.998451257358197e-07), np.float64(1.5270557508945712e-10), np.float64(2.150403466358437e-09), np.float64(0.001061094648266092), np.float64(0.0012126165384457733), np.float64(3.7260294380589243e-10), np.float64(5.950836363662533e-10), np.float64(4.085881784451605e-10), np.float64(0.0008402412715340934), np.float64(0.0005602297652155116), np.float64(0.0006084005041010159), np.float64(0.0006649402310808932), np.float64(0.0007484774414158087), np.float64(0.0008524336858517928), np.float64(0.0005900864816385754), np.float64(0.0006612265719103214), np.float64(0.0008027735662149927), np.float64(0.0005579484558097898), np.float64(0.00035485700801659784), np.float64(2.7797423216927226e-10), np.float64(0.00038794996088234636), np.float64(2.6441987341179566e-10), np.float64(5.790177620523778e-10), np.float64(0.0004350170773039664), np.float64(1.4595564186066358e-10), np.float64(1.8159387780598307e-10), np.float64(0.0004914318257837077), np.float64(4.0004796686598325e-10), np.float64(5.202439152395722e-10), np.float64(3.268797310249483e-10), np.float64(0.0005654670140264646), np.float64(9.76574801057317e-10), np.float64(0.0003930216361864486), np.float64(1.964294681539966e-11), np.float64(0.00025518562667537734), np.float64(0.00027595224346755595), np.float64(0.0003042870325648169), np.float64(7.0486881650023e-11), np.float64(0.0003484377285234683), np.float64(0.00039646679131100917), np.float64(2.841616455898518e-07), np.float64(0.0002759213074180752), np.float64(8.078874048776786e-12), np.float64(2.630520572548277e-10), np.float64(0.00017926953860282962), np.float64(1.6487218796141616e-09), np.float64(0.00020053217108808273), np.float64(5.498044270300315e-11), np.float64(0.0002165574576391905), np.float64(1.742556834043351e-10), np.float64(0.0002442168945490852), np.float64(0.00028268471052181457), np.float64(0.00019423213732451297), np.float64(7.470121848076561e-12), np.float64(7.247921413140687e-08), np.float64(0.00012699935869404325), np.float64(5.17100853084759e-12), np.float64(0.00014267052843971932), np.float64(0.00015382199464849579), np.float64(0.00010903383251005757), np.float64(0.0001592312969640153), np.float64(3.2272894197739186e-10), np.float64(1.4096711704787643e-10), np.float64(0.0001804248595023932), np.float64(1.5083837960868558e-10), np.float64(1.3174054776559925e-10), np.float64(1.1466022163513736e-10), np.float64(1.216570705469468e-10), np.float64(0.00021069500842082394), np.float64(1.0887585004278802e-08), np.float64(2.436123280941651e-07), np.float64(0.0001452227076063185), np.float64(1.4976660041247285e-05), np.float64(0.00011373822899519397), np.float64(0.00013329310239722136), np.float64(1.0796905421928566e-09), np.float64(2.6378170461446574e-10), np.float64(0.00015077138053879433), np.float64(8.900352775863615e-06), np.float64(3.817992504611095e-08), np.float64(5.6738684308338707e-11), np.float64(9.349613051217478e-05), np.float64(6.193619598450281e-05), np.float64(7.094167632780478e-05), np.float64(7.737132518914744e-05), np.float64(3.28530073603903e-11), np.float64(2.3787590714293004e-11), np.float64(6.657223691838359e-12), np.float64(1.1818194545658067e-10), np.float64(1.3711137009063097e-09), np.float64(2.752107663520607e-11), np.float64(8.262802766318111e-05), np.float64(9.486173172441905e-05), np.float64(4.426639042325138e-11), np.float64(6.566581677865091e-05), np.float64(2.75439010621939e-12), np.float64(7.661397512225919e-05), np.float64(1.3458781299091355e-10), np.float64(9.2238234253113e-05), np.float64(6.340246256627071e-05), np.float64(5.055698512732434e-05), np.float64(1.182978184286985e-11), np.float64(2.290596625668928e-11), np.float64(4.563630724039727e-05), np.float64(4.8473307131152584e-05), np.float64(3.6400880251552205e-12), np.float64(5.5850312016470775e-05), np.float64(6.477234760410004e-05), np.float64(5.910077309491809e-10), np.float64(5.153176914160555e-11), np.float64(4.841463078918227e-11), np.float64(3.6464474865177755e-10), np.float64(1.2796963681257746e-10), np.float64(7.555206522902365e-05), np.float64(1.1504553138768752e-11), np.float64(5.288182562488775e-05), np.float64(2.3099163410099576e-11), np.float64(3.387819805580999e-05), np.float64(5.285377097122121e-09), np.float64(3.464054745409441e-05), np.float64(5.591062552675162e-09), np.float64(5.84018892125863e-09), np.float64(4.051517195040336e-05), np.float64(4.533653086223943e-05), np.float64(3.105810475476445e-05), np.float64(2.624819166556474e-05), np.float64(5.044403080041966e-13), np.float64(1.098852160725501e-11), np.float64(2.2454747643502194e-05), np.float64(2.7574491600418732e-05), np.float64(2.9132613885976634e-05), np.float64(3.277818856079101e-05), np.float64(2.1654047929337212e-11), np.float64(4.6131029274900005e-12), np.float64(3.9462138654290844e-05), np.float64(2.3851343617507705e-10), np.float64(2.7705166047086423e-05), np.float64(1.6089495506926903e-11), np.float64(3.940473782440615e-12), np.float64(1.851945976674229e-05), np.float64(9.89560681941806e-06), np.float64(1.5063244263938097e-12), np.float64(1.6371857889131139e-12), np.float64(1.0794292659658169e-05), np.float64(2.280633954417348e-05), np.float64(2.0145884894392195e-05), np.float64(1.2986795187699327e-05), np.float64(1.4600105126904936e-05), np.float64(2.132875918125171e-10), np.float64(1.5272912483563917e-05), np.float64(2.4269827773790936e-05), np.float64(2.7973918978924364e-11), np.float64(2.1668859779837122e-05), np.float64(1.0686531056813575e-11), np.float64(1.4870114035863545e-05), np.float64(3.7923672066970064e-13), np.float64(1.4585266566732467e-05), np.float64(6.930035211603531e-07), np.float64(2.238703046061448e-05), np.float64(2.090795285631697e-11), np.float64(7.742688638975252e-06), np.float64(2.073458972212426e-12), np.float64(1.5117008268830403e-05), np.float64(1.8451156159057494e-05), np.float64(1.0409894051167848e-05), np.float64(2.1527375815842537e-11), np.float64(9.713209621467109e-14), np.float64(6.640171367332441e-11), np.float64(2.203690782045412e-11), np.float64(1.9991496440589147e-05), np.float64(1.094691116439244e-05), np.float64(2.546652528867081e-11), np.float64(4.3087131940655015e-11), np.float64(2.098398083943016e-06), np.float64(1.5826098743014596e-05), np.float64(1.9450030854710633e-11), np.float64(2.5400972495432996e-13), np.float64(2.8770552550023953e-12), np.float64(1.4794684529827077e-11), np.float64(3.9270191532914725e-13), np.float64(1.3574430323028703e-11), np.float64(2.0639605582828198e-13), np.float64(1.147831086449476e-05), np.float64(2.6954440388802807e-14), np.float64(8.92243393810625e-12), np.float64(9.156477114144859e-06), np.float64(1.524685571163748e-12), np.float64(1.2182503205253151e-05), np.float64(9.374545038932087e-06), np.float64(1.0561441028451536e-05), np.float64(1.1343058905977043e-05), np.float64(1.2356426074859422e-12), np.float64(3.382379961064679e-13), np.float64(9.172595517329262e-13), np.float64(9.784423884112386e-13), np.float64(9.238896857051836e-16), np.float64(2.3714374201337736e-16), np.float64(3.991483036590496e-12), np.float64(9.91001618414387e-10), np.float64(1.3216492496459498e-12), np.float64(8.18080064011296e-06), np.float64(4.598555293716914e-16), np.float64(3.453955006639107e-14), np.float64(1.4531551452292177e-12), np.float64(2.783956918702784e-06), np.float64(2.54925595106159e-12), np.float64(3.9007593000567824e-13), np.float64(2.3749843592211293e-12), np.float64(2.7765690471264714e-10), np.float64(1.2333683360393448e-05), np.float64(5.918898528010528e-06), np.float64(3.670709214896788e-08), np.float64(6.165214889731046e-06), np.float64(4.854252948282916e-13), np.float64(7.325812496547928e-09), np.float64(9.780063204524725e-13), np.float64(1.051183911780012e-05), np.float64(7.637151692464997e-06), np.float64(4.4273831046699885e-06), np.float64(1.2718634787348244e-14), np.float64(1.2346902333952606e-05), np.float64(2.5665465448078075e-05), np.float64(1.3206294062714661e-05), np.float64(1.2356826741437798e-05), np.float64(5.642841957738355e-06), np.float64(5.106413063305466e-06), np.float64(5.868283974850038e-13), np.float64(5.008208205715195e-13), np.float64(3.169936339273518e-12), np.float64(1.0534345117513122e-11), np.float64(6.5844061477391534e-12), np.float64(1.2340014481833605e-12), np.float64(2.1728490036664423e-12), np.float64(1.9049969889227013e-12), np.float64(3.398021231311301e-12), np.float64(1.3712159176397792e-12), np.float64(5.992600718674123e-14), np.float64(1.8695709392426266e-12), np.float64(5.82064833361429e-12), np.float64(5.456915999743366e-06), np.float64(6.117800969304852e-13), np.float64(1.4910300976431651e-12), np.float64(5.1761092709777744e-06), np.float64(8.549280492969115e-15), np.float64(1.95281067130224e-11), np.float64(1.1417332843246085e-09), np.float64(7.149578893785345e-14), np.float64(5.495494704158043e-10), np.float64(1.2869865389169277e-05), np.float64(1.6517523836898394e-13), np.float64(1.5483174027662992e-11), np.float64(7.021740972835278e-13), np.float64(2.1364582767275725e-16), np.float64(1.7519888728891919e-06), np.float64(1.6294329634319028e-06), np.float64(1.2761041211738023e-12), np.float64(1.1529802749672553e-14), np.float64(4.809054457157665e-06), np.float64(9.109147149545487e-12), np.float64(3.926427871496715e-12), np.float64(4.137597129325888e-06), np.float64(3.0418204451880652e-06), np.float64(5.908970152881878e-06), np.float64(4.873139539308825e-07), np.float64(8.530434383294743e-13), np.float64(6.624640581872666e-12), np.float64(8.4382718908066e-13), np.float64(4.0199264717378806e-12), np.float64(1.3744967490851795e-11), np.float64(2.2963859885837924e-11), np.float64(7.188515467330339e-13), np.float64(1.859924213937306e-06), np.float64(2.2553000661805223e-12), np.float64(1.4183033501007784e-06), np.float64(3.962711121342439e-14), np.float64(3.925842860375281e-06), np.float64(8.53069253342598e-14), np.float64(5.205367243960349e-13), np.float64(6.909034046132712e-15), np.float64(8.874710751607837e-12), np.float64(1.2404638721129075e-14), np.float64(2.2641218458765655e-15), np.float64(1.5154895096103823e-11), np.float64(3.45307736090715e-12), np.float64(2.0619599985430063e-13), np.float64(4.694576543769776e-13), np.float64(5.724906398635581e-14), np.float64(1.4391963977781337e-13), np.float64(1.9673861705724867e-12), np.float64(4.6076882612600826e-14), np.float64(4.873060251453353e-16), np.float64(1.1588061186259029e-12), np.float64(1.1471861571900211e-14), np.float64(5.531340088076576e-13), np.float64(2.0178476848719393e-13), np.float64(1.7826341206873999e-16), np.float64(7.353080095221968e-15), np.float64(2.451910580528991e-06), np.float64(2.213274396129217e-06), np.float64(3.6329066492553866e-10), np.float64(7.77980868010787e-06), np.float64(1.6128272481264054e-12), np.float64(7.227366158431828e-06), np.float64(1.8527152987957134e-06), np.float64(5.084057029951443e-13), np.float64(8.167211541347392e-12), np.float64(6.151728676384425e-13), np.float64(1.7057797400133282e-13), np.float64(1.0841649794295882e-09), np.float64(1.1096779266734503e-11), np.float64(7.467586002709716e-08), np.float64(3.493871790144523e-07), np.float64(3.361574018604669e-06), np.float64(1.656581183572048e-13), np.float64(4.3291733435825984e-12), np.float64(4.245352506373633e-12), np.float64(2.370212520306595e-13), np.float64(1.1546850500291712e-12), np.float64(2.911845956835033e-14), np.float64(1.9601871662132117e-12), np.float64(1.7263901098123545e-14), np.float64(1.1893187556025454e-13), np.float64(1.4307821842974594e-06), np.float64(1.3017024899114828e-11), np.float64(2.02814915940176e-12), np.float64(2.3513252548010408e-11), np.float64(1.8809198359224896e-13), np.float64(4.920091853152833e-13), np.float64(1.5147534022215902e-12), np.float64(1.4784900807728967e-12), np.float64(4.3004849662806817e-13), np.float64(6.44477652374693e-14), np.float64(2.8321848719618262e-11), np.float64(7.144405932623512e-15), np.float64(2.8017498264811882e-12), np.float64(5.754411954562193e-14), np.float64(1.5700924586837752e-16), np.float64(1.5700924586837752e-16), np.float64(1.5700924586837752e-16), np.float64(7.066778860128639e-16)], [np.float64(239.79716704665384), np.float64(118.6062015648579), np.float64(72.48425243496001), np.float64(74.64265913398216), np.float64(74.89400908160401), np.float64(2.1237849062352625e-05), np.float64(6.200812302466941e-05), np.float64(71.08218312203032), np.float64(9.098453368442538e-06), np.float64(65.46455915905598), np.float64(60.06632282028817), np.float64(0.0004513393716927003), np.float64(55.649070446811564), np.float64(52.311555079664686), np.float64(0.0016526612809517822), np.float64(49.94002926358985), np.float64(48.417256271098424), np.float64(47.62105474893321), np.float64(47.44276643690404), np.float64(0.0021783086693663322), np.float64(0.0012443882784492538), np.float64(28.670399336243946), np.float64(10.761684718416536), np.float64(0.0009515451634820982), np.float64(11.049819773733512), np.float64(11.678907286493615), np.float64(0.00273622127661318), np.float64(0.0015494562724838103), np.float64(0.00031904600003103303), np.float64(7.573702012196123), np.float64(0.0002867837734978176), np.float64(1.2536934622487987e-05), np.float64(3.8105178130515602), np.float64(7.27774232262943e-05), np.float64(3.0763648663495174e-05), np.float64(3.99150976946052), np.float64(4.332276881176909), np.float64(8.260896125815379e-06), np.float64(2.8937331450854304), np.float64(1.6414264584487808), np.float64(0.00012443591009531375), np.float64(2.1338261237007777e-06), np.float64(1.7241086994580932), np.float64(1.8908461807229957), np.float64(1.2792555674444253), np.float64(5.143893212442329e-07), np.float64(7.8974486508862e-07), np.float64(0.7522122213818764), np.float64(0.7968653419151612), np.float64(1.2044689772291045e-06), np.float64(2.28008014639816e-06), np.float64(5.693189329400494e-06), np.float64(0.8820830944157817), np.float64(1.621491070335776e-05), np.float64(0.6016778749272615), np.float64(0.35772194537624047), np.float64(1.9284474046055774e-05), np.float64(1.860594825361744e-05), np.float64(5.423417080346309e-06), np.float64(2.474445658433528e-06), np.float64(1.2226807752223074e-06), np.float64(6.9851886548533384e-06), np.float64(3.7300145513422735e-06), np.float64(7.469203510146935e-06), np.float64(1.558968066320664e-06), np.float64(9.874258644540893e-06), np.float64(1.1855652789404443e-06), np.float64(0.3824124693577041), np.float64(8.806851688867015e-06), np.float64(1.355922264076555e-05), np.float64(4.945166597294921e-05), np.float64(0.4256753564318344), np.float64(3.133096832751104e-06), np.float64(0.29141126069087303), np.float64(1.5754672618344767e-06), np.float64(0.17478361726617994), np.float64(0.1869224847140744), np.float64(2.0173972072932068e-05), np.float64(0.2081991542358138), np.float64(1.3039813586426094e-05), np.float64(4.718442375888982e-06), np.float64(0.14273657417678137), np.float64(2.4851796448058547e-06), np.float64(0.08430489372122381), np.float64(0.09065963031225975), np.float64(0.061038957039263056), np.float64(2.772394200210163e-07), np.float64(9.9151417337517e-07), np.float64(2.4766966288447396e-07), np.float64(3.6461354195017786e-07), np.float64(5.98849417006708e-06), np.float64(1.6383168882821432e-06), np.float64(0.03868382721040778), np.float64(0.03995881341356299), np.float64(5.398549498927709e-06), np.float64(4.808949024277803e-06), np.float64(0.043808239004368546), np.float64(3.8142439080888367e-06), np.float64(4.963835276361799e-05), np.float64(0.029823066036169743), np.float64(8.806795859310013e-07), np.float64(3.6037960437634414e-07), np.float64(2.580906682558065e-05), np.float64(0.01776250841123275), np.float64(0.01895141018027004), np.float64(0.012742714320665201), np.float64(0.008050429773296463), np.float64(4.87083391559392e-06), np.float64(0.008318659632451224), np.float64(2.2517744299646817e-06), np.float64(0.00914788456391758), np.float64(0.006258147444474308), np.float64(6.046513597858603e-07), np.float64(2.373205480567635e-06), np.float64(5.354744265937693e-07), np.float64(1.4753076603209504e-06), np.float64(0.003692817094322183), np.float64(1.4801621153437668e-06), np.float64(0.0039650731186171425), np.float64(9.74633661825746e-06), np.float64(0.002666330895223075), np.float64(0.001662490275064889), np.float64(2.7043588529178827e-06), np.float64(0.0017297235788800304), np.float64(1.82196137106773e-05), np.float64(0.0018773506125432), np.float64(1.0165809750548822e-05), np.float64(2.682068882441285e-05), np.float64(1.1224083989644068e-05), np.float64(5.6431620199337486e-05), np.float64(9.01963009304627e-06), np.float64(5.335234824197555e-05), np.float64(0.0010792015609310996), np.float64(2.458187821875346e-06), np.float64(0.0006594154345381641), np.float64(1.5012253108077984e-06), np.float64(0.0006906498253258615), np.float64(0.000767568447135632), np.float64(1.2637940177145292e-05), np.float64(9.220930916659556e-06), np.float64(0.0005005458188292826), np.float64(0.00029398038977099115), np.float64(0.0003178448463862488), np.float64(8.389644899252434e-05), np.float64(0.00019147034107881543), np.float64(0.0002118517195764927), np.float64(0.00014540737836123876), np.float64(1.368805433328346e-06), np.float64(3.1935667690109206e-06), np.float64(7.804946313417206e-05), np.float64(8.310504178726455e-05), np.float64(5.5854128493355846e-05), np.float64(3.566032161556732e-05), np.float64(9.250115097993885e-07), np.float64(3.520983574136264e-05), np.float64(3.846030193688717e-05), np.float64(1.1334042829079567e-05), np.float64(2.5368486216805915e-06), np.float64(1.176833728524977e-06), np.float64(1.4851139472745284e-05), np.float64(3.533481611886804e-06), np.float64(2.444397700339988e-06), np.float64(1.9922825295674215e-05), np.float64(1.2091339022628775e-05), np.float64(3.558307464543463e-06), np.float64(3.3658211338041315e-06), np.float64(3.3840464762654887e-06), np.float64(1.687407553055619e-06), np.float64(5.349065550614882e-06), np.float64(2.7262088679326963e-06), np.float64(2.440455092565824e-06), np.float64(1.486729865304216e-06), np.float64(4.801591553004384e-07), np.float64(2.4020082850587516e-07), np.float64(1.159884990114375e-07), np.float64(9.185356259486586e-08), np.float64(2.6479496257705474e-08)], [np.float64(239.3535112018033), np.float64(118.94767412914473), np.float64(2.288109633694713e-06), np.float64(6.59226857125696e-05), np.float64(2.1271077472534765e-06), np.float64(2.2501679932785996e-06), np.float64(4.177375589313212e-06), np.float64(6.061558165088027e-07), np.float64(73.0941220091672), np.float64(75.30500807861742), np.float64(1.7736213030206104e-06), np.float64(1.003745908906053e-06), np.float64(8.078336551044735e-07), np.float64(75.25202595788338), np.float64(71.2112485247251), np.float64(65.55965849535889), np.float64(60.13787943673969), np.float64(55.66277878562936), np.float64(52.25896944927708), np.float64(49.84991093753687), np.float64(0.000455758518935845), np.float64(0.0008296339498329919), np.float64(0.0010055659232047864), np.float64(0.0016680086222266776), np.float64(0.0002858783573949001), np.float64(48.29841830872636), np.float64(0.0035330992024634844), np.float64(47.48589250174046), np.float64(0.0012229650847361219), np.float64(47.3037947783731), np.float64(0.00020273724521441679), np.float64(28.593563486533057), np.float64(10.73620247874243), np.float64(11.025279223012772), np.float64(0.006471852545596993), np.float64(11.63971993684603), np.float64(0.0006670133884410183), np.float64(0.0019700307862698077), np.float64(0.0002632399335934241), np.float64(7.549717948548026), np.float64(3.376452367655293e-05), np.float64(3.7902807255531616), np.float64(0.0026447159218606618), np.float64(0.00013731178481236623), np.float64(3.965393038061655), np.float64(4.304415906421807), np.float64(0.001596956397397062), np.float64(2.873791826746168), np.float64(1.5187721388499692e-05), np.float64(1.5972500630205252e-05), np.float64(1.6162257356139775), np.float64(1.7011634315837445), np.float64(1.8698243603374995), np.float64(5.6592078995025625e-05), np.float64(1.2672039743904535), np.float64(0.7324189879025368), np.float64(3.3289271599358035e-07), np.float64(0.7815157705622342), np.float64(1.6698674268960458e-06), np.float64(0.8699265928826039), np.float64(1.495217663508027e-05), np.float64(3.0081068267232022e-05), np.float64(6.493631169736455e-06), np.float64(7.07847391749595e-05), np.float64(1.11010951135165e-06), np.float64(0.595320584353949), np.float64(0.34857036675180403), np.float64(0.3772210423570665), np.float64(3.445837571824541e-09), np.float64(0.4231921203097385), np.float64(0.29083440288557727), np.float64(0.18283701676571007), np.float64(4.842791718174589e-07), np.float64(0.1982740194641228), np.float64(2.249895533397764e-08), np.float64(0.22107622191368384), np.float64(0.25066350022456463), np.float64(4.485724171145411e-07), np.float64(0.2870793148290454), np.float64(6.8725606869616255e-06), np.float64(6.04897275468064e-07), np.float64(0.19859572372743284), np.float64(0.13107732698364774), np.float64(1.3096448338807499e-07), np.float64(0.14036460224242012), np.float64(0.15336042906459962), np.float64(4.664088191369856e-07), np.float64(0.1711465317876387), np.float64(4.378840084106457e-06), np.float64(1.3974451301278655e-06), np.float64(0.19456443629897424), np.float64(0.1345592253805659), np.float64(0.08197730350816773), np.float64(2.0190642190676934e-07), np.float64(7.173471167025123e-07), np.float64(2.600039644103901e-05), np.float64(6.894610018487275e-05), np.float64(0.08906660275472818), np.float64(6.311128688197927e-07), np.float64(5.651777023398708e-07), np.float64(0.09989163983388374), np.float64(3.469224962185879e-07), np.float64(2.4425400189795216e-06), np.float64(0.11423785600133089), np.float64(0.07930020039409018), np.float64(0.05125405283308835), np.float64(6.593378393796849e-08), np.float64(0.05631983064460784), np.float64(0.06303811404999009), np.float64(3.487001399650914e-06), np.float64(3.4308966073710466e-07), np.float64(0.07149246442121057), np.float64(0.08185996443655176), np.float64(2.3229176738382313e-07), np.float64(0.094386206162392), np.float64(5.805769877401007e-08), np.float64(3.205338035603089e-08), np.float64(0.10939384966386796), np.float64(0.07636852236932243), np.float64(3.4546695041915766e-08), np.float64(0.05055945255075785), np.float64(0.05590905551509304), np.float64(1.3132726702483894e-08), np.float64(4.515939623650694e-09), np.float64(1.8201196830792257e-08), np.float64(6.436142169584277e-09), np.float64(1.840182515744363e-08), np.float64(1.2186280246529325e-08), np.float64(3.251872029458868e-09), np.float64(0.06246226397640806), np.float64(1.797839226228203e-08), np.float64(0.07044554741961208), np.float64(1.1029530877379563e-08), np.float64(0.08013691632942466), np.float64(8.095302551213473e-09), np.float64(7.809884463277839e-07), np.float64(9.185731829685576e-09), np.float64(0.09184962647490302), np.float64(0.10596574433272975), np.float64(0.0001455772014259412), np.float64(1.6502099905277467e-08), np.float64(2.0368403665554663e-08), np.float64(0.07356129794769307), np.float64(9.52934478512533e-10), np.float64(0.048239538735094546), np.float64(0.052592641953668924), np.float64(0.058266531979886425), np.float64(1.27224315148958e-08), np.float64(2.3703819315373e-08), np.float64(1.0804732227628133e-07), np.float64(0.06552166288157289), np.float64(2.8011228819666205e-06), np.float64(1.9444631823225487e-06), np.float64(9.54084418162312e-10), np.float64(0.07466759316972005), np.float64(0.051594275352417895), np.float64(1.183310071313915e-09), np.float64(2.2128474478503078e-07), np.float64(3.344912849601843e-11), np.float64(0.03443203524065713), np.float64(1.3459319069814657e-09), np.float64(0.036814392957582896), np.float64(2.944862057941026e-11), np.float64(4.0179192455499395e-11), np.float64(4.088054663229167e-07), np.float64(0.040395648291962086), np.float64(0.045281383528030114), np.float64(3.38872623894966e-09), np.float64(3.841256485647878e-06), np.float64(3.7427912852595295e-09), np.float64(6.258903743888725e-10), np.float64(2.406223997387498e-09), np.float64(7.469285185886874e-10), np.float64(7.741067987727581e-08), np.float64(0.05162329789548626), np.float64(0.03574067349424718), np.float64(0.02276992521620197), np.float64(1.4689549906286918e-08), np.float64(3.3223137487958685e-09), np.float64(2.641480143466018e-10), np.float64(1.9866820423671592e-10), np.float64(0.02460767965241651), np.float64(6.063267481874441e-08), np.float64(0.027313875644693644), np.float64(0.030964690452343197), np.float64(0.021362123501071834), np.float64(1.5072348705604779e-09), np.float64(1.541760440800977e-08), np.float64(6.638746349798812e-10), np.float64(0.014096253437411414), np.float64(1.4936073486705556e-10), np.float64(1.3365623971572556e-09), np.float64(1.6413380288926172e-08), np.float64(1.1829721001734291e-09), np.float64(6.05996255344592e-10), np.float64(1.7310740337131677e-10), np.float64(0.01509712055742899), np.float64(4.6200693989778685e-10), np.float64(2.9038046935371347e-08), np.float64(0.016628595736142525), np.float64(7.059436570274537e-10), np.float64(4.844647441315442e-10), np.float64(4.671572350338526e-10), np.float64(0.01872776665845716), np.float64(8.436336498357252e-09), np.float64(0.021426073285548738), np.float64(0.014871017086181448), np.float64(1.6404567898453824e-08), np.float64(0.009523429458555414), np.float64(4.156921191709497e-09), np.float64(0.01035020379535562), np.float64(6.9399368435493455e-09), np.float64(0.011518123243548211), np.float64(2.200692579175789e-09), np.float64(0.013056022521534432), np.float64(0.01498806316041174), np.float64(0.010419673797424391), np.float64(6.320060198327868e-10), np.float64(2.534921370316761e-08), np.float64(0.006655728066568839), np.float64(0.007262547468617457), np.float64(0.008094052730174167), np.float64(0.009180195271879748), np.float64(3.9877116610815257e-07), np.float64(0.01053933433981178), np.float64(0.007325732260336372), np.float64(0.004723522388695325), np.float64(1.4944626600385277e-08), np.float64(9.44186276330254e-10), np.float64(1.2271200932054575e-08), np.float64(6.987351952433854e-10), np.float64(1.0264556076812325e-08), np.float64(3.7105540986655874e-10), np.float64(1.6329694362646214e-08), np.float64(0.005146600847506839), np.float64(7.086414016757048e-09), np.float64(0.0057241851530761825), np.float64(2.0825768632314288e-09), np.float64(1.3085796491825717e-08), np.float64(0.006481598516326491), np.float64(0.007432203979875638), np.float64(4.0889042321819445e-08), np.float64(8.475166983272068e-07), np.float64(0.005159186705222938), np.float64(1.9601636599997815e-08), np.float64(3.7241719520229427e-09), np.float64(5.853081411131621e-09), np.float64(4.4455505834760486e-10), np.float64(0.003366281554748339), np.float64(0.0036610127393040975), np.float64(0.004059265774190154), np.float64(0.004581492116022819), np.float64(0.0052440452570378), np.float64(0.003636356829529507), np.float64(4.7931094010548915e-09), np.float64(0.00240942587341758), np.float64(5.571275801610485e-10), np.float64(2.7935373794807766e-10), np.float64(6.080352271270693e-10), np.float64(1.8802592378347677e-09), np.float64(2.2494505248676777e-10), np.float64(2.9352195646588465e-09), np.float64(0.002605070341173664), np.float64(8.123848862121435e-09), np.float64(5.4751087361971185e-09), np.float64(0.002878533505825949), np.float64(2.0263948269828189e-07), np.float64(0.0032440770892122783), np.float64(3.3852043172530127e-09), np.float64(2.8825575292067156e-09), np.float64(0.0037028925138549154), np.float64(0.00256533729037936), np.float64(0.0017166009738648273), np.float64(1.1466972030620543e-10), np.float64(9.814706672966521e-11), np.float64(9.772365941548724e-11), np.float64(1.0205467670548408e-10), np.float64(1.1804062552841224e-10), np.float64(0.001854974742368143), np.float64(0.002041367461573862), np.float64(2.926244408895006e-10), np.float64(3.0298881083799866e-10), np.float64(0.002296094461722842), np.float64(2.0498483927537792e-08), np.float64(3.7019403358380475e-05), np.float64(0.0025493009575131395), np.float64(1.6469464513470197e-08), np.float64(7.055851761604775e-09), np.float64(8.947268009888364e-09), np.float64(0.002935424834390528), np.float64(9.576934689096047e-08), np.float64(0.0020425070271657885), np.float64(0.0012994610457905673), np.float64(5.028099180857384e-09), np.float64(0.0014188269035324834), np.float64(0.0015896709424496574), np.float64(2.1510426560138456e-10), np.float64(7.988928157867885e-10), np.float64(0.0018018601996333888), np.float64(0.002074006199726493), np.float64(4.48542755726402e-09), np.float64(0.0014423857823965712), np.float64(5.336055750302007e-11), np.float64(0.0009274250561582035), np.float64(0.0010079480923275634), np.float64(0.0011250203238235463), np.float64(0.0012767972601119176), np.float64(6.283452884356356e-09), np.float64(8.643629694743347e-09), np.float64(0.0014681783445103234), np.float64(8.747589561665189e-10), np.float64(0.00101863534646834), np.float64(1.3740427070780758e-10), np.float64(0.0006580036057184581), np.float64(0.0007204196414395393), np.float64(3.973984187446233e-09), np.float64(0.0008001097860617231), np.float64(0.000904273569316221), np.float64(4.335579856345401e-09), np.float64(0.0010349854019478), np.float64(0.0007205209824543651), np.float64(0.0004741656436441849), np.float64(3.600890610196048e-10), np.float64(0.000510775496482058), np.float64(6.644326516537473e-11), np.float64(5.178121399342036e-10), np.float64(0.000569286652128943), np.float64(2.882657267977588e-10), np.float64(0.0006393316858581755), np.float64(0.0007334783909589377), np.float64(0.0005094833269286403), np.float64(6.755592283037858e-11), np.float64(0.00033265059121459414), np.float64(6.149934042663434e-10), np.float64(6.645527015315756e-09), np.float64(8.708123168069221e-10), np.float64(2.466615211070765e-10), np.float64(0.0003685678109120697), np.float64(1.1439962607274138e-09), np.float64(0.0004010193309672402), np.float64(7.041116573454864e-08), np.float64(1.2114206777348983e-07), np.float64(1.7581689284088108e-10), np.float64(4.904839189977879e-09), np.float64(4.5437397657622826e-10), np.float64(0.0004555268802179335), np.float64(1.9912768822038535e-09), np.float64(0.0005180780547272087), np.float64(0.0003587615300715644), np.float64(0.00024367204058832687), np.float64(2.4715968342406935e-11), np.float64(3.169953169800568e-10), np.float64(0.00025883455424940987), np.float64(4.1981746115651714e-11), np.float64(0.0002847163822349119), np.float64(0.00032036921077125487), np.float64(0.00036896529034653757), np.float64(3.8096393350467085e-09), np.float64(2.294921404462232e-10), np.float64(6.9978039085727e-09), np.float64(3.6931633363220755e-09), np.float64(7.9276141355637e-10), np.float64(0.00025493345820064783), np.float64(0.00016840797996639406), np.float64(3.483142001136818e-10), np.float64(0.00018786567550639266), np.float64(2.968470973296951e-11), np.float64(0.00020815077549818137), np.float64(3.824613570240625e-11), np.float64(0.00022749790618019212), np.float64(3.0664272310856765e-10), np.float64(2.9253954302828845e-10), np.float64(4.854229216645394e-10), np.float64(0.00026262343440635374), np.float64(0.00030256842897859827), np.float64(4.4382184328981217e-10), np.float64(0.0002091266919339858), np.float64(1.921477782336403e-11), np.float64(1.0899389690915541e-11), np.float64(0.00013498854089860317), np.float64(2.2380774571382348e-11), np.float64(2.614322922978781e-11), np.float64(3.343844985166069e-11), np.float64(4.2485212317094815e-10), np.float64(2.7674645842861054e-09), np.float64(1.874777882752354e-09), np.float64(1.9078931665487328e-11), np.float64(0.0001434647737264073), np.float64(1.7037857837829803e-10), np.float64(0.00016168148104346193), np.float64(0.00018629039538237322), np.float64(0.0001269699520363577), np.float64(6.289586980350209e-11), np.float64(2.7877520433356228e-11), np.float64(0.0001524670464701148), np.float64(0.00017476883579635308), np.float64(3.154784832880155e-07), np.float64(1.0982818425392278e-10), np.float64(0.00012100991159330066), np.float64(8.127546124321761e-05), np.float64(8.400039831338566e-05), np.float64(9.714413102406974e-05), np.float64(0.0001089676283949897), np.float64(2.8125968524542898e-09), np.float64(8.432334890989106e-09), np.float64(2.061835362371869e-08), np.float64(0.000122584270105017), np.float64(3.6933628422921546e-11), np.float64(4.292366801339859e-11), np.float64(1.1531998127852434e-10), np.float64(5.757152010644802e-10), np.float64(8.7636858117265e-11), np.float64(8.52728812753613e-05), np.float64(5.706836358917969e-05), np.float64(6.302053329578824e-05), np.float64(6.70794105467504e-05), np.float64(7.874018777194237e-05), np.float64(1.1817674043342034e-09), np.float64(9.010288176852481e-05), np.float64(6.147840087372458e-05), np.float64(4.592103153110363e-05), np.float64(3.4081734281001432e-12), np.float64(3.704108318271924e-12), np.float64(4.617738962831124e-05), np.float64(1.0716960401795272e-09), np.float64(8.508124871070047e-10), np.float64(4.9928605071900624e-05), np.float64(4.263029694539483e-12), np.float64(5.479571370820925e-05), np.float64(6.546587203658443e-05), np.float64(4.531399024095908e-05), np.float64(1.253559305131494e-12), np.float64(3.2634495946665706e-05), np.float64(4.251559067434324e-05), np.float64(3.746399147299119e-05), np.float64(7.426508491698748e-12), np.float64(4.194371218425724e-05), np.float64(4.8126061982225626e-05), np.float64(3.1423457761383656e-05), np.float64(4.29848301166046e-05), np.float64(2.7435845844740956e-05), np.float64(7.87821891248903e-12), np.float64(2.921885300872587e-05), np.float64(1.2338048739068827e-11), np.float64(2.318303367626199e-05), np.float64(6.459258459237244e-11), np.float64(3.16081323233721e-05), np.float64(1.3367569319464947e-11), np.float64(3.3005722394841645e-05), np.float64(6.181750072123809e-11), np.float64(3.243118992299938e-05), np.float64(2.4462541621602004e-12), np.float64(2.0672304201934965e-05), np.float64(3.150923644194233e-12), np.float64(1.3759839731883678e-05), np.float64(1.8657948078258683e-05), np.float64(6.293553132657916e-13), np.float64(3.387159870426308e-05), np.float64(4.920316275357735e-13), np.float64(8.79177022765981e-12), np.float64(2.4090338548466535e-05), np.float64(1.501047671313589e-05), np.float64(1.991088523611893e-05), np.float64(1.832956327220195e-13), np.float64(3.031071267936922e-05), np.float64(1.4994106803613936e-05), np.float64(1.881615801802632e-12), np.float64(2.267759022779307e-05), np.float64(6.489055494217979e-12), np.float64(1.4804164894061343e-05), np.float64(5.387995598085628e-06), np.float64(2.7126206327754247e-05), np.float64(2.30259915853956e-05), np.float64(1.4129219478616642e-11), np.float64(1.5723171193883927e-05), np.float64(1.1208519688834252e-05), np.float64(8.301113814503345e-06), np.float64(1.4987733665008536e-05), np.float64(1.1735533073356189e-11), np.float64(8.0432257002378e-06), np.float64(3.739796209008214e-12), np.float64(4.882348980929793e-12), np.float64(1.3006156530025922e-05), np.float64(8.963451879082135e-06), np.float64(1.1747524887592137e-05), np.float64(7.293887420230498e-11), np.float64(6.276192930531068e-12), np.float64(2.1204444762048722e-05), np.float64(7.345437283009324e-06), np.float64(3.2181109568361097e-06), np.float64(3.191138969570016e-11), np.float64(1.553524594359559e-14), np.float64(3.7843113407617826e-13), np.float64(1.024723654088321e-13), np.float64(1.8697727375484604e-13), np.float64(3.6849074635296465e-06), np.float64(1.3054739860419794e-11), np.float64(5.600769106759176e-06), np.float64(2.1730295301339537e-10), np.float64(3.627786439039947e-11), np.float64(1.6881751921119403e-12), np.float64(3.325501840455096e-13), np.float64(2.0580338587045154e-12), np.float64(8.822437253773104e-08), np.float64(1.3257347729040138e-12), np.float64(5.239834414768275e-15), np.float64(8.02118262278599e-13), np.float64(4.63964314072926e-06), np.float64(3.32412092537645e-13), np.float64(1.1117510869476168e-12), np.float64(4.7009803959751365e-12), np.float64(4.935829064738099e-06), np.float64(1.4752873661578221e-06), np.float64(1.0067392217157929e-05), np.float64(4.392608882561107e-06), np.float64(1.0730018532491645e-13), np.float64(6.919775775841065e-06), np.float64(6.173212753679155e-06), np.float64(7.322147581062364e-15), np.float64(4.328591480146607e-06), np.float64(7.024138683950197e-11), np.float64(1.1110324458757071e-11), np.float64(3.0716376879648483e-12), np.float64(4.920285533641666e-12), np.float64(9.3010798593275e-12), np.float64(1.3972180729182255e-10), np.float64(6.135594662852267e-12), np.float64(9.73030127182881e-07), np.float64(7.774663545900207e-12), np.float64(3.1261650370643244e-12), np.float64(8.156624962264729e-06), np.float64(1.9209221248936047e-11), np.float64(1.2263636091782544e-12), np.float64(2.771078360722834e-15), np.float64(1.7898855866235136e-11), np.float64(1.0745537152924201e-05), np.float64(1.1186411790694716e-11), np.float64(4.860580761616172e-12), np.float64(2.091093338515336e-12), np.float64(9.288543442148593e-15), np.float64(3.184306194249757e-06), np.float64(3.7923726709647475e-12), np.float64(1.2899986934807267e-13), np.float64(1.9074480735222237e-12), np.float64(9.978667942778235e-07), np.float64(1.4030687057647284e-12), np.float64(6.087491995837189e-12), np.float64(1.178033112381757e-12), np.float64(4.7198927601220615e-14), np.float64(2.9361935908681196e-15), np.float64(4.529511740724737e-12), np.float64(1.180891802029966e-06), np.float64(5.527521598833258e-06), np.float64(8.374223778120602e-13), np.float64(3.3947590148125206e-13), np.float64(5.278140334122987e-14), np.float64(1.0144938161374346e-14), np.float64(3.830621391665633e-15), np.float64(1.910452783401948e-15), np.float64(4.25959927764011e-15), np.float64(3.599647770663525e-15), np.float64(9.313141853286347e-06), np.float64(1.0685024799055789e-13), np.float64(1.1499132544510025e-06), np.float64(1.2256079262896177e-12), np.float64(3.018667203551915e-06), np.float64(1.3469504245644857e-13), np.float64(4.123057826434504e-15), np.float64(1.3930784627168616e-13), np.float64(1.4220500840710912e-16), np.float64(2.2709558158696176e-11), np.float64(2.1225282564968902e-11), np.float64(5.976068154480234e-06), np.float64(1.5361539522558602e-12), np.float64(1.3578162390082777e-06), np.float64(1.952032297722873e-12), np.float64(1.82930090388971e-14), np.float64(2.5820145420757907e-15), np.float64(1.1685394005212447e-15), np.float64(3.669093936010194e-16), np.float64(1.7585880474652448e-06), np.float64(4.559622797700338e-12), np.float64(5.411024191889917e-13), np.float64(6.718687007438659e-12), np.float64(1.710179077102393e-13), np.float64(7.27462969054913e-12), np.float64(1.2006492257832202e-15), np.float64(3.7396196471271026e-15), np.float64(2.297476049620996e-15), np.float64(2.945329565346368e-15), np.float64(5.958432948348799e-13), np.float64(2.3751703082303576e-15), np.float64(4.07425946531067e-15), np.float64(3.308593841936875e-15), np.float64(3.3993498887762956e-17), np.float64(1.2869730969111293e-16), np.float64(6.243462346678937e-16), np.float64(6.391320217330162e-16), np.float64(2.7755575615628914e-17), np.float64(3.3993498887762956e-17), np.float64(1.3738309013483032e-16), np.float64(2.7755575615628914e-17), np.float64(1.3877787807814457e-17), np.float64(0.0), np.float64(0.0), np.float64(0.0), np.float64(0.0), np.float64(0.0), np.float64(0.0), np.float64(0.0), np.float64(0.0), np.float64(0.0), np.float64(0.0), np.float64(0.0), np.float64(0.0), np.float64(0.0), np.float64(0.0), np.float64(0.0), np.float64(0.0), np.float64(0.0), np.float64(0.0), np.float64(0.0), np.float64(0.0), np.float64(0.0), np.float64(0.0), np.float64(0.0), np.float64(0.0), np.float64(0.0), np.float64(0.0), np.float64(0.0), np.float64(0.0), np.float64(0.0), np.float64(0.0), np.float64(0.0), np.float64(0.0), np.float64(0.0), np.float64(0.0), np.float64(0.0), np.float64(0.0), np.float64(0.0), np.float64(0.0), np.float64(0.0), np.float64(0.0), np.float64(0.0), np.float64(0.0), np.float64(0.0), np.float64(0.0), np.float64(0.0), np.float64(0.0), np.float64(0.0), np.float64(0.0), np.float64(0.0), np.float64(0.0), np.float64(0.0), np.float64(0.0), np.float64(0.0), np.float64(0.0), np.float64(0.0), np.float64(0.0), np.float64(0.0), np.float64(0.0), np.float64(0.0), np.float64(0.0), np.float64(0.0), np.float64(0.0), np.float64(0.0), np.float64(0.0), np.float64(0.0), np.float64(0.0), np.float64(0.0), np.float64(0.0), np.float64(0.0), np.float64(0.0), np.float64(0.0), np.float64(0.0), np.float64(0.0), np.float64(0.0), np.float64(0.0), np.float64(0.0), np.float64(0.0), np.float64(0.0), np.float64(0.0), np.float64(0.0), np.float64(0.0), np.float64(0.0), np.float64(0.0), np.float64(0.0), np.float64(0.0), np.float64(0.0), np.float64(0.0), np.float64(0.0), np.float64(0.0), np.float64(0.0), np.float64(0.0), np.float64(0.0), np.float64(0.0), np.float64(0.0), np.float64(0.0), np.float64(0.0), np.float64(0.0), np.float64(0.0), np.float64(0.0), np.float64(0.0), np.float64(0.0), np.float64(0.0), np.float64(0.0), np.float64(0.0), np.float64(0.0), np.float64(0.0), np.float64(0.0), np.float64(0.0), np.float64(0.0), np.float64(0.0), np.float64(0.0), np.float64(0.0), np.float64(0.0), np.float64(0.0), np.float64(0.0), np.float64(0.0), np.float64(0.0), np.float64(0.0), np.float64(0.0), np.float64(0.0), np.float64(0.0), np.float64(0.0), np.float64(0.0), np.float64(0.0), np.float64(0.0), np.float64(0.0), np.float64(0.0), np.float64(0.0), np.float64(0.0), np.float64(0.0), np.float64(0.0), np.float64(0.0), np.float64(0.0), np.float64(0.0), np.float64(0.0), np.float64(0.0), np.float64(0.0), np.float64(0.0), np.float64(0.0), np.float64(0.0), np.float64(0.0), np.float64(0.0), np.float64(0.0), np.float64(0.0), np.float64(0.0), np.float64(0.0), np.float64(0.0), np.float64(0.0), np.float64(0.0), np.float64(0.0), np.float64(0.0), np.float64(0.0), np.float64(0.0), np.float64(0.0), np.float64(0.0), np.float64(0.0), np.float64(0.0), np.float64(0.0), np.float64(0.0), np.float64(0.0), np.float64(0.0), np.float64(0.0), np.float64(0.0), np.float64(0.0), np.float64(0.0), np.float64(0.0), np.float64(0.0), np.float64(0.0), np.float64(0.0), np.float64(0.0), np.float64(0.0), np.float64(0.0), np.float64(0.0), np.float64(0.0), np.float64(0.0), np.float64(0.0), np.float64(0.0), np.float64(0.0), np.float64(0.0), np.float64(0.0), np.float64(0.0), np.float64(0.0), np.float64(0.0), np.float64(0.0), np.float64(0.0), np.float64(0.0), np.float64(0.0), np.float64(0.0), np.float64(0.0), np.float64(0.0), np.float64(0.0), np.float64(0.0), np.float64(0.0), np.float64(0.0), np.float64(0.0), np.float64(0.0), np.float64(0.0), np.float64(0.0), np.float64(0.0), np.float64(0.0), np.float64(0.0), np.float64(0.0), np.float64(0.0), np.float64(0.0), np.float64(0.0), np.float64(0.0), np.float64(0.0), np.float64(0.0), np.float64(0.0), np.float64(0.0), np.float64(0.0), np.float64(0.0), np.float64(0.0), np.float64(0.0), np.float64(0.0), np.float64(0.0), np.float64(0.0), np.float64(0.0), np.float64(0.0), np.float64(0.0), np.float64(0.0), np.float64(0.0), np.float64(0.0), np.float64(0.0), np.float64(0.0), np.float64(0.0), np.float64(0.0), np.float64(0.0), np.float64(0.0), np.float64(0.0), np.float64(0.0), np.float64(0.0), np.float64(0.0), np.float64(0.0), np.float64(0.0), np.float64(0.0), np.float64(0.0), np.float64(0.0), np.float64(0.0), np.float64(0.0), np.float64(0.0), np.float64(0.0), np.float64(0.0), np.float64(0.0), np.float64(0.0), np.float64(0.0), np.float64(0.0), np.float64(0.0), np.float64(0.0), np.float64(0.0), np.float64(0.0), np.float64(0.0), np.float64(0.0), np.float64(0.0), np.float64(0.0), np.float64(0.0), np.float64(0.0), np.float64(0.0), np.float64(0.0), np.float64(0.0), np.float64(0.0), np.float64(0.0), np.float64(0.0), np.float64(0.0), np.float64(0.0), np.float64(0.0), np.float64(0.0), np.float64(0.0), np.float64(0.0), np.float64(0.0), np.float64(0.0), np.float64(0.0), np.float64(0.0), np.float64(0.0), np.float64(0.0), np.float64(0.0), np.float64(0.0), np.float64(0.0), np.float64(0.0), np.float64(0.0), np.float64(0.0), np.float64(0.0), np.float64(0.0), np.float64(0.0), np.float64(0.0), np.float64(0.0), np.float64(0.0), np.float64(0.0), np.float64(0.0), np.float64(0.0), np.float64(0.0), np.float64(0.0), np.float64(0.0), np.float64(0.0), np.float64(0.0), np.float64(0.0), np.float64(0.0), np.float64(0.0), np.float64(0.0), np.float64(0.0), np.float64(0.0), np.float64(0.0), np.float64(0.0), np.float64(0.0), np.float64(0.0), np.float64(0.0), np.float64(0.0), np.float64(0.0), np.float64(0.0), np.float64(0.0), np.float64(0.0), np.float64(0.0), np.float64(0.0), np.float64(0.0), np.float64(0.0), np.float64(0.0), np.float64(0.0), np.float64(0.0), np.float64(0.0), np.float64(0.0), np.float64(0.0), np.float64(0.0), np.float64(0.0), np.float64(0.0), np.float64(0.0), np.float64(0.0), np.float64(0.0), np.float64(0.0), np.float64(0.0), np.float64(0.0), np.float64(0.0), np.float64(0.0), np.float64(0.0), np.float64(0.0), np.float64(0.0), np.float64(0.0), np.float64(0.0), np.float64(0.0), np.float64(0.0), np.float64(0.0), np.float64(0.0), np.float64(0.0), np.float64(0.0), np.float64(0.0), np.float64(0.0), np.float64(0.0), np.float64(0.0), np.float64(0.0), np.float64(0.0), np.float64(0.0), np.float64(0.0), np.float64(0.0), np.float64(0.0), np.float64(0.0), np.float64(0.0), np.float64(0.0), np.float64(0.0), np.float64(0.0), np.float64(0.0), np.float64(0.0), np.float64(0.0), np.float64(0.0), np.float64(0.0), np.float64(0.0), np.float64(0.0), np.float64(0.0), np.float64(0.0), np.float64(0.0), np.float64(0.0), np.float64(0.0), np.float64(0.0), np.float64(0.0), np.float64(0.0), np.float64(0.0), np.float64(0.0), np.float64(0.0), np.float64(0.0), np.float64(0.0), np.float64(0.0), np.float64(0.0), np.float64(0.0), np.float64(0.0), np.float64(0.0), np.float64(0.0), np.float64(0.0), np.float64(0.0), np.float64(0.0), np.float64(0.0), np.float64(0.0), np.float64(0.0), np.float64(0.0), np.float64(0.0), np.float64(0.0), np.float64(0.0), np.float64(0.0), np.float64(0.0), np.float64(0.0)], [np.float64(239.15568013513501), np.float64(118.6891978953436), np.float64(3.0621264378869802e-06), np.float64(73.40162197111617), np.float64(45.57942936850231), np.float64(21.680101427015003), np.float64(8.963140658768118e-05), np.float64(1.8939271249414344e-05), np.float64(22.80046003497867), np.float64(0.00012476917816220992), np.float64(14.86249013719229), np.float64(3.912786837002599e-06), np.float64(8.218923779443896), np.float64(1.1213949154588787e-05), np.float64(8.52477988799436), np.float64(5.080876060504086e-05), np.float64(9.11678176970442), np.float64(9.309114953536741e-05), np.float64(9.972945556819596), np.float64(6.651534154699196), np.float64(3.9683599795865128), np.float64(3.787222141228199e-06), np.float64(4.102017114084356), np.float64(4.402501969919015), np.float64(4.86512110155665), np.float64(3.2910157690931885), np.float64(1.7908816538205505e-05), np.float64(3.5102152978645913e-06), np.float64(1.0997815173498795e-05), np.float64(1.9290714120666763), np.float64(9.888102779208424e-06), np.float64(2.040672423747542), np.float64(2.2455301451262506), np.float64(4.400563136127495e-05), np.float64(1.0214775520723251e-05), np.float64(1.5214629476154193), np.float64(3.5962364061258165e-07), np.float64(0.9243410010506128), np.float64(1.176323580723755e-06), np.float64(0.9745611587701897), np.float64(1.0724873836511455), np.float64(4.5304778002113124e-07), np.float64(0.7277388055733114), np.float64(0.463629557244801), np.float64(0.4868277422849143), np.float64(4.358139662158815e-08), np.float64(0.5320128735931454), np.float64(7.418287873702038e-08), np.float64(1.5938656031578314e-07), np.float64(2.5677909375039806e-06), np.float64(0.5977190682937098), np.float64(0.4101552642645729), np.float64(1.8465109851885325e-07), np.float64(0.2559164936771318), np.float64(0.27419662395590944), np.float64(4.295197664963858e-07), np.float64(1.4873150662987013e-07), np.float64(0.3037468847222461), np.float64(2.493501627893683e-06), np.float64(4.1862511701075825e-08), np.float64(0.34409841468663666), np.float64(0.23709804700263504), np.float64(0.1533426442582598), np.float64(0.16413873498529039), np.float64(7.135257533944696e-07), np.float64(1.7241459718413185e-05), np.float64(0.17996451878559397), np.float64(3.842380660236412e-06), np.float64(6.976547525768218e-06), np.float64(0.20154593313897518), np.float64(8.905902665255775e-07), np.float64(0.13779765504996008), np.float64(8.211232636399092e-08), np.float64(1.1602311886149766e-06), np.float64(0.08824390141769853), np.float64(0.09243720320230603), np.float64(5.881247020498174e-06), np.float64(1.165010066894995e-07), np.float64(1.1072105777195929e-07), np.float64(0.10104445452509762), np.float64(0.06844203680039132), np.float64(2.216751696275543e-08), np.float64(0.043534821057824344), np.float64(7.245217612358783e-07), np.float64(0.04521642576719842), np.float64(0.04958556476116567), np.float64(0.033778496814269164), np.float64(0.02066354019935538), np.float64(0.021897831353046456), np.float64(0.024379854311186753), np.float64(1.5038857886668807e-07), np.float64(3.9682250337669394e-05), np.float64(1.1774431995668538e-07), np.float64(0.01670115927855505), np.float64(8.357330653266977e-08), np.float64(0.009992025999296066), np.float64(5.8584657426243163e-08), np.float64(0.0107943314186229), np.float64(4.338889961292287e-09), np.float64(0.012136319681250987), np.float64(0.008365656471954292), np.float64(0.0051264311866313595), np.float64(0.005558822878433168), np.float64(0.006219861804844665), np.float64(0.007104409077992323), np.float64(8.171331738978676e-08), np.float64(0.004932615222914327), np.float64(0.0030632039040419112), np.float64(0.003342008684805133), np.float64(4.830151528680585e-06), np.float64(7.258818617139041e-09), np.float64(6.375385797526618e-09), np.float64(0.003738316178009016), np.float64(0.004255673959863839), np.float64(0.002941519691144287), np.float64(0.0004687738539258162), np.float64(7.357709266922726e-11), np.float64(0.004089857551067519), np.float64(7.625663713951343e-10), np.float64(0.0036234637425571433), np.float64(0.002519836579390489), np.float64(0.0015953567056846301), np.float64(4.151046529672935e-07), np.float64(0.001743244596063159), np.float64(0.0019487008889550403), np.float64(0.0022060962484787483), np.float64(7.221141643849632e-10), np.float64(1.989572224120226e-09), np.float64(5.739914243978973e-07), np.float64(0.0025343302542194576), np.float64(0.0017595736443786535), np.float64(0.0011286601272754151), np.float64(0.0012326830563692836), np.float64(0.001372791572045679), np.float64(1.3767516571132416e-09), np.float64(1.3401058860871004e-09), np.float64(0.0015489067590910772), np.float64(4.959826487970792e-10), np.float64(0.0017772172167899408), np.float64(0.0012334160444402434), np.float64(0.0008024272735168077), np.float64(2.903849644355104e-05), np.float64(0.0008312325352124909), np.float64(9.288114263324102e-11), np.float64(0.000910816114764644), np.float64(4.450823008324247e-09), np.float64(4.689392357263906e-08), np.float64(0.0010235887358839854), np.float64(3.963137020965661e-06), np.float64(2.323999236194692e-10), np.float64(4.750136198100085e-06), np.float64(1.7106169221795643e-10), np.float64(0.0011469183048227979), np.float64(3.725601120760571e-10), np.float64(1.4828233891080345e-09), np.float64(0.0013210329300390356), np.float64(3.651759919575921e-09), np.float64(4.5401897528225554e-07), np.float64(6.101497090496516e-09), np.float64(2.812863776639476e-08), np.float64(0.0009208200874219365), np.float64(0.0005807816418543498), np.float64(3.106786791562169e-08), np.float64(0.0006337367526939306), np.float64(1.2542602643973784e-10), np.float64(1.0703385840232966e-09), np.float64(2.5799924000275188e-08), np.float64(1.4225911783863425e-08), np.float64(6.17729957942661e-11), np.float64(6.341685363805662e-08), np.float64(8.124788510846282e-11), np.float64(2.332070630537202e-10), np.float64(0.0007105941729570342), np.float64(0.0008093855231922929), np.float64(0.0009292810091525654), np.float64(4.271771261864327e-09), np.float64(3.876383252358265e-09), np.float64(5.2898296529160805e-09), np.float64(0.0006467214595247631), np.float64(0.0004121812168898224), np.float64(9.135310374566163e-11), np.float64(2.5762394238568637e-09), np.float64(2.9527837646193397e-11), np.float64(4.990807558831285e-11), np.float64(0.0004510730497885616), np.float64(0.0005049810663532888), np.float64(6.23982048743328e-09), np.float64(2.2264658489815058e-10), np.float64(0.0005698642855066653), np.float64(0.0006550543440733139), np.float64(2.698525069342464e-09), np.float64(3.654893813585124e-10), np.float64(0.00045303557100360807), np.float64(0.00029584113933402254), np.float64(0.00032355945103464085), np.float64(3.122436735762936e-08), np.float64(3.6764690113948624e-11), np.float64(0.00035162520569445197), np.float64(0.00040060695188918175), np.float64(2.9722736560595185e-07), np.float64(0.00045817172601927167), np.float64(4.200827989532035e-09), np.float64(1.6464319266144667e-10), np.float64(3.0278009682306555e-09), np.float64(0.0003182293567900841), np.float64(0.00020483482242714777), np.float64(1.9618312251249471e-07), np.float64(1.6124142919188482e-11), np.float64(0.00022796871051176972), np.float64(2.8441977774110955e-11), np.float64(6.180118222779552e-10), np.float64(8.020881554565565e-10), np.float64(0.00024845151698043156), np.float64(0.0002831701517119273), np.float64(0.00032147361374687354), np.float64(2.1069461884542293e-10), np.float64(0.0002243133390027853), np.float64(4.250053355807874e-09), np.float64(2.6437852067911055e-11), np.float64(3.7184772698679946e-09), np.float64(0.00014756011002461873), np.float64(3.249167735150727e-11), np.float64(3.804089865735766e-11), np.float64(9.817105624922441e-11), np.float64(0.00015764525685494068), np.float64(0.00017645526277628722), np.float64(2.504184663688335e-10), np.float64(0.0002023559069279835), np.float64(4.912169508228526e-08), np.float64(0.00022802015520517055), np.float64(0.00015914626140726995), np.float64(1.4168991447578602e-08), np.float64(0.00010717931531436224), np.float64(0.00011453647310570529), np.float64(0.0001243694668432534), np.float64(2.275991050380147e-08), np.float64(0.00014208758908016602), np.float64(7.046993802479433e-11), np.float64(1.1936890720802586e-10), np.float64(2.362693463919727e-10), np.float64(0.0001607769758127486), np.float64(4.29817184800551e-08), np.float64(3.84315952222047e-05), np.float64(2.848020180927456e-11), np.float64(0.0001092022397707659), np.float64(0.00012221666066017752), np.float64(0.00013957745616152977), np.float64(7.206186362640833e-10), np.float64(5.930505099092958e-08), np.float64(8.539132282484437e-10), np.float64(7.847879673026885e-05), np.float64(9.472256907460127e-12), np.float64(0.0003711084488210899), np.float64(0.00011480083799805108), np.float64(6.252690570091425e-05), np.float64(3.918514204091225e-10), np.float64(7.659286270178501e-11), np.float64(6.275876369560296e-10), np.float64(2.6530992058205436e-08), np.float64(1.4563398141731555e-08), np.float64(4.278900280898925e-05), np.float64(2.8731435922142228e-05), np.float64(5.860901247168804e-10), np.float64(3.25241665111361e-05), np.float64(1.6392530371336853e-10), np.float64(3.32008360395525e-05), np.float64(4.1069180029594906e-05), np.float64(5.1522637217830584e-05), np.float64(6.014888985987844e-10), np.float64(1.7361557246089333e-11), np.float64(1.3363941256552274e-10), np.float64(2.09274223460707e-05), np.float64(7.462883412858409e-05), np.float64(9.294183107032685e-12), np.float64(4.505354831470779e-10), np.float64(8.777408242185728e-11), np.float64(4.9357139309435985e-05), np.float64(4.417986603152648e-05), np.float64(4.438576016950447e-05), np.float64(2.870453983782567e-05), np.float64(2.238736390527408e-05), np.float64(1.940636354341602e-05), np.float64(2.673762662629596e-10), np.float64(1.2167304932543116e-06), np.float64(1.7571851264504753e-05), np.float64(2.2287735201146494e-10), np.float64(1.7537680536138617e-10), np.float64(2.5500747688904584e-05), np.float64(6.278174352781727e-11), np.float64(1.4729079551199364e-05), np.float64(9.565000927181834e-12), np.float64(4.688848256572373e-13), np.float64(9.096470623291203e-06), np.float64(1.2096575010015668e-12), np.float64(3.19302017942237e-05), np.float64(2.4524052113901144e-05), np.float64(1.6484839282079568e-05), np.float64(2.8595343347148953e-11), np.float64(5.965825183880957e-13), np.float64(7.197282058961639e-06), np.float64(1.3351523079389809e-13), np.float64(5.887919187514475e-10), np.float64(1.1113535568258886e-09), np.float64(2.6691884854041858e-05), np.float64(2.0984704719603305e-11), np.float64(6.646892457563748e-12), np.float64(1.3942152438411425e-05), np.float64(2.5415611953030365e-10), np.float64(2.4501498028800747e-05), np.float64(1.3888809819603913e-05), np.float64(1.7194306735932368e-05), np.float64(4.7783274547161146e-12), np.float64(1.205917296488227e-05), np.float64(8.309956752260733e-06), np.float64(1.4446910022118373e-05), np.float64(5.37420713568298e-06), np.float64(3.28902331886263e-05), np.float64(1.7115038934014261e-12), np.float64(9.97697101323197e-06), np.float64(3.857818488086969e-13), np.float64(1.8926779167518858e-16), np.float64(2.9802430618632926e-11), np.float64(8.115950933699094e-13), np.float64(6.524057276445339e-13), np.float64(2.6977619846122385e-12), np.float64(1.3532565960894765e-12), np.float64(4.603970880304356e-13), np.float64(2.039479236867986e-11), np.float64(1.755457378298037e-12), np.float64(9.295440461235292e-11), np.float64(1.1769949698139076e-11), np.float64(9.0065249829443e-06), np.float64(4.770526840636242e-06), np.float64(2.1059807168074432e-11), np.float64(1.9998733190947454e-12), np.float64(1.3303261363005116e-13), np.float64(4.0908474772551305e-13), np.float64(1.0192237956885e-08), np.float64(1.8542218949266777e-06), np.float64(2.8430778964692096e-11), np.float64(1.3095421338224466e-11), np.float64(3.014675905394961e-15), np.float64(0.0), np.float64(0.0), np.float64(0.0), np.float64(0.0), np.float64(0.0), np.float64(0.0), np.float64(0.0), np.float64(0.0), np.float64(0.0), np.float64(0.0), np.float64(0.0), np.float64(0.0), np.float64(0.0), np.float64(0.0), np.float64(0.0), np.float64(0.0), np.float64(0.0), np.float64(0.0), np.float64(0.0), np.float64(0.0), np.float64(0.0), np.float64(0.0), np.float64(0.0), np.float64(0.0), np.float64(0.0), np.float64(0.0), np.float64(0.0), np.float64(0.0), np.float64(0.0), np.float64(0.0), np.float64(0.0), np.float64(0.0), np.float64(0.0), np.float64(0.0), np.float64(0.0), np.float64(0.0), np.float64(0.0), np.float64(0.0), np.float64(0.0), np.float64(0.0), np.float64(0.0), np.float64(0.0), np.float64(0.0), np.float64(0.0), np.float64(0.0), np.float64(0.0), np.float64(0.0), np.float64(0.0), np.float64(0.0), np.float64(0.0), np.float64(0.0), np.float64(0.0), np.float64(0.0), np.float64(0.0), np.float64(0.0), np.float64(0.0), np.float64(0.0), np.float64(0.0), np.float64(0.0), np.float64(0.0), np.float64(0.0), np.float64(0.0), np.float64(0.0), np.float64(0.0), np.float64(0.0), np.float64(0.0), np.float64(0.0), np.float64(0.0), np.float64(0.0), np.float64(0.0), np.float64(0.0), np.float64(0.0), np.float64(0.0), np.float64(0.0), np.float64(0.0), np.float64(0.0), np.float64(0.0), np.float64(0.0), np.float64(0.0), np.float64(0.0), np.float64(0.0), np.float64(0.0), np.float64(0.0), np.float64(0.0), np.float64(0.0), np.float64(0.0), np.float64(0.0), np.float64(0.0), np.float64(0.0), np.float64(0.0), np.float64(0.0), np.float64(0.0), np.float64(0.0), np.float64(0.0), np.float64(0.0), np.float64(0.0), np.float64(0.0), np.float64(0.0), np.float64(0.0), np.float64(0.0), np.float64(0.0), np.float64(0.0), np.float64(0.0), np.float64(0.0), np.float64(0.0), np.float64(0.0), np.float64(0.0), np.float64(0.0), np.float64(0.0), np.float64(0.0), np.float64(0.0), np.float64(0.0), np.float64(0.0), np.float64(0.0), np.float64(0.0), np.float64(0.0), np.float64(0.0), np.float64(0.0), np.float64(0.0), np.float64(0.0), np.float64(0.0), np.float64(0.0), np.float64(0.0), np.float64(0.0), np.float64(0.0), np.float64(0.0), np.float64(0.0), np.float64(0.0), np.float64(0.0), np.float64(0.0), np.float64(0.0), np.float64(0.0), np.float64(0.0), np.float64(0.0), np.float64(0.0), np.float64(0.0), np.float64(0.0), np.float64(0.0), np.float64(0.0), np.float64(0.0), np.float64(0.0), np.float64(0.0), np.float64(0.0), np.float64(0.0), np.float64(0.0), np.float64(0.0), np.float64(0.0), np.float64(0.0), np.float64(0.0), np.float64(0.0), np.float64(0.0), np.float64(0.0), np.float64(0.0), np.float64(0.0), np.float64(0.0), np.float64(0.0), np.float64(0.0), np.float64(0.0), np.float64(0.0), np.float64(0.0), np.float64(0.0), np.float64(0.0), np.float64(0.0), np.float64(0.0), np.float64(0.0), np.float64(0.0), np.float64(0.0), np.float64(0.0), np.float64(0.0), np.float64(0.0), np.float64(0.0), np.float64(0.0), np.float64(0.0), np.float64(0.0), np.float64(0.0), np.float64(0.0), np.float64(0.0), np.float64(0.0), np.float64(0.0), np.float64(0.0), np.float64(0.0), np.float64(0.0), np.float64(0.0), np.float64(0.0), np.float64(0.0), np.float64(0.0), np.float64(0.0), np.float64(0.0), np.float64(0.0), np.float64(0.0), np.float64(0.0), np.float64(0.0), np.float64(0.0), np.float64(0.0), np.float64(0.0), np.float64(0.0), np.float64(0.0), np.float64(0.0), np.float64(0.0), np.float64(0.0), np.float64(0.0), np.float64(0.0), np.float64(0.0), np.float64(0.0), np.float64(0.0), np.float64(0.0), np.float64(0.0), np.float64(0.0), np.float64(0.0), np.float64(0.0), np.float64(0.0), np.float64(0.0), np.float64(0.0), np.float64(0.0), np.float64(0.0), np.float64(0.0), np.float64(0.0), np.float64(0.0), np.float64(0.0), np.float64(0.0), np.float64(0.0), np.float64(0.0), np.float64(0.0), np.float64(0.0), np.float64(0.0), np.float64(0.0), np.float64(0.0), np.float64(0.0), np.float64(0.0), np.float64(0.0), np.float64(0.0), np.float64(0.0), np.float64(0.0), np.float64(0.0), np.float64(0.0), np.float64(0.0), np.float64(0.0), np.float64(0.0), np.float64(0.0), np.float64(0.0), np.float64(0.0), np.float64(0.0), np.float64(0.0), np.float64(0.0), np.float64(0.0), np.float64(0.0), np.float64(0.0), np.float64(0.0), np.float64(0.0), np.float64(0.0), np.float64(0.0), np.float64(0.0), np.float64(0.0), np.float64(0.0), np.float64(0.0), np.float64(0.0), np.float64(0.0), np.float64(0.0), np.float64(0.0), np.float64(0.0), np.float64(0.0), np.float64(0.0), np.float64(0.0), np.float64(0.0), np.float64(0.0), np.float64(0.0), np.float64(0.0), np.float64(0.0), np.float64(0.0), np.float64(0.0), np.float64(0.0), np.float64(0.0), np.float64(0.0), np.float64(0.0), np.float64(0.0), np.float64(0.0), np.float64(0.0), np.float64(0.0), np.float64(0.0), np.float64(0.0), np.float64(0.0), np.float64(0.0), np.float64(0.0), np.float64(0.0), np.float64(0.0), np.float64(0.0), np.float64(0.0), np.float64(0.0), np.float64(0.0), np.float64(0.0), np.float64(0.0), np.float64(0.0), np.float64(0.0), np.float64(0.0), np.float64(0.0), np.float64(0.0), np.float64(0.0), np.float64(0.0), np.float64(0.0), np.float64(0.0), np.float64(0.0), np.float64(0.0), np.float64(0.0), np.float64(0.0), np.float64(0.0), np.float64(0.0), np.float64(0.0), np.float64(0.0), np.float64(0.0), np.float64(0.0), np.float64(0.0), np.float64(0.0), np.float64(0.0), np.float64(0.0), np.float64(0.0), np.float64(0.0), np.float64(0.0), np.float64(0.0), np.float64(0.0), np.float64(0.0), np.float64(0.0), np.float64(0.0), np.float64(0.0), np.float64(0.0), np.float64(0.0), np.float64(0.0), np.float64(0.0), np.float64(0.0), np.float64(0.0), np.float64(0.0), np.float64(0.0), np.float64(0.0), np.float64(0.0), np.float64(0.0), np.float64(0.0), np.float64(0.0), np.float64(0.0), np.float64(0.0), np.float64(0.0), np.float64(0.0), np.float64(0.0), np.float64(0.0), np.float64(0.0), np.float64(0.0), np.float64(0.0), np.float64(0.0), np.float64(0.0), np.float64(0.0), np.float64(0.0), np.float64(0.0), np.float64(0.0), np.float64(0.0), np.float64(0.0), np.float64(0.0), np.float64(0.0), np.float64(0.0), np.float64(0.0), np.float64(0.0), np.float64(0.0), np.float64(0.0), np.float64(0.0), np.float64(0.0), np.float64(0.0), np.float64(0.0), np.float64(0.0), np.float64(0.0), np.float64(0.0), np.float64(0.0), np.float64(0.0), np.float64(0.0), np.float64(0.0), np.float64(0.0), np.float64(0.0), np.float64(0.0), np.float64(0.0), np.float64(0.0), np.float64(0.0), np.float64(0.0), np.float64(0.0), np.float64(0.0), np.float64(0.0), np.float64(0.0), np.float64(0.0), np.float64(0.0), np.float64(0.0), np.float64(0.0), np.float64(0.0), np.float64(0.0), np.float64(0.0), np.float64(0.0), np.float64(0.0), np.float64(0.0), np.float64(0.0), np.float64(0.0), np.float64(0.0), np.float64(0.0), np.float64(0.0), np.float64(0.0), np.float64(0.0), np.float64(0.0), np.float64(0.0), np.float64(0.0), np.float64(0.0), np.float64(0.0), np.float64(0.0), np.float64(0.0), np.float64(0.0), np.float64(0.0), np.float64(0.0), np.float64(0.0), np.float64(0.0), np.float64(0.0), np.float64(0.0), np.float64(0.0), np.float64(0.0), np.float64(0.0), np.float64(0.0), np.float64(0.0), np.float64(0.0), np.float64(0.0), np.float64(0.0), np.float64(0.0), np.float64(0.0), np.float64(0.0), np.float64(0.0), np.float64(0.0), np.float64(0.0), np.float64(0.0), np.float64(0.0), np.float64(0.0), np.float64(0.0), np.float64(0.0), np.float64(0.0), np.float64(0.0), np.float64(0.0), np.float64(0.0), np.float64(0.0), np.float64(0.0), np.float64(0.0), np.float64(0.0), np.float64(0.0), np.float64(0.0), np.float64(0.0), np.float64(0.0), np.float64(0.0), np.float64(0.0), np.float64(0.0), np.float64(0.0), np.float64(0.0), np.float64(0.0), np.float64(0.0), np.float64(0.0), np.float64(0.0), np.float64(0.0), np.float64(0.0), np.float64(0.0), np.float64(0.0), np.float64(0.0), np.float64(0.0), np.float64(0.0), np.float64(0.0), np.float64(0.0), np.float64(0.0), np.float64(0.0), np.float64(0.0), np.float64(0.0), np.float64(0.0), np.float64(0.0), np.float64(0.0), np.float64(0.0), np.float64(0.0), np.float64(0.0), np.float64(0.0), np.float64(0.0), np.float64(0.0), np.float64(0.0), np.float64(0.0), np.float64(0.0), np.float64(0.0), np.float64(0.0), np.float64(0.0), np.float64(0.0), np.float64(0.0), np.float64(0.0), np.float64(0.0), np.float64(0.0), np.float64(0.0), np.float64(0.0), np.float64(0.0), np.float64(0.0), np.float64(0.0), np.float64(0.0), np.float64(0.0), np.float64(0.0), np.float64(0.0), np.float64(0.0), np.float64(0.0), np.float64(0.0), np.float64(0.0), np.float64(0.0), np.float64(0.0), np.float64(0.0), np.float64(0.0), np.float64(0.0), np.float64(0.0), np.float64(0.0), np.float64(0.0), np.float64(0.0), np.float64(0.0), np.float64(0.0), np.float64(0.0), np.float64(0.0), np.float64(0.0), np.float64(0.0), np.float64(0.0), np.float64(0.0), np.float64(0.0), np.float64(0.0), np.float64(0.0), np.float64(0.0), np.float64(0.0), np.float64(0.0), np.float64(0.0), np.float64(0.0), np.float64(0.0), np.float64(0.0), np.float64(0.0), np.float64(0.0), np.float64(0.0), np.float64(0.0), np.float64(0.0), np.float64(0.0), np.float64(0.0), np.float64(0.0), np.float64(0.0), np.float64(0.0), np.float64(0.0), np.float64(0.0), np.float64(0.0), np.float64(0.0), np.float64(0.0), np.float64(0.0), np.float64(0.0), np.float64(0.0), np.float64(0.0), np.float64(0.0), np.float64(0.0), np.float64(0.0), np.float64(0.0), np.float64(0.0), np.float64(0.0), np.float64(0.0), np.float64(0.0), np.float64(0.0), np.float64(0.0), np.float64(0.0), np.float64(0.0), np.float64(0.0), np.float64(0.0), np.float64(0.0), np.float64(0.0), np.float64(0.0), np.float64(0.0), np.float64(0.0), np.float64(0.0), np.float64(0.0), np.float64(0.0), np.float64(0.0), np.float64(0.0), np.float64(0.0), np.float64(0.0), np.float64(0.0), np.float64(0.0), np.float64(0.0), np.float64(0.0), np.float64(0.0), np.float64(0.0), np.float64(0.0), np.float64(0.0), np.float64(0.0), np.float64(0.0), np.float64(0.0), np.float64(0.0), np.float64(0.0), np.float64(0.0), np.float64(0.0), np.float64(0.0), np.float64(0.0), np.float64(0.0), np.float64(0.0), np.float64(0.0), np.float64(0.0), np.float64(0.0), np.float64(0.0), np.float64(0.0), np.float64(0.0), np.float64(0.0), np.float64(0.0), np.float64(0.0), np.float64(0.0), np.float64(0.0), np.float64(0.0), np.float64(0.0), np.float64(0.0), np.float64(0.0), np.float64(0.0), np.float64(0.0), np.float64(0.0), np.float64(0.0), np.float64(0.0), np.float64(0.0), np.float64(0.0), np.float64(0.0), np.float64(0.0), np.float64(0.0), np.float64(0.0), np.float64(0.0), np.float64(0.0), np.float64(0.0), np.float64(0.0), np.float64(0.0), np.float64(0.0), np.float64(0.0), np.float64(0.0), np.float64(0.0), np.float64(0.0), np.float64(0.0), np.float64(0.0), np.float64(0.0), np.float64(0.0), np.float64(0.0), np.float64(0.0), np.float64(0.0), np.float64(0.0), np.float64(0.0), np.float64(0.0), np.float64(0.0), np.float64(0.0), np.float64(0.0), np.float64(0.0), np.float64(0.0), np.float64(0.0), np.float64(0.0), np.float64(0.0), np.float64(0.0), np.float64(0.0), np.float64(0.0), np.float64(0.0), np.float64(0.0), np.float64(0.0), np.float64(0.0), np.float64(0.0), np.float64(0.0), np.float64(0.0), np.float64(0.0), np.float64(0.0), np.float64(0.0), np.float64(0.0)]]"
