Problem,Size,Method,Case,h_mode,k_fd,tol,start_type,path_id,run_id,k,step_norm
p52,2,nm,Exact,,,1e-06,initial,xbar,1,0,1.0896964626892713
p52,2,nm,Exact,,,1e-06,initial,xbar,1,1,0.30014697726392353
p52,2,nm,Exact,,,1e-06,initial,xbar,1,2,0.1426985982374882
p52,2,nm,Exact,,,1e-06,initial,xbar,1,3,0.010835327806255832
p52,2,nm,Exact,,,1e-06,initial,xbar,1,4,0.00023063867896113688
p52,2,nm,Exact,,,1e-06,initial,xbar,1,5,1.3336489563676344e-07
p52,2,tr,Exact,,,1e-06,initial,xbar,1,0,0.7100198762670453
p52,2,tr,Exact,,,1e-06,initial,xbar,1,1,0.22964630139359782
p52,2,tr,Exact,,,1e-06,initial,xbar,1,2,0.04746076119028733
p52,2,tr,Exact,,,1e-06,initial,xbar,1,3,0.015014707041380653
p52,2,tr,Exact,,,1e-06,initial,xbar,1,4,0.03356090971640713
p52,2,tr,Exact,,,1e-06,initial,xbar,1,5,0.001460708367632146
p52,2,tr,Exact,,,1e-06,initial,xbar,1,6,0.0003791803408590289
p52,2,tr,Exact,,,1e-06,initial,xbar,1,7,0.00010152488904957983
p52,2,tr,Exact,,,1e-06,initial,xbar,1,8,2.755975323541811e-05
p52,2,tr,Exact,,,1e-06,initial,xbar,1,9,7.550096132926828e-06
p52,2,tr,Exact,,,1e-06,initial,xbar,1,10,2.083765638457709e-06
p52,2,tr,Exact,,,1e-06,initial,xbar,1,11,5.787806617216563e-07
p52,2,tr,Exact,,,1e-06,initial,xbar,1,12,1.6165204948462052e-07
p52,2,nm,Exact,,,1e-06,random,rand1,2,0,0.7484137970779864
p52,2,nm,Exact,,,1e-06,random,rand1,2,1,0.1431522163094898
p52,2,nm,Exact,,,1e-06,random,rand1,2,2,0.07495172238887972
p52,2,nm,Exact,,,1e-06,random,rand1,2,3,0.03399847494565272
p52,2,nm,Exact,,,1e-06,random,rand1,2,4,0.013182623346158466
p52,2,nm,Exact,,,1e-06,random,rand1,2,5,0.004287745656261149
p52,2,nm,Exact,,,1e-06,random,rand1,2,6,0.0012394636818519485
p52,2,nm,Exact,,,1e-06,random,rand1,2,7,0.0003427917219278618
p52,2,nm,Exact,,,1e-06,random,rand1,2,8,9.404047643990181e-05
p52,2,nm,Exact,,,1e-06,random,rand1,2,9,2.587891167486596e-05
p52,2,nm,Exact,,,1e-06,random,rand1,2,10,7.161797105455285e-06
p52,2,nm,Exact,,,1e-06,random,rand1,2,11,1.993334486669167e-06
p52,2,nm,Exact,,,1e-06,random,rand1,2,12,5.576807651678117e-07
p52,2,nm,Exact,,,1e-06,random,rand1,2,13,1.5672933762264876e-07
p52,2,tr,Exact,,,1e-06,random,rand1,2,0,0.7484137970779862
p52,2,tr,Exact,,,1e-06,random,rand1,2,1,0.14313970816290514
p52,2,tr,Exact,,,1e-06,random,rand1,2,2,0.0748996489408912
p52,2,tr,Exact,,,1e-06,random,rand1,2,3,0.033904893521018845
p52,2,tr,Exact,,,1e-06,random,rand1,2,4,0.013276908031309738
p52,2,tr,Exact,,,1e-06,random,rand1,2,5,0.004336992870658744
p52,2,tr,Exact,,,1e-06,random,rand1,2,6,0.0012537861156005157
p52,2,tr,Exact,,,1e-06,random,rand1,2,7,0.0003465339186880514
p52,2,tr,Exact,,,1e-06,random,rand1,2,8,9.498911647637918e-05
p52,2,tr,Exact,,,1e-06,random,rand1,2,9,2.611880420631178e-05
p52,2,tr,Exact,,,1e-06,random,rand1,2,10,7.222843641441269e-06
p52,2,tr,Exact,,,1e-06,random,rand1,2,11,2.0090115628867943e-06
p52,2,tr,Exact,,,1e-06,random,rand1,2,12,5.617475259564372e-07
p52,2,tr,Exact,,,1e-06,random,rand1,2,13,1.5779522479636244e-07
p52,2,nm,Exact,,,1e-06,random,rand2,3,0,0.1442152133327202
p52,2,nm,Exact,,,1e-06,random,rand2,3,1,0.07458831407045614
p52,2,nm,Exact,,,1e-06,random,rand2,3,2,0.06221210416225486
p52,2,nm,Exact,,,1e-06,random,rand2,3,3,0.08909004020931462
p52,2,nm,Exact,,,1e-06,random,rand2,3,4,0.14095557164968692
p52,2,nm,Exact,,,1e-06,random,rand2,3,5,0.23446910907349136
p52,2,nm,Exact,,,1e-06,random,rand2,3,6,0.6520194323087329
p52,2,nm,Exact,,,1e-06,random,rand2,3,7,0.12386845545931376
p52,2,nm,Exact,,,1e-06,random,rand2,3,8,0.04322750543144432
p52,2,nm,Exact,,,1e-06,random,rand2,3,9,0.004947903130381366
p52,2,nm,Exact,,,1e-06,random,rand2,3,10,6.177289466936411e-05
p52,2,tr,Exact,,,1e-06,random,rand2,3,0,0.2259148286173111
p52,2,tr,Exact,,,1e-06,random,rand2,3,1,0.05035166611835837
p52,2,tr,Exact,,,1e-06,random,rand2,3,2,0.019558511965206065
p52,2,tr,Exact,,,1e-06,random,rand2,3,3,0.18977771675731944
p52,2,tr,Exact,,,1e-06,random,rand2,3,4,0.919679992050632
p52,2,tr,Exact,,,1e-06,random,rand2,3,5,0.06958532605312225
p52,2,tr,Exact,,,1e-06,random,rand2,3,6,0.01333988130772078
p52,2,tr,Exact,,,1e-06,random,rand2,3,7,0.0008169383691796657
p52,2,tr,Exact,,,1e-06,random,rand2,3,8,5.67149743852995e-07
p52,2,nm,Exact,,,1e-06,random,rand3,4,0,0.24709929053630983
p52,2,nm,Exact,,,1e-06,random,rand3,4,1,0.440908579724301
p52,2,nm,Exact,,,1e-06,random,rand3,4,2,0.030197348548503245
p52,2,nm,Exact,,,1e-06,random,rand3,4,3,0.00043553260611369605
p52,2,nm,Exact,,,1e-06,random,rand3,4,4,1.0576666838684001e-07
p52,2,tr,Exact,,,1e-06,random,rand3,4,0,0.7406889590228307
p52,2,tr,Exact,,,1e-06,random,rand3,4,1,0.049657880139587725
p52,2,tr,Exact,,,1e-06,random,rand3,4,2,0.07206718823302019
p52,2,tr,Exact,,,1e-06,random,rand3,4,3,0.001965902895570073
p52,2,tr,Exact,,,1e-06,random,rand3,4,4,2.146314051206007e-06
p52,2,nm,Exact,,,1e-06,random,rand4,5,0,0.2353995333514029
p52,2,nm,Exact,,,1e-06,random,rand4,5,1,0.11981768490592225
p52,2,nm,Exact,,,1e-06,random,rand4,5,2,0.05833377028534186
p52,2,nm,Exact,,,1e-06,random,rand4,5,3,0.02500410484508045
p52,2,nm,Exact,,,1e-06,random,rand4,5,4,0.009091670214805921
p52,2,nm,Exact,,,1e-06,random,rand4,5,5,0.0028169911047218324
p52,2,nm,Exact,,,1e-06,random,rand4,5,6,0.0007995933542354991
p52,2,nm,Exact,,,1e-06,random,rand4,5,7,0.000220915052592838
p52,2,nm,Exact,,,1e-06,random,rand4,5,8,6.087429708120969e-05
p52,2,nm,Exact,,,1e-06,random,rand4,5,9,1.6843630933681275e-05
p52,2,nm,Exact,,,1e-06,random,rand4,5,10,4.685717311796165e-06
p52,2,nm,Exact,,,1e-06,random,rand4,5,11,1.3102472324149386e-06
p52,2,nm,Exact,,,1e-06,random,rand4,5,12,3.6805408750226133e-07
p52,2,tr,Exact,,,1e-06,random,rand4,5,0,0.21246447063491497
p52,2,tr,Exact,,,1e-06,random,rand4,5,1,0.14102748986767313
p52,2,tr,Exact,,,1e-06,random,rand4,5,2,0.053776905210945185
p52,2,tr,Exact,,,1e-06,random,rand4,5,3,0.027605867388445664
p52,2,tr,Exact,,,1e-06,random,rand4,5,4,0.010164878221388375
p52,2,tr,Exact,,,1e-06,random,rand4,5,5,0.003335137185096652
p52,2,tr,Exact,,,1e-06,random,rand4,5,6,0.0009285590910003106
p52,2,tr,Exact,,,1e-06,random,rand4,5,7,0.0002492325056602216
p52,2,tr,Exact,,,1e-06,random,rand4,5,8,6.660841188851808e-05
p52,2,tr,Exact,,,1e-06,random,rand4,5,9,1.7898512491314472e-05
p52,2,tr,Exact,,,1e-06,random,rand4,5,10,4.847004267184518e-06
p52,2,tr,Exact,,,1e-06,random,rand4,5,11,1.3230144658010803e-06
p52,2,tr,Exact,,,1e-06,random,rand4,5,12,3.638091513084048e-07
p52,2,nm,Exact,,,1e-06,random,rand5,6,0,1.4106676593388079
p52,2,nm,Exact,,,1e-06,random,rand5,6,1,0.4012769918102618
p52,2,nm,Exact,,,1e-06,random,rand5,6,2,0.1031851064989381
p52,2,nm,Exact,,,1e-06,random,rand5,6,3,0.004875231235889861
p52,2,nm,Exact,,,1e-06,random,rand5,6,4,3.3596359059515676e-05
p52,2,tr,Exact,,,1e-06,random,rand5,6,0,0.7841213799635098
p52,2,tr,Exact,,,1e-06,random,rand5,6,1,0.5491148630716977
p52,2,tr,Exact,,,1e-06,random,rand5,6,2,0.0876748822969442
p52,2,tr,Exact,,,1e-06,random,rand5,6,3,0.021712817256868848
p52,2,tr,Exact,,,1e-06,random,rand5,6,4,0.013695747394894058
p52,2,tr,Exact,,,1e-06,random,rand5,6,5,0.004445345467518186
p52,2,tr,Exact,,,1e-06,random,rand5,6,6,0.0013126330548267513
p52,2,tr,Exact,,,1e-06,random,rand5,6,7,0.000373157725878116
p52,2,tr,Exact,,,1e-06,random,rand5,6,8,0.00010514987528982191
p52,2,tr,Exact,,,1e-06,random,rand5,6,9,2.9641480188402753e-05
p52,2,tr,Exact,,,1e-06,random,rand5,6,10,8.377489749934839e-06
p52,2,tr,Exact,,,1e-06,random,rand5,6,11,2.374327160041804e-06
p52,2,tr,Exact,,,1e-06,random,rand5,6,12,6.746205017154826e-07
p52,2,tr,Exact,,,1e-06,random,rand5,6,13,1.9209476121466534e-07
p52,2,nm,Mixed FD,scalar,4.0,1e-06,initial,xbar,7,0,1.087569065779169
p52,2,nm,Mixed FD,scalar,4.0,1e-06,initial,xbar,7,1,0.29094431475578314
p52,2,nm,Mixed FD,scalar,4.0,1e-06,initial,xbar,7,2,0.11529432865708271
p52,2,nm,Mixed FD,scalar,4.0,1e-06,initial,xbar,7,3,0.010511304956115167
p52,2,nm,Mixed FD,scalar,4.0,1e-06,initial,xbar,7,4,0.00013286722879447417
p52,2,nm,Mixed FD,scalar,4.0,1e-06,initial,xbar,7,5,5.6136886079675875e-08
p52,2,tr,Mixed FD,scalar,4.0,1e-06,initial,xbar,7,0,0.7100346540304316
p52,2,tr,Mixed FD,scalar,4.0,1e-06,initial,xbar,7,1,0.2561933499453415
p52,2,tr,Mixed FD,scalar,4.0,1e-06,initial,xbar,7,2,0.037762377440487736
p52,2,tr,Mixed FD,scalar,4.0,1e-06,initial,xbar,7,3,0.05194263729538629
p52,2,tr,Mixed FD,scalar,4.0,1e-06,initial,xbar,7,4,0.011760379494098853
p52,2,tr,Mixed FD,scalar,4.0,1e-06,initial,xbar,7,5,0.0012397415110084772
p52,2,tr,Mixed FD,scalar,4.0,1e-06,initial,xbar,7,6,1.3011490667291175e-05
p52,2,nm,Mixed FD,scalar,4.0,1e-06,random,rand1,8,0,0.5852409323201903
p52,2,nm,Mixed FD,scalar,4.0,1e-06,random,rand1,8,1,0.21779603364810893
p52,2,nm,Mixed FD,scalar,4.0,1e-06,random,rand1,8,2,0.079401358790782
p52,2,nm,Mixed FD,scalar,4.0,1e-06,random,rand1,8,3,0.03338143890160744
p52,2,nm,Mixed FD,scalar,4.0,1e-06,random,rand1,8,4,0.008832629912931437
p52,2,nm,Mixed FD,scalar,4.0,1e-06,random,rand1,8,5,0.0007028969223389372
p52,2,nm,Mixed FD,scalar,4.0,1e-06,random,rand1,8,6,3.903848684006868e-06
p52,2,tr,Mixed FD,scalar,4.0,1e-06,random,rand1,8,0,0.4632968253967014
p52,2,tr,Mixed FD,scalar,4.0,1e-06,random,rand1,8,1,0.33433976784564123
p52,2,tr,Mixed FD,scalar,4.0,1e-06,random,rand1,8,2,0.07393175322444469
p52,2,tr,Mixed FD,scalar,4.0,1e-06,random,rand1,8,3,0.027583483961960316
p52,2,tr,Mixed FD,scalar,4.0,1e-06,random,rand1,8,4,0.01255073580916416
p52,2,tr,Mixed FD,scalar,4.0,1e-06,random,rand1,8,5,0.0011409040230808286
p52,2,tr,Mixed FD,scalar,4.0,1e-06,random,rand1,8,6,2.3644781661914665e-05
p52,2,nm,Mixed FD,scalar,4.0,1e-06,random,rand2,9,0,0.15799485975033842
p52,2,nm,Mixed FD,scalar,4.0,1e-06,random,rand2,9,1,0.07596749914235781
p52,2,nm,Mixed FD,scalar,4.0,1e-06,random,rand2,9,2,0.06159130991305545
p52,2,nm,Mixed FD,scalar,4.0,1e-06,random,rand2,9,3,0.0863901961105384
p52,2,nm,Mixed FD,scalar,4.0,1e-06,random,rand2,9,4,0.13434386881394256
p52,2,nm,Mixed FD,scalar,4.0,1e-06,random,rand2,9,5,0.22004474480427863
p52,2,nm,Mixed FD,scalar,4.0,1e-06,random,rand2,9,6,0.4944275499781659
p52,2,nm,Mixed FD,scalar,4.0,1e-06,random,rand2,9,7,0.0030134384362321288
p52,2,nm,Mixed FD,scalar,4.0,1e-06,random,rand2,9,8,8.236746620925231e-06
p52,2,tr,Mixed FD,scalar,4.0,1e-06,random,rand2,9,0,0.25729212532079704
p52,2,tr,Mixed FD,scalar,4.0,1e-06,random,rand2,9,1,0.03893426989544181
p52,2,tr,Mixed FD,scalar,4.0,1e-06,random,rand2,9,2,0.15076866520872143
p52,2,tr,Mixed FD,scalar,4.0,1e-06,random,rand2,9,3,1.0770863757524882
p52,2,tr,Mixed FD,scalar,4.0,1e-06,random,rand2,9,4,0.1348387163552581
p52,2,tr,Mixed FD,scalar,4.0,1e-06,random,rand2,9,5,0.1683398045398711
p52,2,tr,Mixed FD,scalar,4.0,1e-06,random,rand2,9,6,0.007749053840948142
p52,2,tr,Mixed FD,scalar,4.0,1e-06,random,rand2,9,7,0.0021687275533954133
p52,2,tr,Mixed FD,scalar,4.0,1e-06,random,rand2,9,8,1.2192546262949604e-06
p52,2,nm,Mixed FD,scalar,4.0,1e-06,random,rand3,10,0,0.2351700272941688
p52,2,nm,Mixed FD,scalar,4.0,1e-06,random,rand3,10,1,0.47376255309512566
p52,2,nm,Mixed FD,scalar,4.0,1e-06,random,rand3,10,2,0.032547797219553094
p52,2,nm,Mixed FD,scalar,4.0,1e-06,random,rand3,10,3,0.0011973709200527878
p52,2,nm,Mixed FD,scalar,4.0,1e-06,random,rand3,10,4,2.6312576239623453e-06
p52,2,tr,Mixed FD,scalar,4.0,1e-06,random,rand3,10,0,0.7406889590228307
p52,2,tr,Mixed FD,scalar,4.0,1e-06,random,rand3,10,1,0.04997966884131077
p52,2,tr,Mixed FD,scalar,4.0,1e-06,random,rand3,10,2,0.0718364011287093
p52,2,tr,Mixed FD,scalar,4.0,1e-06,random,rand3,10,3,0.0019199195795006777
p52,2,tr,Mixed FD,scalar,4.0,1e-06,random,rand3,10,4,3.882342143140255e-06
p52,2,nm,Mixed FD,scalar,4.0,1e-06,random,rand4,11,0,0.2456743823892468
p52,2,nm,Mixed FD,scalar,4.0,1e-06,random,rand4,11,1,0.12386550424640783
p52,2,nm,Mixed FD,scalar,4.0,1e-06,random,rand4,11,2,0.061099377375543176
p52,2,nm,Mixed FD,scalar,4.0,1e-06,random,rand4,11,3,0.023426769492688942
p52,2,nm,Mixed FD,scalar,4.0,1e-06,random,rand4,11,4,0.004661256950655865
p52,2,nm,Mixed FD,scalar,4.0,1e-06,random,rand4,11,5,0.00019528806791244507
p52,2,tr,Mixed FD,scalar,4.0,1e-06,random,rand4,11,0,0.21413669088392706
p52,2,tr,Mixed FD,scalar,4.0,1e-06,random,rand4,11,1,0.1508475938298686
p52,2,tr,Mixed FD,scalar,4.0,1e-06,random,rand4,11,2,0.057152565070942685
p52,2,tr,Mixed FD,scalar,4.0,1e-06,random,rand4,11,3,0.024885698011323905
p52,2,tr,Mixed FD,scalar,4.0,1e-06,random,rand4,11,4,0.004938456053265051
p52,2,tr,Mixed FD,scalar,4.0,1e-06,random,rand4,11,5,0.00023594563708298244
p52,2,nm,Mixed FD,scalar,4.0,1e-06,random,rand5,12,0,1.3147675008639255
p52,2,nm,Mixed FD,scalar,4.0,1e-06,random,rand5,12,1,0.4738577040547577
p52,2,nm,Mixed FD,scalar,4.0,1e-06,random,rand5,12,2,0.17372490086919826
p52,2,nm,Mixed FD,scalar,4.0,1e-06,random,rand5,12,3,0.021655714885267657
p52,2,nm,Mixed FD,scalar,4.0,1e-06,random,rand5,12,4,0.0004840828349249685
p52,2,nm,Mixed FD,scalar,4.0,1e-06,random,rand5,12,5,4.5236807960260125e-07
p52,2,tr,Mixed FD,scalar,4.0,1e-06,random,rand5,12,0,1.0166225433325398
p52,2,tr,Mixed FD,scalar,4.0,1e-06,random,rand5,12,1,0.3581999636569181
p52,2,tr,Mixed FD,scalar,4.0,1e-06,random,rand5,12,2,0.07498803936758006
p52,2,tr,Mixed FD,scalar,4.0,1e-06,random,rand5,12,3,0.02340324757295809
p52,2,tr,Mixed FD,scalar,4.0,1e-06,random,rand5,12,4,0.004639310045520038
p52,2,tr,Mixed FD,scalar,4.0,1e-06,random,rand5,12,5,0.00023850046895390777
p52,2,nm,Mixed FD,scalar,8.0,1e-06,initial,xbar,13,0,1.0896961294601242
p52,2,nm,Mixed FD,scalar,8.0,1e-06,initial,xbar,13,1,0.28140360448934437
p52,2,nm,Mixed FD,scalar,8.0,1e-06,initial,xbar,13,2,0.11526569814879503
p52,2,nm,Mixed FD,scalar,8.0,1e-06,initial,xbar,13,3,0.009230462566625684
p52,2,nm,Mixed FD,scalar,8.0,1e-06,initial,xbar,13,4,9.186609882967485e-05
p52,2,nm,Mixed FD,scalar,8.0,1e-06,initial,xbar,13,5,1.419902603909524e-08
p52,2,tr,Mixed FD,scalar,8.0,1e-06,initial,xbar,13,0,0.7100198769784861
p52,2,tr,Mixed FD,scalar,8.0,1e-06,initial,xbar,13,1,0.2561926239455666
p52,2,tr,Mixed FD,scalar,8.0,1e-06,initial,xbar,13,2,0.037774267055018525
p52,2,tr,Mixed FD,scalar,8.0,1e-06,initial,xbar,13,3,0.05178903428796171
p52,2,tr,Mixed FD,scalar,8.0,1e-06,initial,xbar,13,4,0.011623380234248479
p52,2,tr,Mixed FD,scalar,8.0,1e-06,initial,xbar,13,5,0.0012206223764966698
p52,2,tr,Mixed FD,scalar,8.0,1e-06,initial,xbar,13,6,1.3701924706745239e-05
p52,2,nm,Mixed FD,scalar,8.0,1e-06,random,rand1,14,0,0.5852162867274543
p52,2,nm,Mixed FD,scalar,8.0,1e-06,random,rand1,14,1,0.21778986692588706
p52,2,nm,Mixed FD,scalar,8.0,1e-06,random,rand1,14,2,0.0794037666465979
p52,2,nm,Mixed FD,scalar,8.0,1e-06,random,rand1,14,3,0.033393798322422834
p52,2,nm,Mixed FD,scalar,8.0,1e-06,random,rand1,14,4,0.008854386221698572
p52,2,nm,Mixed FD,scalar,8.0,1e-06,random,rand1,14,5,0.0007136386197986857
p52,2,nm,Mixed FD,scalar,8.0,1e-06,random,rand1,14,6,4.6837383115843235e-06
p52,2,tr,Mixed FD,scalar,8.0,1e-06,random,rand1,14,0,0.4632465590902729
p52,2,tr,Mixed FD,scalar,8.0,1e-06,random,rand1,14,1,0.3343550673755848
p52,2,tr,Mixed FD,scalar,8.0,1e-06,random,rand1,14,2,0.07394261510237392
p52,2,tr,Mixed FD,scalar,8.0,1e-06,random,rand1,14,3,0.027587485614657688
p52,2,tr,Mixed FD,scalar,8.0,1e-06,random,rand1,14,4,0.012542486795510845
p52,2,tr,Mixed FD,scalar,8.0,1e-06,random,rand1,14,5,0.0011486830622637503
p52,2,tr,Mixed FD,scalar,8.0,1e-06,random,rand1,14,6,2.4257355493676114e-05
p52,2,nm,Mixed FD,scalar,8.0,1e-06,random,rand2,15,0,0.15803060315488335
p52,2,nm,Mixed FD,scalar,8.0,1e-06,random,rand2,15,1,0.0759741581309704
p52,2,nm,Mixed FD,scalar,8.0,1e-06,random,rand2,15,2,0.06163217142291615
p52,2,nm,Mixed FD,scalar,8.0,1e-06,random,rand2,15,3,0.08647113430787705
p52,2,nm,Mixed FD,scalar,8.0,1e-06,random,rand2,15,4,0.13447577862504595
p52,2,nm,Mixed FD,scalar,8.0,1e-06,random,rand2,15,5,0.22029258783351724
p52,2,nm,Mixed FD,scalar,8.0,1e-06,random,rand2,15,6,0.5296946641333335
p52,2,nm,Mixed FD,scalar,8.0,1e-06,random,rand2,15,7,0.03430109247884426
p52,2,nm,Mixed FD,scalar,8.0,1e-06,random,rand2,15,8,0.0032021172715191136
p52,2,nm,Mixed FD,scalar,8.0,1e-06,random,rand2,15,9,2.675043412017397e-05
p52,2,tr,Mixed FD,scalar,8.0,1e-06,random,rand2,15,0,0.25728030202997354
p52,2,tr,Mixed FD,scalar,8.0,1e-06,random,rand2,15,1,0.0389429244412797
p52,2,tr,Mixed FD,scalar,8.0,1e-06,random,rand2,15,2,0.15075813719917247
p52,2,tr,Mixed FD,scalar,8.0,1e-06,random,rand2,15,3,1.0769767634282215
p52,2,tr,Mixed FD,scalar,8.0,1e-06,random,rand2,15,4,0.13481178703046812
p52,2,tr,Mixed FD,scalar,8.0,1e-06,random,rand2,15,5,0.16808981122278044
p52,2,tr,Mixed FD,scalar,8.0,1e-06,random,rand2,15,6,0.007725391602058202
p52,2,tr,Mixed FD,scalar,8.0,1e-06,random,rand2,15,7,0.00216628177069748
p52,2,tr,Mixed FD,scalar,8.0,1e-06,random,rand2,15,8,1.1613061374431729e-06
p52,2,nm,Mixed FD,scalar,8.0,1e-06,random,rand3,16,0,0.23518186491711107
p52,2,nm,Mixed FD,scalar,8.0,1e-06,random,rand3,16,1,0.47441689801561693
p52,2,nm,Mixed FD,scalar,8.0,1e-06,random,rand3,16,2,0.03283720938822598
p52,2,nm,Mixed FD,scalar,8.0,1e-06,random,rand3,16,3,0.001253458001176236
p52,2,nm,Mixed FD,scalar,8.0,1e-06,random,rand3,16,4,2.7222420312433607e-06
p52,2,tr,Mixed FD,scalar,8.0,1e-06,random,rand3,16,0,0.7406889590228307
p52,2,tr,Mixed FD,scalar,8.0,1e-06,random,rand3,16,1,0.04999060352113256
p52,2,tr,Mixed FD,scalar,8.0,1e-06,random,rand3,16,2,0.07183108106461261
p52,2,tr,Mixed FD,scalar,8.0,1e-06,random,rand3,16,3,0.0019201145545256666
p52,2,tr,Mixed FD,scalar,8.0,1e-06,random,rand3,16,4,3.761976036147472e-06
p52,2,nm,Mixed FD,scalar,8.0,1e-06,random,rand4,17,0,0.2456444302298829
p52,2,nm,Mixed FD,scalar,8.0,1e-06,random,rand4,17,1,0.12385475784223966
p52,2,nm,Mixed FD,scalar,8.0,1e-06,random,rand4,17,2,0.06110228771166555
p52,2,nm,Mixed FD,scalar,8.0,1e-06,random,rand4,17,3,0.02344226780104461
p52,2,nm,Mixed FD,scalar,8.0,1e-06,random,rand4,17,4,0.004681475792032893
p52,2,nm,Mixed FD,scalar,8.0,1e-06,random,rand4,17,5,0.00020108340205673931
p52,2,nm,Mixed FD,scalar,8.0,1e-06,random,rand4,17,6,3.7182993552458465e-07
p52,2,tr,Mixed FD,scalar,8.0,1e-06,random,rand4,17,0,0.21410126448395317
p52,2,tr,Mixed FD,scalar,8.0,1e-06,random,rand4,17,1,0.15083293183798485
p52,2,tr,Mixed FD,scalar,8.0,1e-06,random,rand4,17,2,0.05717236743476238
p52,2,tr,Mixed FD,scalar,8.0,1e-06,random,rand4,17,3,0.024889295892536027
p52,2,tr,Mixed FD,scalar,8.0,1e-06,random,rand4,17,4,0.004955281374838782
p52,2,tr,Mixed FD,scalar,8.0,1e-06,random,rand4,17,5,0.00024213179325702477
p52,2,tr,Mixed FD,scalar,8.0,1e-06,random,rand4,17,6,4.7401669026539307e-07
p52,2,nm,Mixed FD,scalar,8.0,1e-06,random,rand5,18,0,1.313055866640858
p52,2,nm,Mixed FD,scalar,8.0,1e-06,random,rand5,18,1,0.47489735093548
p52,2,nm,Mixed FD,scalar,8.0,1e-06,random,rand5,18,2,0.17333394477807415
p52,2,nm,Mixed FD,scalar,8.0,1e-06,random,rand5,18,3,0.021504038071640086
p52,2,nm,Mixed FD,scalar,8.0,1e-06,random,rand5,18,4,0.00047484671668102075
p52,2,nm,Mixed FD,scalar,8.0,1e-06,random,rand5,18,5,3.62317792297437e-07
p52,2,tr,Mixed FD,scalar,8.0,1e-06,random,rand5,18,0,1.0166303874504485
p52,2,tr,Mixed FD,scalar,8.0,1e-06,random,rand5,18,1,0.3581798075609905
p52,2,tr,Mixed FD,scalar,8.0,1e-06,random,rand5,18,2,0.07499544517613066
p52,2,tr,Mixed FD,scalar,8.0,1e-06,random,rand5,18,3,0.02339036958527122
p52,2,tr,Mixed FD,scalar,8.0,1e-06,random,rand5,18,4,0.00465112101274505
p52,2,tr,Mixed FD,scalar,8.0,1e-06,random,rand5,18,5,0.00023363078014892907
p52,2,tr,Mixed FD,scalar,8.0,1e-06,random,rand5,18,6,4.188624971612833e-07
p52,2,nm,Mixed FD,scalar,12.0,1e-06,initial,xbar,19,0,1.089795344797922
p52,2,nm,Mixed FD,scalar,12.0,1e-06,initial,xbar,19,1,0.28100891801105804
p52,2,nm,Mixed FD,scalar,12.0,1e-06,initial,xbar,19,2,0.1152720535309966
p52,2,nm,Mixed FD,scalar,12.0,1e-06,initial,xbar,19,3,0.009175683615560476
p52,2,nm,Mixed FD,scalar,12.0,1e-06,initial,xbar,19,4,9.054611543192497e-05
p52,2,nm,Mixed FD,scalar,12.0,1e-06,initial,xbar,19,5,2.049116602547468e-08
p52,2,tr,Mixed FD,scalar,12.0,1e-06,initial,xbar,19,0,0.7100436778994034
p52,2,tr,Mixed FD,scalar,12.0,1e-06,initial,xbar,19,1,0.25616840924975837
p52,2,tr,Mixed FD,scalar,12.0,1e-06,initial,xbar,19,2,0.03777459126440161
p52,2,tr,Mixed FD,scalar,12.0,1e-06,initial,xbar,19,3,0.05178878955151524
p52,2,tr,Mixed FD,scalar,12.0,1e-06,initial,xbar,19,4,0.011623755666298101
p52,2,tr,Mixed FD,scalar,12.0,1e-06,initial,xbar,19,5,0.0012208752184148406
p52,2,tr,Mixed FD,scalar,12.0,1e-06,initial,xbar,19,6,1.3739085409350599e-05
p52,2,nm,Mixed FD,scalar,12.0,1e-06,random,rand1,20,0,0.585188243732186
p52,2,nm,Mixed FD,scalar,12.0,1e-06,random,rand1,20,1,0.2178227075656074
p52,2,nm,Mixed FD,scalar,12.0,1e-06,random,rand1,20,2,0.0793946542882711
p52,2,nm,Mixed FD,scalar,12.0,1e-06,random,rand1,20,3,0.03338404557652431
p52,2,nm,Mixed FD,scalar,12.0,1e-06,random,rand1,20,4,0.008852682984642622
p52,2,nm,Mixed FD,scalar,12.0,1e-06,random,rand1,20,5,0.0007127536333576792
p52,2,nm,Mixed FD,scalar,12.0,1e-06,random,rand1,20,6,4.69510953116607e-06
p52,2,tr,Mixed FD,scalar,12.0,1e-06,random,rand1,20,0,0.4632641526156393
p52,2,tr,Mixed FD,scalar,12.0,1e-06,random,rand1,20,1,0.33436414338575265
p52,2,tr,Mixed FD,scalar,12.0,1e-06,random,rand1,20,2,0.0739252075609025
p52,2,tr,Mixed FD,scalar,12.0,1e-06,random,rand1,20,3,0.027579237835971465
p52,2,tr,Mixed FD,scalar,12.0,1e-06,random,rand1,20,4,0.012544973203485481
p52,2,tr,Mixed FD,scalar,12.0,1e-06,random,rand1,20,5,0.0011484691749855725
p52,2,tr,Mixed FD,scalar,12.0,1e-06,random,rand1,20,6,2.5637944321359612e-05
p52,2,nm,Mixed FD,scalar,12.0,1e-06,random,rand2,21,0,0.15801971008240057
p52,2,nm,Mixed FD,scalar,12.0,1e-06,random,rand2,21,1,0.07597106436696195
p52,2,nm,Mixed FD,scalar,12.0,1e-06,random,rand2,21,2,0.061606533696466216
p52,2,nm,Mixed FD,scalar,12.0,1e-06,random,rand2,21,3,0.08641890493846034
p52,2,nm,Mixed FD,scalar,12.0,1e-06,random,rand2,21,4,0.1343965838179036
p52,2,nm,Mixed FD,scalar,12.0,1e-06,random,rand2,21,5,0.2201201056045587
p52,2,nm,Mixed FD,scalar,12.0,1e-06,random,rand2,21,6,0.510420387119957
p52,2,nm,Mixed FD,scalar,12.0,1e-06,random,rand2,21,7,0.01717782318284798
p52,2,nm,Mixed FD,scalar,12.0,1e-06,random,rand2,21,8,0.0007697225191487103
p52,2,nm,Mixed FD,scalar,12.0,1e-06,random,rand2,21,9,1.5050108204842446e-06
p52,2,tr,Mixed FD,scalar,12.0,1e-06,random,rand2,21,0,0.25726816722326634
p52,2,tr,Mixed FD,scalar,12.0,1e-06,random,rand2,21,1,0.03895187077582751
p52,2,tr,Mixed FD,scalar,12.0,1e-06,random,rand2,21,2,0.15074754369907867
p52,2,tr,Mixed FD,scalar,12.0,1e-06,random,rand2,21,3,1.0768664433934776
p52,2,tr,Mixed FD,scalar,12.0,1e-06,random,rand2,21,4,0.1347543667655224
p52,2,tr,Mixed FD,scalar,12.0,1e-06,random,rand2,21,5,0.16783505979823515
p52,2,tr,Mixed FD,scalar,12.0,1e-06,random,rand2,21,6,0.0077160866335055315
p52,2,tr,Mixed FD,scalar,12.0,1e-06,random,rand2,21,7,0.002173726733533491
p52,2,tr,Mixed FD,scalar,12.0,1e-06,random,rand2,21,8,1.0849275512898152e-06
p52,2,nm,Mixed FD,scalar,12.0,1e-06,random,rand3,22,0,0.23517359368642723
p52,2,nm,Mixed FD,scalar,12.0,1e-06,random,rand3,22,1,0.4770383860981089
p52,2,nm,Mixed FD,scalar,12.0,1e-06,random,rand3,22,2,0.0340411275665943
p52,2,nm,Mixed FD,scalar,12.0,1e-06,random,rand3,22,3,0.0015016512123884648
p52,2,nm,Mixed FD,scalar,12.0,1e-06,random,rand3,22,4,4.234081152288437e-06
p52,2,tr,Mixed FD,scalar,12.0,1e-06,random,rand3,22,0,0.7406889590228307
p52,2,tr,Mixed FD,scalar,12.0,1e-06,random,rand3,22,1,0.04999006582668312
p52,2,tr,Mixed FD,scalar,12.0,1e-06,random,rand3,22,2,0.07182479854749536
p52,2,tr,Mixed FD,scalar,12.0,1e-06,random,rand3,22,3,0.0019146250688722051
p52,2,tr,Mixed FD,scalar,12.0,1e-06,random,rand3,22,4,3.879574566909789e-06
p52,2,nm,Mixed FD,scalar,12.0,1e-06,random,rand4,23,0,0.2456552677806673
p52,2,nm,Mixed FD,scalar,12.0,1e-06,random,rand4,23,1,0.12385747044685833
p52,2,nm,Mixed FD,scalar,12.0,1e-06,random,rand4,23,2,0.06109661128483307
p52,2,nm,Mixed FD,scalar,12.0,1e-06,random,rand4,23,3,0.023436971461083218
p52,2,nm,Mixed FD,scalar,12.0,1e-06,random,rand4,23,4,0.0046805467128362725
p52,2,nm,Mixed FD,scalar,12.0,1e-06,random,rand4,23,5,0.0002013026388611515
p52,2,nm,Mixed FD,scalar,12.0,1e-06,random,rand4,23,6,3.678322280597543e-07
p52,2,tr,Mixed FD,scalar,12.0,1e-06,random,rand4,23,0,0.21411046465091824
p52,2,tr,Mixed FD,scalar,12.0,1e-06,random,rand4,23,1,0.15082441500814012
p52,2,tr,Mixed FD,scalar,12.0,1e-06,random,rand4,23,2,0.05717547160087131
p52,2,tr,Mixed FD,scalar,12.0,1e-06,random,rand4,23,3,0.024887103635169244
p52,2,tr,Mixed FD,scalar,12.0,1e-06,random,rand4,23,4,0.004954653258297292
p52,2,tr,Mixed FD,scalar,12.0,1e-06,random,rand4,23,5,0.00024276469116412742
p52,2,tr,Mixed FD,scalar,12.0,1e-06,random,rand4,23,6,4.70051168703444e-07
p52,2,nm,Mixed FD,scalar,12.0,1e-06,random,rand5,24,0,1.3130930242239713
p52,2,nm,Mixed FD,scalar,12.0,1e-06,random,rand5,24,1,0.47485754846554595
p52,2,nm,Mixed FD,scalar,12.0,1e-06,random,rand5,24,2,0.17335325597940632
p52,2,nm,Mixed FD,scalar,12.0,1e-06,random,rand5,24,3,0.021509116395130857
p52,2,nm,Mixed FD,scalar,12.0,1e-06,random,rand5,24,4,0.00047641290554304377
p52,2,nm,Mixed FD,scalar,12.0,1e-06,random,rand5,24,5,3.8468945689829795e-07
p52,2,tr,Mixed FD,scalar,12.0,1e-06,random,rand5,24,0,1.0166242665230996
p52,2,tr,Mixed FD,scalar,12.0,1e-06,random,rand5,24,1,0.35819004670774646
p52,2,tr,Mixed FD,scalar,12.0,1e-06,random,rand5,24,2,0.07499382137106293
p52,2,tr,Mixed FD,scalar,12.0,1e-06,random,rand5,24,3,0.023389232939165
p52,2,tr,Mixed FD,scalar,12.0,1e-06,random,rand5,24,4,0.0046501285441920915
p52,2,tr,Mixed FD,scalar,12.0,1e-06,random,rand5,24,5,0.00023836422998699608
p52,2,tr,Mixed FD,scalar,12.0,1e-06,random,rand5,24,6,4.113410444780538e-07
p52,2,nm,Mixed FD,adaptive,4.0,1e-06,initial,xbar,25,0,1.0896751300422831
p52,2,nm,Mixed FD,adaptive,4.0,1e-06,initial,xbar,25,1,0.2813552615158149
p52,2,nm,Mixed FD,adaptive,4.0,1e-06,initial,xbar,25,2,0.11526947856545738
p52,2,nm,Mixed FD,adaptive,4.0,1e-06,initial,xbar,25,3,0.00921757450793691
p52,2,nm,Mixed FD,adaptive,4.0,1e-06,initial,xbar,25,4,9.231192282852809e-05
p52,2,nm,Mixed FD,adaptive,4.0,1e-06,initial,xbar,25,5,3.0523451804154786e-08
p52,2,tr,Mixed FD,adaptive,4.0,1e-06,initial,xbar,25,0,0.7100200239885139
p52,2,tr,Mixed FD,adaptive,4.0,1e-06,initial,xbar,25,1,0.25620070692941277
p52,2,tr,Mixed FD,adaptive,4.0,1e-06,initial,xbar,25,2,0.03776834646973699
p52,2,tr,Mixed FD,adaptive,4.0,1e-06,initial,xbar,25,3,0.05180714691361805
p52,2,tr,Mixed FD,adaptive,4.0,1e-06,initial,xbar,25,4,0.01164056483450452
p52,2,tr,Mixed FD,adaptive,4.0,1e-06,initial,xbar,25,5,0.0012224626524277964
p52,2,tr,Mixed FD,adaptive,4.0,1e-06,initial,xbar,25,6,1.3552534929714282e-05
p52,2,nm,Mixed FD,adaptive,4.0,1e-06,random,rand1,26,0,0.5852254888571385
p52,2,nm,Mixed FD,adaptive,4.0,1e-06,random,rand1,26,1,0.21779533561039263
p52,2,nm,Mixed FD,adaptive,4.0,1e-06,random,rand1,26,2,0.07939764209510118
p52,2,nm,Mixed FD,adaptive,4.0,1e-06,random,rand1,26,3,0.03338591460063561
p52,2,nm,Mixed FD,adaptive,4.0,1e-06,random,rand1,26,4,0.00884708795572944
p52,2,nm,Mixed FD,adaptive,4.0,1e-06,random,rand1,26,5,0.0007111546360275537
p52,2,nm,Mixed FD,adaptive,4.0,1e-06,random,rand1,26,6,4.540056381460118e-06
p52,2,tr,Mixed FD,adaptive,4.0,1e-06,random,rand1,26,0,0.4632745684721256
p52,2,tr,Mixed FD,adaptive,4.0,1e-06,random,rand1,26,1,0.3343462846188728
p52,2,tr,Mixed FD,adaptive,4.0,1e-06,random,rand1,26,2,0.07393478969426202
p52,2,tr,Mixed FD,adaptive,4.0,1e-06,random,rand1,26,3,0.027583154650652985
p52,2,tr,Mixed FD,adaptive,4.0,1e-06,random,rand1,26,4,0.012545111140745802
p52,2,tr,Mixed FD,adaptive,4.0,1e-06,random,rand1,26,5,0.0011473488554419908
p52,2,tr,Mixed FD,adaptive,4.0,1e-06,random,rand1,26,6,2.4499931455972232e-05
p52,2,nm,Mixed FD,adaptive,4.0,1e-06,random,rand2,27,0,0.15803260367304875
p52,2,nm,Mixed FD,adaptive,4.0,1e-06,random,rand2,27,1,0.07597404679609264
p52,2,nm,Mixed FD,adaptive,4.0,1e-06,random,rand2,27,2,0.06163028155351696
p52,2,nm,Mixed FD,adaptive,4.0,1e-06,random,rand2,27,3,0.08646707678811931
p52,2,nm,Mixed FD,adaptive,4.0,1e-06,random,rand2,27,4,0.13446765161655422
p52,2,nm,Mixed FD,adaptive,4.0,1e-06,random,rand2,27,5,0.22027666351269198
p52,2,nm,Mixed FD,adaptive,4.0,1e-06,random,rand2,27,6,0.5328395684182675
p52,2,nm,Mixed FD,adaptive,4.0,1e-06,random,rand2,27,7,0.03687361484504913
p52,2,nm,Mixed FD,adaptive,4.0,1e-06,random,rand2,27,8,0.00372661003087818
p52,2,nm,Mixed FD,adaptive,4.0,1e-06,random,rand2,27,9,3.7223685032206e-05
p52,2,nm,Mixed FD,adaptive,4.0,1e-06,random,rand2,27,10,1.3145261575543744e-08
p52,2,tr,Mixed FD,adaptive,4.0,1e-06,random,rand2,27,0,0.25728862799200897
p52,2,tr,Mixed FD,adaptive,4.0,1e-06,random,rand2,27,1,0.03893709299909509
p52,2,tr,Mixed FD,adaptive,4.0,1e-06,random,rand2,27,2,0.15076637524266825
p52,2,tr,Mixed FD,adaptive,4.0,1e-06,random,rand2,27,3,1.0770624746995383
p52,2,tr,Mixed FD,adaptive,4.0,1e-06,random,rand2,27,4,0.13482288063581524
p52,2,tr,Mixed FD,adaptive,4.0,1e-06,random,rand2,27,5,0.1682906949244431
p52,2,tr,Mixed FD,adaptive,4.0,1e-06,random,rand2,27,6,0.00774767517963241
p52,2,tr,Mixed FD,adaptive,4.0,1e-06,random,rand2,27,7,0.002168798669440479
p52,2,tr,Mixed FD,adaptive,4.0,1e-06,random,rand2,27,8,1.2195347092940316e-06
p52,2,nm,Mixed FD,adaptive,4.0,1e-06,random,rand3,28,0,0.23517808346949573
p52,2,nm,Mixed FD,adaptive,4.0,1e-06,random,rand3,28,1,0.47378712858607164
p52,2,nm,Mixed FD,adaptive,4.0,1e-06,random,rand3,28,2,0.03256112194194672
p52,2,nm,Mixed FD,adaptive,4.0,1e-06,random,rand3,28,3,0.0012002436229477476
p52,2,nm,Mixed FD,adaptive,4.0,1e-06,random,rand3,28,4,2.6464167950464024e-06
p52,2,tr,Mixed FD,adaptive,4.0,1e-06,random,rand3,28,0,0.7406889590228307
p52,2,tr,Mixed FD,adaptive,4.0,1e-06,random,rand3,28,1,0.049979262562456016
p52,2,tr,Mixed FD,adaptive,4.0,1e-06,random,rand3,28,2,0.07183667457865159
p52,2,tr,Mixed FD,adaptive,4.0,1e-06,random,rand3,28,3,0.001920022901514051
p52,2,tr,Mixed FD,adaptive,4.0,1e-06,random,rand3,28,4,3.882996735053882e-06
p52,2,nm,Mixed FD,adaptive,4.0,1e-06,random,rand4,29,0,0.24566260776493168
p52,2,nm,Mixed FD,adaptive,4.0,1e-06,random,rand4,29,1,0.12385573443982227
p52,2,nm,Mixed FD,adaptive,4.0,1e-06,random,rand4,29,2,0.06109654315307049
p52,2,nm,Mixed FD,adaptive,4.0,1e-06,random,rand4,29,3,0.023434542693467952
p52,2,nm,Mixed FD,adaptive,4.0,1e-06,random,rand4,29,4,0.004675638610589986
p52,2,nm,Mixed FD,adaptive,4.0,1e-06,random,rand4,29,5,0.00019986569438565837
p52,2,nm,Mixed FD,adaptive,4.0,1e-06,random,rand4,29,6,3.360554359179361e-07
p52,2,tr,Mixed FD,adaptive,4.0,1e-06,random,rand4,29,0,0.21412166049971523
p52,2,tr,Mixed FD,adaptive,4.0,1e-06,random,rand4,29,1,0.15083650742456092
p52,2,tr,Mixed FD,adaptive,4.0,1e-06,random,rand4,29,2,0.05716044817306772
p52,2,tr,Mixed FD,adaptive,4.0,1e-06,random,rand4,29,3,0.024884748207535452
p52,2,tr,Mixed FD,adaptive,4.0,1e-06,random,rand4,29,4,0.004950270797981153
p52,2,tr,Mixed FD,adaptive,4.0,1e-06,random,rand4,29,5,0.0002406302041304918
p52,2,tr,Mixed FD,adaptive,4.0,1e-06,random,rand4,29,6,4.3185083673674445e-07
p52,2,nm,Mixed FD,adaptive,4.0,1e-06,random,rand5,30,0,1.3129418201039804
p52,2,nm,Mixed FD,adaptive,4.0,1e-06,random,rand5,30,1,0.4749851802649916
p52,2,nm,Mixed FD,adaptive,4.0,1e-06,random,rand5,30,2,0.17330368813765062
p52,2,nm,Mixed FD,adaptive,4.0,1e-06,random,rand5,30,3,0.02149378075835656
p52,2,nm,Mixed FD,adaptive,4.0,1e-06,random,rand5,30,4,0.0004761778117074555
p52,2,nm,Mixed FD,adaptive,4.0,1e-06,random,rand5,30,5,4.3857093875417903e-07
p52,2,tr,Mixed FD,adaptive,4.0,1e-06,random,rand5,30,0,1.0166283977638402
p52,2,tr,Mixed FD,adaptive,4.0,1e-06,random,rand5,30,1,0.3581894278759732
p52,2,tr,Mixed FD,adaptive,4.0,1e-06,random,rand5,30,2,0.07499160542410425
p52,2,tr,Mixed FD,adaptive,4.0,1e-06,random,rand5,30,3,0.023392260488158623
p52,2,tr,Mixed FD,adaptive,4.0,1e-06,random,rand5,30,4,0.004647300658679688
p52,2,tr,Mixed FD,adaptive,4.0,1e-06,random,rand5,30,5,0.0002397076942122438
p52,2,tr,Mixed FD,adaptive,4.0,1e-06,random,rand5,30,6,3.892841301263938e-07
p52,2,nm,Mixed FD,adaptive,8.0,1e-06,initial,xbar,31,0,1.0896920316317353
p52,2,nm,Mixed FD,adaptive,8.0,1e-06,initial,xbar,31,1,0.28142198868979884
p52,2,nm,Mixed FD,adaptive,8.0,1e-06,initial,xbar,31,2,0.11526541062326019
p52,2,nm,Mixed FD,adaptive,8.0,1e-06,initial,xbar,31,3,0.009232816563378078
p52,2,nm,Mixed FD,adaptive,8.0,1e-06,initial,xbar,31,4,9.193084391882144e-05
p52,2,nm,Mixed FD,adaptive,8.0,1e-06,initial,xbar,31,5,1.4222121905801667e-08
p52,2,tr,Mixed FD,adaptive,8.0,1e-06,initial,xbar,31,0,0.7100198715136479
p52,2,tr,Mixed FD,adaptive,8.0,1e-06,initial,xbar,31,1,0.25619262765898604
p52,2,tr,Mixed FD,adaptive,8.0,1e-06,initial,xbar,31,2,0.037774269174384444
p52,2,tr,Mixed FD,adaptive,8.0,1e-06,initial,xbar,31,3,0.051789024599230446
p52,2,tr,Mixed FD,adaptive,8.0,1e-06,initial,xbar,31,4,0.011623371726026444
p52,2,tr,Mixed FD,adaptive,8.0,1e-06,initial,xbar,31,5,0.0012206210621416688
p52,2,tr,Mixed FD,adaptive,8.0,1e-06,initial,xbar,31,6,1.370196392187967e-05
p52,2,nm,Mixed FD,adaptive,8.0,1e-06,random,rand1,32,0,0.585216275202463
p52,2,nm,Mixed FD,adaptive,8.0,1e-06,random,rand1,32,1,0.21778987056368002
p52,2,nm,Mixed FD,adaptive,8.0,1e-06,random,rand1,32,2,0.07940376726556855
p52,2,nm,Mixed FD,adaptive,8.0,1e-06,random,rand1,32,3,0.033393798412711506
p52,2,nm,Mixed FD,adaptive,8.0,1e-06,random,rand1,32,4,0.008854387811870725
p52,2,nm,Mixed FD,adaptive,8.0,1e-06,random,rand1,32,5,0.0007136394527289978
p52,2,nm,Mixed FD,adaptive,8.0,1e-06,random,rand1,32,6,4.683812524435792e-06
p52,2,tr,Mixed FD,adaptive,8.0,1e-06,random,rand1,32,0,0.4632465559867045
p52,2,tr,Mixed FD,adaptive,8.0,1e-06,random,rand1,32,1,0.3343550649158868
p52,2,tr,Mixed FD,adaptive,8.0,1e-06,random,rand1,32,2,0.0739426184384141
p52,2,tr,Mixed FD,adaptive,8.0,1e-06,random,rand1,32,3,0.02758748710659833
p52,2,tr,Mixed FD,adaptive,8.0,1e-06,random,rand1,32,4,0.012542486585479457
p52,2,tr,Mixed FD,adaptive,8.0,1e-06,random,rand1,32,5,0.0011486828498276285
p52,2,tr,Mixed FD,adaptive,8.0,1e-06,random,rand1,32,6,2.4258302699316435e-05
p52,2,nm,Mixed FD,adaptive,8.0,1e-06,random,rand2,33,0,0.15803058443751752
p52,2,nm,Mixed FD,adaptive,8.0,1e-06,random,rand2,33,1,0.07597415050321775
p52,2,nm,Mixed FD,adaptive,8.0,1e-06,random,rand2,33,2,0.0616320564709621
p52,2,nm,Mixed FD,adaptive,8.0,1e-06,random,rand2,33,3,0.08647096150890095
p52,2,nm,Mixed FD,adaptive,8.0,1e-06,random,rand2,33,4,0.13447549831095984
p52,2,nm,Mixed FD,adaptive,8.0,1e-06,random,rand2,33,5,0.2202920374335926
p52,2,nm,Mixed FD,adaptive,8.0,1e-06,random,rand2,33,6,0.5295945326427356
p52,2,nm,Mixed FD,adaptive,8.0,1e-06,random,rand2,33,7,0.03421637023765196
p52,2,nm,Mixed FD,adaptive,8.0,1e-06,random,rand2,33,8,0.0031858408173490635
p52,2,nm,Mixed FD,adaptive,8.0,1e-06,random,rand2,33,9,2.647847404589699e-05
p52,2,tr,Mixed FD,adaptive,8.0,1e-06,random,rand2,33,0,0.2572803064998308
p52,2,tr,Mixed FD,adaptive,8.0,1e-06,random,rand2,33,1,0.038942921495570146
p52,2,tr,Mixed FD,adaptive,8.0,1e-06,random,rand2,33,2,0.15075814219959996
p52,2,tr,Mixed FD,adaptive,8.0,1e-06,random,rand2,33,3,1.0769768154186088
p52,2,tr,Mixed FD,adaptive,8.0,1e-06,random,rand2,33,4,0.13481181199053824
p52,2,tr,Mixed FD,adaptive,8.0,1e-06,random,rand2,33,5,0.16808992995361774
p52,2,tr,Mixed FD,adaptive,8.0,1e-06,random,rand2,33,6,0.007725397575957545
p52,2,tr,Mixed FD,adaptive,8.0,1e-06,random,rand2,33,7,0.002166282577349876
p52,2,tr,Mixed FD,adaptive,8.0,1e-06,random,rand2,33,8,1.1613223400740897e-06
p52,2,nm,Mixed FD,adaptive,8.0,1e-06,random,rand3,34,0,0.23518186725269774
p52,2,nm,Mixed FD,adaptive,8.0,1e-06,random,rand3,34,1,0.47441685283022217
p52,2,nm,Mixed FD,adaptive,8.0,1e-06,random,rand3,34,2,0.03283719045564884
p52,2,nm,Mixed FD,adaptive,8.0,1e-06,random,rand3,34,3,0.0012534544344630675
p52,2,nm,Mixed FD,adaptive,8.0,1e-06,random,rand3,34,4,2.7222229810628488e-06
p52,2,tr,Mixed FD,adaptive,8.0,1e-06,random,rand3,34,0,0.7406889590228307
p52,2,tr,Mixed FD,adaptive,8.0,1e-06,random,rand3,34,1,0.04999060298697072
p52,2,tr,Mixed FD,adaptive,8.0,1e-06,random,rand3,34,2,0.07183108018841564
p52,2,tr,Mixed FD,adaptive,8.0,1e-06,random,rand3,34,3,0.001920113602999333
p52,2,tr,Mixed FD,adaptive,8.0,1e-06,random,rand3,34,4,3.7619685876832047e-06
p52,2,nm,Mixed FD,adaptive,8.0,1e-06,random,rand4,35,0,0.24564443005232817
p52,2,nm,Mixed FD,adaptive,8.0,1e-06,random,rand4,35,1,0.12385475709637904
p52,2,nm,Mixed FD,adaptive,8.0,1e-06,random,rand4,35,2,0.06110228573798561
p52,2,nm,Mixed FD,adaptive,8.0,1e-06,random,rand4,35,3,0.023442268128610194
p52,2,nm,Mixed FD,adaptive,8.0,1e-06,random,rand4,35,4,0.004681477143297307
p52,2,nm,Mixed FD,adaptive,8.0,1e-06,random,rand4,35,5,0.00020108395250013317
p52,2,nm,Mixed FD,adaptive,8.0,1e-06,random,rand4,35,6,3.7185015905695654e-07
p52,2,tr,Mixed FD,adaptive,8.0,1e-06,random,rand4,35,0,0.2141012652099507
p52,2,tr,Mixed FD,adaptive,8.0,1e-06,random,rand4,35,1,0.15083292904660595
p52,2,tr,Mixed FD,adaptive,8.0,1e-06,random,rand4,35,2,0.05717236756098522
p52,2,tr,Mixed FD,adaptive,8.0,1e-06,random,rand4,35,3,0.02488929646460902
p52,2,tr,Mixed FD,adaptive,8.0,1e-06,random,rand4,35,4,0.004955282451979243
p52,2,tr,Mixed FD,adaptive,8.0,1e-06,random,rand4,35,5,0.00024213123880815235
p52,2,tr,Mixed FD,adaptive,8.0,1e-06,random,rand4,35,6,4.7403455477110266e-07
p52,2,nm,Mixed FD,adaptive,8.0,1e-06,random,rand5,36,0,1.3130654184610733
p52,2,nm,Mixed FD,adaptive,8.0,1e-06,random,rand5,36,1,0.4748912736211097
p52,2,nm,Mixed FD,adaptive,8.0,1e-06,random,rand5,36,2,0.17333600871038127
p52,2,nm,Mixed FD,adaptive,8.0,1e-06,random,rand5,36,3,0.021504837724979693
p52,2,nm,Mixed FD,adaptive,8.0,1e-06,random,rand5,36,4,0.00047488541919379863
p52,2,nm,Mixed FD,adaptive,8.0,1e-06,random,rand5,36,5,3.623821747266417e-07
p52,2,tr,Mixed FD,adaptive,8.0,1e-06,random,rand5,36,0,1.016630208488414
p52,2,tr,Mixed FD,adaptive,8.0,1e-06,random,rand5,36,1,0.3581799305764597
p52,2,tr,Mixed FD,adaptive,8.0,1e-06,random,rand5,36,2,0.07499549100858974
p52,2,tr,Mixed FD,adaptive,8.0,1e-06,random,rand5,36,3,0.023390367968088126
p52,2,tr,Mixed FD,adaptive,8.0,1e-06,random,rand5,36,4,0.0046511241479953455
p52,2,tr,Mixed FD,adaptive,8.0,1e-06,random,rand5,36,5,0.00023361966672073717
p52,2,tr,Mixed FD,adaptive,8.0,1e-06,random,rand5,36,6,4.188741035304103e-07
p52,2,nm,Mixed FD,adaptive,12.0,1e-06,initial,xbar,37,0,1.1394620213687356
p52,2,nm,Mixed FD,adaptive,12.0,1e-06,initial,xbar,37,1,0.25714123118882865
p52,2,nm,Mixed FD,adaptive,12.0,1e-06,initial,xbar,37,2,0.06980855186192178
p52,2,nm,Mixed FD,adaptive,12.0,1e-06,initial,xbar,37,3,0.005272658002289591
p52,2,nm,Mixed FD,adaptive,12.0,1e-06,initial,xbar,37,4,4.41507452027954e-05
p52,2,tr,Mixed FD,adaptive,12.0,1e-06,initial,xbar,37,0,0.7132928899758153
p52,2,tr,Mixed FD,adaptive,12.0,1e-06,initial,xbar,37,1,0.25373244855080584
p52,2,tr,Mixed FD,adaptive,12.0,1e-06,initial,xbar,37,2,0.03704253918938864
p52,2,tr,Mixed FD,adaptive,12.0,1e-06,initial,xbar,37,3,0.05105308253327528
p52,2,tr,Mixed FD,adaptive,12.0,1e-06,initial,xbar,37,4,0.011165759288033475
p52,2,tr,Mixed FD,adaptive,12.0,1e-06,initial,xbar,37,5,0.0011248601726165678
p52,2,tr,Mixed FD,adaptive,12.0,1e-06,initial,xbar,37,6,1.165228096542315e-05
p52,2,nm,Mixed FD,adaptive,12.0,1e-06,random,rand1,38,0,0.5852482140196539
p52,2,nm,Mixed FD,adaptive,12.0,1e-06,random,rand1,38,1,0.2177373572615955
p52,2,nm,Mixed FD,adaptive,12.0,1e-06,random,rand1,38,2,0.07940203083648534
p52,2,nm,Mixed FD,adaptive,12.0,1e-06,random,rand1,38,3,0.03340116944647928
p52,2,nm,Mixed FD,adaptive,12.0,1e-06,random,rand1,38,4,0.008855273831591196
p52,2,nm,Mixed FD,adaptive,12.0,1e-06,random,rand1,38,5,0.0007149741443086456
p52,2,nm,Mixed FD,adaptive,12.0,1e-06,random,rand1,38,6,4.547365025778818e-06
p52,2,tr,Mixed FD,adaptive,12.0,1e-06,random,rand1,38,0,0.46328635672227364
p52,2,tr,Mixed FD,adaptive,12.0,1e-06,random,rand1,38,1,0.33428847978790477
p52,2,tr,Mixed FD,adaptive,12.0,1e-06,random,rand1,38,2,0.07396709352674506
p52,2,tr,Mixed FD,adaptive,12.0,1e-06,random,rand1,38,3,0.02758908921247856
p52,2,tr,Mixed FD,adaptive,12.0,1e-06,random,rand1,38,4,0.012546334120624166
p52,2,tr,Mixed FD,adaptive,12.0,1e-06,random,rand1,38,5,0.0011500952273331487
p52,2,tr,Mixed FD,adaptive,12.0,1e-06,random,rand1,38,6,1.2112178304578756e-05
p52,2,nm,Mixed FD,adaptive,12.0,1e-06,random,rand2,39,0,0.15800460719975057
p52,2,nm,Mixed FD,adaptive,12.0,1e-06,random,rand2,39,1,0.0759099480910121
p52,2,nm,Mixed FD,adaptive,12.0,1e-06,random,rand2,39,2,0.06141099420574917
p52,2,nm,Mixed FD,adaptive,12.0,1e-06,random,rand2,39,3,0.08621346223424253
p52,2,nm,Mixed FD,adaptive,12.0,1e-06,random,rand2,39,4,0.13397067024515627
p52,2,nm,Mixed FD,adaptive,12.0,1e-06,random,rand2,39,5,0.21929529193225517
p52,2,nm,Mixed FD,adaptive,12.0,1e-06,random,rand2,39,6,0.6670993512801646
p52,2,nm,Mixed FD,adaptive,12.0,1e-06,random,rand2,39,7,0.12326774926026404
p52,2,nm,Mixed FD,adaptive,12.0,1e-06,random,rand2,39,8,0.04401264395153591
p52,2,nm,Mixed FD,adaptive,12.0,1e-06,random,rand2,39,9,0.00538818722671004
p52,2,nm,Mixed FD,adaptive,12.0,1e-06,random,rand2,39,10,7.562444579268326e-05
p52,2,nm,Mixed FD,adaptive,12.0,1e-06,random,rand2,39,11,1.1601425656736575e-08
p52,2,tr,Mixed FD,adaptive,12.0,1e-06,random,rand2,39,0,0.25727314521379213
p52,2,tr,Mixed FD,adaptive,12.0,1e-06,random,rand2,39,1,0.03893791957993962
p52,2,tr,Mixed FD,adaptive,12.0,1e-06,random,rand2,39,2,0.15071974688627143
p52,2,tr,Mixed FD,adaptive,12.0,1e-06,random,rand2,39,3,1.0765792640127265
p52,2,tr,Mixed FD,adaptive,12.0,1e-06,random,rand2,39,4,0.1346181673401881
p52,2,tr,Mixed FD,adaptive,12.0,1e-06,random,rand2,39,5,0.16707656952150682
p52,2,tr,Mixed FD,adaptive,12.0,1e-06,random,rand2,39,6,0.007686006889018958
p52,2,tr,Mixed FD,adaptive,12.0,1e-06,random,rand2,39,7,0.002175737021727002
p52,2,tr,Mixed FD,adaptive,12.0,1e-06,random,rand2,39,8,1.3494350024959224e-06
p52,2,nm,Mixed FD,adaptive,12.0,1e-06,random,rand3,40,0,0.2351741433255854
p52,2,nm,Mixed FD,adaptive,12.0,1e-06,random,rand3,40,1,0.4762763088367051
p52,2,nm,Mixed FD,adaptive,12.0,1e-06,random,rand3,40,2,0.03368090940160247
p52,2,nm,Mixed FD,adaptive,12.0,1e-06,random,rand3,40,3,0.0014268537494254111
p52,2,nm,Mixed FD,adaptive,12.0,1e-06,random,rand3,40,4,3.7592747039472848e-06
p52,2,tr,Mixed FD,adaptive,12.0,1e-06,random,rand3,40,0,0.7406889590228307
p52,2,tr,Mixed FD,adaptive,12.0,1e-06,random,rand3,40,1,0.049994672633894614
p52,2,tr,Mixed FD,adaptive,12.0,1e-06,random,rand3,40,2,0.07182071731025254
p52,2,tr,Mixed FD,adaptive,12.0,1e-06,random,rand3,40,3,0.0019112948292699515
p52,2,tr,Mixed FD,adaptive,12.0,1e-06,random,rand3,40,4,3.814985499026448e-06
p52,2,nm,Mixed FD,adaptive,12.0,1e-06,random,rand4,41,0,0.24569559487248543
p52,2,nm,Mixed FD,adaptive,12.0,1e-06,random,rand4,41,1,0.123815984135449
p52,2,nm,Mixed FD,adaptive,12.0,1e-06,random,rand4,41,2,0.061090052871760975
p52,2,nm,Mixed FD,adaptive,12.0,1e-06,random,rand4,41,3,0.02343645013387093
p52,2,nm,Mixed FD,adaptive,12.0,1e-06,random,rand4,41,4,0.00468178382035626
p52,2,nm,Mixed FD,adaptive,12.0,1e-06,random,rand4,41,5,0.00020100273770610558
p52,2,nm,Mixed FD,adaptive,12.0,1e-06,random,rand4,41,6,3.3742208368242025e-07
p52,2,tr,Mixed FD,adaptive,12.0,1e-06,random,rand4,41,0,0.21416007285878927
p52,2,tr,Mixed FD,adaptive,12.0,1e-06,random,rand4,41,1,0.15083504960995087
p52,2,tr,Mixed FD,adaptive,12.0,1e-06,random,rand4,41,2,0.0571331128273986
p52,2,tr,Mixed FD,adaptive,12.0,1e-06,random,rand4,41,3,0.02487113500965438
p52,2,tr,Mixed FD,adaptive,12.0,1e-06,random,rand4,41,4,0.004950825987628034
p52,2,tr,Mixed FD,adaptive,12.0,1e-06,random,rand4,41,5,0.00024454291597748217
p52,2,tr,Mixed FD,adaptive,12.0,1e-06,random,rand4,41,6,4.168657928310553e-07
p52,2,nm,Mixed FD,adaptive,12.0,1e-06,random,rand5,42,0,1.2738162474904393
p52,2,nm,Mixed FD,adaptive,12.0,1e-06,random,rand5,42,1,0.5011936660692495
p52,2,nm,Mixed FD,adaptive,12.0,1e-06,random,rand5,42,2,0.1642683500858966
p52,2,nm,Mixed FD,adaptive,12.0,1e-06,random,rand5,42,3,0.01868042304856873
p52,2,nm,Mixed FD,adaptive,12.0,1e-06,random,rand5,42,4,0.0003534011025088123
p52,2,nm,Mixed FD,adaptive,12.0,1e-06,random,rand5,42,5,2.022721701417278e-07
p52,2,tr,Mixed FD,adaptive,12.0,1e-06,random,rand5,42,0,1.0172022555885494
p52,2,tr,Mixed FD,adaptive,12.0,1e-06,random,rand5,42,1,0.35780292805845965
p52,2,tr,Mixed FD,adaptive,12.0,1e-06,random,rand5,42,2,0.07483363768115707
p52,2,tr,Mixed FD,adaptive,12.0,1e-06,random,rand5,42,3,0.02338766859203035
p52,2,tr,Mixed FD,adaptive,12.0,1e-06,random,rand5,42,4,0.004643638788937331
p52,2,tr,Mixed FD,adaptive,12.0,1e-06,random,rand5,42,5,0.00027809599940189963
p52,2,tr,Mixed FD,adaptive,12.0,1e-06,random,rand5,42,6,3.8314458329593227e-07
p52,2,nm,Full FD,scalar,4.0,1e-06,initial,xbar,43,0,1.0875690344226712
p52,2,nm,Full FD,scalar,4.0,1e-06,initial,xbar,43,1,0.2909444415920642
p52,2,nm,Full FD,scalar,4.0,1e-06,initial,xbar,43,2,0.11529433387759483
p52,2,nm,Full FD,scalar,4.0,1e-06,initial,xbar,43,3,0.010511323142496231
p52,2,nm,Full FD,scalar,4.0,1e-06,initial,xbar,43,4,0.00013286786278747775
p52,2,nm,Full FD,scalar,4.0,1e-06,initial,xbar,43,5,5.6137339075373055e-08
p52,2,tr,Full FD,scalar,4.0,1e-06,initial,xbar,43,0,0.7100346501896264
p52,2,tr,Full FD,scalar,4.0,1e-06,initial,xbar,43,1,0.2561933541902377
p52,2,tr,Full FD,scalar,4.0,1e-06,initial,xbar,43,2,0.037762372713374015
p52,2,tr,Full FD,scalar,4.0,1e-06,initial,xbar,43,3,0.05194264726709549
p52,2,tr,Full FD,scalar,4.0,1e-06,initial,xbar,43,4,0.011760395956183394
p52,2,tr,Full FD,scalar,4.0,1e-06,initial,xbar,43,5,0.0012397456264208878
p52,2,tr,Full FD,scalar,4.0,1e-06,initial,xbar,43,6,1.3011529380527078e-05
p52,2,nm,Full FD,scalar,4.0,1e-06,random,rand1,44,0,0.5852409370414222
p52,2,nm,Full FD,scalar,4.0,1e-06,random,rand1,44,1,0.2177960341772531
p52,2,nm,Full FD,scalar,4.0,1e-06,random,rand1,44,2,0.0794013648835465
p52,2,nm,Full FD,scalar,4.0,1e-06,random,rand1,44,3,0.03338144692612064
p52,2,nm,Full FD,scalar,4.0,1e-06,random,rand1,44,4,0.008832637566514147
p52,2,nm,Full FD,scalar,4.0,1e-06,random,rand1,44,5,0.0007028983352665888
p52,2,nm,Full FD,scalar,4.0,1e-06,random,rand1,44,6,3.90386042115945e-06
p52,2,tr,Full FD,scalar,4.0,1e-06,random,rand1,44,0,0.46329682830444985
p52,2,tr,Full FD,scalar,4.0,1e-06,random,rand1,44,1,0.334339770517559
p52,2,tr,Full FD,scalar,4.0,1e-06,random,rand1,44,2,0.07393175798864816
p52,2,tr,Full FD,scalar,4.0,1e-06,random,rand1,44,3,0.027583490785949617
p52,2,tr,Full FD,scalar,4.0,1e-06,random,rand1,44,4,0.012550745264513654
p52,2,tr,Full FD,scalar,4.0,1e-06,random,rand1,44,5,0.001140906647036579
p52,2,tr,Full FD,scalar,4.0,1e-06,random,rand1,44,6,2.3644734459588253e-05
p52,2,nm,Full FD,scalar,4.0,1e-06,random,rand2,45,0,0.15799486257931616
p52,2,nm,Full FD,scalar,4.0,1e-06,random,rand2,45,1,0.07596750808929195
p52,2,nm,Full FD,scalar,4.0,1e-06,random,rand2,45,2,0.061591347981068
p52,2,nm,Full FD,scalar,4.0,1e-06,random,rand2,45,3,0.08639026257491941
p52,2,nm,Full FD,scalar,4.0,1e-06,random,rand2,45,4,0.1343439745420127
p52,2,nm,Full FD,scalar,4.0,1e-06,random,rand2,45,5,0.22004494918609163
p52,2,nm,Full FD,scalar,4.0,1e-06,random,rand2,45,6,0.4944581279351785
p52,2,nm,Full FD,scalar,4.0,1e-06,random,rand2,45,7,0.0030296149322711985
p52,2,nm,Full FD,scalar,4.0,1e-06,random,rand2,45,8,8.508110040839253e-06
p52,2,tr,Full FD,scalar,4.0,1e-06,random,rand2,45,0,0.2572921273589406
p52,2,tr,Full FD,scalar,4.0,1e-06,random,rand2,45,1,0.038934277640711466
p52,2,tr,Full FD,scalar,4.0,1e-06,random,rand2,45,2,0.15076890496626655
p52,2,tr,Full FD,scalar,4.0,1e-06,random,rand2,45,3,1.077088856462494
p52,2,tr,Full FD,scalar,4.0,1e-06,random,rand2,45,4,0.13483997063372724
p52,2,tr,Full FD,scalar,4.0,1e-06,random,rand2,45,5,0.16834060562113806
p52,2,tr,Full FD,scalar,4.0,1e-06,random,rand2,45,6,0.00774931094717627
p52,2,tr,Full FD,scalar,4.0,1e-06,random,rand2,45,7,0.0021688986798511006
p52,2,tr,Full FD,scalar,4.0,1e-06,random,rand2,45,8,1.2194500300580903e-06
p52,2,nm,Full FD,scalar,4.0,1e-06,random,rand3,46,0,0.23517003437726997
p52,2,nm,Full FD,scalar,4.0,1e-06,random,rand3,46,1,0.4737626060450637
p52,2,nm,Full FD,scalar,4.0,1e-06,random,rand3,46,2,0.03254782262446412
p52,2,nm,Full FD,scalar,4.0,1e-06,random,rand3,46,3,0.0011973760882735796
p52,2,nm,Full FD,scalar,4.0,1e-06,random,rand3,46,4,2.6312845812179102e-06
p52,2,tr,Full FD,scalar,4.0,1e-06,random,rand3,46,0,0.740688971720752
p52,2,tr,Full FD,scalar,4.0,1e-06,random,rand3,46,1,0.04997967388582503
p52,2,tr,Full FD,scalar,4.0,1e-06,random,rand3,46,2,0.07183640673134518
p52,2,tr,Full FD,scalar,4.0,1e-06,random,rand3,46,3,0.001919919439378178
p52,2,tr,Full FD,scalar,4.0,1e-06,random,rand3,46,4,3.882342115960215e-06
p52,2,nm,Full FD,scalar,4.0,1e-06,random,rand4,47,0,0.24567438693802954
p52,2,nm,Full FD,scalar,4.0,1e-06,random,rand4,47,1,0.12386550757818739
p52,2,nm,Full FD,scalar,4.0,1e-06,random,rand4,47,2,0.061099384978959774
p52,2,nm,Full FD,scalar,4.0,1e-06,random,rand4,47,3,0.02342677927806928
p52,2,nm,Full FD,scalar,4.0,1e-06,random,rand4,47,4,0.004661262740550494
p52,2,nm,Full FD,scalar,4.0,1e-06,random,rand4,47,5,0.0001952886442977323
p52,2,tr,Full FD,scalar,4.0,1e-06,random,rand4,47,0,0.21413669484384015
p52,2,tr,Full FD,scalar,4.0,1e-06,random,rand4,47,1,0.15084759831960118
p52,2,tr,Full FD,scalar,4.0,1e-06,random,rand4,47,2,0.057152571429105965
p52,2,tr,Full FD,scalar,4.0,1e-06,random,rand4,47,3,0.024885707335191597
p52,2,tr,Full FD,scalar,4.0,1e-06,random,rand4,47,4,0.004938462110324531
p52,2,tr,Full FD,scalar,4.0,1e-06,random,rand4,47,5,0.00023594609725324553
p52,2,nm,Full FD,scalar,4.0,1e-06,random,rand5,48,0,1.3147674114306716
p52,2,nm,Full FD,scalar,4.0,1e-06,random,rand5,48,1,0.47385775960848175
p52,2,nm,Full FD,scalar,4.0,1e-06,random,rand5,48,2,0.1737248740608975
p52,2,nm,Full FD,scalar,4.0,1e-06,random,rand5,48,3,0.021655705116773526
p52,2,nm,Full FD,scalar,4.0,1e-06,random,rand5,48,4,0.0004840823624104131
p52,2,nm,Full FD,scalar,4.0,1e-06,random,rand5,48,5,4.523672966528107e-07
p52,2,tr,Full FD,scalar,4.0,1e-06,random,rand5,48,0,1.0166225368438078
p52,2,tr,Full FD,scalar,4.0,1e-06,random,rand5,48,1,0.3581999708829243
p52,2,tr,Full FD,scalar,4.0,1e-06,random,rand5,48,2,0.0749880413136547
p52,2,tr,Full FD,scalar,4.0,1e-06,random,rand5,48,3,0.0234032585317843
p52,2,tr,Full FD,scalar,4.0,1e-06,random,rand5,48,4,0.004639315092996962
p52,2,tr,Full FD,scalar,4.0,1e-06,random,rand5,48,5,0.0002385034457712901
p52,2,nm,Full FD,scalar,8.0,1e-06,initial,xbar,49,0,0.8776197748584506
p52,2,nm,Full FD,scalar,8.0,1e-06,initial,xbar,49,1,0.09746451454623589
p52,2,nm,Full FD,scalar,8.0,1e-06,initial,xbar,49,2,0.10627890323867283
p52,2,nm,Full FD,scalar,8.0,1e-06,initial,xbar,49,3,0.054199909969183245
p52,2,nm,Full FD,scalar,8.0,1e-06,initial,xbar,49,4,0.09383789656380068
p52,2,nm,Full FD,scalar,8.0,1e-06,initial,xbar,49,5,0.08746328035429744
p52,2,nm,Full FD,scalar,8.0,1e-06,initial,xbar,49,6,0.06962531570310977
p52,2,nm,Full FD,scalar,8.0,1e-06,initial,xbar,49,7,0.021715975598631802
p52,2,nm,Full FD,scalar,8.0,1e-06,initial,xbar,49,8,0.01454790227833289
p52,2,nm,Full FD,scalar,8.0,1e-06,initial,xbar,49,9,0.0031331168057166362
p52,2,nm,Full FD,scalar,8.0,1e-06,initial,xbar,49,10,0.001136383424531175
p52,2,nm,Full FD,scalar,8.0,1e-06,initial,xbar,49,11,0.0013165992159592551
p52,2,nm,Full FD,scalar,8.0,1e-06,initial,xbar,49,12,0.001724428758141257
p52,2,nm,Full FD,scalar,8.0,1e-06,initial,xbar,49,13,0.0002285408416446489
p52,2,nm,Full FD,scalar,8.0,1e-06,initial,xbar,49,14,0.00037879951960198267
p52,2,nm,Full FD,scalar,8.0,1e-06,initial,xbar,49,15,9.397104916612771e-05
p52,2,nm,Full FD,scalar,8.0,1e-06,initial,xbar,49,16,0.00017315710222431247
p52,2,nm,Full FD,scalar,8.0,1e-06,initial,xbar,49,17,3.152972117415404e-05
p52,2,nm,Full FD,scalar,8.0,1e-06,initial,xbar,49,18,5.330658837984643e-05
p52,2,nm,Full FD,scalar,8.0,1e-06,initial,xbar,49,19,6.409891084339369e-05
p52,2,nm,Full FD,scalar,8.0,1e-06,initial,xbar,49,20,2.032649345091969e-05
p52,2,nm,Full FD,scalar,8.0,1e-06,initial,xbar,49,21,4.666317064224982e-06
p52,2,nm,Full FD,scalar,8.0,1e-06,initial,xbar,49,22,1.0095719506976469e-05
p52,2,nm,Full FD,scalar,8.0,1e-06,initial,xbar,49,23,3.2052406358432937e-06
p52,2,nm,Full FD,scalar,8.0,1e-06,initial,xbar,49,24,8.70214814827398e-07
p52,2,nm,Full FD,scalar,8.0,1e-06,initial,xbar,49,25,2.268483720616259e-06
p52,2,nm,Full FD,scalar,8.0,1e-06,initial,xbar,49,26,1.3640330076603869e-06
p52,2,nm,Full FD,scalar,8.0,1e-06,initial,xbar,49,27,4.2195489112843984e-07
p52,2,nm,Full FD,scalar,8.0,1e-06,initial,xbar,49,28,2.0583366250298133e-07
p52,2,nm,Full FD,scalar,8.0,1e-06,initial,xbar,49,29,2.966391946365192e-07
p52,2,tr,Full FD,scalar,8.0,1e-06,initial,xbar,49,0,0.8380712292845189
p52,2,tr,Full FD,scalar,8.0,1e-06,initial,xbar,49,1,0.10238170123322354
p52,2,tr,Full FD,scalar,8.0,1e-06,initial,xbar,49,2,0.08574043913531038
p52,2,tr,Full FD,scalar,8.0,1e-06,initial,xbar,49,3,0.0446460296869601
p52,2,tr,Full FD,scalar,8.0,1e-06,initial,xbar,49,4,0.015692298657487697
p52,2,tr,Full FD,scalar,8.0,1e-06,initial,xbar,49,5,0.0050928191666217
p52,2,tr,Full FD,scalar,8.0,1e-06,initial,xbar,49,6,0.004573151427355803
p52,2,tr,Full FD,scalar,8.0,1e-06,initial,xbar,49,7,0.00420238204854608
p52,2,tr,Full FD,scalar,8.0,1e-06,initial,xbar,49,8,0.009812579690638682
p52,2,tr,Full FD,scalar,8.0,1e-06,initial,xbar,49,9,0.0023501525869409714
p52,2,tr,Full FD,scalar,8.0,1e-06,initial,xbar,49,10,0.0019879347788254293
p52,2,tr,Full FD,scalar,8.0,1e-06,initial,xbar,49,11,0.0014487663465175547
p52,2,tr,Full FD,scalar,8.0,1e-06,initial,xbar,49,12,0.0011226418437003409
p52,2,tr,Full FD,scalar,8.0,1e-06,initial,xbar,49,13,0.0009071986513969004
p52,2,tr,Full FD,scalar,8.0,1e-06,initial,xbar,49,14,0.0006560679472172383
p52,2,tr,Full FD,scalar,8.0,1e-06,initial,xbar,49,15,0.00013929395708270107
p52,2,tr,Full FD,scalar,8.0,1e-06,initial,xbar,49,16,0.00023120361171198852
p52,2,tr,Full FD,scalar,8.0,1e-06,initial,xbar,49,17,0.0001986054359164953
p52,2,tr,Full FD,scalar,8.0,1e-06,initial,xbar,49,18,0.00015674429477871506
p52,2,tr,Full FD,scalar,8.0,1e-06,initial,xbar,49,19,0.0001114235981314479
p52,2,tr,Full FD,scalar,8.0,1e-06,initial,xbar,49,20,9.375501129848455e-05
p52,2,tr,Full FD,scalar,8.0,1e-06,initial,xbar,49,21,4.9912582618792206e-05
p52,2,tr,Full FD,scalar,8.0,1e-06,initial,xbar,49,22,3.648483868552958e-05
p52,2,tr,Full FD,scalar,8.0,1e-06,initial,xbar,49,23,3.0538414274066554e-05
p52,2,tr,Full FD,scalar,8.0,1e-06,initial,xbar,49,24,1.772842350750973e-05
p52,2,tr,Full FD,scalar,8.0,1e-06,initial,xbar,49,25,1.2095482652078837e-05
p52,2,tr,Full FD,scalar,8.0,1e-06,initial,xbar,49,26,9.733481789872832e-06
p52,2,tr,Full FD,scalar,8.0,1e-06,initial,xbar,49,27,4.428713596696871e-06
p52,2,tr,Full FD,scalar,8.0,1e-06,initial,xbar,49,28,8.585452821849655e-07
p52,2,tr,Full FD,scalar,8.0,1e-06,initial,xbar,49,29,6.871791481408978e-07
p52,2,tr,Full FD,scalar,8.0,1e-06,initial,xbar,49,30,4.351004006065355e-07
p52,2,tr,Full FD,scalar,8.0,1e-06,initial,xbar,49,31,8.256955834200962e-07
p52,2,tr,Full FD,scalar,8.0,1e-06,initial,xbar,49,32,1.1797983385003223e-07
p52,2,tr,Full FD,scalar,8.0,1e-06,initial,xbar,49,33,8.595732060357284e-08
p52,2,tr,Full FD,scalar,8.0,1e-06,initial,xbar,49,34,1.6692642463323254e-07
p52,2,tr,Full FD,scalar,8.0,1e-06,initial,xbar,49,35,9.550809455632349e-08
p52,2,nm,Full FD,scalar,8.0,1e-06,random,rand1,50,0,0.8683285589113534
p52,2,nm,Full FD,scalar,8.0,1e-06,random,rand1,50,1,0.07486268769430861
p52,2,nm,Full FD,scalar,8.0,1e-06,random,rand1,50,2,0.12456532310413579
p52,2,nm,Full FD,scalar,8.0,1e-06,random,rand1,50,3,0.11364840834038259
p52,2,nm,Full FD,scalar,8.0,1e-06,random,rand1,50,4,0.024373873526972036
p52,2,nm,Full FD,scalar,8.0,1e-06,random,rand1,50,5,0.759458861020131
p52,2,nm,Full FD,scalar,8.0,1e-06,random,rand1,50,6,0.3646920084562769
p52,2,nm,Full FD,scalar,8.0,1e-06,random,rand1,50,7,0.20972151167582123
p52,2,nm,Full FD,scalar,8.0,1e-06,random,rand1,50,8,0.041686435620049964
p52,2,nm,Full FD,scalar,8.0,1e-06,random,rand1,50,9,0.0017311666414293807
p52,2,nm,Full FD,scalar,8.0,1e-06,random,rand1,50,10,5.630067016661469e-06
p52,2,tr,Full FD,scalar,8.0,1e-06,random,rand1,50,0,0.7507012327775977
p52,2,tr,Full FD,scalar,8.0,1e-06,random,rand1,50,1,0.30762418204293185
p52,2,tr,Full FD,scalar,8.0,1e-06,random,rand1,50,2,0.08066156726248509
p52,2,tr,Full FD,scalar,8.0,1e-06,random,rand1,50,3,0.05411482064835579
p52,2,tr,Full FD,scalar,8.0,1e-06,random,rand1,50,4,0.008818944732718024
p52,2,tr,Full FD,scalar,8.0,1e-06,random,rand1,50,5,0.008976432324001284
p52,2,tr,Full FD,scalar,8.0,1e-06,random,rand1,50,6,0.005371022526077785
p52,2,tr,Full FD,scalar,8.0,1e-06,random,rand1,50,7,0.0019973964479366984
p52,2,tr,Full FD,scalar,8.0,1e-06,random,rand1,50,8,0.00405259169054192
p52,2,tr,Full FD,scalar,8.0,1e-06,random,rand1,50,9,0.0002855154850461092
p52,2,tr,Full FD,scalar,8.0,1e-06,random,rand1,50,10,0.00023989691258287854
p52,2,tr,Full FD,scalar,8.0,1e-06,random,rand1,50,11,0.0006508784532187244
p52,2,tr,Full FD,scalar,8.0,1e-06,random,rand1,50,12,0.00028397183779408405
p52,2,tr,Full FD,scalar,8.0,1e-06,random,rand1,50,13,7.928531619256505e-05
p52,2,tr,Full FD,scalar,8.0,1e-06,random,rand1,50,14,2.8691829224554927e-05
p52,2,tr,Full FD,scalar,8.0,1e-06,random,rand1,50,15,6.678384126212238e-05
p52,2,tr,Full FD,scalar,8.0,1e-06,random,rand1,50,16,2.3634336560965767e-05
p52,2,tr,Full FD,scalar,8.0,1e-06,random,rand1,50,17,2.6403925609812607e-05
p52,2,tr,Full FD,scalar,8.0,1e-06,random,rand1,50,18,1.2453403816266191e-05
p52,2,tr,Full FD,scalar,8.0,1e-06,random,rand1,50,19,6.991606394464919e-06
p52,2,tr,Full FD,scalar,8.0,1e-06,random,rand1,50,20,2.6935757419628722e-06
p52,2,tr,Full FD,scalar,8.0,1e-06,random,rand1,50,21,3.8713864862409724e-07
p52,2,tr,Full FD,scalar,8.0,1e-06,random,rand1,50,22,5.586320600733505e-07
p52,2,tr,Full FD,scalar,8.0,1e-06,random,rand1,50,23,3.404203835610519e-07
p52,2,tr,Full FD,scalar,8.0,1e-06,random,rand1,50,24,1.1576632006926787e-07
p52,2,nm,Full FD,scalar,8.0,1e-06,random,rand2,51,0,0.19664823640569223
p52,2,nm,Full FD,scalar,8.0,1e-06,random,rand2,51,1,0.027538015529038742
p52,2,nm,Full FD,scalar,8.0,1e-06,random,rand2,51,2,0.055786245778769845
p52,2,nm,Full FD,scalar,8.0,1e-06,random,rand2,51,3,0.11637852936981491
p52,2,nm,Full FD,scalar,8.0,1e-06,random,rand2,51,4,0.14480505243704891
p52,2,nm,Full FD,scalar,8.0,1e-06,random,rand2,51,5,0.4114347625012886
p52,2,nm,Full FD,scalar,8.0,1e-06,random,rand2,51,6,0.2791967968823143
p52,2,nm,Full FD,scalar,8.0,1e-06,random,rand2,51,7,0.06718960363874135
p52,2,nm,Full FD,scalar,8.0,1e-06,random,rand2,51,8,0.010922972329601897
p52,2,nm,Full FD,scalar,8.0,1e-06,random,rand2,51,9,0.000249309826966535
p52,2,nm,Full FD,scalar,8.0,1e-06,random,rand2,51,10,1.99892519627273e-07
p52,2,tr,Full FD,scalar,8.0,1e-06,random,rand2,51,0,0.3669009414326718
p52,2,tr,Full FD,scalar,8.0,1e-06,random,rand2,51,1,0.07224363318794562
p52,2,tr,Full FD,scalar,8.0,1e-06,random,rand2,51,2,0.1510195223290579
p52,2,tr,Full FD,scalar,8.0,1e-06,random,rand2,51,3,1.0803616316800586
p52,2,tr,Full FD,scalar,8.0,1e-06,random,rand2,51,4,0.12832759564143867
p52,2,tr,Full FD,scalar,8.0,1e-06,random,rand2,51,5,0.07281007647202198
p52,2,tr,Full FD,scalar,8.0,1e-06,random,rand2,51,6,0.10620903973034077
p52,2,tr,Full FD,scalar,8.0,1e-06,random,rand2,51,7,0.004342538238188615
p52,2,tr,Full FD,scalar,8.0,1e-06,random,rand2,51,8,0.0033219135193547317
p52,2,tr,Full FD,scalar,8.0,1e-06,random,rand2,51,9,9.83051103243768e-07
p52,2,nm,Full FD,scalar,8.0,1e-06,random,rand3,52,0,0.18852187431719644
p52,2,nm,Full FD,scalar,8.0,1e-06,random,rand3,52,1,0.3124186142744037
p52,2,nm,Full FD,scalar,8.0,1e-06,random,rand3,52,2,0.302433013403539
p52,2,nm,Full FD,scalar,8.0,1e-06,random,rand3,52,3,0.08818090827024691
p52,2,nm,Full FD,scalar,8.0,1e-06,random,rand3,52,4,0.023379518442316016
p52,2,nm,Full FD,scalar,8.0,1e-06,random,rand3,52,5,0.0010254648519793402
p52,2,nm,Full FD,scalar,8.0,1e-06,random,rand3,52,6,3.005966745888793e-06
p52,2,tr,Full FD,scalar,8.0,1e-06,random,rand3,52,0,0.7406889477129927
p52,2,tr,Full FD,scalar,8.0,1e-06,random,rand3,52,1,0.05005222392250519
p52,2,tr,Full FD,scalar,8.0,1e-06,random,rand3,52,2,0.07111156618842414
p52,2,tr,Full FD,scalar,8.0,1e-06,random,rand3,52,3,0.0012525456535070936
p52,2,tr,Full FD,scalar,8.0,1e-06,random,rand3,52,4,0.0007164453899547255
p52,2,tr,Full FD,scalar,8.0,1e-06,random,rand3,52,5,1.826029574288675e-07
p52,2,nm,Full FD,scalar,8.0,1e-06,random,rand4,53,0,0.608587045875756
p52,2,nm,Full FD,scalar,8.0,1e-06,random,rand4,53,1,0.3247159414734137
p52,2,nm,Full FD,scalar,8.0,1e-06,random,rand4,53,2,0.2565290238163886
p52,2,nm,Full FD,scalar,8.0,1e-06,random,rand4,53,3,0.1284249725534138
p52,2,nm,Full FD,scalar,8.0,1e-06,random,rand4,53,4,0.06084905843688323
p52,2,nm,Full FD,scalar,8.0,1e-06,random,rand4,53,5,0.06705390274940645
p52,2,nm,Full FD,scalar,8.0,1e-06,random,rand4,53,6,0.006915540369838518
p52,2,nm,Full FD,scalar,8.0,1e-06,random,rand4,53,7,0.03183085125758553
p52,2,nm,Full FD,scalar,8.0,1e-06,random,rand4,53,8,0.008626692324538254
p52,2,nm,Full FD,scalar,8.0,1e-06,random,rand4,53,9,0.017130865299172213
p52,2,nm,Full FD,scalar,8.0,1e-06,random,rand4,53,10,0.00241988164892053
p52,2,nm,Full FD,scalar,8.0,1e-06,random,rand4,53,11,0.004076732962745855
p52,2,nm,Full FD,scalar,8.0,1e-06,random,rand4,53,12,0.00461164407055619
p52,2,nm,Full FD,scalar,8.0,1e-06,random,rand4,53,13,0.002529226355589512
p52,2,nm,Full FD,scalar,8.0,1e-06,random,rand4,53,14,0.0002677403895460655
p52,2,nm,Full FD,scalar,8.0,1e-06,random,rand4,53,15,0.0007654752602476628
p52,2,nm,Full FD,scalar,8.0,1e-06,random,rand4,53,16,0.00013123220506119898
p52,2,nm,Full FD,scalar,8.0,1e-06,random,rand4,53,17,0.0002373510062000525
p52,2,nm,Full FD,scalar,8.0,1e-06,random,rand4,53,18,5.478584093867821e-05
p52,2,nm,Full FD,scalar,8.0,1e-06,random,rand4,53,19,3.647591640485788e-05
p52,2,nm,Full FD,scalar,8.0,1e-06,random,rand4,53,20,1.1829223293073083e-05
p52,2,nm,Full FD,scalar,8.0,1e-06,random,rand4,53,21,1.2692841509162532e-05
p52,2,nm,Full FD,scalar,8.0,1e-06,random,rand4,53,22,5.904253162940286e-06
p52,2,nm,Full FD,scalar,8.0,1e-06,random,rand4,53,23,3.2334549271203423e-06
p52,2,nm,Full FD,scalar,8.0,1e-06,random,rand4,53,24,8.947855082836394e-07
p52,2,nm,Full FD,scalar,8.0,1e-06,random,rand4,53,25,1.5477773835440887e-06
p52,2,nm,Full FD,scalar,8.0,1e-06,random,rand4,53,26,1.011547844213143e-06
p52,2,nm,Full FD,scalar,8.0,1e-06,random,rand4,53,27,1.9901198269103224e-07
p52,2,tr,Full FD,scalar,8.0,1e-06,random,rand4,53,0,0.2730902133033054
p52,2,tr,Full FD,scalar,8.0,1e-06,random,rand4,53,1,0.2395950483936896
p52,2,tr,Full FD,scalar,8.0,1e-06,random,rand4,53,2,0.057811159404662214
p52,2,tr,Full FD,scalar,8.0,1e-06,random,rand4,53,3,0.013021256068365591
p52,2,tr,Full FD,scalar,8.0,1e-06,random,rand4,53,4,0.003838775244490024
p52,2,tr,Full FD,scalar,8.0,1e-06,random,rand4,53,5,0.02172119994299679
p52,2,tr,Full FD,scalar,8.0,1e-06,random,rand4,53,6,0.0077693719204776765
p52,2,tr,Full FD,scalar,8.0,1e-06,random,rand4,53,7,0.0015860549190009402
p52,2,tr,Full FD,scalar,8.0,1e-06,random,rand4,53,8,0.0025131194830370096
p52,2,tr,Full FD,scalar,8.0,1e-06,random,rand4,53,9,0.0007812533245351419
p52,2,tr,Full FD,scalar,8.0,1e-06,random,rand4,53,10,0.0011231749246789094
p52,2,tr,Full FD,scalar,8.0,1e-06,random,rand4,53,11,0.0008127351911512315
p52,2,tr,Full FD,scalar,8.0,1e-06,random,rand4,53,12,0.00017234581463516585
p52,2,tr,Full FD,scalar,8.0,1e-06,random,rand4,53,13,0.00016485293781547296
p52,2,tr,Full FD,scalar,8.0,1e-06,random,rand4,53,14,3.3971551888217286e-05
p52,2,tr,Full FD,scalar,8.0,1e-06,random,rand4,53,15,1.2118329552893389e-05
p52,2,tr,Full FD,scalar,8.0,1e-06,random,rand4,53,16,1.558526837210656e-05
p52,2,tr,Full FD,scalar,8.0,1e-06,random,rand4,53,17,8.723609291000804e-06
p52,2,tr,Full FD,scalar,8.0,1e-06,random,rand4,53,18,6.0182807891707594e-06
p52,2,tr,Full FD,scalar,8.0,1e-06,random,rand4,53,19,5.290328460310853e-06
p52,2,tr,Full FD,scalar,8.0,1e-06,random,rand4,53,20,4.3315895944146424e-06
p52,2,tr,Full FD,scalar,8.0,1e-06,random,rand4,53,21,3.359538168259838e-06
p52,2,tr,Full FD,scalar,8.0,1e-06,random,rand4,53,22,2.7968547969822844e-06
p52,2,tr,Full FD,scalar,8.0,1e-06,random,rand4,53,23,1.454184471282061e-06
p52,2,tr,Full FD,scalar,8.0,1e-06,random,rand4,53,24,1.174315485373613e-06
p52,2,tr,Full FD,scalar,8.0,1e-06,random,rand4,53,25,4.5834541216209516e-07
p52,2,tr,Full FD,scalar,8.0,1e-06,random,rand4,53,26,1.1958755601638765e-07
p52,2,tr,Full FD,scalar,8.0,1e-06,random,rand4,53,27,1.9488074242877125e-07
p52,2,tr,Full FD,scalar,8.0,1e-06,random,rand4,53,28,5.123851293015186e-08
p52,2,nm,Full FD,scalar,8.0,1e-06,random,rand5,54,0,0.70966636436074
p52,2,nm,Full FD,scalar,8.0,1e-06,random,rand5,54,1,1.25436147637674
p52,2,nm,Full FD,scalar,8.0,1e-06,random,rand5,54,2,0.11085958412950309
p52,2,nm,Full FD,scalar,8.0,1e-06,random,rand5,54,3,0.02406675505567538
p52,2,nm,Full FD,scalar,8.0,1e-06,random,rand5,54,4,0.001587001560788785
p52,2,nm,Full FD,scalar,8.0,1e-06,random,rand5,54,5,6.3961194703779175e-06
p52,2,tr,Full FD,scalar,8.0,1e-06,random,rand5,54,0,0.7052373836797468
p52,2,tr,Full FD,scalar,8.0,1e-06,random,rand5,54,1,0.7885529820616478
p52,2,tr,Full FD,scalar,8.0,1e-06,random,rand5,54,2,0.04944721837073919
p52,2,tr,Full FD,scalar,8.0,1e-06,random,rand5,54,3,0.03896538614312949
p52,2,tr,Full FD,scalar,8.0,1e-06,random,rand5,54,4,0.01702602724261752
p52,2,tr,Full FD,scalar,8.0,1e-06,random,rand5,54,5,0.0015183024872577602
p52,2,tr,Full FD,scalar,8.0,1e-06,random,rand5,54,6,0.0006488953986563697
p52,2,tr,Full FD,scalar,8.0,1e-06,random,rand5,54,7,0.00036637791946968114
p52,2,tr,Full FD,scalar,8.0,1e-06,random,rand5,54,8,0.0008333681455243583
p52,2,tr,Full FD,scalar,8.0,1e-06,random,rand5,54,9,0.0002313118693055093
p52,2,tr,Full FD,scalar,8.0,1e-06,random,rand5,54,10,8.727478835623127e-05
p52,2,tr,Full FD,scalar,8.0,1e-06,random,rand5,54,11,7.961659306755296e-05
p52,2,tr,Full FD,scalar,8.0,1e-06,random,rand5,54,12,4.295216561433231e-05
p52,2,tr,Full FD,scalar,8.0,1e-06,random,rand5,54,13,1.534232923912099e-05
p52,2,tr,Full FD,scalar,8.0,1e-06,random,rand5,54,14,3.3209258237842805e-06
p52,2,tr,Full FD,scalar,8.0,1e-06,random,rand5,54,15,1.72016233604184e-06
p52,2,tr,Full FD,scalar,8.0,1e-06,random,rand5,54,16,5.68722679698083e-07
p52,2,tr,Full FD,scalar,8.0,1e-06,random,rand5,54,17,1.2641503293023398e-06
p52,2,tr,Full FD,scalar,8.0,1e-06,random,rand5,54,18,1.55911693041081e-07
p52,2,tr,Full FD,scalar,8.0,1e-06,random,rand5,54,19,9.164899731466854e-08
p52,2,tr,Full FD,scalar,8.0,1e-06,random,rand5,54,20,4.4105328463797187e-07
p52,2,tr,Full FD,scalar,8.0,1e-06,random,rand5,54,21,2.1082641536314124e-07
p52,2,tr,Full FD,scalar,8.0,1e-06,random,rand5,54,22,8.253516811367134e-08
p52,2,nm,Full FD,scalar,12.0,1e-06,initial,xbar,55,0,0.963144149676043
p52,2,nm,Full FD,scalar,12.0,1e-06,initial,xbar,55,1,0.04341668943067438
p52,2,nm,Full FD,scalar,12.0,1e-06,initial,xbar,55,2,1.2656484002907513e-08
p52,2,nm,Full FD,scalar,12.0,1e-06,initial,xbar,55,3,1.3295723274288644
p52,2,nm,Full FD,scalar,12.0,1e-06,initial,xbar,55,4,0.9291556741543167
p52,2,nm,Full FD,scalar,12.0,1e-06,initial,xbar,55,5,2.6161971200667462e-08
p52,2,nm,Full FD,scalar,12.0,1e-06,initial,xbar,55,6,2.6164122517149144e-08
p52,2,nm,Full FD,scalar,12.0,1e-06,initial,xbar,55,7,2.6789810843285875e-08
p52,2,nm,Full FD,scalar,12.0,1e-06,initial,xbar,55,8,2.6790907294437253e-08
p52,2,nm,Full FD,scalar,12.0,1e-06,initial,xbar,55,9,0.000812415163427206
p52,2,nm,Full FD,scalar,12.0,1e-06,initial,xbar,55,10,1.0307373535582728e-08
p52,2,nm,Full FD,scalar,12.0,1e-06,initial,xbar,55,11,1.0308233364816424e-08
p52,2,nm,Full FD,scalar,12.0,1e-06,initial,xbar,55,12,4.301193104394313e-08
p52,2,nm,Full FD,scalar,12.0,1e-06,initial,xbar,55,13,4.9000397896405247e-08
p52,2,nm,Full FD,scalar,12.0,1e-06,initial,xbar,55,14,2.138919941105293e-07
p52,2,nm,Full FD,scalar,12.0,1e-06,initial,xbar,55,15,3.122891823388385e-07
p52,2,nm,Full FD,scalar,12.0,1e-06,initial,xbar,55,16,1.5112095611448286e-08
p52,2,nm,Full FD,scalar,12.0,1e-06,initial,xbar,55,17,1.1106716949221418e-05
p52,2,nm,Full FD,scalar,12.0,1e-06,initial,xbar,55,18,1.4080526931969118e-08
p52,2,nm,Full FD,scalar,12.0,1e-06,initial,xbar,55,19,4.5717459072672855e-08
p52,2,nm,Full FD,scalar,12.0,1e-06,initial,xbar,55,20,1.7652584004633706e-08
p52,2,nm,Full FD,scalar,12.0,1e-06,initial,xbar,55,21,1.7456860097853594e-08
p52,2,nm,Full FD,scalar,12.0,1e-06,initial,xbar,55,22,3.087250581947722e-08
p52,2,nm,Full FD,scalar,12.0,1e-06,initial,xbar,55,23,9.580001049657646e-08
p52,2,nm,Full FD,scalar,12.0,1e-06,initial,xbar,55,24,1.4968988920886772e-08
p52,2,nm,Full FD,scalar,12.0,1e-06,initial,xbar,55,25,3.9150411139274214e-07
p52,2,nm,Full FD,scalar,12.0,1e-06,initial,xbar,55,26,1.1696387339848154e-08
p52,2,nm,Full FD,scalar,12.0,1e-06,initial,xbar,55,27,5.053235707633542e-08
p52,2,nm,Full FD,scalar,12.0,1e-06,initial,xbar,55,28,3.121725619013699e-08
p52,2,nm,Full FD,scalar,12.0,1e-06,initial,xbar,55,29,6.48512728406016e-08
p52,2,nm,Full FD,scalar,12.0,1e-06,initial,xbar,55,30,2.2049824794025032e-08
p52,2,nm,Full FD,scalar,12.0,1e-06,initial,xbar,55,31,5.902795038593366e-08
p52,2,nm,Full FD,scalar,12.0,1e-06,initial,xbar,55,32,5.902840512094705e-08
p52,2,nm,Full FD,scalar,12.0,1e-06,initial,xbar,55,33,5.258258300092679e-08
p52,2,nm,Full FD,scalar,12.0,1e-06,initial,xbar,55,34,1.6157833397543463e-07
p52,2,nm,Full FD,scalar,12.0,1e-06,initial,xbar,55,35,1.6157766607284528e-07
p52,2,nm,Full FD,scalar,12.0,1e-06,initial,xbar,55,36,7.740148012183232e-08
p52,2,nm,Full FD,scalar,12.0,1e-06,initial,xbar,55,37,7.790706739019047e-08
p52,2,nm,Full FD,scalar,12.0,1e-06,initial,xbar,55,38,7.791038909664169e-08
p52,2,nm,Full FD,scalar,12.0,1e-06,initial,xbar,55,39,7.790950852435435e-08
p52,2,nm,Full FD,scalar,12.0,1e-06,initial,xbar,55,40,3.041328808948256e-07
p52,2,nm,Full FD,scalar,12.0,1e-06,initial,xbar,55,41,9.04635925103226e-08
p52,2,nm,Full FD,scalar,12.0,1e-06,initial,xbar,55,42,5.3829491628345985e-06
p52,2,nm,Full FD,scalar,12.0,1e-06,initial,xbar,55,43,2.2569083564533592e-07
p52,2,nm,Full FD,scalar,12.0,1e-06,initial,xbar,55,44,1.0725031508118083e-08
p52,2,nm,Full FD,scalar,12.0,1e-06,initial,xbar,55,45,2.8825225777926832e-08
p52,2,nm,Full FD,scalar,12.0,1e-06,initial,xbar,55,46,2.0673540670841192e-07
p52,2,nm,Full FD,scalar,12.0,1e-06,initial,xbar,55,47,2.0673882645837086e-07
p52,2,nm,Full FD,scalar,12.0,1e-06,initial,xbar,55,48,2.0673770849662344e-07
p52,2,nm,Full FD,scalar,12.0,1e-06,initial,xbar,55,49,1.117800756036119e-07
p52,2,nm,Full FD,scalar,12.0,1e-06,initial,xbar,55,50,2.7164406688327423e-08
p52,2,nm,Full FD,scalar,12.0,1e-06,initial,xbar,55,51,1.7225928013383926e-08
p52,2,nm,Full FD,scalar,12.0,1e-06,initial,xbar,55,52,1.0660403755066398e-07
p52,2,nm,Full FD,scalar,12.0,1e-06,initial,xbar,55,53,1.0660601534283502e-07
p52,2,nm,Full FD,scalar,12.0,1e-06,initial,xbar,55,54,4.440205371270368e-08
p52,2,nm,Full FD,scalar,12.0,1e-06,initial,xbar,55,55,3.422943748249609e-08
p52,2,nm,Full FD,scalar,12.0,1e-06,initial,xbar,55,56,6.701090380904557e-08
p52,2,nm,Full FD,scalar,12.0,1e-06,initial,xbar,55,57,1.4284194778223984e-08
p52,2,nm,Full FD,scalar,12.0,1e-06,initial,xbar,55,58,3.063900292912036e-08
p52,2,nm,Full FD,scalar,12.0,1e-06,initial,xbar,55,59,4.82635670050278e-07
p52,2,nm,Full FD,scalar,12.0,1e-06,initial,xbar,55,60,2.474920942008219e-08
p52,2,nm,Full FD,scalar,12.0,1e-06,initial,xbar,55,61,1.2603435278824575e-08
p52,2,nm,Full FD,scalar,12.0,1e-06,initial,xbar,55,62,2.159259672117741e-08
p52,2,nm,Full FD,scalar,12.0,1e-06,initial,xbar,55,63,5.056441079496711e-08
p52,2,nm,Full FD,scalar,12.0,1e-06,initial,xbar,55,64,3.9875545329371445e-08
p52,2,nm,Full FD,scalar,12.0,1e-06,initial,xbar,55,65,0.04905254163799366
p52,2,nm,Full FD,scalar,12.0,1e-06,initial,xbar,55,66,9.861098202507373e-08
p52,2,nm,Full FD,scalar,12.0,1e-06,initial,xbar,55,67,7.278285101505974e-08
p52,2,nm,Full FD,scalar,12.0,1e-06,initial,xbar,55,68,7.278206480613489e-08
p52,2,nm,Full FD,scalar,12.0,1e-06,initial,xbar,55,69,7.279058581737954e-08
p52,2,nm,Full FD,scalar,12.0,1e-06,initial,xbar,55,70,1.1093511712506206e-08
p52,2,nm,Full FD,scalar,12.0,1e-06,initial,xbar,55,71,2.5717666848057326e-08
p52,2,nm,Full FD,scalar,12.0,1e-06,initial,xbar,55,72,1.493323074893795e-07
p52,2,nm,Full FD,scalar,12.0,1e-06,initial,xbar,55,73,1.536866206206589e-08
p52,2,nm,Full FD,scalar,12.0,1e-06,initial,xbar,55,74,6.25923408261099e-08
p52,2,nm,Full FD,scalar,12.0,1e-06,initial,xbar,55,75,1.90901270963323e-08
p52,2,nm,Full FD,scalar,12.0,1e-06,initial,xbar,55,76,7.031096986712959e-08
p52,2,nm,Full FD,scalar,12.0,1e-06,initial,xbar,55,77,4.97011371611016e-08
p52,2,nm,Full FD,scalar,12.0,1e-06,initial,xbar,55,78,0.007747664777414097
p52,2,nm,Full FD,scalar,12.0,1e-06,initial,xbar,55,79,4.716993937832313e-08
p52,2,nm,Full FD,scalar,12.0,1e-06,initial,xbar,55,80,4.716899230807588e-08
p52,2,nm,Full FD,scalar,12.0,1e-06,initial,xbar,55,81,0.2670341010795062
p52,2,nm,Full FD,scalar,12.0,1e-06,initial,xbar,55,82,3.852887806289823e-08
p52,2,nm,Full FD,scalar,12.0,1e-06,initial,xbar,55,83,1.765729878390124e-07
p52,2,nm,Full FD,scalar,12.0,1e-06,initial,xbar,55,84,1.7214879212104538e-07
p52,2,nm,Full FD,scalar,12.0,1e-06,initial,xbar,55,85,1.6728011502088412e-07
p52,2,nm,Full FD,scalar,12.0,1e-06,initial,xbar,55,86,1.6726901792576098e-07
p52,2,nm,Full FD,scalar,12.0,1e-06,initial,xbar,55,87,1.6355762380680785e-08
p52,2,nm,Full FD,scalar,12.0,1e-06,initial,xbar,55,88,1.635547827302124e-08
p52,2,nm,Full FD,scalar,12.0,1e-06,initial,xbar,55,89,2.5507097816001795e-08
p52,2,nm,Full FD,scalar,12.0,1e-06,initial,xbar,55,90,1.7302619303876796e-08
p52,2,nm,Full FD,scalar,12.0,1e-06,initial,xbar,55,91,0.013444501073190961
p52,2,nm,Full FD,scalar,12.0,1e-06,initial,xbar,55,92,0.011728230015351846
p52,2,nm,Full FD,scalar,12.0,1e-06,initial,xbar,55,93,4.239879750494782e-08
p52,2,nm,Full FD,scalar,12.0,1e-06,initial,xbar,55,94,0.008507506111901212
p52,2,nm,Full FD,scalar,12.0,1e-06,initial,xbar,55,95,5.623365083997107e-08
p52,2,nm,Full FD,scalar,12.0,1e-06,initial,xbar,55,96,1.5744789689521045e-08
p52,2,nm,Full FD,scalar,12.0,1e-06,initial,xbar,55,97,2.737595127768189e-07
p52,2,nm,Full FD,scalar,12.0,1e-06,initial,xbar,55,98,2.016253548930682e-08
p52,2,nm,Full FD,scalar,12.0,1e-06,initial,xbar,55,99,1.0392459487617067e-08
p52,2,nm,Full FD,scalar,12.0,1e-06,initial,xbar,55,100,2.0749777834153e-08
p52,2,nm,Full FD,scalar,12.0,1e-06,initial,xbar,55,101,1.374603635526381e-08
p52,2,nm,Full FD,scalar,12.0,1e-06,initial,xbar,55,102,3.0957925700059044e-08
p52,2,nm,Full FD,scalar,12.0,1e-06,initial,xbar,55,103,1.0547569894706924e-08
p52,2,nm,Full FD,scalar,12.0,1e-06,initial,xbar,55,104,3.066772814693417e-07
p52,2,nm,Full FD,scalar,12.0,1e-06,initial,xbar,55,105,2.636710837351803e-07
p52,2,nm,Full FD,scalar,12.0,1e-06,initial,xbar,55,106,7.26178442692383e-08
p52,2,nm,Full FD,scalar,12.0,1e-06,initial,xbar,55,107,2.6756002228532936e-08
p52,2,nm,Full FD,scalar,12.0,1e-06,initial,xbar,55,108,2.6753092385794316e-08
p52,2,nm,Full FD,scalar,12.0,1e-06,initial,xbar,55,109,5.532042323289636e-08
p52,2,nm,Full FD,scalar,12.0,1e-06,initial,xbar,55,110,9.243991019017975e-08
p52,2,nm,Full FD,scalar,12.0,1e-06,initial,xbar,55,111,3.3284290753248045e-08
p52,2,nm,Full FD,scalar,12.0,1e-06,initial,xbar,55,112,1.941818684807383e-08
p52,2,nm,Full FD,scalar,12.0,1e-06,initial,xbar,55,113,1.941720477423153e-08
p52,2,nm,Full FD,scalar,12.0,1e-06,initial,xbar,55,114,3.388392005890784e-08
p52,2,nm,Full FD,scalar,12.0,1e-06,initial,xbar,55,115,3.3880892967328007e-08
p52,2,nm,Full FD,scalar,12.0,1e-06,initial,xbar,55,116,3.815980742817026e-08
p52,2,nm,Full FD,scalar,12.0,1e-06,initial,xbar,55,117,0.0038796439763314817
p52,2,nm,Full FD,scalar,12.0,1e-06,initial,xbar,55,118,0.003165661547826442
p52,2,nm,Full FD,scalar,12.0,1e-06,initial,xbar,55,119,6.296067779023342e-08
p52,2,nm,Full FD,scalar,12.0,1e-06,initial,xbar,55,120,8.015390890743055e-08
p52,2,nm,Full FD,scalar,12.0,1e-06,initial,xbar,55,121,2.234528425613553e-08
p52,2,nm,Full FD,scalar,12.0,1e-06,initial,xbar,55,122,7.354697601584181e-08
p52,2,nm,Full FD,scalar,12.0,1e-06,initial,xbar,55,123,7.354674008474725e-08
p52,2,nm,Full FD,scalar,12.0,1e-06,initial,xbar,55,124,4.9989119162294305e-08
p52,2,nm,Full FD,scalar,12.0,1e-06,initial,xbar,55,125,9.892734150735744e-09
p52,2,nm,Full FD,scalar,12.0,1e-06,initial,xbar,55,126,9.892627972948865e-09
p52,2,nm,Full FD,scalar,12.0,1e-06,initial,xbar,55,127,1.3853350220060037e-08
p52,2,nm,Full FD,scalar,12.0,1e-06,initial,xbar,55,128,1.2570521076507475e-08
p52,2,nm,Full FD,scalar,12.0,1e-06,initial,xbar,55,129,2.136725765468755e-07
p52,2,nm,Full FD,scalar,12.0,1e-06,initial,xbar,55,130,8.111893044966372e-08
p52,2,nm,Full FD,scalar,12.0,1e-06,initial,xbar,55,131,8.111144401590351e-08
p52,2,nm,Full FD,scalar,12.0,1e-06,initial,xbar,55,132,1.1804382400804942e-08
p52,2,nm,Full FD,scalar,12.0,1e-06,initial,xbar,55,133,1.1804762669902465e-08
p52,2,nm,Full FD,scalar,12.0,1e-06,initial,xbar,55,134,1.1803836900019436e-08
p52,2,nm,Full FD,scalar,12.0,1e-06,initial,xbar,55,135,3.2083239285005515e-07
p52,2,nm,Full FD,scalar,12.0,1e-06,initial,xbar,55,136,3.5862150096680984e-08
p52,2,nm,Full FD,scalar,12.0,1e-06,initial,xbar,55,137,1.1727877713369338e-08
p52,2,nm,Full FD,scalar,12.0,1e-06,initial,xbar,55,138,2.737049526225367e-08
p52,2,nm,Full FD,scalar,12.0,1e-06,initial,xbar,55,139,2.7370129176876448e-08
p52,2,nm,Full FD,scalar,12.0,1e-06,initial,xbar,55,140,1.7325202861158965e-07
p52,2,nm,Full FD,scalar,12.0,1e-06,initial,xbar,55,141,1.732486350736672e-07
p52,2,nm,Full FD,scalar,12.0,1e-06,initial,xbar,55,142,1.7323757579204402e-07
p52,2,nm,Full FD,scalar,12.0,1e-06,initial,xbar,55,143,4.626701117940785e-08
p52,2,nm,Full FD,scalar,12.0,1e-06,initial,xbar,55,144,2.7681102119120183e-08
p52,2,nm,Full FD,scalar,12.0,1e-06,initial,xbar,55,145,6.6303849325905e-08
p52,2,nm,Full FD,scalar,12.0,1e-06,initial,xbar,55,146,2.2190042654190717e-07
p52,2,nm,Full FD,scalar,12.0,1e-06,initial,xbar,55,147,2.1392904346407952e-08
p52,2,nm,Full FD,scalar,12.0,1e-06,initial,xbar,55,148,1.4633150402523413e-08
p52,2,nm,Full FD,scalar,12.0,1e-06,initial,xbar,55,149,1.4663064736862363e-07
p52,2,nm,Full FD,scalar,12.0,1e-06,initial,xbar,55,150,1.7814571736255497e-08
p52,2,nm,Full FD,scalar,12.0,1e-06,initial,xbar,55,151,1.7815303642720284e-08
p52,2,nm,Full FD,scalar,12.0,1e-06,initial,xbar,55,152,1.307620077949973e-08
p52,2,nm,Full FD,scalar,12.0,1e-06,initial,xbar,55,153,3.2388485866758066e-07
p52,2,nm,Full FD,scalar,12.0,1e-06,initial,xbar,55,154,2.3605018099704355e-08
p52,2,nm,Full FD,scalar,12.0,1e-06,initial,xbar,55,155,2.3606140956160713e-08
p52,2,nm,Full FD,scalar,12.0,1e-06,initial,xbar,55,156,2.3605991294774368e-08
p52,2,nm,Full FD,scalar,12.0,1e-06,initial,xbar,55,157,1.619174210510973e-08
p52,2,nm,Full FD,scalar,12.0,1e-06,initial,xbar,55,158,1.6384241083430046e-08
p52,2,nm,Full FD,scalar,12.0,1e-06,initial,xbar,55,159,5.4514541637539516e-08
p52,2,nm,Full FD,scalar,12.0,1e-06,initial,xbar,55,160,5.450843110457488e-08
p52,2,nm,Full FD,scalar,12.0,1e-06,initial,xbar,55,161,1.0842193496544874e-07
p52,2,nm,Full FD,scalar,12.0,1e-06,initial,xbar,55,162,3.4225273464443696e-07
p52,2,nm,Full FD,scalar,12.0,1e-06,initial,xbar,55,163,9.658634035119481e-09
p52,2,nm,Full FD,scalar,12.0,1e-06,initial,xbar,55,164,3.165809082108625e-08
p52,2,nm,Full FD,scalar,12.0,1e-06,initial,xbar,55,165,3.16572372015996e-08
p52,2,nm,Full FD,scalar,12.0,1e-06,initial,xbar,55,166,1.1726729612194222e-08
p52,2,nm,Full FD,scalar,12.0,1e-06,initial,xbar,55,167,9.275045029432809e-08
p52,2,nm,Full FD,scalar,12.0,1e-06,initial,xbar,55,168,4.652554870719062e-08
p52,2,nm,Full FD,scalar,12.0,1e-06,initial,xbar,55,169,1.7515943434755666e-08
p52,2,nm,Full FD,scalar,12.0,1e-06,initial,xbar,55,170,2.3413722658616768e-07
p52,2,nm,Full FD,scalar,12.0,1e-06,initial,xbar,55,171,0.005936522195549747
p52,2,nm,Full FD,scalar,12.0,1e-06,initial,xbar,55,172,2.1220968026730707e-08
p52,2,nm,Full FD,scalar,12.0,1e-06,initial,xbar,55,173,0.003063839268415977
p52,2,nm,Full FD,scalar,12.0,1e-06,initial,xbar,55,174,3.153046602167051e-08
p52,2,nm,Full FD,scalar,12.0,1e-06,initial,xbar,55,175,4.4345721125778e-08
p52,2,nm,Full FD,scalar,12.0,1e-06,initial,xbar,55,176,0.0010731099101009072
p52,2,nm,Full FD,scalar,12.0,1e-06,initial,xbar,55,177,7.341029527768382e-09
p52,2,nm,Full FD,scalar,12.0,1e-06,initial,xbar,55,178,7.340322417611253e-09
p52,2,nm,Full FD,scalar,12.0,1e-06,initial,xbar,55,179,2.3299386987953403e-07
p52,2,nm,Full FD,scalar,12.0,1e-06,initial,xbar,55,180,2.3294613212284098e-07
p52,2,nm,Full FD,scalar,12.0,1e-06,initial,xbar,55,181,4.1246199944101836e-08
p52,2,nm,Full FD,scalar,12.0,1e-06,initial,xbar,55,182,0.0034599064367695745
p52,2,nm,Full FD,scalar,12.0,1e-06,initial,xbar,55,183,0.0020632749313600797
p52,2,nm,Full FD,scalar,12.0,1e-06,initial,xbar,55,184,9.478214565526039e-08
p52,2,nm,Full FD,scalar,12.0,1e-06,initial,xbar,55,185,9.475961493368914e-08
p52,2,nm,Full FD,scalar,12.0,1e-06,initial,xbar,55,186,1.7183359732354874e-07
p52,2,nm,Full FD,scalar,12.0,1e-06,initial,xbar,55,187,1.7174802257884216e-07
p52,2,nm,Full FD,scalar,12.0,1e-06,initial,xbar,55,188,1.3736739290164413e-07
p52,2,nm,Full FD,scalar,12.0,1e-06,initial,xbar,55,189,1.740220764223195e-08
p52,2,nm,Full FD,scalar,12.0,1e-06,initial,xbar,55,190,1.74000338661626e-08
p52,2,nm,Full FD,scalar,12.0,1e-06,initial,xbar,55,191,4.3136731465209574e-08
p52,2,nm,Full FD,scalar,12.0,1e-06,initial,xbar,55,192,7.773252579479402e-09
p52,2,nm,Full FD,scalar,12.0,1e-06,initial,xbar,55,193,3.0775377491125056e-08
p52,2,nm,Full FD,scalar,12.0,1e-06,initial,xbar,55,194,1.7835350361223146e-08
p52,2,nm,Full FD,scalar,12.0,1e-06,initial,xbar,55,195,0.0003513644383850362
p52,2,nm,Full FD,scalar,12.0,1e-06,initial,xbar,55,196,0.00012166011356745878
p52,2,nm,Full FD,scalar,12.0,1e-06,initial,xbar,55,197,5.629859175550094e-09
p52,2,nm,Full FD,scalar,12.0,1e-06,initial,xbar,55,198,0.0012258966196625665
p52,2,nm,Full FD,scalar,12.0,1e-06,initial,xbar,55,199,8.374104226074777e-08
p52,2,nm,Full FD,scalar,12.0,1e-06,initial,xbar,55,200,0.0004619664738621692
p52,2,nm,Full FD,scalar,12.0,1e-06,initial,xbar,55,201,2.3185058911108714e-08
p52,2,nm,Full FD,scalar,12.0,1e-06,initial,xbar,55,202,2.2524777462298122e-08
p52,2,nm,Full FD,scalar,12.0,1e-06,initial,xbar,55,203,3.409340504587399e-05
p52,2,nm,Full FD,scalar,12.0,1e-06,initial,xbar,55,204,1.2274863367850794e-05
p52,2,nm,Full FD,scalar,12.0,1e-06,initial,xbar,55,205,1.207456386261121e-06
p52,2,nm,Full FD,scalar,12.0,1e-06,initial,xbar,55,206,3.245560816482641e-06
p52,2,nm,Full FD,scalar,12.0,1e-06,random,rand1,56,0,0.8686227980843741
p52,2,nm,Full FD,scalar,12.0,1e-06,random,rand1,56,1,1.3411670040308755e-08
p52,2,nm,Full FD,scalar,12.0,1e-06,random,rand1,56,2,4.6647811428016705e-09
p52,2,nm,Full FD,scalar,12.0,1e-06,random,rand1,56,3,0.13220299685026793
p52,2,nm,Full FD,scalar,12.0,1e-06,random,rand1,56,4,3.3447400751185945e-08
p52,2,nm,Full FD,scalar,12.0,1e-06,random,rand1,56,5,5.240060237166614e-09
p52,2,nm,Full FD,scalar,12.0,1e-06,random,rand1,56,6,5.240284343855816e-09
p52,2,nm,Full FD,scalar,12.0,1e-06,random,rand1,56,7,4.2761766861027746e-08
p52,2,nm,Full FD,scalar,12.0,1e-06,random,rand1,56,8,1.197941553515447e-08
p52,2,nm,Full FD,scalar,12.0,1e-06,random,rand1,56,9,1.777223773894438
p52,2,nm,Full FD,scalar,12.0,1e-06,random,rand1,56,10,0.04566017981611492
p52,2,nm,Full FD,scalar,12.0,1e-06,random,rand1,56,11,4.0161418876527983e-08
p52,2,nm,Full FD,scalar,12.0,1e-06,random,rand1,56,12,0.04533170146471788
p52,2,nm,Full FD,scalar,12.0,1e-06,random,rand1,56,13,0.027052654192450953
p52,2,nm,Full FD,scalar,12.0,1e-06,random,rand1,56,14,3.0849519925781995e-08
p52,2,nm,Full FD,scalar,12.0,1e-06,random,rand1,56,15,0.15504503405219983
p52,2,nm,Full FD,scalar,12.0,1e-06,random,rand1,56,16,0.0321721525825737
p52,2,nm,Full FD,scalar,12.0,1e-06,random,rand1,56,17,1.6476316386197356e-08
p52,2,nm,Full FD,scalar,12.0,1e-06,random,rand1,56,18,0.005153881675425632
p52,2,nm,Full FD,scalar,12.0,1e-06,random,rand1,56,19,2.696985406013064e-08
p52,2,nm,Full FD,scalar,12.0,1e-06,random,rand1,56,20,2.6971577472489883e-08
p52,2,nm,Full FD,scalar,12.0,1e-06,random,rand1,56,21,2.696990486991282e-08
p52,2,nm,Full FD,scalar,12.0,1e-06,random,rand1,56,22,2.697124297732798e-08
p52,2,nm,Full FD,scalar,12.0,1e-06,random,rand1,56,23,2.5636837435822526e-08
p52,2,nm,Full FD,scalar,12.0,1e-06,random,rand1,56,24,3.213838676695929e-08
p52,2,nm,Full FD,scalar,12.0,1e-06,random,rand1,56,25,1.0902907257209376e-08
p52,2,nm,Full FD,scalar,12.0,1e-06,random,rand1,56,26,0.0098362274916767
p52,2,nm,Full FD,scalar,12.0,1e-06,random,rand1,56,27,8.452286383005911e-05
p52,2,nm,Full FD,scalar,12.0,1e-06,random,rand1,56,28,5.021148647862675e-08
p52,2,nm,Full FD,scalar,12.0,1e-06,random,rand1,56,29,2.9159828507869885e-07
p52,2,nm,Full FD,scalar,12.0,1e-06,random,rand1,56,30,3.3554737813747453e-07
p52,2,nm,Full FD,scalar,12.0,1e-06,random,rand1,56,31,2.892690362168024e-07
p52,2,nm,Full FD,scalar,12.0,1e-06,random,rand1,56,32,1.1543601779692401e-08
p52,2,nm,Full FD,scalar,12.0,1e-06,random,rand1,56,33,3.008885764695257e-08
p52,2,nm,Full FD,scalar,12.0,1e-06,random,rand1,56,34,2.6771466878269188e-08
p52,2,nm,Full FD,scalar,12.0,1e-06,random,rand1,56,35,2.637520583357036e-08
p52,2,nm,Full FD,scalar,12.0,1e-06,random,rand1,56,36,1.6422366437764108e-08
p52,2,nm,Full FD,scalar,12.0,1e-06,random,rand1,56,37,9.872537648700072e-09
p52,2,nm,Full FD,scalar,12.0,1e-06,random,rand1,56,38,3.2283072829700934e-08
p52,2,nm,Full FD,scalar,12.0,1e-06,random,rand1,56,39,3.1664826713054844e-08
p52,2,nm,Full FD,scalar,12.0,1e-06,random,rand1,56,40,1.1887974100930805e-07
p52,2,nm,Full FD,scalar,12.0,1e-06,random,rand1,56,41,2.1406903495526023e-08
p52,2,nm,Full FD,scalar,12.0,1e-06,random,rand1,56,42,2.6831870621829098e-08
p52,2,nm,Full FD,scalar,12.0,1e-06,random,rand1,56,43,6.75427618320007e-07
p52,2,nm,Full FD,scalar,12.0,1e-06,random,rand1,56,44,2.9163911318706934e-07
p52,2,nm,Full FD,scalar,12.0,1e-06,random,rand1,56,45,2.073295927098923e-08
p52,2,nm,Full FD,scalar,12.0,1e-06,random,rand1,56,46,2.2953691548210248e-08
p52,2,nm,Full FD,scalar,12.0,1e-06,random,rand1,56,47,2.4932644452086013e-07
p52,2,nm,Full FD,scalar,12.0,1e-06,random,rand1,56,48,1.4793888849446655e-07
p52,2,nm,Full FD,scalar,12.0,1e-06,random,rand1,56,49,1.0100922504206702e-08
p52,2,nm,Full FD,scalar,12.0,1e-06,random,rand1,56,50,1.0940520879318205e-06
p52,2,tr,Full FD,scalar,12.0,1e-06,random,rand1,56,0,0.8686227980843737
p52,2,tr,Full FD,scalar,12.0,1e-06,random,rand1,56,1,8.434657749185265e-08
p52,2,tr,Full FD,scalar,12.0,1e-06,random,rand1,56,2,1.4399500415582256e-08
p52,2,tr,Full FD,scalar,12.0,1e-06,random,rand1,56,3,1.4020351274076236e-08
p52,2,tr,Full FD,scalar,12.0,1e-06,random,rand1,56,4,5.087594336323644e-09
p52,2,tr,Full FD,scalar,12.0,1e-06,random,rand1,56,5,1.1946529797038956
p52,2,tr,Full FD,scalar,12.0,1e-06,random,rand1,56,6,0.5559512102515913
p52,2,tr,Full FD,scalar,12.0,1e-06,random,rand1,56,7,2.880164978734724e-08
p52,2,tr,Full FD,scalar,12.0,1e-06,random,rand1,56,8,0.19394108823702505
p52,2,tr,Full FD,scalar,12.0,1e-06,random,rand1,56,9,2.1150988279229055e-08
p52,2,tr,Full FD,scalar,12.0,1e-06,random,rand1,56,10,5.654852195311817e-08
p52,2,tr,Full FD,scalar,12.0,1e-06,random,rand1,56,11,2.1117811471103642e-08
p52,2,tr,Full FD,scalar,12.0,1e-06,random,rand1,56,12,2.4086978605167032e-08
p52,2,tr,Full FD,scalar,12.0,1e-06,random,rand1,56,13,1.8742810125564402e-08
p52,2,tr,Full FD,scalar,12.0,1e-06,random,rand1,56,14,0.08668901067000304
p52,2,tr,Full FD,scalar,12.0,1e-06,random,rand1,56,15,0.05094060543920997
p52,2,tr,Full FD,scalar,12.0,1e-06,random,rand1,56,16,2.5874796225596247e-08
p52,2,tr,Full FD,scalar,12.0,1e-06,random,rand1,56,17,0.0376063854847452
p52,2,tr,Full FD,scalar,12.0,1e-06,random,rand1,56,18,1.5220134613692146e-07
p52,2,tr,Full FD,scalar,12.0,1e-06,random,rand1,56,19,1.522028085069624e-07
p52,2,tr,Full FD,scalar,12.0,1e-06,random,rand1,56,20,0.025509460173432332
p52,2,tr,Full FD,scalar,12.0,1e-06,random,rand1,56,21,2.035181903200516e-08
p52,2,tr,Full FD,scalar,12.0,1e-06,random,rand1,56,22,0.011297295375347599
p52,2,tr,Full FD,scalar,12.0,1e-06,random,rand1,56,23,2.0361191558111558e-08
p52,2,tr,Full FD,scalar,12.0,1e-06,random,rand1,56,24,0.0004895273465747389
p52,2,tr,Full FD,scalar,12.0,1e-06,random,rand1,56,25,0.00036261842981655517
p52,2,tr,Full FD,scalar,12.0,1e-06,random,rand1,56,26,0.0002584197333250686
p52,2,tr,Full FD,scalar,12.0,1e-06,random,rand1,56,27,0.00018465377336733906
p52,2,tr,Full FD,scalar,12.0,1e-06,random,rand1,56,28,1.1371604516688116e-08
p52,2,tr,Full FD,scalar,12.0,1e-06,random,rand1,56,29,2.6868544675856834e-05
p52,2,tr,Full FD,scalar,12.0,1e-06,random,rand1,56,30,6.859366036607634e-05
p52,2,tr,Full FD,scalar,12.0,1e-06,random,rand1,56,31,2.4188592140530265e-08
p52,2,tr,Full FD,scalar,12.0,1e-06,random,rand1,56,32,9.510663292399847e-08
p52,2,tr,Full FD,scalar,12.0,1e-06,random,rand1,56,33,2.493223395335979e-08
p52,2,tr,Full FD,scalar,12.0,1e-06,random,rand1,56,34,2.3972018118726703e-08
p52,2,tr,Full FD,scalar,12.0,1e-06,random,rand1,56,35,1.2792186408550698e-05
p52,2,tr,Full FD,scalar,12.0,1e-06,random,rand1,56,36,9.155524311315186e-06
p52,2,tr,Full FD,scalar,12.0,1e-06,random,rand1,56,37,6.013495404105121e-07
p52,2,tr,Full FD,scalar,12.0,1e-06,random,rand1,56,38,3.7933215484460857e-06
p52,2,tr,Full FD,scalar,12.0,1e-06,random,rand1,56,39,1.4342033817344662e-07
p52,2,nm,Full FD,scalar,12.0,1e-06,random,rand2,57,0,1.3900842421186748e-09
p52,2,nm,Full FD,scalar,12.0,1e-06,random,rand2,57,1,5.78142267188409e-09
p52,2,nm,Full FD,scalar,12.0,1e-06,random,rand2,57,2,1.5892868653278162e-09
p52,2,nm,Full FD,scalar,12.0,1e-06,random,rand2,57,3,1.5903390984626472e-09
p52,2,nm,Full FD,scalar,12.0,1e-06,random,rand2,57,4,6.4408410354585315e-09
p52,2,nm,Full FD,scalar,12.0,1e-06,random,rand2,57,5,6.438602133110048e-09
p52,2,nm,Full FD,scalar,12.0,1e-06,random,rand2,57,6,0.33396790404051274
p52,2,nm,Full FD,scalar,12.0,1e-06,random,rand2,57,7,0.06255090699315047
p52,2,nm,Full FD,scalar,12.0,1e-06,random,rand2,57,8,1.3233683946107775e-09
p52,2,nm,Full FD,scalar,12.0,1e-06,random,rand2,57,9,1.3216264551004197e-09
p52,2,nm,Full FD,scalar,12.0,1e-06,random,rand2,57,10,1.4799691930227277
p52,2,nm,Full FD,scalar,12.0,1e-06,random,rand2,57,11,0.5372709376218734
p52,2,nm,Full FD,scalar,12.0,1e-06,random,rand2,57,12,0.49890714432900873
p52,2,nm,Full FD,scalar,12.0,1e-06,random,rand2,57,13,2.8468415004395486e-08
p52,2,nm,Full FD,scalar,12.0,1e-06,random,rand2,57,14,5.268213429801103e-08
p52,2,nm,Full FD,scalar,12.0,1e-06,random,rand2,57,15,4.99903404053701e-07
p52,2,nm,Full FD,scalar,12.0,1e-06,random,rand2,57,16,1.280582042248487e-07
p52,2,nm,Full FD,scalar,12.0,1e-06,random,rand2,57,17,0.006930911063026568
p52,2,nm,Full FD,scalar,12.0,1e-06,random,rand2,57,18,5.381557020558846e-08
p52,2,nm,Full FD,scalar,12.0,1e-06,random,rand2,57,19,3.243865704100065e-08
p52,2,nm,Full FD,scalar,12.0,1e-06,random,rand2,57,20,3.8607913312560133e-07
p52,2,nm,Full FD,scalar,12.0,1e-06,random,rand2,57,21,3.860576065375352e-07
p52,2,nm,Full FD,scalar,12.0,1e-06,random,rand2,57,22,3.114455402627547e-08
p52,2,nm,Full FD,scalar,12.0,1e-06,random,rand2,57,23,1.5658470647475523e-08
p52,2,nm,Full FD,scalar,12.0,1e-06,random,rand2,57,24,2.2531303003684517e-07
p52,2,nm,Full FD,scalar,12.0,1e-06,random,rand2,57,25,1.658085276414858e-08
p52,2,nm,Full FD,scalar,12.0,1e-06,random,rand2,57,26,1.6581862753664567e-08
p52,2,nm,Full FD,scalar,12.0,1e-06,random,rand2,57,27,4.803405396936587e-08
p52,2,nm,Full FD,scalar,12.0,1e-06,random,rand2,57,28,3.9793290897560895e-08
p52,2,nm,Full FD,scalar,12.0,1e-06,random,rand2,57,29,4.425613121818922e-08
p52,2,nm,Full FD,scalar,12.0,1e-06,random,rand2,57,30,7.32261529797026e-08
p52,2,nm,Full FD,scalar,12.0,1e-06,random,rand2,57,31,7.322679719943489e-08
p52,2,nm,Full FD,scalar,12.0,1e-06,random,rand2,57,32,1.704130685923999e-08
p52,2,nm,Full FD,scalar,12.0,1e-06,random,rand2,57,33,9.26083388782178e-08
p52,2,nm,Full FD,scalar,12.0,1e-06,random,rand2,57,34,1.836539397155087e-08
p52,2,nm,Full FD,scalar,12.0,1e-06,random,rand2,57,35,6.405474463894651e-07
p52,2,nm,Full FD,scalar,12.0,1e-06,random,rand2,57,36,2.097467317368721e-08
p52,2,nm,Full FD,scalar,12.0,1e-06,random,rand2,57,37,2.097491084033012e-08
p52,2,nm,Full FD,scalar,12.0,1e-06,random,rand2,57,38,3.1699373073318756e-08
p52,2,nm,Full FD,scalar,12.0,1e-06,random,rand2,57,39,2.8707691048261785e-08
p52,2,nm,Full FD,scalar,12.0,1e-06,random,rand2,57,40,2.8706221389399512e-08
p52,2,nm,Full FD,scalar,12.0,1e-06,random,rand2,57,41,6.879779067187897e-08
p52,2,nm,Full FD,scalar,12.0,1e-06,random,rand2,57,42,6.879780995441777e-08
p52,2,nm,Full FD,scalar,12.0,1e-06,random,rand2,57,43,0.15824606683023545
p52,2,nm,Full FD,scalar,12.0,1e-06,random,rand2,57,44,0.013963215336479706
p52,2,nm,Full FD,scalar,12.0,1e-06,random,rand2,57,45,0.013203486885737258
p52,2,nm,Full FD,scalar,12.0,1e-06,random,rand2,57,46,2.1201498710461685e-08
p52,2,nm,Full FD,scalar,12.0,1e-06,random,rand2,57,47,2.872591932374112e-08
p52,2,nm,Full FD,scalar,12.0,1e-06,random,rand2,57,48,1.1500394741142121e-08
p52,2,nm,Full FD,scalar,12.0,1e-06,random,rand2,57,49,1.1499898579893715e-08
p52,2,nm,Full FD,scalar,12.0,1e-06,random,rand2,57,50,3.9333364080130755e-08
p52,2,nm,Full FD,scalar,12.0,1e-06,random,rand2,57,51,2.801987899955155e-08
p52,2,nm,Full FD,scalar,12.0,1e-06,random,rand2,57,52,1.8663487791648043e-08
p52,2,nm,Full FD,scalar,12.0,1e-06,random,rand2,57,53,1.3586875001578291e-08
p52,2,nm,Full FD,scalar,12.0,1e-06,random,rand2,57,54,1.3586959011925732e-08
p52,2,nm,Full FD,scalar,12.0,1e-06,random,rand2,57,55,1.1269926100571141e-07
p52,2,nm,Full FD,scalar,12.0,1e-06,random,rand2,57,56,1.978909628017566e-08
p52,2,nm,Full FD,scalar,12.0,1e-06,random,rand2,57,57,1.978835623755541e-08
p52,2,nm,Full FD,scalar,12.0,1e-06,random,rand2,57,58,1.5697105671681793e-08
p52,2,nm,Full FD,scalar,12.0,1e-06,random,rand2,57,59,1.2416771606663934e-07
p52,2,nm,Full FD,scalar,12.0,1e-06,random,rand2,57,60,2.276999047570072e-08
p52,2,nm,Full FD,scalar,12.0,1e-06,random,rand2,57,61,2.7525762293492795e-08
p52,2,nm,Full FD,scalar,12.0,1e-06,random,rand2,57,62,2.7526659150993006e-08
p52,2,nm,Full FD,scalar,12.0,1e-06,random,rand2,57,63,2.088238823488495e-08
p52,2,nm,Full FD,scalar,12.0,1e-06,random,rand2,57,64,1.9497477317023914e-08
p52,2,nm,Full FD,scalar,12.0,1e-06,random,rand2,57,65,7.37699914131569e-08
p52,2,nm,Full FD,scalar,12.0,1e-06,random,rand2,57,66,7.266634386466022e-08
p52,2,nm,Full FD,scalar,12.0,1e-06,random,rand2,57,67,7.266160194573247e-08
p52,2,nm,Full FD,scalar,12.0,1e-06,random,rand2,57,68,0.003426476863341858
p52,2,nm,Full FD,scalar,12.0,1e-06,random,rand2,57,69,2.4036598649752637e-08
p52,2,nm,Full FD,scalar,12.0,1e-06,random,rand2,57,70,1.9904929207176582e-08
p52,2,nm,Full FD,scalar,12.0,1e-06,random,rand2,57,71,7.438602245303407e-08
p52,2,nm,Full FD,scalar,12.0,1e-06,random,rand2,57,72,0.004799777017274533
p52,2,nm,Full FD,scalar,12.0,1e-06,random,rand2,57,73,0.002270554474746193
p52,2,nm,Full FD,scalar,12.0,1e-06,random,rand2,57,74,0.001178230832126604
p52,2,nm,Full FD,scalar,12.0,1e-06,random,rand2,57,75,2.286365226533306e-08
p52,2,nm,Full FD,scalar,12.0,1e-06,random,rand2,57,76,2.2864448565400646e-08
p52,2,nm,Full FD,scalar,12.0,1e-06,random,rand2,57,77,2.1810114336435658e-08
p52,2,nm,Full FD,scalar,12.0,1e-06,random,rand2,57,78,1.333991341082537e-06
p52,2,nm,Full FD,scalar,12.0,1e-06,random,rand2,57,79,0.0014164147491779588
p52,2,nm,Full FD,scalar,12.0,1e-06,random,rand2,57,80,0.0008472262309437579
p52,2,nm,Full FD,scalar,12.0,1e-06,random,rand2,57,81,1.9451623114751554e-08
p52,2,nm,Full FD,scalar,12.0,1e-06,random,rand2,57,82,1.9448199696873372e-08
p52,2,nm,Full FD,scalar,12.0,1e-06,random,rand2,57,83,4.0744816816008195e-08
p52,2,nm,Full FD,scalar,12.0,1e-06,random,rand2,57,84,4.0736603412655194e-08
p52,2,nm,Full FD,scalar,12.0,1e-06,random,rand2,57,85,9.874398462524448e-09
p52,2,nm,Full FD,scalar,12.0,1e-06,random,rand2,57,86,8.544902970392694e-05
p52,2,nm,Full FD,scalar,12.0,1e-06,random,rand2,57,87,1.8614728350329903e-08
p52,2,nm,Full FD,scalar,12.0,1e-06,random,rand2,57,88,2.3501569269479018e-08
p52,2,nm,Full FD,scalar,12.0,1e-06,random,rand2,57,89,1.1133058961362478e-08
p52,2,nm,Full FD,scalar,12.0,1e-06,random,rand2,57,90,4.850999391797247e-08
p52,2,nm,Full FD,scalar,12.0,1e-06,random,rand2,57,91,1.5493116872561345e-07
p52,2,nm,Full FD,scalar,12.0,1e-06,random,rand2,57,92,0.000406124079792715
p52,2,nm,Full FD,scalar,12.0,1e-06,random,rand2,57,93,2.324612494309899e-07
p52,2,nm,Full FD,scalar,12.0,1e-06,random,rand2,57,94,9.3109020388116e-05
p52,2,nm,Full FD,scalar,12.0,1e-06,random,rand2,57,95,3.396520047625477e-05
p52,2,nm,Full FD,scalar,12.0,1e-06,random,rand2,57,96,4.5455519558545835e-09
p52,2,nm,Full FD,scalar,12.0,1e-06,random,rand2,57,97,4.3662654061601875e-08
p52,2,nm,Full FD,scalar,12.0,1e-06,random,rand2,57,98,8.2854211171043e-08
p52,2,nm,Full FD,scalar,12.0,1e-06,random,rand2,57,99,0.00023961568902061022
p52,2,nm,Full FD,scalar,12.0,1e-06,random,rand2,57,100,2.71622747861624e-06
p52,2,nm,Full FD,scalar,12.0,1e-06,random,rand2,57,101,1.3808525885503864e-07
p52,2,nm,Full FD,scalar,12.0,1e-06,random,rand2,57,102,1.375563202056294e-07
p52,2,nm,Full FD,scalar,12.0,1e-06,random,rand2,57,103,8.760172219974372e-05
p52,2,tr,Full FD,scalar,12.0,1e-06,random,rand2,57,0,0.36676182477001945
p52,2,tr,Full FD,scalar,12.0,1e-06,random,rand2,57,1,3.432415534384743e-09
p52,2,tr,Full FD,scalar,12.0,1e-06,random,rand2,57,2,1.1273463355415741e-09
p52,2,tr,Full FD,scalar,12.0,1e-06,random,rand2,57,3,9.553819033015322e-09
p52,2,tr,Full FD,scalar,12.0,1e-06,random,rand2,57,4,1.7329697137080758e-09
p52,2,tr,Full FD,scalar,12.0,1e-06,random,rand2,57,5,6.007483820321111e-08
p52,2,tr,Full FD,scalar,12.0,1e-06,random,rand2,57,6,0.13011708822910042
p52,2,tr,Full FD,scalar,12.0,1e-06,random,rand2,57,7,0.10833123792195407
p52,2,tr,Full FD,scalar,12.0,1e-06,random,rand2,57,8,0.16586775319793012
p52,2,tr,Full FD,scalar,12.0,1e-06,random,rand2,57,9,1.6439662582381737e-09
p52,2,tr,Full FD,scalar,12.0,1e-06,random,rand2,57,10,0.8868542342992795
p52,2,tr,Full FD,scalar,12.0,1e-06,random,rand2,57,11,0.10811965278860604
p52,2,tr,Full FD,scalar,12.0,1e-06,random,rand2,57,12,0.1023611424173009
p52,2,tr,Full FD,scalar,12.0,1e-06,random,rand2,57,13,0.07543270876957436
p52,2,tr,Full FD,scalar,12.0,1e-06,random,rand2,57,14,0.024770760645702033
p52,2,tr,Full FD,scalar,12.0,1e-06,random,rand2,57,15,0.009164334620211104
p52,2,tr,Full FD,scalar,12.0,1e-06,random,rand2,57,16,1.689001358085582e-08
p52,2,tr,Full FD,scalar,12.0,1e-06,random,rand2,57,17,0.0034535809286247074
p52,2,tr,Full FD,scalar,12.0,1e-06,random,rand2,57,18,0.0024454986513227296
p52,2,tr,Full FD,scalar,12.0,1e-06,random,rand2,57,19,0.001747525466876054
p52,2,tr,Full FD,scalar,12.0,1e-06,random,rand2,57,20,0.000727456038034838
p52,2,tr,Full FD,scalar,12.0,1e-06,random,rand2,57,21,0.0008420096018798122
p52,2,tr,Full FD,scalar,12.0,1e-06,random,rand2,57,22,8.286429937901371e-07
p52,2,tr,Full FD,scalar,12.0,1e-06,random,rand2,57,23,0.00040068129602983016
p52,2,tr,Full FD,scalar,12.0,1e-06,random,rand2,57,24,1.7487820064936703e-07
p52,2,tr,Full FD,scalar,12.0,1e-06,random,rand2,57,25,0.000195500623368296
p52,2,tr,Full FD,scalar,12.0,1e-06,random,rand2,57,26,3.423794425441228e-07
p52,2,tr,Full FD,scalar,12.0,1e-06,random,rand2,57,27,4.0157866240612215e-05
p52,2,tr,Full FD,scalar,12.0,1e-06,random,rand2,57,28,5.2539577789160606e-08
p52,2,tr,Full FD,scalar,12.0,1e-06,random,rand2,57,29,2.7857933093144466e-05
p52,2,tr,Full FD,scalar,12.0,1e-06,random,rand2,57,30,1.95907377006603e-05
p52,2,tr,Full FD,scalar,12.0,1e-06,random,rand2,57,31,2.697393430925046e-07
p52,2,tr,Full FD,scalar,12.0,1e-06,random,rand2,57,32,1.1290704663942172e-05
p52,2,tr,Full FD,scalar,12.0,1e-06,random,rand2,57,33,6.079750138353732e-06
p52,2,tr,Full FD,scalar,12.0,1e-06,random,rand2,57,34,4.291338921808723e-06
p52,2,tr,Full FD,scalar,12.0,1e-06,random,rand2,57,35,2.263925632150456e-08
p52,2,tr,Full FD,scalar,12.0,1e-06,random,rand2,57,36,9.14268732230084e-08
p52,2,tr,Full FD,scalar,12.0,1e-06,random,rand2,57,37,2.8550300976240253e-06
p52,2,tr,Full FD,scalar,12.0,1e-06,random,rand2,57,38,1.8361404700273392e-06
p52,2,tr,Full FD,scalar,12.0,1e-06,random,rand2,57,39,4.047810071031671e-08
p52,2,tr,Full FD,scalar,12.0,1e-06,random,rand2,57,40,1.0535686252193713e-06
p52,2,tr,Full FD,scalar,12.0,1e-06,random,rand2,57,41,4.715344466870605e-07
p52,2,tr,Full FD,scalar,12.0,1e-06,random,rand2,57,42,2.4843320490356024e-08
p52,2,tr,Full FD,scalar,12.0,1e-06,random,rand2,57,43,9.846129745010419e-09
p52,2,tr,Full FD,scalar,12.0,1e-06,random,rand2,57,44,1.0943360372567205e-07
p52,2,tr,Full FD,scalar,12.0,1e-06,random,rand2,57,45,4.988450650629423e-08
p52,2,nm,Full FD,scalar,12.0,1e-06,random,rand3,58,0,0.7407778265721828
p52,2,nm,Full FD,scalar,12.0,1e-06,random,rand3,58,1,0.15825757243544653
p52,2,nm,Full FD,scalar,12.0,1e-06,random,rand3,58,2,0.06172381439995608
p52,2,nm,Full FD,scalar,12.0,1e-06,random,rand3,58,3,2.3437265420962532e-08
p52,2,nm,Full FD,scalar,12.0,1e-06,random,rand3,58,4,2.4744606273832938e-08
p52,2,nm,Full FD,scalar,12.0,1e-06,random,rand3,58,5,2.4744304836781067e-08
p52,2,nm,Full FD,scalar,12.0,1e-06,random,rand3,58,6,1.2158901659562095e-08
p52,2,nm,Full FD,scalar,12.0,1e-06,random,rand3,58,7,0.0007126750258663606
p52,2,nm,Full FD,scalar,12.0,1e-06,random,rand3,58,8,1.5402764381234326e-08
p52,2,nm,Full FD,scalar,12.0,1e-06,random,rand3,58,9,1.585105372107736e-08
p52,2,nm,Full FD,scalar,12.0,1e-06,random,rand3,58,10,1.2533169105143525e-07
p52,2,nm,Full FD,scalar,12.0,1e-06,random,rand3,58,11,1.253428437823607e-07
p52,2,nm,Full FD,scalar,12.0,1e-06,random,rand3,58,12,1.253281352622787e-07
p52,2,nm,Full FD,scalar,12.0,1e-06,random,rand3,58,13,0.0004754330623811809
p52,2,nm,Full FD,scalar,12.0,1e-06,random,rand3,58,14,2.7304107918455786e-08
p52,2,nm,Full FD,scalar,12.0,1e-06,random,rand3,58,15,2.7302786457031232e-08
p52,2,nm,Full FD,scalar,12.0,1e-06,random,rand3,58,16,5.22938166683977e-08
p52,2,nm,Full FD,scalar,12.0,1e-06,random,rand3,58,17,5.2295186539939596e-08
p52,2,nm,Full FD,scalar,12.0,1e-06,random,rand3,58,18,1.64912649807896e-08
p52,2,nm,Full FD,scalar,12.0,1e-06,random,rand3,58,19,1.649099427017436e-08
p52,2,nm,Full FD,scalar,12.0,1e-06,random,rand3,58,20,1.649102616310976e-08
p52,2,nm,Full FD,scalar,12.0,1e-06,random,rand3,58,21,1.6490920245242802e-08
p52,2,nm,Full FD,scalar,12.0,1e-06,random,rand3,58,22,1.1822931213705627e-08
p52,2,nm,Full FD,scalar,12.0,1e-06,random,rand3,58,23,3.4558031520000307e-08
p52,2,nm,Full FD,scalar,12.0,1e-06,random,rand3,58,24,0.052370843682344126
p52,2,nm,Full FD,scalar,12.0,1e-06,random,rand3,58,25,0.021661737603233422
p52,2,nm,Full FD,scalar,12.0,1e-06,random,rand3,58,26,1.168118708196867e-08
p52,2,nm,Full FD,scalar,12.0,1e-06,random,rand3,58,27,4.441982148817095e-08
p52,2,nm,Full FD,scalar,12.0,1e-06,random,rand3,58,28,1.655796032492615e-08
p52,2,nm,Full FD,scalar,12.0,1e-06,random,rand3,58,29,1.004612100106262e-07
p52,2,nm,Full FD,scalar,12.0,1e-06,random,rand3,58,30,3.3713616435766085e-07
p52,2,nm,Full FD,scalar,12.0,1e-06,random,rand3,58,31,1.4954216668414396e-07
p52,2,nm,Full FD,scalar,12.0,1e-06,random,rand3,58,32,1.435438024007053e-08
p52,2,nm,Full FD,scalar,12.0,1e-06,random,rand3,58,33,9.408099738359159e-09
p52,2,nm,Full FD,scalar,12.0,1e-06,random,rand3,58,34,1.7572241564483565e-08
p52,2,nm,Full FD,scalar,12.0,1e-06,random,rand3,58,35,8.91140467988613e-08
p52,2,nm,Full FD,scalar,12.0,1e-06,random,rand3,58,36,1.3538106127530582e-08
p52,2,nm,Full FD,scalar,12.0,1e-06,random,rand3,58,37,2.684633539567643e-08
p52,2,nm,Full FD,scalar,12.0,1e-06,random,rand3,58,38,0.0009756235822485643
p52,2,nm,Full FD,scalar,12.0,1e-06,random,rand3,58,39,1.9517216796377968e-07
p52,2,nm,Full FD,scalar,12.0,1e-06,random,rand3,58,40,2.332724795474748e-08
p52,2,nm,Full FD,scalar,12.0,1e-06,random,rand3,58,41,0.0066057958141286215
p52,2,nm,Full FD,scalar,12.0,1e-06,random,rand3,58,42,0.0017784539452465377
p52,2,nm,Full FD,scalar,12.0,1e-06,random,rand3,58,43,1.153257836505684e-08
p52,2,nm,Full FD,scalar,12.0,1e-06,random,rand3,58,44,1.798826302749688e-07
p52,2,nm,Full FD,scalar,12.0,1e-06,random,rand3,58,45,2.437359703507535e-06
p52,2,nm,Full FD,scalar,12.0,1e-06,random,rand3,58,46,4.1976154135783723e-08
p52,2,tr,Full FD,scalar,12.0,1e-06,random,rand3,58,0,5.411099526088378e-09
p52,2,tr,Full FD,scalar,12.0,1e-06,random,rand3,58,1,0.7891888345764789
p52,2,tr,Full FD,scalar,12.0,1e-06,random,rand3,58,2,1.9489587053498682e-08
p52,2,tr,Full FD,scalar,12.0,1e-06,random,rand3,58,3,0.21887996843464136
p52,2,tr,Full FD,scalar,12.0,1e-06,random,rand3,58,4,0.14886385333957985
p52,2,tr,Full FD,scalar,12.0,1e-06,random,rand3,58,5,2.1410338909166983e-07
p52,2,tr,Full FD,scalar,12.0,1e-06,random,rand3,58,6,2.046070590052174e-08
p52,2,tr,Full FD,scalar,12.0,1e-06,random,rand3,58,7,0.05491609842588805
p52,2,tr,Full FD,scalar,12.0,1e-06,random,rand3,58,8,0.04055506484392967
p52,2,tr,Full FD,scalar,12.0,1e-06,random,rand3,58,9,1.7091947767425884e-08
p52,2,tr,Full FD,scalar,12.0,1e-06,random,rand3,58,10,0.027381250851776538
p52,2,tr,Full FD,scalar,12.0,1e-06,random,rand3,58,11,0.020036030168781235
p52,2,tr,Full FD,scalar,12.0,1e-06,random,rand3,58,12,1.2661302684558014e-08
p52,2,tr,Full FD,scalar,12.0,1e-06,random,rand3,58,13,2.1302233001842236e-08
p52,2,tr,Full FD,scalar,12.0,1e-06,random,rand3,58,14,0.01400754490047449
p52,2,tr,Full FD,scalar,12.0,1e-06,random,rand3,58,15,3.9314952385591887e-07
p52,2,tr,Full FD,scalar,12.0,1e-06,random,rand3,58,16,2.5854127207529308e-08
p52,2,tr,Full FD,scalar,12.0,1e-06,random,rand3,58,17,1.7380460350459437e-08
p52,2,tr,Full FD,scalar,12.0,1e-06,random,rand3,58,18,9.634638866480389e-08
p52,2,tr,Full FD,scalar,12.0,1e-06,random,rand3,58,19,2.5601850350156056e-07
p52,2,tr,Full FD,scalar,12.0,1e-06,random,rand3,58,20,0.01016154131357604
p52,2,tr,Full FD,scalar,12.0,1e-06,random,rand3,58,21,0.007199100971453294
p52,2,tr,Full FD,scalar,12.0,1e-06,random,rand3,58,22,4.917877519143119e-07
p52,2,tr,Full FD,scalar,12.0,1e-06,random,rand3,58,23,0.005193844580060585
p52,2,tr,Full FD,scalar,12.0,1e-06,random,rand3,58,24,0.0037013086204745493
p52,2,tr,Full FD,scalar,12.0,1e-06,random,rand3,58,25,3.862945666247729e-07
p52,2,tr,Full FD,scalar,12.0,1e-06,random,rand3,58,26,2.8323040492134402e-08
p52,2,tr,Full FD,scalar,12.0,1e-06,random,rand3,58,27,2.703072896267528e-08
p52,2,tr,Full FD,scalar,12.0,1e-06,random,rand3,58,28,0.0026615991239042425
p52,2,tr,Full FD,scalar,12.0,1e-06,random,rand3,58,29,0.0019022120877414228
p52,2,tr,Full FD,scalar,12.0,1e-06,random,rand3,58,30,7.169552108655362e-06
p52,2,tr,Full FD,scalar,12.0,1e-06,random,rand3,58,31,0.0013537255306263606
p52,2,tr,Full FD,scalar,12.0,1e-06,random,rand3,58,32,4.195986917035354e-05
p52,2,tr,Full FD,scalar,12.0,1e-06,random,rand3,58,33,2.088424124887472e-08
p52,2,tr,Full FD,scalar,12.0,1e-06,random,rand3,58,34,1.4685094480665534e-08
p52,2,tr,Full FD,scalar,12.0,1e-06,random,rand3,58,35,0.0008965064438246836
p52,2,tr,Full FD,scalar,12.0,1e-06,random,rand3,58,36,0.0006431021180349019
p52,2,tr,Full FD,scalar,12.0,1e-06,random,rand3,58,37,3.30105171144295e-06
p52,2,tr,Full FD,scalar,12.0,1e-06,random,rand3,58,38,0.00045493717047261143
p52,2,tr,Full FD,scalar,12.0,1e-06,random,rand3,58,39,2.0353593944197874e-08
p52,2,tr,Full FD,scalar,12.0,1e-06,random,rand3,58,40,8.788759430979703e-08
p52,2,tr,Full FD,scalar,12.0,1e-06,random,rand3,58,41,1.728854960372084e-06
p52,2,tr,Full FD,scalar,12.0,1e-06,random,rand3,58,42,0.00032307059292938843
p52,2,tr,Full FD,scalar,12.0,1e-06,random,rand3,58,43,0.00023145808604898256
p52,2,tr,Full FD,scalar,12.0,1e-06,random,rand3,58,44,2.19977315895329e-08
p52,2,tr,Full FD,scalar,12.0,1e-06,random,rand3,58,45,2.3997559373965814e-07
p52,2,tr,Full FD,scalar,12.0,1e-06,random,rand3,58,46,0.00016548023289249627
p52,2,tr,Full FD,scalar,12.0,1e-06,random,rand3,58,47,2.0614360766752806e-08
p52,2,tr,Full FD,scalar,12.0,1e-06,random,rand3,58,48,1.8969986262670955e-08
p52,2,tr,Full FD,scalar,12.0,1e-06,random,rand3,58,49,2.992808907915886e-08
p52,2,tr,Full FD,scalar,12.0,1e-06,random,rand3,58,50,0.0001184598895580777
p52,2,tr,Full FD,scalar,12.0,1e-06,random,rand3,58,51,9.25883268685521e-08
p52,2,tr,Full FD,scalar,12.0,1e-06,random,rand3,58,52,8.475619855443547e-05
p52,2,tr,Full FD,scalar,12.0,1e-06,random,rand3,58,53,3.537264302933436e-05
p52,2,tr,Full FD,scalar,12.0,1e-06,random,rand3,58,54,2.2493060466336243e-08
p52,2,tr,Full FD,scalar,12.0,1e-06,random,rand3,58,55,2.431128422529527e-08
p52,2,tr,Full FD,scalar,12.0,1e-06,random,rand3,58,56,5.0538097432770176e-08
p52,2,nm,Full FD,scalar,12.0,1e-06,random,rand4,59,0,1.1718875078635511
p52,2,nm,Full FD,scalar,12.0,1e-06,random,rand4,59,1,0.6663455072782236
p52,2,nm,Full FD,scalar,12.0,1e-06,random,rand4,59,2,5.03638709797612e-07
p52,2,nm,Full FD,scalar,12.0,1e-06,random,rand4,59,3,1.0453154449052778e-06
p52,2,nm,Full FD,scalar,12.0,1e-06,random,rand4,59,4,4.473517970369201e-07
p52,2,nm,Full FD,scalar,12.0,1e-06,random,rand4,59,5,1.5396703162401607e-08
p52,2,nm,Full FD,scalar,12.0,1e-06,random,rand4,59,6,0.18316798769423928
p52,2,nm,Full FD,scalar,12.0,1e-06,random,rand4,59,7,1.761526592124766e-08
p52,2,nm,Full FD,scalar,12.0,1e-06,random,rand4,59,8,2.7455343044854673e-08
p52,2,nm,Full FD,scalar,12.0,1e-06,random,rand4,59,9,8.809403305085466e-08
p52,2,nm,Full FD,scalar,12.0,1e-06,random,rand4,59,10,2.4706320066232003e-08
p52,2,nm,Full FD,scalar,12.0,1e-06,random,rand4,59,11,2.470513322671871e-08
p52,2,nm,Full FD,scalar,12.0,1e-06,random,rand4,59,12,2.079007127692842e-08
p52,2,nm,Full FD,scalar,12.0,1e-06,random,rand4,59,13,1.2871698657512992e-07
p52,2,nm,Full FD,scalar,12.0,1e-06,random,rand4,59,14,4.480299452216556e-07
p52,2,nm,Full FD,scalar,12.0,1e-06,random,rand4,59,15,1.895746698114303e-08
p52,2,nm,Full FD,scalar,12.0,1e-06,random,rand4,59,16,1.6962916427006968e-08
p52,2,nm,Full FD,scalar,12.0,1e-06,random,rand4,59,17,3.811436303394464e-08
p52,2,nm,Full FD,scalar,12.0,1e-06,random,rand4,59,18,3.811476058480793e-08
p52,2,nm,Full FD,scalar,12.0,1e-06,random,rand4,59,19,3.8114624259480675e-08
p52,2,nm,Full FD,scalar,12.0,1e-06,random,rand4,59,20,2.445283936234803e-08
p52,2,nm,Full FD,scalar,12.0,1e-06,random,rand4,59,21,7.132294228239125e-08
p52,2,nm,Full FD,scalar,12.0,1e-06,random,rand4,59,22,1.618900529285597e-07
p52,2,nm,Full FD,scalar,12.0,1e-06,random,rand4,59,23,6.807401575044949e-08
p52,2,nm,Full FD,scalar,12.0,1e-06,random,rand4,59,24,3.291385345263839e-08
p52,2,nm,Full FD,scalar,12.0,1e-06,random,rand4,59,25,3.875764976917685e-08
p52,2,nm,Full FD,scalar,12.0,1e-06,random,rand4,59,26,4.490506289161473e-08
p52,2,nm,Full FD,scalar,12.0,1e-06,random,rand4,59,27,1.3705038086846476e-07
p52,2,nm,Full FD,scalar,12.0,1e-06,random,rand4,59,28,3.8757454051954546e-08
p52,2,nm,Full FD,scalar,12.0,1e-06,random,rand4,59,29,2.3386806105482255e-06
p52,2,nm,Full FD,scalar,12.0,1e-06,random,rand4,59,30,4.94194335974507e-07
p52,2,nm,Full FD,scalar,12.0,1e-06,random,rand4,59,31,3.0012695950313465e-08
p52,2,nm,Full FD,scalar,12.0,1e-06,random,rand4,59,32,8.809475313152227e-08
p52,2,nm,Full FD,scalar,12.0,1e-06,random,rand4,59,33,1.246312210303425e-08
p52,2,nm,Full FD,scalar,12.0,1e-06,random,rand4,59,34,2.3958229253931344e-08
p52,2,nm,Full FD,scalar,12.0,1e-06,random,rand4,59,35,2.3957577365901788e-08
p52,2,nm,Full FD,scalar,12.0,1e-06,random,rand4,59,36,2.3956459728550373e-08
p52,2,nm,Full FD,scalar,12.0,1e-06,random,rand4,59,37,4.20124129609341e-08
p52,2,nm,Full FD,scalar,12.0,1e-06,random,rand4,59,38,0.4691412446487355
p52,2,nm,Full FD,scalar,12.0,1e-06,random,rand4,59,39,1.3070815081990442e-08
p52,2,nm,Full FD,scalar,12.0,1e-06,random,rand4,59,40,1.8292133864023873e-07
p52,2,nm,Full FD,scalar,12.0,1e-06,random,rand4,59,41,3.0272417728635336e-08
p52,2,nm,Full FD,scalar,12.0,1e-06,random,rand4,59,42,4.230193928177799e-06
p52,2,nm,Full FD,scalar,12.0,1e-06,random,rand4,59,43,0.2776795818719011
p52,2,nm,Full FD,scalar,12.0,1e-06,random,rand4,59,44,2.8262007696900755e-08
p52,2,nm,Full FD,scalar,12.0,1e-06,random,rand4,59,45,2.082208553529822e-08
p52,2,nm,Full FD,scalar,12.0,1e-06,random,rand4,59,46,1.3738985679290394e-07
p52,2,nm,Full FD,scalar,12.0,1e-06,random,rand4,59,47,1.3738876277576304e-07
p52,2,nm,Full FD,scalar,12.0,1e-06,random,rand4,59,48,3.4856584811850645e-08
p52,2,nm,Full FD,scalar,12.0,1e-06,random,rand4,59,49,9.693029417331471e-09
p52,2,nm,Full FD,scalar,12.0,1e-06,random,rand4,59,50,0.017812771685691016
p52,2,nm,Full FD,scalar,12.0,1e-06,random,rand4,59,51,1.1318443324274473e-06
p52,2,nm,Full FD,scalar,12.0,1e-06,random,rand4,59,52,1.1309501270613022e-06
p52,2,nm,Full FD,scalar,12.0,1e-06,random,rand4,59,53,1.87417394262736e-08
p52,2,nm,Full FD,scalar,12.0,1e-06,random,rand4,59,54,6.567535575795695e-08
p52,2,nm,Full FD,scalar,12.0,1e-06,random,rand4,59,55,1.1268447598198903e-07
p52,2,nm,Full FD,scalar,12.0,1e-06,random,rand4,59,56,1.1780392898960783e-08
p52,2,nm,Full FD,scalar,12.0,1e-06,random,rand4,59,57,1.2928737296434475e-07
p52,2,nm,Full FD,scalar,12.0,1e-06,random,rand4,59,58,0.03428523791145744
p52,2,nm,Full FD,scalar,12.0,1e-06,random,rand4,59,59,0.01293367818927372
p52,2,nm,Full FD,scalar,12.0,1e-06,random,rand4,59,60,1.3533535751608956e-05
p52,2,nm,Full FD,scalar,12.0,1e-06,random,rand4,59,61,1.081871140214665e-07
p52,2,nm,Full FD,scalar,12.0,1e-06,random,rand4,59,62,7.602332125565273e-09
p52,2,nm,Full FD,scalar,12.0,1e-06,random,rand4,59,63,7.60242042832231e-09
p52,2,nm,Full FD,scalar,12.0,1e-06,random,rand4,59,64,2.368500281627327e-08
p52,2,nm,Full FD,scalar,12.0,1e-06,random,rand4,59,65,2.368250225484092e-08
p52,2,nm,Full FD,scalar,12.0,1e-06,random,rand4,59,66,4.914529265358293e-08
p52,2,nm,Full FD,scalar,12.0,1e-06,random,rand4,59,67,4.4923141147617104e-08
p52,2,nm,Full FD,scalar,12.0,1e-06,random,rand4,59,68,1.9072229955608733e-07
p52,2,nm,Full FD,scalar,12.0,1e-06,random,rand4,59,69,1.92365153398682e-07
p52,2,nm,Full FD,scalar,12.0,1e-06,random,rand4,59,70,7.12285790854411e-08
p52,2,nm,Full FD,scalar,12.0,1e-06,random,rand4,59,71,1.1585075169106715e-08
p52,2,nm,Full FD,scalar,12.0,1e-06,random,rand4,59,72,1.8790434849879975e-08
p52,2,nm,Full FD,scalar,12.0,1e-06,random,rand4,59,73,1.8789378897119023e-08
p52,2,nm,Full FD,scalar,12.0,1e-06,random,rand4,59,74,1.2832367633312678e-08
p52,2,nm,Full FD,scalar,12.0,1e-06,random,rand4,59,75,4.308045960785215e-08
p52,2,nm,Full FD,scalar,12.0,1e-06,random,rand4,59,76,7.415626960082041e-09
p52,2,nm,Full FD,scalar,12.0,1e-06,random,rand4,59,77,7.416270002869906e-09
p52,2,nm,Full FD,scalar,12.0,1e-06,random,rand4,59,78,2.539125597123721e-08
p52,2,nm,Full FD,scalar,12.0,1e-06,random,rand4,59,79,8.815562955033066e-09
p52,2,nm,Full FD,scalar,12.0,1e-06,random,rand4,59,80,4.0658859330326966e-08
p52,2,nm,Full FD,scalar,12.0,1e-06,random,rand4,59,81,4.065439267305284e-08
p52,2,nm,Full FD,scalar,12.0,1e-06,random,rand4,59,82,1.170343440983963e-06
p52,2,nm,Full FD,scalar,12.0,1e-06,random,rand4,59,83,1.255258405930191e-08
p52,2,nm,Full FD,scalar,12.0,1e-06,random,rand4,59,84,2.0551216797823697e-08
p52,2,nm,Full FD,scalar,12.0,1e-06,random,rand4,59,85,2.3375995056422385e-08
p52,2,nm,Full FD,scalar,12.0,1e-06,random,rand4,59,86,1.046148025795082e-08
p52,2,nm,Full FD,scalar,12.0,1e-06,random,rand4,59,87,3.06717182546072e-08
p52,2,nm,Full FD,scalar,12.0,1e-06,random,rand4,59,88,1.0275546941597426e-08
p52,2,nm,Full FD,scalar,12.0,1e-06,random,rand4,59,89,9.935644274270724e-08
p52,2,nm,Full FD,scalar,12.0,1e-06,random,rand4,59,90,1.312912672802608e-06
p52,2,nm,Full FD,scalar,12.0,1e-06,random,rand4,59,91,2.0665915475591034e-08
p52,2,nm,Full FD,scalar,12.0,1e-06,random,rand4,59,92,1.3590305089351185e-08
p52,2,nm,Full FD,scalar,12.0,1e-06,random,rand4,59,93,3.366820890146544e-08
p52,2,nm,Full FD,scalar,12.0,1e-06,random,rand4,59,94,8.270053110240863e-09
p52,2,nm,Full FD,scalar,12.0,1e-06,random,rand4,59,95,2.0644716146230328e-08
p52,2,nm,Full FD,scalar,12.0,1e-06,random,rand4,59,96,2.001276069639733e-08
p52,2,nm,Full FD,scalar,12.0,1e-06,random,rand4,59,97,1.2964402082797024e-07
p52,2,nm,Full FD,scalar,12.0,1e-06,random,rand4,59,98,1.48266837617545e-08
p52,2,nm,Full FD,scalar,12.0,1e-06,random,rand4,59,99,1.4825535713811133e-08
p52,2,nm,Full FD,scalar,12.0,1e-06,random,rand4,59,100,3.5335451339548575e-08
p52,2,nm,Full FD,scalar,12.0,1e-06,random,rand4,59,101,2.708032703608632e-08
p52,2,nm,Full FD,scalar,12.0,1e-06,random,rand4,59,102,9.145223556737042e-08
p52,2,nm,Full FD,scalar,12.0,1e-06,random,rand4,59,103,1.7202617727988597e-08
p52,2,nm,Full FD,scalar,12.0,1e-06,random,rand4,59,104,1.3122335945978207e-08
p52,2,nm,Full FD,scalar,12.0,1e-06,random,rand4,59,105,4.442689546061834e-08
p52,2,nm,Full FD,scalar,12.0,1e-06,random,rand4,59,106,0.0005155578572538377
p52,2,nm,Full FD,scalar,12.0,1e-06,random,rand4,59,107,2.3165101940358913e-08
p52,2,nm,Full FD,scalar,12.0,1e-06,random,rand4,59,108,2.1452887588201997e-08
p52,2,nm,Full FD,scalar,12.0,1e-06,random,rand4,59,109,2.4550144186137602e-05
p52,2,nm,Full FD,scalar,12.0,1e-06,random,rand4,59,110,0.00015431279716709593
p52,2,nm,Full FD,scalar,12.0,1e-06,random,rand4,59,111,5.5133261747652876e-08
p52,2,nm,Full FD,scalar,12.0,1e-06,random,rand4,59,112,2.994291931132338e-08
p52,2,nm,Full FD,scalar,12.0,1e-06,random,rand4,59,113,7.610707520773088e-09
p52,2,nm,Full FD,scalar,12.0,1e-06,random,rand4,59,114,2.0973700607945788e-08
p52,2,nm,Full FD,scalar,12.0,1e-06,random,rand4,59,115,1.552074295147045e-08
p52,2,nm,Full FD,scalar,12.0,1e-06,random,rand4,59,116,2.3149963599831805e-08
p52,2,nm,Full FD,scalar,12.0,1e-06,random,rand4,59,117,2.3937093594637207e-08
p52,2,nm,Full FD,scalar,12.0,1e-06,random,rand4,59,118,1.605835857421456e-08
p52,2,nm,Full FD,scalar,12.0,1e-06,random,rand4,59,119,6.059699975249974e-08
p52,2,nm,Full FD,scalar,12.0,1e-06,random,rand4,59,120,2.1170992950040143e-08
p52,2,nm,Full FD,scalar,12.0,1e-06,random,rand4,59,121,1.54960237916258e-08
p52,2,nm,Full FD,scalar,12.0,1e-06,random,rand4,59,122,2.0602074200521945e-07
p52,2,nm,Full FD,scalar,12.0,1e-06,random,rand4,59,123,4.166920705957944e-08
p52,2,nm,Full FD,scalar,12.0,1e-06,random,rand4,59,124,8.211740449058788e-08
p52,2,nm,Full FD,scalar,12.0,1e-06,random,rand4,59,125,1.6467291479964325e-08
p52,2,nm,Full FD,scalar,12.0,1e-06,random,rand4,59,126,3.790800594207536e-08
p52,2,nm,Full FD,scalar,12.0,1e-06,random,rand4,59,127,6.035845399632645e-08
p52,2,nm,Full FD,scalar,12.0,1e-06,random,rand4,59,128,7.657454943232989e-08
p52,2,nm,Full FD,scalar,12.0,1e-06,random,rand4,59,129,8.209371307649857e-08
p52,2,nm,Full FD,scalar,12.0,1e-06,random,rand4,59,130,8.166667510932052e-08
p52,2,nm,Full FD,scalar,12.0,1e-06,random,rand4,59,131,1.1957013816953874e-08
p52,2,nm,Full FD,scalar,12.0,1e-06,random,rand4,59,132,1.1953632951847983e-08
p52,2,nm,Full FD,scalar,12.0,1e-06,random,rand4,59,133,1.1950000393646543e-08
p52,2,nm,Full FD,scalar,12.0,1e-06,random,rand4,59,134,6.47665627658805e-08
p52,2,nm,Full FD,scalar,12.0,1e-06,random,rand4,59,135,2.636143282957977e-08
p52,2,nm,Full FD,scalar,12.0,1e-06,random,rand4,59,136,4.5600794579755254e-08
p52,2,nm,Full FD,scalar,12.0,1e-06,random,rand4,59,137,9.379417486723514e-08
p52,2,nm,Full FD,scalar,12.0,1e-06,random,rand4,59,138,2.3947674365730128e-08
p52,2,nm,Full FD,scalar,12.0,1e-06,random,rand4,59,139,6.261296627307745e-09
p52,2,nm,Full FD,scalar,12.0,1e-06,random,rand4,59,140,8.534585386697293e-09
p52,2,nm,Full FD,scalar,12.0,1e-06,random,rand4,59,141,2.7811127289640002e-08
p52,2,nm,Full FD,scalar,12.0,1e-06,random,rand4,59,142,2.6911570888244437e-08
p52,2,nm,Full FD,scalar,12.0,1e-06,random,rand4,59,143,7.268164310707055e-08
p52,2,nm,Full FD,scalar,12.0,1e-06,random,rand4,59,144,2.064451120045291e-08
p52,2,nm,Full FD,scalar,12.0,1e-06,random,rand4,59,145,1.1505811407407434e-07
p52,2,nm,Full FD,scalar,12.0,1e-06,random,rand4,59,146,6.85515092551366e-08
p52,2,nm,Full FD,scalar,12.0,1e-06,random,rand4,59,147,2.4961974912548766e-08
p52,2,nm,Full FD,scalar,12.0,1e-06,random,rand4,59,148,2.92362184145325e-08
p52,2,nm,Full FD,scalar,12.0,1e-06,random,rand4,59,149,8.904765149459856e-09
p52,2,nm,Full FD,scalar,12.0,1e-06,random,rand4,59,150,8.902184785320309e-09
p52,2,nm,Full FD,scalar,12.0,1e-06,random,rand4,59,151,8.899974206306177e-09
p52,2,nm,Full FD,scalar,12.0,1e-06,random,rand4,59,152,4.013642528360389e-08
p52,2,nm,Full FD,scalar,12.0,1e-06,random,rand4,59,153,5.2567585559644715e-08
p52,2,nm,Full FD,scalar,12.0,1e-06,random,rand4,59,154,3.196146257562762e-08
p52,2,nm,Full FD,scalar,12.0,1e-06,random,rand4,59,155,3.191171743495824e-08
p52,2,nm,Full FD,scalar,12.0,1e-06,random,rand4,59,156,1.9797160214555828e-08
p52,2,nm,Full FD,scalar,12.0,1e-06,random,rand4,59,157,4.5793057020817655e-08
p52,2,nm,Full FD,scalar,12.0,1e-06,random,rand4,59,158,1.648517325385285e-08
p52,2,nm,Full FD,scalar,12.0,1e-06,random,rand4,59,159,3.175940005282091e-05
p52,2,nm,Full FD,scalar,12.0,1e-06,random,rand4,59,160,0.00012621404090492195
p52,2,nm,Full FD,scalar,12.0,1e-06,random,rand4,59,161,3.1834561487173644e-05
p52,2,nm,Full FD,scalar,12.0,1e-06,random,rand4,59,162,2.6696757923711418e-08
p52,2,nm,Full FD,scalar,12.0,1e-06,random,rand4,59,163,2.8111544192205005e-07
p52,2,nm,Full FD,scalar,12.0,1e-06,random,rand4,59,164,2.072998869329445e-08
p52,2,nm,Full FD,scalar,12.0,1e-06,random,rand4,59,165,2.3569077381721316e-08
p52,2,nm,Full FD,scalar,12.0,1e-06,random,rand4,59,166,7.59395163914975e-09
p52,2,nm,Full FD,scalar,12.0,1e-06,random,rand4,59,167,4.5010505803214704e-07
p52,2,nm,Full FD,scalar,12.0,1e-06,random,rand4,59,168,1.613820119159012e-05
p52,2,nm,Full FD,scalar,12.0,1e-06,random,rand4,59,169,1.8700939688466271e-07
p52,2,nm,Full FD,scalar,12.0,1e-06,random,rand4,59,170,1.0857413824968088e-08
p52,2,nm,Full FD,scalar,12.0,1e-06,random,rand4,59,171,1.0841841069029452e-08
p52,2,nm,Full FD,scalar,12.0,1e-06,random,rand4,59,172,6.163329527138511e-07
p52,2,nm,Full FD,scalar,12.0,1e-06,random,rand4,59,173,1.2721792505088057e-08
p52,2,nm,Full FD,scalar,12.0,1e-06,random,rand4,59,174,1.2695195564033871e-08
p52,2,nm,Full FD,scalar,12.0,1e-06,random,rand4,59,175,1.2978545353683597e-08
p52,2,nm,Full FD,scalar,12.0,1e-06,random,rand4,59,176,2.9722164804334403e-08
p52,2,nm,Full FD,scalar,12.0,1e-06,random,rand4,59,177,2.959135401141396e-08
p52,2,nm,Full FD,scalar,12.0,1e-06,random,rand4,59,178,1.964584342865301e-07
p52,2,nm,Full FD,scalar,12.0,1e-06,random,rand4,59,179,1.9126663306758103e-07
p52,2,nm,Full FD,scalar,12.0,1e-06,random,rand4,59,180,1.861957100669e-07
p52,2,nm,Full FD,scalar,12.0,1e-06,random,rand4,59,181,2.319669431737034e-08
p52,2,nm,Full FD,scalar,12.0,1e-06,random,rand4,59,182,2.3313121692659446e-08
p52,2,nm,Full FD,scalar,12.0,1e-06,random,rand4,59,183,3.394166866762065e-07
p52,2,nm,Full FD,scalar,12.0,1e-06,random,rand4,59,184,3.222351678794028e-07
p52,2,nm,Full FD,scalar,12.0,1e-06,random,rand4,59,185,7.757544001903436e-06
p52,2,nm,Full FD,scalar,12.0,1e-06,random,rand4,59,186,9.735210491923308e-07
p52,2,nm,Full FD,scalar,12.0,1e-06,random,rand4,59,187,3.5797320204950928e-06
p52,2,nm,Full FD,scalar,12.0,1e-06,random,rand4,59,188,2.124811415378292e-06
p52,2,nm,Full FD,scalar,12.0,1e-06,random,rand4,59,189,7.597897191212157e-07
p52,2,tr,Full FD,scalar,12.0,1e-06,random,rand4,59,0,1.8755074716331713e-07
p52,2,tr,Full FD,scalar,12.0,1e-06,random,rand4,59,1,1.1716547757053069
p52,2,tr,Full FD,scalar,12.0,1e-06,random,rand4,59,2,1.5173025018231343e-08
p52,2,tr,Full FD,scalar,12.0,1e-06,random,rand4,59,3,0.5211670009492676
p52,2,tr,Full FD,scalar,12.0,1e-06,random,rand4,59,4,1.1870770700644732e-08
p52,2,tr,Full FD,scalar,12.0,1e-06,random,rand4,59,5,2.5274935230186195e-08
p52,2,tr,Full FD,scalar,12.0,1e-06,random,rand4,59,6,1.7693195716153735e-08
p52,2,tr,Full FD,scalar,12.0,1e-06,random,rand4,59,7,1.6653987412452808e-07
p52,2,tr,Full FD,scalar,12.0,1e-06,random,rand4,59,8,0.0552417656812151
p52,2,tr,Full FD,scalar,12.0,1e-06,random,rand4,59,9,2.3466408292538804e-08
p52,2,tr,Full FD,scalar,12.0,1e-06,random,rand4,59,10,0.041601821374010625
p52,2,tr,Full FD,scalar,12.0,1e-06,random,rand4,59,11,0.0013045785166268993
p52,2,tr,Full FD,scalar,12.0,1e-06,random,rand4,59,12,4.081582661872684e-08
p52,2,tr,Full FD,scalar,12.0,1e-06,random,rand4,59,13,2.1466419058584096e-07
p52,2,tr,Full FD,scalar,12.0,1e-06,random,rand4,59,14,0.0009331970690860187
p52,2,tr,Full FD,scalar,12.0,1e-06,random,rand4,59,15,0.000669418526845158
p52,2,tr,Full FD,scalar,12.0,1e-06,random,rand4,59,16,6.169789845581906e-06
p52,2,tr,Full FD,scalar,12.0,1e-06,random,rand4,59,17,0.00027282344319939266
p52,2,tr,Full FD,scalar,12.0,1e-06,random,rand4,59,18,2.478205890138696e-07
p52,2,tr,Full FD,scalar,12.0,1e-06,random,rand4,59,19,7.727087580311405e-06
p52,2,tr,Full FD,scalar,12.0,1e-06,random,rand4,59,20,5.481597462470795e-08
p52,2,tr,Full FD,scalar,12.0,1e-06,random,rand4,59,21,8.402054671660435e-07
p52,2,tr,Full FD,scalar,12.0,1e-06,random,rand4,59,22,3.576309099955701e-07
p52,2,tr,Full FD,scalar,12.0,1e-06,random,rand4,59,23,7.373704316829697e-08
p52,2,tr,Full FD,scalar,12.0,1e-06,random,rand4,59,24,1.157095405565203e-07
p52,2,tr,Full FD,scalar,12.0,1e-06,random,rand4,59,25,1.5477684528329414e-07
p52,2,nm,Full FD,scalar,12.0,1e-06,random,rand5,60,0,1.4189477918480145e-08
p52,2,nm,Full FD,scalar,12.0,1e-06,random,rand5,60,1,3.5996793493930243e-09
p52,2,nm,Full FD,scalar,12.0,1e-06,random,rand5,60,2,3.599424224316255e-09
p52,2,nm,Full FD,scalar,12.0,1e-06,random,rand5,60,3,3.3289887467189597e-09
p52,2,nm,Full FD,scalar,12.0,1e-06,random,rand5,60,4,7.11511748568992e-09
p52,2,nm,Full FD,scalar,12.0,1e-06,random,rand5,60,5,7.114291047132282e-09
p52,2,nm,Full FD,scalar,12.0,1e-06,random,rand5,60,6,7.114290990099603e-09
p52,2,nm,Full FD,scalar,12.0,1e-06,random,rand5,60,7,7.666337832102758e-09
p52,2,nm,Full FD,scalar,12.0,1e-06,random,rand5,60,8,1.3330655887615857e-08
p52,2,nm,Full FD,scalar,12.0,1e-06,random,rand5,60,9,1.6857556876543058e-08
p52,2,nm,Full FD,scalar,12.0,1e-06,random,rand5,60,10,1.685860473437151e-08
p52,2,nm,Full FD,scalar,12.0,1e-06,random,rand5,60,11,1.3113930166666127e-08
p52,2,nm,Full FD,scalar,12.0,1e-06,random,rand5,60,12,1.5513955012053604e-08
p52,2,nm,Full FD,scalar,12.0,1e-06,random,rand5,60,13,1.5514800874831787e-08
p52,2,nm,Full FD,scalar,12.0,1e-06,random,rand5,60,14,1.5515058711597103e-08
p52,2,nm,Full FD,scalar,12.0,1e-06,random,rand5,60,15,5.619534914332574e-09
p52,2,nm,Full FD,scalar,12.0,1e-06,random,rand5,60,16,1.4698080900939434e-08
p52,2,nm,Full FD,scalar,12.0,1e-06,random,rand5,60,17,1.3980634328141783e-08
p52,2,nm,Full FD,scalar,12.0,1e-06,random,rand5,60,18,2.197498542289114
p52,2,nm,Full FD,scalar,12.0,1e-06,random,rand5,60,19,1.429874294254162e-08
p52,2,nm,Full FD,scalar,12.0,1e-06,random,rand5,60,20,1.429818054626826e-08
p52,2,nm,Full FD,scalar,12.0,1e-06,random,rand5,60,21,1.4298886817645671e-08
p52,2,nm,Full FD,scalar,12.0,1e-06,random,rand5,60,22,1.4403703346680306e-08
p52,2,nm,Full FD,scalar,12.0,1e-06,random,rand5,60,23,1.1808821169443182e-08
p52,2,nm,Full FD,scalar,12.0,1e-06,random,rand5,60,24,7.3187689708200095e-09
p52,2,nm,Full FD,scalar,12.0,1e-06,random,rand5,60,25,6.4799669075662485e-09
p52,2,nm,Full FD,scalar,12.0,1e-06,random,rand5,60,26,0.6637984800702837
p52,2,nm,Full FD,scalar,12.0,1e-06,random,rand5,60,27,0.2133048837012797
p52,2,nm,Full FD,scalar,12.0,1e-06,random,rand5,60,28,2.012828288004117e-08
p52,2,nm,Full FD,scalar,12.0,1e-06,random,rand5,60,29,2.012828248132699e-08
p52,2,nm,Full FD,scalar,12.0,1e-06,random,rand5,60,30,3.1862306051247254e-09
p52,2,nm,Full FD,scalar,12.0,1e-06,random,rand5,60,31,1.1986169692428308e-08
p52,2,nm,Full FD,scalar,12.0,1e-06,random,rand5,60,32,1.6850046099125578e-09
p52,2,nm,Full FD,scalar,12.0,1e-06,random,rand5,60,33,1.0580314536074603e-08
p52,2,nm,Full FD,scalar,12.0,1e-06,random,rand5,60,34,8.09454759335114e-09
p52,2,nm,Full FD,scalar,12.0,1e-06,random,rand5,60,35,3.849421475767313e-09
p52,2,nm,Full FD,scalar,12.0,1e-06,random,rand5,60,36,1.7681924234217555e-09
p52,2,nm,Full FD,scalar,12.0,1e-06,random,rand5,60,37,3.0441979162762886e-09
p52,2,nm,Full FD,scalar,12.0,1e-06,random,rand5,60,38,3.0459058703796675e-09
p52,2,nm,Full FD,scalar,12.0,1e-06,random,rand5,60,39,0.06945361179167638
p52,2,nm,Full FD,scalar,12.0,1e-06,random,rand5,60,40,0.015253561684973199
p52,2,nm,Full FD,scalar,12.0,1e-06,random,rand5,60,41,1.284149173998464e-08
p52,2,nm,Full FD,scalar,12.0,1e-06,random,rand5,60,42,1.6660707053620907e-08
p52,2,nm,Full FD,scalar,12.0,1e-06,random,rand5,60,43,4.523406861022676e-09
p52,2,nm,Full FD,scalar,12.0,1e-06,random,rand5,60,44,1.6056324674571592e-08
p52,2,nm,Full FD,scalar,12.0,1e-06,random,rand5,60,45,2.1365864101157547e-09
p52,2,nm,Full FD,scalar,12.0,1e-06,random,rand5,60,46,1.438693339292692e-09
p52,2,nm,Full FD,scalar,12.0,1e-06,random,rand5,60,47,6.595228828878055e-09
p52,2,nm,Full FD,scalar,12.0,1e-06,random,rand5,60,48,1.8672056133640363e-08
p52,2,nm,Full FD,scalar,12.0,1e-06,random,rand5,60,49,3.1792897342240544e-09
p52,2,nm,Full FD,scalar,12.0,1e-06,random,rand5,60,50,7.366425140396546e-09
p52,2,nm,Full FD,scalar,12.0,1e-06,random,rand5,60,51,4.381185446846314e-09
p52,2,nm,Full FD,scalar,12.0,1e-06,random,rand5,60,52,3.4322443460599417e-09
p52,2,nm,Full FD,scalar,12.0,1e-06,random,rand5,60,53,3.432550032124705e-09
p52,2,nm,Full FD,scalar,12.0,1e-06,random,rand5,60,54,7.3664257632698684e-09
p52,2,nm,Full FD,scalar,12.0,1e-06,random,rand5,60,55,8.902307350303369e-09
p52,2,nm,Full FD,scalar,12.0,1e-06,random,rand5,60,56,3.960059957177749e-08
p52,2,nm,Full FD,scalar,12.0,1e-06,random,rand5,60,57,1.414632071029613e-08
p52,2,nm,Full FD,scalar,12.0,1e-06,random,rand5,60,58,1.4148718777604852e-08
p52,2,nm,Full FD,scalar,12.0,1e-06,random,rand5,60,59,2.8111493871377625e-09
p52,2,nm,Full FD,scalar,12.0,1e-06,random,rand5,60,60,1.1049550561216764e-09
p52,2,nm,Full FD,scalar,12.0,1e-06,random,rand5,60,61,4.524745608788911e-09
p52,2,nm,Full FD,scalar,12.0,1e-06,random,rand5,60,62,4.523407198990094e-09
p52,2,nm,Full FD,scalar,12.0,1e-06,random,rand5,60,63,3.821693069470481e-09
p52,2,nm,Full FD,scalar,12.0,1e-06,random,rand5,60,64,3.822427340080408e-09
p52,2,nm,Full FD,scalar,12.0,1e-06,random,rand5,60,65,3.8220401649138735e-09
p52,2,nm,Full FD,scalar,12.0,1e-06,random,rand5,60,66,7.587336406593374e-09
p52,2,nm,Full FD,scalar,12.0,1e-06,random,rand5,60,67,1.48515129455952e-08
p52,2,nm,Full FD,scalar,12.0,1e-06,random,rand5,60,68,1.4853214943771812e-08
p52,2,nm,Full FD,scalar,12.0,1e-06,random,rand5,60,69,3.6931591475511114e-09
p52,2,nm,Full FD,scalar,12.0,1e-06,random,rand5,60,70,3.6935902485719074e-09
p52,2,nm,Full FD,scalar,12.0,1e-06,random,rand5,60,71,2.4478698165987563e-09
p52,2,nm,Full FD,scalar,12.0,1e-06,random,rand5,60,72,2.448399544605327e-09
p52,2,nm,Full FD,scalar,12.0,1e-06,random,rand5,60,73,3.485510014007541e-09
p52,2,nm,Full FD,scalar,12.0,1e-06,random,rand5,60,74,1.1581277068670373
p52,2,nm,Full FD,scalar,12.0,1e-06,random,rand5,60,75,0.4687223317702416
p52,2,nm,Full FD,scalar,12.0,1e-06,random,rand5,60,76,0.015698827467442555
p52,2,nm,Full FD,scalar,12.0,1e-06,random,rand5,60,77,3.069052757005736e-08
p52,2,nm,Full FD,scalar,12.0,1e-06,random,rand5,60,78,6.137725955165838e-08
p52,2,nm,Full FD,scalar,12.0,1e-06,random,rand5,60,79,2.1448659386133984e-08
p52,2,nm,Full FD,scalar,12.0,1e-06,random,rand5,60,80,2.145005251700696e-08
p52,2,nm,Full FD,scalar,12.0,1e-06,random,rand5,60,81,2.1449266117691553e-08
p52,2,nm,Full FD,scalar,12.0,1e-06,random,rand5,60,82,0.36489737764376495
p52,2,nm,Full FD,scalar,12.0,1e-06,random,rand5,60,83,4.37045454925837e-08
p52,2,nm,Full FD,scalar,12.0,1e-06,random,rand5,60,84,2.5878532594322437e-08
p52,2,nm,Full FD,scalar,12.0,1e-06,random,rand5,60,85,0.002671663608605268
p52,2,nm,Full FD,scalar,12.0,1e-06,random,rand5,60,86,2.1934125856201715e-08
p52,2,nm,Full FD,scalar,12.0,1e-06,random,rand5,60,87,3.3813136008620344e-08
p52,2,nm,Full FD,scalar,12.0,1e-06,random,rand5,60,88,1.6734814609026993e-08
p52,2,nm,Full FD,scalar,12.0,1e-06,random,rand5,60,89,1.0020430853555618e-07
p52,2,nm,Full FD,scalar,12.0,1e-06,random,rand5,60,90,7.020102237792192e-08
p52,2,nm,Full FD,scalar,12.0,1e-06,random,rand5,60,91,4.082140871465442e-08
p52,2,nm,Full FD,scalar,12.0,1e-06,random,rand5,60,92,4.082141573838108e-08
p52,2,nm,Full FD,scalar,12.0,1e-06,random,rand5,60,93,0.0008073854663608326
p52,2,nm,Full FD,scalar,12.0,1e-06,random,rand5,60,94,0.00024940825735941813
p52,2,nm,Full FD,scalar,12.0,1e-06,random,rand5,60,95,3.201838735918889e-08
p52,2,nm,Full FD,scalar,12.0,1e-06,random,rand5,60,96,7.912700858484498e-08
p52,2,nm,Full FD,scalar,12.0,1e-06,random,rand5,60,97,1.970388057201378e-08
p52,2,nm,Full FD,scalar,12.0,1e-06,random,rand5,60,98,1.9528646978558806e-08
p52,2,nm,Full FD,scalar,12.0,1e-06,random,rand5,60,99,4.568379643435364e-08
p52,2,nm,Full FD,scalar,12.0,1e-06,random,rand5,60,100,4.3493578069729794e-08
p52,2,nm,Full FD,scalar,12.0,1e-06,random,rand5,60,101,7.12659449445608e-08
p52,2,nm,Full FD,scalar,12.0,1e-06,random,rand5,60,102,6.214981126354844e-08
p52,2,nm,Full FD,scalar,12.0,1e-06,random,rand5,60,103,4.518025676117157e-08
p52,2,nm,Full FD,scalar,12.0,1e-06,random,rand5,60,104,7.161280263085668e-08
p52,2,nm,Full FD,scalar,12.0,1e-06,random,rand5,60,105,3.513611469150873e-08
p52,2,nm,Full FD,scalar,12.0,1e-06,random,rand5,60,106,9.263876526159907e-08
p52,2,nm,Full FD,scalar,12.0,1e-06,random,rand5,60,107,2.6634190840436215e-08
p52,2,nm,Full FD,scalar,12.0,1e-06,random,rand5,60,108,1.9157372542374456e-08
p52,2,nm,Full FD,scalar,12.0,1e-06,random,rand5,60,109,4.568452482925479e-08
p52,2,nm,Full FD,scalar,12.0,1e-06,random,rand5,60,110,2.7557000878876267e-08
p52,2,nm,Full FD,scalar,12.0,1e-06,random,rand5,60,111,4.3904117055997204e-08
p52,2,nm,Full FD,scalar,12.0,1e-06,random,rand5,60,112,3.2148177509500765e-06
p52,2,nm,Full FD,scalar,12.0,1e-06,random,rand5,60,113,4.754469406184331e-08
p52,2,nm,Full FD,scalar,12.0,1e-06,random,rand5,60,114,3.4942408928907404e-08
p52,2,nm,Full FD,scalar,12.0,1e-06,random,rand5,60,115,5.2465630349609516e-08
p52,2,nm,Full FD,scalar,12.0,1e-06,random,rand5,60,116,2.7215460951219367e-08
p52,2,nm,Full FD,scalar,12.0,1e-06,random,rand5,60,117,2.2979934485000943e-07
p52,2,nm,Full FD,scalar,12.0,1e-06,random,rand5,60,118,4.186145838716152e-08
p52,2,nm,Full FD,scalar,12.0,1e-06,random,rand5,60,119,2.46826940750032e-08
p52,2,nm,Full FD,scalar,12.0,1e-06,random,rand5,60,120,5.706262768303666e-08
p52,2,nm,Full FD,scalar,12.0,1e-06,random,rand5,60,121,5.7063006224770815e-08
p52,2,nm,Full FD,scalar,12.0,1e-06,random,rand5,60,122,7.006010291732437e-05
p52,2,nm,Full FD,scalar,12.0,1e-06,random,rand5,60,123,2.7256244921248116e-08
p52,2,nm,Full FD,scalar,12.0,1e-06,random,rand5,60,124,2.7256240811715895e-08
p52,2,nm,Full FD,scalar,12.0,1e-06,random,rand5,60,125,2.6919313930400006e-08
p52,2,nm,Full FD,scalar,12.0,1e-06,random,rand5,60,126,2.6918675278047032e-08
p52,2,nm,Full FD,scalar,12.0,1e-06,random,rand5,60,127,3.381066515459861e-08
p52,2,nm,Full FD,scalar,12.0,1e-06,random,rand5,60,128,3.381038680925112e-08
p52,2,nm,Full FD,scalar,12.0,1e-06,random,rand5,60,129,4.487457803768114e-08
p52,2,nm,Full FD,scalar,12.0,1e-06,random,rand5,60,130,8.744630316114715e-08
p52,2,nm,Full FD,scalar,12.0,1e-06,random,rand5,60,131,2.8032688493815973e-08
p52,2,nm,Full FD,scalar,12.0,1e-06,random,rand5,60,132,2.8033108486270764e-08
p52,2,nm,Full FD,scalar,12.0,1e-06,random,rand5,60,133,1.4653740659934826e-08
p52,2,nm,Full FD,scalar,12.0,1e-06,random,rand5,60,134,6.551434975813736e-08
p52,2,nm,Full FD,scalar,12.0,1e-06,random,rand5,60,135,6.551286026772266e-08
p52,2,nm,Full FD,scalar,12.0,1e-06,random,rand5,60,136,6.551231205477724e-08
p52,2,nm,Full FD,scalar,12.0,1e-06,random,rand5,60,137,3.4076814028306413e-08
p52,2,nm,Full FD,scalar,12.0,1e-06,random,rand5,60,138,9.566452774353008e-08
p52,2,nm,Full FD,scalar,12.0,1e-06,random,rand5,60,139,7.042318489061283e-08
p52,2,nm,Full FD,scalar,12.0,1e-06,random,rand5,60,140,1.9356947366954643e-08
p52,2,nm,Full FD,scalar,12.0,1e-06,random,rand5,60,141,1.9354500757050926e-08
p52,2,nm,Full FD,scalar,12.0,1e-06,random,rand5,60,142,8.892840880424869e-08
p52,2,nm,Full FD,scalar,12.0,1e-06,random,rand5,60,143,0.25047319817858404
p52,2,nm,Full FD,scalar,12.0,1e-06,random,rand5,60,144,3.3937308262989576e-08
p52,2,nm,Full FD,scalar,12.0,1e-06,random,rand5,60,145,4.756934970150146e-08
p52,2,nm,Full FD,scalar,12.0,1e-06,random,rand5,60,146,0.09740301911176777
p52,2,nm,Full FD,scalar,12.0,1e-06,random,rand5,60,147,3.962697703731361e-08
p52,2,nm,Full FD,scalar,12.0,1e-06,random,rand5,60,148,0.04344023000970421
p52,2,nm,Full FD,scalar,12.0,1e-06,random,rand5,60,149,5.391489066071818e-08
p52,2,nm,Full FD,scalar,12.0,1e-06,random,rand5,60,150,1.1726251090999995e-07
p52,2,nm,Full FD,scalar,12.0,1e-06,random,rand5,60,151,0.010946097516992803
p52,2,nm,Full FD,scalar,12.0,1e-06,random,rand5,60,152,8.326305215694904e-08
p52,2,nm,Full FD,scalar,12.0,1e-06,random,rand5,60,153,0.013901072059067054
p52,2,nm,Full FD,scalar,12.0,1e-06,random,rand5,60,154,1.640661981676386e-07
p52,2,nm,Full FD,scalar,12.0,1e-06,random,rand5,60,155,3.9097036052390286e-08
p52,2,nm,Full FD,scalar,12.0,1e-06,random,rand5,60,156,3.9095788305854505e-08
p52,2,nm,Full FD,scalar,12.0,1e-06,random,rand5,60,157,5.07986846553933e-07
p52,2,nm,Full FD,scalar,12.0,1e-06,random,rand5,60,158,7.78944475414073e-08
p52,2,nm,Full FD,scalar,12.0,1e-06,random,rand5,60,159,1.6257619178867226e-07
p52,2,nm,Full FD,scalar,12.0,1e-06,random,rand5,60,160,3.5035206511036054e-07
p52,2,nm,Full FD,scalar,12.0,1e-06,random,rand5,60,161,3.5030224638352006e-07
p52,2,nm,Full FD,scalar,12.0,1e-06,random,rand5,60,162,0.008188531339630045
p52,2,nm,Full FD,scalar,12.0,1e-06,random,rand5,60,163,0.0040369969168385
p52,2,nm,Full FD,scalar,12.0,1e-06,random,rand5,60,164,0.0031726998117677404
p52,2,nm,Full FD,scalar,12.0,1e-06,random,rand5,60,165,1.0288371072915261e-08
p52,2,nm,Full FD,scalar,12.0,1e-06,random,rand5,60,166,1.2075409927479462e-08
p52,2,nm,Full FD,scalar,12.0,1e-06,random,rand5,60,167,1.1176753124678668e-08
p52,2,nm,Full FD,scalar,12.0,1e-06,random,rand5,60,168,2.73505679221675e-08
p52,2,nm,Full FD,scalar,12.0,1e-06,random,rand5,60,169,5.9018517482865063e-08
p52,2,nm,Full FD,scalar,12.0,1e-06,random,rand5,60,170,7.250249840631352e-09
p52,2,nm,Full FD,scalar,12.0,1e-06,random,rand5,60,171,6.696442436194936e-08
p52,2,nm,Full FD,scalar,12.0,1e-06,random,rand5,60,172,3.191675674164763e-08
p52,2,nm,Full FD,scalar,12.0,1e-06,random,rand5,60,173,3.191300315840284e-08
p52,2,nm,Full FD,scalar,12.0,1e-06,random,rand5,60,174,3.191470169574038e-08
p52,2,nm,Full FD,scalar,12.0,1e-06,random,rand5,60,175,2.453764721749623e-08
p52,2,nm,Full FD,scalar,12.0,1e-06,random,rand5,60,176,3.407952808346592e-08
p52,2,nm,Full FD,scalar,12.0,1e-06,random,rand5,60,177,3.4076019448891704e-08
p52,2,nm,Full FD,scalar,12.0,1e-06,random,rand5,60,178,1.6137772394571924e-08
p52,2,nm,Full FD,scalar,12.0,1e-06,random,rand5,60,179,1.9941255406540456e-08
p52,2,nm,Full FD,scalar,12.0,1e-06,random,rand5,60,180,2.0919992914529084e-08
p52,2,nm,Full FD,scalar,12.0,1e-06,random,rand5,60,181,6.795201797634722e-08
p52,2,nm,Full FD,scalar,12.0,1e-06,random,rand5,60,182,1.5350245454900742e-08
p52,2,nm,Full FD,scalar,12.0,1e-06,random,rand5,60,183,1.5350663949133562e-08
p52,2,nm,Full FD,scalar,12.0,1e-06,random,rand5,60,184,1.5349647722669213e-08
p52,2,nm,Full FD,scalar,12.0,1e-06,random,rand5,60,185,2.2757121249446318e-08
p52,2,nm,Full FD,scalar,12.0,1e-06,random,rand5,60,186,5.707803731840454e-07
p52,2,nm,Full FD,scalar,12.0,1e-06,random,rand5,60,187,1.1707440253419675e-08
p52,2,nm,Full FD,scalar,12.0,1e-06,random,rand5,60,188,3.6032876386727927e-07
p52,2,nm,Full FD,scalar,12.0,1e-06,random,rand5,60,189,1.0620164126665935e-08
p52,2,nm,Full FD,scalar,12.0,1e-06,random,rand5,60,190,1.9940682826564063e-08
p52,2,nm,Full FD,scalar,12.0,1e-06,random,rand5,60,191,1.4810851040232252e-08
p52,2,nm,Full FD,scalar,12.0,1e-06,random,rand5,60,192,4.794931988289063e-08
p52,2,nm,Full FD,scalar,12.0,1e-06,random,rand5,60,193,7.530561018451763e-09
p52,2,nm,Full FD,scalar,12.0,1e-06,random,rand5,60,194,1.0765192730053916e-08
p52,2,nm,Full FD,scalar,12.0,1e-06,random,rand5,60,195,3.4711874416683664e-08
p52,2,nm,Full FD,scalar,12.0,1e-06,random,rand5,60,196,2.11162596980349e-08
p52,2,nm,Full FD,scalar,12.0,1e-06,random,rand5,60,197,1.1177137226605125e-08
p52,2,nm,Full FD,scalar,12.0,1e-06,random,rand5,60,198,1.1177523309020675e-08
p52,2,nm,Full FD,scalar,12.0,1e-06,random,rand5,60,199,8.965637229241281e-08
p52,2,nm,Full FD,scalar,12.0,1e-06,random,rand5,60,200,1.1679228980124843e-08
p52,2,nm,Full FD,scalar,12.0,1e-06,random,rand5,60,201,1.329321104781871e-06
p52,2,nm,Full FD,scalar,12.0,1e-06,random,rand5,60,202,1.1228466934365371e-07
p52,2,nm,Full FD,scalar,12.0,1e-06,random,rand5,60,203,1.1227137326208432e-07
p52,2,nm,Full FD,scalar,12.0,1e-06,random,rand5,60,204,2.335293958277813e-07
p52,2,nm,Full FD,scalar,12.0,1e-06,random,rand5,60,205,1.1544385730870957e-08
p52,2,nm,Full FD,scalar,12.0,1e-06,random,rand5,60,206,4.0070890349541295e-08
p52,2,nm,Full FD,scalar,12.0,1e-06,random,rand5,60,207,1.962493319945253e-08
p52,2,nm,Full FD,scalar,12.0,1e-06,random,rand5,60,208,1.9623115857875604e-08
p52,2,nm,Full FD,scalar,12.0,1e-06,random,rand5,60,209,1.4727725146168925e-08
p52,2,nm,Full FD,scalar,12.0,1e-06,random,rand5,60,210,1.9941400781266237e-08
p52,2,nm,Full FD,scalar,12.0,1e-06,random,rand5,60,211,7.47406697582562e-09
p52,2,nm,Full FD,scalar,12.0,1e-06,random,rand5,60,212,2.0235249613330465e-07
p52,2,nm,Full FD,scalar,12.0,1e-06,random,rand5,60,213,6.052474699749476e-08
p52,2,nm,Full FD,scalar,12.0,1e-06,random,rand5,60,214,3.905378729188684e-08
p52,2,nm,Full FD,scalar,12.0,1e-06,random,rand5,60,215,1.3800328344894697e-08
p52,2,nm,Full FD,scalar,12.0,1e-06,random,rand5,60,216,1.94161249350602e-08
p52,2,nm,Full FD,scalar,12.0,1e-06,random,rand5,60,217,1.0531815141606558e-08
p52,2,nm,Full FD,scalar,12.0,1e-06,random,rand5,60,218,8.639729692435491e-09
p52,2,nm,Full FD,scalar,12.0,1e-06,random,rand5,60,219,8.639496821283832e-09
p52,2,nm,Full FD,scalar,12.0,1e-06,random,rand5,60,220,2.5056004933442405e-08
p52,2,nm,Full FD,scalar,12.0,1e-06,random,rand5,60,221,7.385901427916368e-09
p52,2,nm,Full FD,scalar,12.0,1e-06,random,rand5,60,222,2.800988272189559e-08
p52,2,nm,Full FD,scalar,12.0,1e-06,random,rand5,60,223,2.8008673749255472e-08
p52,2,nm,Full FD,scalar,12.0,1e-06,random,rand5,60,224,2.684765089738467e-07
p52,2,nm,Full FD,scalar,12.0,1e-06,random,rand5,60,225,2.3359630969927605e-07
p52,2,nm,Full FD,scalar,12.0,1e-06,random,rand5,60,226,1.167312337604499e-08
p52,2,nm,Full FD,scalar,12.0,1e-06,random,rand5,60,227,5.2691319618864795e-08
p52,2,nm,Full FD,scalar,12.0,1e-06,random,rand5,60,228,6.518778872618996e-08
p52,2,nm,Full FD,scalar,12.0,1e-06,random,rand5,60,229,1.0637848972589717e-06
p52,2,nm,Full FD,scalar,12.0,1e-06,random,rand5,60,230,1.042640280830097e-07
p52,2,nm,Full FD,scalar,12.0,1e-06,random,rand5,60,231,2.306378173877965e-08
p52,2,nm,Full FD,scalar,12.0,1e-06,random,rand5,60,232,1.3800722796968934e-08
p52,2,nm,Full FD,scalar,12.0,1e-06,random,rand5,60,233,1.390513375666646e-06
p52,2,nm,Full FD,scalar,12.0,1e-06,random,rand5,60,234,1.3195254501967867e-07
p52,2,nm,Full FD,scalar,12.0,1e-06,random,rand5,60,235,2.525346090070442e-07
p52,2,nm,Full FD,scalar,12.0,1e-06,random,rand5,60,236,2.524795717987029e-07
p52,2,nm,Full FD,scalar,12.0,1e-06,random,rand5,60,237,2.384770426856395e-08
p52,2,nm,Full FD,scalar,12.0,1e-06,random,rand5,60,238,2.3845557466647423e-08
p52,2,nm,Full FD,scalar,12.0,1e-06,random,rand5,60,239,2.7315576425572347e-08
p52,2,nm,Full FD,scalar,12.0,1e-06,random,rand5,60,240,2.2381594928146534e-08
p52,2,nm,Full FD,scalar,12.0,1e-06,random,rand5,60,241,2.2379908784773054e-08
p52,2,nm,Full FD,scalar,12.0,1e-06,random,rand5,60,242,2.2378496990064925e-08
p52,2,nm,Full FD,scalar,12.0,1e-06,random,rand5,60,243,2.7862808156519084e-08
p52,2,nm,Full FD,scalar,12.0,1e-06,random,rand5,60,244,2.786188777322042e-08
p52,2,nm,Full FD,scalar,12.0,1e-06,random,rand5,60,245,4.7805834298723736e-08
p52,2,nm,Full FD,scalar,12.0,1e-06,random,rand5,60,246,2.7389402635790913e-07
p52,2,nm,Full FD,scalar,12.0,1e-06,random,rand5,60,247,2.8420350211912574e-08
p52,2,nm,Full FD,scalar,12.0,1e-06,random,rand5,60,248,4.6773037668354503e-08
p52,2,nm,Full FD,scalar,12.0,1e-06,random,rand5,60,249,4.677045306475415e-08
p52,2,nm,Full FD,scalar,12.0,1e-06,random,rand5,60,250,4.1442245845027197e-07
p52,2,nm,Full FD,scalar,12.0,1e-06,random,rand5,60,251,2.7668676027138096e-08
p52,2,nm,Full FD,scalar,12.0,1e-06,random,rand5,60,252,6.203443787776114e-08
p52,2,nm,Full FD,scalar,12.0,1e-06,random,rand5,60,253,1.8690388763476636e-08
p52,2,nm,Full FD,scalar,12.0,1e-06,random,rand5,60,254,3.094609563123188e-08
p52,2,nm,Full FD,scalar,12.0,1e-06,random,rand5,60,255,8.59475261355496e-08
p52,2,nm,Full FD,scalar,12.0,1e-06,random,rand5,60,256,8.593472619073041e-08
p52,2,nm,Full FD,scalar,12.0,1e-06,random,rand5,60,257,2.535664363678992e-08
p52,2,nm,Full FD,scalar,12.0,1e-06,random,rand5,60,258,4.059897399508428e-08
p52,2,nm,Full FD,scalar,12.0,1e-06,random,rand5,60,259,1.348639256807852e-08
p52,2,nm,Full FD,scalar,12.0,1e-06,random,rand5,60,260,1.3024558033382163e-08
p52,2,nm,Full FD,scalar,12.0,1e-06,random,rand5,60,261,1.0967496191658665e-06
p52,2,nm,Full FD,scalar,12.0,1e-06,random,rand5,60,262,1.4834790932909616e-07
p52,2,nm,Full FD,scalar,12.0,1e-06,random,rand5,60,263,1.5713295777073553e-08
p52,2,nm,Full FD,scalar,12.0,1e-06,random,rand5,60,264,5.943302069687981e-08
p52,2,nm,Full FD,scalar,12.0,1e-06,random,rand5,60,265,7.656452674742924e-07
p52,2,nm,Full FD,scalar,12.0,1e-06,random,rand5,60,266,0.0011157886689480874
p52,2,nm,Full FD,scalar,12.0,1e-06,random,rand5,60,267,1.3427224880269223e-07
p52,2,nm,Full FD,scalar,12.0,1e-06,random,rand5,60,268,1.2939521368398096e-07
p52,2,nm,Full FD,scalar,12.0,1e-06,random,rand5,60,269,0.000264277316875615
p52,2,nm,Full FD,scalar,12.0,1e-06,random,rand5,60,270,9.305206754580803e-05
p52,2,nm,Full FD,scalar,12.0,1e-06,random,rand5,60,271,0.0007586499256173281
p52,2,nm,Full FD,scalar,12.0,1e-06,random,rand5,60,272,5.042665538820466e-08
p52,2,tr,Full FD,scalar,12.0,1e-06,random,rand5,60,0,2.8633456960011383
p52,2,tr,Full FD,scalar,12.0,1e-06,random,rand5,60,1,1.7759236932213684
p52,2,tr,Full FD,scalar,12.0,1e-06,random,rand5,60,2,2.469890117190776e-09
p52,2,tr,Full FD,scalar,12.0,1e-06,random,rand5,60,3,0.8905990876394667
p52,2,tr,Full FD,scalar,12.0,1e-06,random,rand5,60,4,0.67866046291917
p52,2,tr,Full FD,scalar,12.0,1e-06,random,rand5,60,5,4.381303208071893e-09
p52,2,tr,Full FD,scalar,12.0,1e-06,random,rand5,60,6,4.501359211350027e-09
p52,2,tr,Full FD,scalar,12.0,1e-06,random,rand5,60,7,3.5965199045982095e-08
p52,2,tr,Full FD,scalar,12.0,1e-06,random,rand5,60,8,0.5684095208485161
p52,2,tr,Full FD,scalar,12.0,1e-06,random,rand5,60,9,0.5173632676532515
p52,2,tr,Full FD,scalar,12.0,1e-06,random,rand5,60,10,1.022082653945434
p52,2,tr,Full FD,scalar,12.0,1e-06,random,rand5,60,11,2.746389429553547e-08
p52,2,tr,Full FD,scalar,12.0,1e-06,random,rand5,60,12,4.599932548931486e-08
p52,2,tr,Full FD,scalar,12.0,1e-06,random,rand5,60,13,0.9650660171644814
p52,2,tr,Full FD,scalar,12.0,1e-06,random,rand5,60,14,0.3592164589877473
p52,2,tr,Full FD,scalar,12.0,1e-06,random,rand5,60,15,0.3290080356827312
p52,2,tr,Full FD,scalar,12.0,1e-06,random,rand5,60,16,0.1861518982714646
p52,2,tr,Full FD,scalar,12.0,1e-06,random,rand5,60,17,9.99365513660194e-07
p52,2,tr,Full FD,scalar,12.0,1e-06,random,rand5,60,18,3.687648133100098e-08
p52,2,tr,Full FD,scalar,12.0,1e-06,random,rand5,60,19,0.08441412095271687
p52,2,tr,Full FD,scalar,12.0,1e-06,random,rand5,60,20,3.0665353102165005e-08
p52,2,tr,Full FD,scalar,12.0,1e-06,random,rand5,60,21,3.435439382884469e-08
p52,2,tr,Full FD,scalar,12.0,1e-06,random,rand5,60,22,0.05071674200009899
p52,2,tr,Full FD,scalar,12.0,1e-06,random,rand5,60,23,1.67200517157005e-08
p52,2,tr,Full FD,scalar,12.0,1e-06,random,rand5,60,24,5.094194011022298e-08
p52,2,tr,Full FD,scalar,12.0,1e-06,random,rand5,60,25,0.03722641320361878
p52,2,tr,Full FD,scalar,12.0,1e-06,random,rand5,60,26,0.025270489174491116
p52,2,tr,Full FD,scalar,12.0,1e-06,random,rand5,60,27,0.018436056654715097
p52,2,tr,Full FD,scalar,12.0,1e-06,random,rand5,60,28,0.012909109597796063
p52,2,tr,Full FD,scalar,12.0,1e-06,random,rand5,60,29,2.287294551553904e-08
p52,2,tr,Full FD,scalar,12.0,1e-06,random,rand5,60,30,2.0334978446112222e-08
p52,2,tr,Full FD,scalar,12.0,1e-06,random,rand5,60,31,0.009352162196845802
p52,2,tr,Full FD,scalar,12.0,1e-06,random,rand5,60,32,1.6561673723024012e-07
p52,2,tr,Full FD,scalar,12.0,1e-06,random,rand5,60,33,0.006629900871033711
p52,2,tr,Full FD,scalar,12.0,1e-06,random,rand5,60,34,0.004780644682756432
p52,2,tr,Full FD,scalar,12.0,1e-06,random,rand5,60,35,2.3478164834562776e-08
p52,2,tr,Full FD,scalar,12.0,1e-06,random,rand5,60,36,2.6394898618819897e-08
p52,2,tr,Full FD,scalar,12.0,1e-06,random,rand5,60,37,0.0034080208000614198
p52,2,tr,Full FD,scalar,12.0,1e-06,random,rand5,60,38,4.833929149717351e-07
p52,2,tr,Full FD,scalar,12.0,1e-06,random,rand5,60,39,1.7199792085852267e-06
p52,2,tr,Full FD,scalar,12.0,1e-06,random,rand5,60,40,0.00244664221782571
p52,2,tr,Full FD,scalar,12.0,1e-06,random,rand5,60,41,9.090625460487991e-08
p52,2,tr,Full FD,scalar,12.0,1e-06,random,rand5,60,42,0.0017487008916094841
p52,2,tr,Full FD,scalar,12.0,1e-06,random,rand5,60,43,0.0012554787369385963
p52,2,tr,Full FD,scalar,12.0,1e-06,random,rand5,60,44,1.0767267403205551e-07
p52,2,tr,Full FD,scalar,12.0,1e-06,random,rand5,60,45,9.369657807163195e-08
p52,2,tr,Full FD,scalar,12.0,1e-06,random,rand5,60,46,3.281358924868046e-08
p52,2,tr,Full FD,scalar,12.0,1e-06,random,rand5,60,47,0.0008981827884759221
p52,2,tr,Full FD,scalar,12.0,1e-06,random,rand5,60,48,0.0006443041906718567
p52,2,tr,Full FD,scalar,12.0,1e-06,random,rand5,60,49,0.0004614164009711206
p52,2,tr,Full FD,scalar,12.0,1e-06,random,rand5,60,50,1.4869972988353446e-06
p52,2,tr,Full FD,scalar,12.0,1e-06,random,rand5,60,51,1.6443796015942988e-07
p52,2,tr,Full FD,scalar,12.0,1e-06,random,rand5,60,52,0.00032801550427457584
p52,2,tr,Full FD,scalar,12.0,1e-06,random,rand5,60,53,0.00023499862087328084
p52,2,tr,Full FD,scalar,12.0,1e-06,random,rand5,60,54,0.00016845876648961396
p52,2,tr,Full FD,scalar,12.0,1e-06,random,rand5,60,55,0.00012070525771111213
p52,2,tr,Full FD,scalar,12.0,1e-06,random,rand5,60,56,5.674001702837323e-05
p52,2,tr,Full FD,scalar,12.0,1e-06,random,rand5,60,57,4.281595217182146e-05
p52,2,tr,Full FD,scalar,12.0,1e-06,random,rand5,60,58,3.449797953047606e-05
p52,2,tr,Full FD,scalar,12.0,1e-06,random,rand5,60,59,2.4629326264972607e-05
p52,2,tr,Full FD,scalar,12.0,1e-06,random,rand5,60,60,2.734426430182194e-08
p52,2,tr,Full FD,scalar,12.0,1e-06,random,rand5,60,61,1.7561001178974883e-05
p52,2,tr,Full FD,scalar,12.0,1e-06,random,rand5,60,62,1.256787150332135e-05
p52,2,tr,Full FD,scalar,12.0,1e-06,random,rand5,60,63,5.237297470083135e-06
p52,2,tr,Full FD,scalar,12.0,1e-06,random,rand5,60,64,2.2971417961441917e-08
p52,2,tr,Full FD,scalar,12.0,1e-06,random,rand5,60,65,1.2075940461414523e-06
p52,2,tr,Full FD,scalar,12.0,1e-06,random,rand5,60,66,3.4945583373338826e-07
p52,2,tr,Full FD,scalar,12.0,1e-06,random,rand5,60,67,1.5975214696217383e-07
p52,2,tr,Full FD,scalar,12.0,1e-06,random,rand5,60,68,3.013298276599133e-08
p52,2,nm,Full FD,adaptive,4.0,1e-06,initial,xbar,61,0,1.0889490362830556
p52,2,nm,Full FD,adaptive,4.0,1e-06,initial,xbar,61,1,0.28444884647402946
p52,2,nm,Full FD,adaptive,4.0,1e-06,initial,xbar,61,2,0.11526733712936055
p52,2,nm,Full FD,adaptive,4.0,1e-06,initial,xbar,61,3,0.009622354171189803
p52,2,nm,Full FD,adaptive,4.0,1e-06,initial,xbar,61,4,0.0001039222341259837
p52,2,nm,Full FD,adaptive,4.0,1e-06,initial,xbar,61,5,3.706287630349582e-08
p52,2,tr,Full FD,adaptive,4.0,1e-06,initial,xbar,61,0,0.7099384379597188
p52,2,tr,Full FD,adaptive,4.0,1e-06,initial,xbar,61,1,0.25626250383596394
p52,2,tr,Full FD,adaptive,4.0,1e-06,initial,xbar,61,2,0.037786253826262585
p52,2,tr,Full FD,adaptive,4.0,1e-06,initial,xbar,61,3,0.05182471619509812
p52,2,tr,Full FD,adaptive,4.0,1e-06,initial,xbar,61,4,0.011651411464570676
p52,2,tr,Full FD,adaptive,4.0,1e-06,initial,xbar,61,5,0.0012246996310524849
p52,2,tr,Full FD,adaptive,4.0,1e-06,initial,xbar,61,6,1.3602207996122426e-05
p52,2,nm,Full FD,adaptive,4.0,1e-06,random,rand1,62,0,0.5852256741792459
p52,2,nm,Full FD,adaptive,4.0,1e-06,random,rand1,62,1,0.2177952111764014
p52,2,nm,Full FD,adaptive,4.0,1e-06,random,rand1,62,2,0.07939763992031809
p52,2,nm,Full FD,adaptive,4.0,1e-06,random,rand1,62,3,0.03338589986876647
p52,2,nm,Full FD,adaptive,4.0,1e-06,random,rand1,62,4,0.0088470969623402
p52,2,nm,Full FD,adaptive,4.0,1e-06,random,rand1,62,5,0.0007111422110641428
p52,2,nm,Full FD,adaptive,4.0,1e-06,random,rand1,62,6,4.540057991953915e-06
p52,2,tr,Full FD,adaptive,4.0,1e-06,random,rand1,62,0,0.4632746502976615
p52,2,tr,Full FD,adaptive,4.0,1e-06,random,rand1,62,1,0.33434622834463595
p52,2,tr,Full FD,adaptive,4.0,1e-06,random,rand1,62,2,0.07393477931913038
p52,2,tr,Full FD,adaptive,4.0,1e-06,random,rand1,62,3,0.027583148729960455
p52,2,tr,Full FD,adaptive,4.0,1e-06,random,rand1,62,4,0.012545108682481656
p52,2,tr,Full FD,adaptive,4.0,1e-06,random,rand1,62,5,0.0011473545888547924
p52,2,tr,Full FD,adaptive,4.0,1e-06,random,rand1,62,6,2.449928037430442e-05
p52,2,nm,Full FD,adaptive,4.0,1e-06,random,rand2,63,0,0.15803402008598327
p52,2,nm,Full FD,adaptive,4.0,1e-06,random,rand2,63,1,0.0759770801627228
p52,2,nm,Full FD,adaptive,4.0,1e-06,random,rand2,63,2,0.0616338902360748
p52,2,nm,Full FD,adaptive,4.0,1e-06,random,rand2,63,3,0.08647186613147825
p52,2,nm,Full FD,adaptive,4.0,1e-06,random,rand2,63,4,0.13447582076245732
p52,2,nm,Full FD,adaptive,4.0,1e-06,random,rand2,63,5,0.22029283597351287
p52,2,nm,Full FD,adaptive,4.0,1e-06,random,rand2,63,6,0.5359025322992662
p52,2,nm,Full FD,adaptive,4.0,1e-06,random,rand2,63,7,0.03941211355745149
p52,2,nm,Full FD,adaptive,4.0,1e-06,random,rand2,63,8,0.004274088494873615
p52,2,nm,Full FD,adaptive,4.0,1e-06,random,rand2,63,9,4.885050056378448e-05
p52,2,nm,Full FD,adaptive,4.0,1e-06,random,rand2,63,10,1.8708437034379223e-08
p52,2,tr,Full FD,adaptive,4.0,1e-06,random,rand2,63,0,0.25728862740379166
p52,2,tr,Full FD,adaptive,4.0,1e-06,random,rand2,63,1,0.03893709580561123
p52,2,tr,Full FD,adaptive,4.0,1e-06,random,rand2,63,2,0.15076637925948827
p52,2,tr,Full FD,adaptive,4.0,1e-06,random,rand2,63,3,1.0770625163752576
p52,2,tr,Full FD,adaptive,4.0,1e-06,random,rand2,63,4,0.1348229011140774
p52,2,tr,Full FD,adaptive,4.0,1e-06,random,rand2,63,5,0.16829075133073707
p52,2,tr,Full FD,adaptive,4.0,1e-06,random,rand2,63,6,0.007747679756016508
p52,2,tr,Full FD,adaptive,4.0,1e-06,random,rand2,63,7,0.0021688003070439704
p52,2,tr,Full FD,adaptive,4.0,1e-06,random,rand2,63,8,1.2195368954578285e-06
p52,2,nm,Full FD,adaptive,4.0,1e-06,random,rand3,64,0,0.23517807611090247
p52,2,nm,Full FD,adaptive,4.0,1e-06,random,rand3,64,1,0.4737872533074326
p52,2,nm,Full FD,adaptive,4.0,1e-06,random,rand3,64,2,0.03256117242588299
p52,2,nm,Full FD,adaptive,4.0,1e-06,random,rand3,64,3,0.0012002537640509623
p52,2,nm,Full FD,adaptive,4.0,1e-06,random,rand3,64,4,2.646469622788884e-06
p52,2,tr,Full FD,adaptive,4.0,1e-06,random,rand3,64,0,0.7406889606997088
p52,2,tr,Full FD,adaptive,4.0,1e-06,random,rand3,64,1,0.04997926377615139
p52,2,tr,Full FD,adaptive,4.0,1e-06,random,rand3,64,2,0.07183667685675768
p52,2,tr,Full FD,adaptive,4.0,1e-06,random,rand3,64,3,0.0019200230536411094
p52,2,tr,Full FD,adaptive,4.0,1e-06,random,rand3,64,4,3.882997682854692e-06
p52,2,nm,Full FD,adaptive,4.0,1e-06,random,rand4,65,0,0.24566260857176594
p52,2,nm,Full FD,adaptive,4.0,1e-06,random,rand4,65,1,0.12385573949444921
p52,2,nm,Full FD,adaptive,4.0,1e-06,random,rand4,65,2,0.061096549856029664
p52,2,nm,Full FD,adaptive,4.0,1e-06,random,rand4,65,3,0.023434543650861873
p52,2,nm,Full FD,adaptive,4.0,1e-06,random,rand4,65,4,0.004675628270081466
p52,2,nm,Full FD,adaptive,4.0,1e-06,random,rand4,65,5,0.00019986538719243678
p52,2,nm,Full FD,adaptive,4.0,1e-06,random,rand4,65,6,3.359414736080817e-07
p52,2,tr,Full FD,adaptive,4.0,1e-06,random,rand4,65,0,0.21412165983812464
p52,2,tr,Full FD,adaptive,4.0,1e-06,random,rand4,65,1,0.1508365054073431
p52,2,tr,Full FD,adaptive,4.0,1e-06,random,rand4,65,2,0.057160449779988944
p52,2,tr,Full FD,adaptive,4.0,1e-06,random,rand4,65,3,0.024884742109878094
p52,2,tr,Full FD,adaptive,4.0,1e-06,random,rand4,65,4,0.004950268862566161
p52,2,tr,Full FD,adaptive,4.0,1e-06,random,rand4,65,5,0.000240640646655696
p52,2,tr,Full FD,adaptive,4.0,1e-06,random,rand4,65,6,4.321412579496209e-07
p52,2,nm,Full FD,adaptive,4.0,1e-06,random,rand5,66,0,1.3127043046886435
p52,2,nm,Full FD,adaptive,4.0,1e-06,random,rand5,66,1,0.4751346158981886
p52,2,nm,Full FD,adaptive,4.0,1e-06,random,rand5,66,2,0.1732462695896516
p52,2,nm,Full FD,adaptive,4.0,1e-06,random,rand5,66,3,0.021472138615267262
p52,2,nm,Full FD,adaptive,4.0,1e-06,random,rand5,66,4,0.0004751306283016442
p52,2,nm,Full FD,adaptive,4.0,1e-06,random,rand5,66,5,4.367591983757586e-07
p52,2,tr,Full FD,adaptive,4.0,1e-06,random,rand5,66,0,1.016627661099774
p52,2,tr,Full FD,adaptive,4.0,1e-06,random,rand5,66,1,0.3581899228873702
p52,2,tr,Full FD,adaptive,4.0,1e-06,random,rand5,66,2,0.07499180839049921
p52,2,tr,Full FD,adaptive,4.0,1e-06,random,rand5,66,3,0.0233922631788073
p52,2,tr,Full FD,adaptive,4.0,1e-06,random,rand5,66,4,0.0046473104897859045
p52,2,tr,Full FD,adaptive,4.0,1e-06,random,rand5,66,5,0.00023965736573355694
p52,2,tr,Full FD,adaptive,4.0,1e-06,random,rand5,66,6,3.891321150328037e-07
p52,2,nm,Full FD,adaptive,8.0,1e-06,initial,xbar,67,0,0.9633212548262392
p52,2,nm,Full FD,adaptive,8.0,1e-06,initial,xbar,67,1,0.3544273535818436
p52,2,nm,Full FD,adaptive,8.0,1e-06,initial,xbar,67,2,0.37741481945564764
p52,2,nm,Full FD,adaptive,8.0,1e-06,initial,xbar,67,3,0.09502567918056917
p52,2,nm,Full FD,adaptive,8.0,1e-06,initial,xbar,67,4,0.01387584182806765
p52,2,nm,Full FD,adaptive,8.0,1e-06,initial,xbar,67,5,0.0004068906736940365
p52,2,nm,Full FD,adaptive,8.0,1e-06,initial,xbar,67,6,2.433215823340215e-07
p52,2,tr,Full FD,adaptive,8.0,1e-06,initial,xbar,67,0,1.0713885125192362
p52,2,tr,Full FD,adaptive,8.0,1e-06,initial,xbar,67,1,0.0786075566667786
p52,2,tr,Full FD,adaptive,8.0,1e-06,initial,xbar,67,2,0.014265114672457922
p52,2,tr,Full FD,adaptive,8.0,1e-06,initial,xbar,67,3,0.0212797203004338
p52,2,tr,Full FD,adaptive,8.0,1e-06,initial,xbar,67,4,0.016839368728194956
p52,2,tr,Full FD,adaptive,8.0,1e-06,initial,xbar,67,5,0.011275039850320046
p52,2,tr,Full FD,adaptive,8.0,1e-06,initial,xbar,67,6,0.006995241896308515
p52,2,tr,Full FD,adaptive,8.0,1e-06,initial,xbar,67,7,0.0021626849035980525
p52,2,tr,Full FD,adaptive,8.0,1e-06,initial,xbar,67,8,0.0016985062444576998
p52,2,tr,Full FD,adaptive,8.0,1e-06,initial,xbar,67,9,0.0014821177802152958
p52,2,tr,Full FD,adaptive,8.0,1e-06,initial,xbar,67,10,0.0006158313360829886
p52,2,tr,Full FD,adaptive,8.0,1e-06,initial,xbar,67,11,2.605755668727932e-05
p52,2,tr,Full FD,adaptive,8.0,1e-06,initial,xbar,67,12,3.6145477267284443e-05
p52,2,tr,Full FD,adaptive,8.0,1e-06,initial,xbar,67,13,0.00041577169771708246
p52,2,tr,Full FD,adaptive,8.0,1e-06,initial,xbar,67,14,2.743219403679342e-06
p52,2,tr,Full FD,adaptive,8.0,1e-06,initial,xbar,67,15,7.248080103048218e-05
p52,2,tr,Full FD,adaptive,8.0,1e-06,initial,xbar,67,16,0.00015903547413817964
p52,2,tr,Full FD,adaptive,8.0,1e-06,initial,xbar,67,17,5.660595358524678e-05
p52,2,tr,Full FD,adaptive,8.0,1e-06,initial,xbar,67,18,4.007425838595402e-05
p52,2,tr,Full FD,adaptive,8.0,1e-06,initial,xbar,67,19,2.076034696374439e-05
p52,2,tr,Full FD,adaptive,8.0,1e-06,initial,xbar,67,20,1.6369870964134292e-05
p52,2,tr,Full FD,adaptive,8.0,1e-06,initial,xbar,67,21,3.4352999050819906e-06
p52,2,tr,Full FD,adaptive,8.0,1e-06,initial,xbar,67,22,4.577378154455897e-06
p52,2,tr,Full FD,adaptive,8.0,1e-06,initial,xbar,67,23,1.6386182993072818e-06
p52,2,tr,Full FD,adaptive,8.0,1e-06,initial,xbar,67,24,1.1528810920501022e-06
p52,2,tr,Full FD,adaptive,8.0,1e-06,initial,xbar,67,25,7.119699676065063e-07
p52,2,tr,Full FD,adaptive,8.0,1e-06,initial,xbar,67,26,4.79277716217252e-07
p52,2,tr,Full FD,adaptive,8.0,1e-06,initial,xbar,67,27,4.3453322061727885e-07
p52,2,tr,Full FD,adaptive,8.0,1e-06,initial,xbar,67,28,1.6354446201520674e-07
p52,2,nm,Full FD,adaptive,8.0,1e-06,random,rand1,68,0,0.6650917799442806
p52,2,nm,Full FD,adaptive,8.0,1e-06,random,rand1,68,1,0.07799362019156401
p52,2,nm,Full FD,adaptive,8.0,1e-06,random,rand1,68,2,0.3945015417001848
p52,2,nm,Full FD,adaptive,8.0,1e-06,random,rand1,68,3,0.2591248470671256
p52,2,nm,Full FD,adaptive,8.0,1e-06,random,rand1,68,4,0.03863168191284944
p52,2,nm,Full FD,adaptive,8.0,1e-06,random,rand1,68,5,0.5579473759235811
p52,2,nm,Full FD,adaptive,8.0,1e-06,random,rand1,68,6,0.032557264142540766
p52,2,nm,Full FD,adaptive,8.0,1e-06,random,rand1,68,7,0.11342435909333305
p52,2,nm,Full FD,adaptive,8.0,1e-06,random,rand1,68,8,0.4570590796156977
p52,2,nm,Full FD,adaptive,8.0,1e-06,random,rand1,68,9,0.17294508711204418
p52,2,nm,Full FD,adaptive,8.0,1e-06,random,rand1,68,10,0.048572181583708955
p52,2,nm,Full FD,adaptive,8.0,1e-06,random,rand1,68,11,0.007435730593966834
p52,2,nm,Full FD,adaptive,8.0,1e-06,random,rand1,68,12,0.000172762328829298
p52,2,nm,Full FD,adaptive,8.0,1e-06,random,rand1,68,13,1.0460039579715012e-07
p52,2,tr,Full FD,adaptive,8.0,1e-06,random,rand1,68,0,2.3288268646535433
p52,2,tr,Full FD,adaptive,8.0,1e-06,random,rand1,68,1,0.8289153871435049
p52,2,tr,Full FD,adaptive,8.0,1e-06,random,rand1,68,2,0.31648252540984245
p52,2,tr,Full FD,adaptive,8.0,1e-06,random,rand1,68,3,0.0734536228756159
p52,2,tr,Full FD,adaptive,8.0,1e-06,random,rand1,68,4,0.11790648101586373
p52,2,tr,Full FD,adaptive,8.0,1e-06,random,rand1,68,5,0.016776788445645837
p52,2,tr,Full FD,adaptive,8.0,1e-06,random,rand1,68,6,9.431183022453902e-05
p52,2,nm,Full FD,adaptive,8.0,1e-06,random,rand2,69,0,0.01624961453420436
p52,2,nm,Full FD,adaptive,8.0,1e-06,random,rand2,69,1,0.0002774495853822556
p52,2,nm,Full FD,adaptive,8.0,1e-06,random,rand2,69,2,0.0002771372716685648
p52,2,nm,Full FD,adaptive,8.0,1e-06,random,rand2,69,3,0.0002796225742832704
p52,2,nm,Full FD,adaptive,8.0,1e-06,random,rand2,69,4,0.0002815422724328399
p52,2,nm,Full FD,adaptive,8.0,1e-06,random,rand2,69,5,0.4275682172635771
p52,2,nm,Full FD,adaptive,8.0,1e-06,random,rand2,69,6,1.5359957030891205
p52,2,nm,Full FD,adaptive,8.0,1e-06,random,rand2,69,7,0.2033923033454004
p52,2,nm,Full FD,adaptive,8.0,1e-06,random,rand2,69,8,0.10680119493744172
p52,2,nm,Full FD,adaptive,8.0,1e-06,random,rand2,69,9,0.021441651602172596
p52,2,nm,Full FD,adaptive,8.0,1e-06,random,rand2,69,10,0.0018086377329501631
p52,2,nm,Full FD,adaptive,8.0,1e-06,random,rand2,69,11,7.73015980242324e-06
p52,2,tr,Full FD,adaptive,8.0,1e-06,random,rand2,69,0,0.36690093770042986
p52,2,tr,Full FD,adaptive,8.0,1e-06,random,rand2,69,1,0.13502809778306832
p52,2,tr,Full FD,adaptive,8.0,1e-06,random,rand2,69,2,0.11815196986631162
p52,2,tr,Full FD,adaptive,8.0,1e-06,random,rand2,69,3,0.04094238161661193
p52,2,tr,Full FD,adaptive,8.0,1e-06,random,rand2,69,4,0.029653905994652775
p52,2,tr,Full FD,adaptive,8.0,1e-06,random,rand2,69,5,0.047956505378791155
p52,2,tr,Full FD,adaptive,8.0,1e-06,random,rand2,69,6,0.02213443950460292
p52,2,tr,Full FD,adaptive,8.0,1e-06,random,rand2,69,7,0.3259346347057014
p52,2,tr,Full FD,adaptive,8.0,1e-06,random,rand2,69,8,0.761480155302947
p52,2,tr,Full FD,adaptive,8.0,1e-06,random,rand2,69,9,0.06356217319832548
p52,2,tr,Full FD,adaptive,8.0,1e-06,random,rand2,69,10,0.06371300624711183
p52,2,tr,Full FD,adaptive,8.0,1e-06,random,rand2,69,11,0.004116169338792734
p52,2,tr,Full FD,adaptive,8.0,1e-06,random,rand2,69,12,1.4006543173446972e-05
p52,2,nm,Full FD,adaptive,8.0,1e-06,random,rand3,70,0,0.7113953289798627
p52,2,nm,Full FD,adaptive,8.0,1e-06,random,rand3,70,1,0.2546113999321902
p52,2,nm,Full FD,adaptive,8.0,1e-06,random,rand3,70,2,0.035299835531254965
p52,2,nm,Full FD,adaptive,8.0,1e-06,random,rand3,70,3,0.0028300855061013787
p52,2,nm,Full FD,adaptive,8.0,1e-06,random,rand3,70,4,9.379229303406376e-06
p52,2,tr,Full FD,adaptive,8.0,1e-06,random,rand3,70,0,0.6959639699861428
p52,2,tr,Full FD,adaptive,8.0,1e-06,random,rand3,70,1,0.08219144751591782
p52,2,tr,Full FD,adaptive,8.0,1e-06,random,rand3,70,2,0.005864880692960472
p52,2,tr,Full FD,adaptive,8.0,1e-06,random,rand3,70,3,1.738870115428755e-05
p52,2,nm,Full FD,adaptive,8.0,1e-06,random,rand4,71,0,0.21607362948183037
p52,2,nm,Full FD,adaptive,8.0,1e-06,random,rand4,71,1,0.04171620415754297
p52,2,nm,Full FD,adaptive,8.0,1e-06,random,rand4,71,2,0.0353919017465304
p52,2,nm,Full FD,adaptive,8.0,1e-06,random,rand4,71,3,0.06749604278443481
p52,2,nm,Full FD,adaptive,8.0,1e-06,random,rand4,71,4,0.14805015116860934
p52,2,nm,Full FD,adaptive,8.0,1e-06,random,rand4,71,5,0.0005574225513137937
p52,2,nm,Full FD,adaptive,8.0,1e-06,random,rand4,71,6,0.0015809604372795953
p52,2,nm,Full FD,adaptive,8.0,1e-06,random,rand4,71,7,0.10127321639137173
p52,2,nm,Full FD,adaptive,8.0,1e-06,random,rand4,71,8,0.01311324357758414
p52,2,nm,Full FD,adaptive,8.0,1e-06,random,rand4,71,9,0.00704095953584388
p52,2,nm,Full FD,adaptive,8.0,1e-06,random,rand4,71,10,0.02498781023786364
p52,2,nm,Full FD,adaptive,8.0,1e-06,random,rand4,71,11,0.0032975225125896775
p52,2,nm,Full FD,adaptive,8.0,1e-06,random,rand4,71,12,0.036507074925832474
p52,2,nm,Full FD,adaptive,8.0,1e-06,random,rand4,71,13,0.036764959253690485
p52,2,nm,Full FD,adaptive,8.0,1e-06,random,rand4,71,14,0.0019018171013726272
p52,2,nm,Full FD,adaptive,8.0,1e-06,random,rand4,71,15,0.0002761665612714026
p52,2,nm,Full FD,adaptive,8.0,1e-06,random,rand4,71,16,7.819582164758182e-05
p52,2,nm,Full FD,adaptive,8.0,1e-06,random,rand4,71,17,0.020298166871761777
p52,2,nm,Full FD,adaptive,8.0,1e-06,random,rand4,71,18,0.00016608176599376142
p52,2,nm,Full FD,adaptive,8.0,1e-06,random,rand4,71,19,0.008231190042157832
p52,2,nm,Full FD,adaptive,8.0,1e-06,random,rand4,71,20,4.0728773457122263e-05
p52,2,nm,Full FD,adaptive,8.0,1e-06,random,rand4,71,21,4.100591127646912e-05
p52,2,nm,Full FD,adaptive,8.0,1e-06,random,rand4,71,22,0.9682645549353369
p52,2,nm,Full FD,adaptive,8.0,1e-06,random,rand4,71,23,0.35031456273041117
p52,2,nm,Full FD,adaptive,8.0,1e-06,random,rand4,71,24,0.12426996436882567
p52,2,nm,Full FD,adaptive,8.0,1e-06,random,rand4,71,25,0.03229385007628866
p52,2,nm,Full FD,adaptive,8.0,1e-06,random,rand4,71,26,0.000921684042209431
p52,2,nm,Full FD,adaptive,8.0,1e-06,random,rand4,71,27,3.492066355212702e-06
p52,2,tr,Full FD,adaptive,8.0,1e-06,random,rand4,71,0,0.20402597361725297
p52,2,tr,Full FD,adaptive,8.0,1e-06,random,rand4,71,1,0.14852964436743446
p52,2,tr,Full FD,adaptive,8.0,1e-06,random,rand4,71,2,0.017909889239562323
p52,2,tr,Full FD,adaptive,8.0,1e-06,random,rand4,71,3,1.2709312386065934
p52,2,tr,Full FD,adaptive,8.0,1e-06,random,rand4,71,4,0.23278729058020306
p52,2,tr,Full FD,adaptive,8.0,1e-06,random,rand4,71,5,0.06697229440153223
p52,2,tr,Full FD,adaptive,8.0,1e-06,random,rand4,71,6,0.07813496450863436
p52,2,tr,Full FD,adaptive,8.0,1e-06,random,rand4,71,7,0.001533358952520221
p52,2,tr,Full FD,adaptive,8.0,1e-06,random,rand4,71,8,0.0007517027598679845
p52,2,tr,Full FD,adaptive,8.0,1e-06,random,rand4,71,9,6.39119396564464e-07
p52,2,nm,Full FD,adaptive,8.0,1e-06,random,rand5,72,0,0.27506180479883696
p52,2,nm,Full FD,adaptive,8.0,1e-06,random,rand5,72,1,0.8502403521626936
p52,2,nm,Full FD,adaptive,8.0,1e-06,random,rand5,72,2,0.31225016514042686
p52,2,nm,Full FD,adaptive,8.0,1e-06,random,rand5,72,3,0.141315391767378
p52,2,nm,Full FD,adaptive,8.0,1e-06,random,rand5,72,4,0.053458047575217285
p52,2,nm,Full FD,adaptive,8.0,1e-06,random,rand5,72,5,0.20908112928443517
p52,2,nm,Full FD,adaptive,8.0,1e-06,random,rand5,72,6,0.1394751351595689
p52,2,nm,Full FD,adaptive,8.0,1e-06,random,rand5,72,7,0.03865462628723446
p52,2,nm,Full FD,adaptive,8.0,1e-06,random,rand5,72,8,0.14560630163965818
p52,2,nm,Full FD,adaptive,8.0,1e-06,random,rand5,72,9,0.016680843149179274
p52,2,nm,Full FD,adaptive,8.0,1e-06,random,rand5,72,10,0.11467223031846341
p52,2,nm,Full FD,adaptive,8.0,1e-06,random,rand5,72,11,0.019589920555165733
p52,2,nm,Full FD,adaptive,8.0,1e-06,random,rand5,72,12,0.0012973690279533643
p52,2,nm,Full FD,adaptive,8.0,1e-06,random,rand5,72,13,0.0003940538261117962
p52,2,nm,Full FD,adaptive,8.0,1e-06,random,rand5,72,14,0.006798205695035092
p52,2,nm,Full FD,adaptive,8.0,1e-06,random,rand5,72,15,0.0016691639341550996
p52,2,nm,Full FD,adaptive,8.0,1e-06,random,rand5,72,16,0.006196118704709979
p52,2,nm,Full FD,adaptive,8.0,1e-06,random,rand5,72,17,0.0031595673951846717
p52,2,nm,Full FD,adaptive,8.0,1e-06,random,rand5,72,18,0.014047538211940571
p52,2,nm,Full FD,adaptive,8.0,1e-06,random,rand5,72,19,0.007434724600625046
p52,2,nm,Full FD,adaptive,8.0,1e-06,random,rand5,72,20,0.002772463729656587
p52,2,nm,Full FD,adaptive,8.0,1e-06,random,rand5,72,21,0.0020807123268190013
p52,2,nm,Full FD,adaptive,8.0,1e-06,random,rand5,72,22,0.42515779081147603
p52,2,nm,Full FD,adaptive,8.0,1e-06,random,rand5,72,23,0.09203062245251653
p52,2,nm,Full FD,adaptive,8.0,1e-06,random,rand5,72,24,0.15416884432447853
p52,2,nm,Full FD,adaptive,8.0,1e-06,random,rand5,72,25,0.3897302249921589
p52,2,nm,Full FD,adaptive,8.0,1e-06,random,rand5,72,26,0.27666388005643583
p52,2,nm,Full FD,adaptive,8.0,1e-06,random,rand5,72,27,0.08035049336321365
p52,2,nm,Full FD,adaptive,8.0,1e-06,random,rand5,72,28,0.0266351132533047
p52,2,nm,Full FD,adaptive,8.0,1e-06,random,rand5,72,29,0.001892093411970062
p52,2,nm,Full FD,adaptive,8.0,1e-06,random,rand5,72,30,1.0902925940356663e-05
p52,2,tr,Full FD,adaptive,8.0,1e-06,random,rand5,72,0,2.8636365482061215
p52,2,tr,Full FD,adaptive,8.0,1e-06,random,rand5,72,1,0.7087156252786568
p52,2,tr,Full FD,adaptive,8.0,1e-06,random,rand5,72,2,1.0029036428687597
p52,2,tr,Full FD,adaptive,8.0,1e-06,random,rand5,72,3,0.48749638180313953
p52,2,tr,Full FD,adaptive,8.0,1e-06,random,rand5,72,4,0.28898972966425857
p52,2,tr,Full FD,adaptive,8.0,1e-06,random,rand5,72,5,0.03294996480577943
p52,2,tr,Full FD,adaptive,8.0,1e-06,random,rand5,72,6,0.008714711160801095
p52,2,tr,Full FD,adaptive,8.0,1e-06,random,rand5,72,7,0.08438495995819909
p52,2,tr,Full FD,adaptive,8.0,1e-06,random,rand5,72,8,0.014434408977072993
p52,2,tr,Full FD,adaptive,8.0,1e-06,random,rand5,72,9,0.0021353742303533815
p52,2,tr,Full FD,adaptive,8.0,1e-06,random,rand5,72,10,0.00037182821682864466
p52,2,tr,Full FD,adaptive,8.0,1e-06,random,rand5,72,11,0.0025361733689275028
p52,2,tr,Full FD,adaptive,8.0,1e-06,random,rand5,72,12,0.0010870656311391218
p52,2,tr,Full FD,adaptive,8.0,1e-06,random,rand5,72,13,0.00017795858163982615
p52,2,tr,Full FD,adaptive,8.0,1e-06,random,rand5,72,14,0.00026382302925893604
p52,2,tr,Full FD,adaptive,8.0,1e-06,random,rand5,72,15,0.0002938588020710371
p52,2,tr,Full FD,adaptive,8.0,1e-06,random,rand5,72,16,4.0261635282384234e-05
p52,2,tr,Full FD,adaptive,8.0,1e-06,random,rand5,72,17,9.06695862693208e-05
p52,2,tr,Full FD,adaptive,8.0,1e-06,random,rand5,72,18,4.6760733133374856e-05
p52,2,tr,Full FD,adaptive,8.0,1e-06,random,rand5,72,19,2.117508252681081e-05
p52,2,tr,Full FD,adaptive,8.0,1e-06,random,rand5,72,20,1.8011698983785085e-05
p52,2,tr,Full FD,adaptive,8.0,1e-06,random,rand5,72,21,8.570282140958999e-06
p52,2,tr,Full FD,adaptive,8.0,1e-06,random,rand5,72,22,3.6798644605021955e-07
p52,2,tr,Full FD,adaptive,8.0,1e-06,random,rand5,72,23,1.3893067396566496e-06
p52,2,tr,Full FD,adaptive,8.0,1e-06,random,rand5,72,24,2.4686862426411877e-07
p52,2,tr,Full FD,adaptive,8.0,1e-06,random,rand5,72,25,5.566082885803472e-07
p52,2,tr,Full FD,adaptive,8.0,1e-06,random,rand5,72,26,1.9324276785189175e-07
p52,2,nm,Full FD,adaptive,12.0,1e-06,initial,xbar,73,0,6.934776439102031e-13
p52,2,nm,Full FD,adaptive,12.0,1e-06,initial,xbar,73,1,1.0600808126765537
p52,2,nm,Full FD,adaptive,12.0,1e-06,initial,xbar,73,2,0.9015403307823666
p52,2,nm,Full FD,adaptive,12.0,1e-06,initial,xbar,73,3,1.4619979358943578e-08
p52,2,nm,Full FD,adaptive,12.0,1e-06,initial,xbar,73,4,3.9534682874728126e-08
p52,2,nm,Full FD,adaptive,12.0,1e-06,initial,xbar,73,5,3.953469153514015e-08
p52,2,nm,Full FD,adaptive,12.0,1e-06,initial,xbar,73,6,7.445739050248503e-08
p52,2,nm,Full FD,adaptive,12.0,1e-06,initial,xbar,73,7,3.426687961912582e-08
p52,2,nm,Full FD,adaptive,12.0,1e-06,initial,xbar,73,8,2.623039128655026e-08
p52,2,nm,Full FD,adaptive,12.0,1e-06,initial,xbar,73,9,2.6230235507365727e-08
p52,2,nm,Full FD,adaptive,12.0,1e-06,initial,xbar,73,10,9.766426113226753e-08
p52,2,nm,Full FD,adaptive,12.0,1e-06,initial,xbar,73,11,9.32652640223764e-09
p52,2,nm,Full FD,adaptive,12.0,1e-06,initial,xbar,73,12,1.3716232654832997e-08
p52,2,nm,Full FD,adaptive,12.0,1e-06,initial,xbar,73,13,0.034775459870383225
p52,2,nm,Full FD,adaptive,12.0,1e-06,initial,xbar,73,14,5.314651068354499e-09
p52,2,nm,Full FD,adaptive,12.0,1e-06,initial,xbar,73,15,0.29846521325650827
p52,2,nm,Full FD,adaptive,12.0,1e-06,initial,xbar,73,16,3.4457265282898056e-08
p52,2,nm,Full FD,adaptive,12.0,1e-06,initial,xbar,73,17,2.2255379074635704e-08
p52,2,nm,Full FD,adaptive,12.0,1e-06,initial,xbar,73,18,1.3329577858423398e-08
p52,2,nm,Full FD,adaptive,12.0,1e-06,initial,xbar,73,19,1.472836165381392e-07
p52,2,nm,Full FD,adaptive,12.0,1e-06,initial,xbar,73,20,0.021351348254744273
p52,2,nm,Full FD,adaptive,12.0,1e-06,initial,xbar,73,21,1.8685861633090535e-08
p52,2,nm,Full FD,adaptive,12.0,1e-06,initial,xbar,73,22,2.010513190427623e-08
p52,2,nm,Full FD,adaptive,12.0,1e-06,initial,xbar,73,23,2.0105114523768633e-08
p52,2,nm,Full FD,adaptive,12.0,1e-06,initial,xbar,73,24,0.0066210465819834625
p52,2,nm,Full FD,adaptive,12.0,1e-06,initial,xbar,73,25,3.348278952636502e-08
p52,2,nm,Full FD,adaptive,12.0,1e-06,initial,xbar,73,26,5.982767068189258e-09
p52,2,nm,Full FD,adaptive,12.0,1e-06,initial,xbar,73,27,7.169743922588925e-08
p52,2,nm,Full FD,adaptive,12.0,1e-06,initial,xbar,73,28,9.288325502066361e-09
p52,2,nm,Full FD,adaptive,12.0,1e-06,initial,xbar,73,29,7.939934125062703e-08
p52,2,nm,Full FD,adaptive,12.0,1e-06,initial,xbar,73,30,2.254751311866336e-08
p52,2,nm,Full FD,adaptive,12.0,1e-06,initial,xbar,73,31,9.012364799386974e-09
p52,2,nm,Full FD,adaptive,12.0,1e-06,initial,xbar,73,32,2.7930455647669984e-08
p52,2,nm,Full FD,adaptive,12.0,1e-06,initial,xbar,73,33,4.6408094798250015e-08
p52,2,nm,Full FD,adaptive,12.0,1e-06,initial,xbar,73,34,4.675032316271627e-08
p52,2,nm,Full FD,adaptive,12.0,1e-06,initial,xbar,73,35,6.453315728315033e-08
p52,2,nm,Full FD,adaptive,12.0,1e-06,initial,xbar,73,36,9.870497407170387e-09
p52,2,nm,Full FD,adaptive,12.0,1e-06,initial,xbar,73,37,4.6409347965975236e-08
p52,2,nm,Full FD,adaptive,12.0,1e-06,initial,xbar,73,38,3.259052133673334e-08
p52,2,nm,Full FD,adaptive,12.0,1e-06,initial,xbar,73,39,1.6669870358183695e-08
p52,2,nm,Full FD,adaptive,12.0,1e-06,initial,xbar,73,40,1.6669900982176827e-08
p52,2,nm,Full FD,adaptive,12.0,1e-06,initial,xbar,73,41,2.1802285768020474e-08
p52,2,nm,Full FD,adaptive,12.0,1e-06,initial,xbar,73,42,5.1156501965542825e-08
p52,2,nm,Full FD,adaptive,12.0,1e-06,initial,xbar,73,43,1.641643537696523e-08
p52,2,nm,Full FD,adaptive,12.0,1e-06,initial,xbar,73,44,6.531659486682764e-09
p52,2,nm,Full FD,adaptive,12.0,1e-06,initial,xbar,73,45,1.3793942977198951e-08
p52,2,nm,Full FD,adaptive,12.0,1e-06,initial,xbar,73,46,1.808277279159381e-08
p52,2,nm,Full FD,adaptive,12.0,1e-06,initial,xbar,73,47,9.491327878572995e-09
p52,2,nm,Full FD,adaptive,12.0,1e-06,initial,xbar,73,48,5.867433860055664e-09
p52,2,nm,Full FD,adaptive,12.0,1e-06,initial,xbar,73,49,2.701808189041037e-07
p52,2,nm,Full FD,adaptive,12.0,1e-06,initial,xbar,73,50,1.8226894891364482e-08
p52,2,nm,Full FD,adaptive,12.0,1e-06,initial,xbar,73,51,7.73174371460602e-09
p52,2,nm,Full FD,adaptive,12.0,1e-06,initial,xbar,73,52,3.5027639585758364e-08
p52,2,nm,Full FD,adaptive,12.0,1e-06,initial,xbar,73,53,4.216042138484863e-08
p52,2,nm,Full FD,adaptive,12.0,1e-06,initial,xbar,73,54,4.326228888876204e-08
p52,2,nm,Full FD,adaptive,12.0,1e-06,initial,xbar,73,55,5.662677306025147e-08
p52,2,nm,Full FD,adaptive,12.0,1e-06,initial,xbar,73,56,5.6628540476266525e-08
p52,2,nm,Full FD,adaptive,12.0,1e-06,initial,xbar,73,57,3.982597264604816e-08
p52,2,nm,Full FD,adaptive,12.0,1e-06,initial,xbar,73,58,3.9824116747125666e-08
p52,2,nm,Full FD,adaptive,12.0,1e-06,initial,xbar,73,59,4.100532473168364e-08
p52,2,nm,Full FD,adaptive,12.0,1e-06,initial,xbar,73,60,5.248567915703125e-08
p52,2,nm,Full FD,adaptive,12.0,1e-06,initial,xbar,73,61,4.849631643898569e-08
p52,2,nm,Full FD,adaptive,12.0,1e-06,initial,xbar,73,62,1.321448754238092e-08
p52,2,nm,Full FD,adaptive,12.0,1e-06,initial,xbar,73,63,0.00239266734248933
p52,2,nm,Full FD,adaptive,12.0,1e-06,initial,xbar,73,64,1.9556857293620155e-08
p52,2,nm,Full FD,adaptive,12.0,1e-06,initial,xbar,73,65,1.7338743691642137e-08
p52,2,nm,Full FD,adaptive,12.0,1e-06,initial,xbar,73,66,1.684555363429558e-08
p52,2,nm,Full FD,adaptive,12.0,1e-06,initial,xbar,73,67,1.6848687661869808e-08
p52,2,nm,Full FD,adaptive,12.0,1e-06,initial,xbar,73,68,6.207605589861217e-08
p52,2,nm,Full FD,adaptive,12.0,1e-06,initial,xbar,73,69,6.207598061508961e-08
p52,2,nm,Full FD,adaptive,12.0,1e-06,initial,xbar,73,70,7.05620582544839e-09
p52,2,nm,Full FD,adaptive,12.0,1e-06,initial,xbar,73,71,6.700798247363494e-08
p52,2,nm,Full FD,adaptive,12.0,1e-06,initial,xbar,73,72,4.5098089076745867e-08
p52,2,nm,Full FD,adaptive,12.0,1e-06,initial,xbar,73,73,2.2370909248309445e-08
p52,2,nm,Full FD,adaptive,12.0,1e-06,initial,xbar,73,74,2.100545389751062e-08
p52,2,nm,Full FD,adaptive,12.0,1e-06,initial,xbar,73,75,1.8042478898360067e-08
p52,2,nm,Full FD,adaptive,12.0,1e-06,initial,xbar,73,76,1.5874193139640987e-08
p52,2,nm,Full FD,adaptive,12.0,1e-06,initial,xbar,73,77,2.22817227733064e-08
p52,2,nm,Full FD,adaptive,12.0,1e-06,initial,xbar,73,78,0.08907467707315321
p52,2,nm,Full FD,adaptive,12.0,1e-06,initial,xbar,73,79,9.359156374857658e-08
p52,2,nm,Full FD,adaptive,12.0,1e-06,initial,xbar,73,80,1.0221878984965686e-07
p52,2,nm,Full FD,adaptive,12.0,1e-06,initial,xbar,73,81,0.010568896978950392
p52,2,nm,Full FD,adaptive,12.0,1e-06,initial,xbar,73,82,2.0298929971946172e-08
p52,2,nm,Full FD,adaptive,12.0,1e-06,initial,xbar,73,83,2.029528517387199e-08
p52,2,nm,Full FD,adaptive,12.0,1e-06,initial,xbar,73,84,2.0291503174850994e-08
p52,2,nm,Full FD,adaptive,12.0,1e-06,initial,xbar,73,85,5.5856179869572145e-08
p52,2,nm,Full FD,adaptive,12.0,1e-06,initial,xbar,73,86,6.552678954838217e-09
p52,2,nm,Full FD,adaptive,12.0,1e-06,initial,xbar,73,87,1.1897276321526869e-08
p52,2,nm,Full FD,adaptive,12.0,1e-06,initial,xbar,73,88,1.2104001835446176e-08
p52,2,nm,Full FD,adaptive,12.0,1e-06,initial,xbar,73,89,1.209590634585019e-08
p52,2,nm,Full FD,adaptive,12.0,1e-06,initial,xbar,73,90,7.824057140657777e-06
p52,2,nm,Full FD,adaptive,12.0,1e-06,initial,xbar,73,91,2.7472689496061692e-06
p52,2,nm,Full FD,adaptive,12.0,1e-06,initial,xbar,73,92,7.053743806732037e-08
p52,2,nm,Full FD,adaptive,12.0,1e-06,initial,xbar,73,93,9.790142035023323e-07
p52,2,nm,Full FD,adaptive,12.0,1e-06,initial,xbar,73,94,1.316552215502628e-08
p52,2,nm,Full FD,adaptive,12.0,1e-06,initial,xbar,73,95,1.4759208824442858e-08
p52,2,nm,Full FD,adaptive,12.0,1e-06,initial,xbar,73,96,0.00019747442306410428
p52,2,nm,Full FD,adaptive,12.0,1e-06,initial,xbar,73,97,0.00011907724470089633
p52,2,nm,Full FD,adaptive,12.0,1e-06,initial,xbar,73,98,4.390165437795715e-08
p52,2,nm,Full FD,adaptive,12.0,1e-06,initial,xbar,73,99,8.424833130204483e-08
p52,2,nm,Full FD,adaptive,12.0,1e-06,initial,xbar,73,100,8.617061249247687e-08
p52,2,nm,Full FD,adaptive,12.0,1e-06,initial,xbar,73,101,1.1229344274574484e-08
p52,2,nm,Full FD,adaptive,12.0,1e-06,initial,xbar,73,102,7.204582568571702e-05
p52,2,nm,Full FD,adaptive,12.0,1e-06,initial,xbar,73,103,9.997937440307912e-07
p52,2,nm,Full FD,adaptive,12.0,1e-06,initial,xbar,73,104,3.401107390878878e-07
p52,2,nm,Full FD,adaptive,12.0,1e-06,initial,xbar,73,105,2.675051270745193e-05
p52,2,nm,Full FD,adaptive,12.0,1e-06,random,rand1,74,0,2.0240994130317037e-07
p52,2,nm,Full FD,adaptive,12.0,1e-06,random,rand1,74,1,1.9126807448775818e-09
p52,2,nm,Full FD,adaptive,12.0,1e-06,random,rand1,74,2,2.343267429620817e-09
p52,2,nm,Full FD,adaptive,12.0,1e-06,random,rand1,74,3,5.174754765462989e-10
p52,2,nm,Full FD,adaptive,12.0,1e-06,random,rand1,74,4,4.983153220221408e-09
p52,2,nm,Full FD,adaptive,12.0,1e-06,random,rand1,74,5,0.18790644764314612
p52,2,nm,Full FD,adaptive,12.0,1e-06,random,rand1,74,6,8.228571452949068e-10
p52,2,nm,Full FD,adaptive,12.0,1e-06,random,rand1,74,7,1.785447513020865
p52,2,nm,Full FD,adaptive,12.0,1e-06,random,rand1,74,8,0.2294187383226192
p52,2,nm,Full FD,adaptive,12.0,1e-06,random,rand1,74,9,6.383671384835862e-09
p52,2,nm,Full FD,adaptive,12.0,1e-06,random,rand1,74,10,5.00688063632521e-09
p52,2,nm,Full FD,adaptive,12.0,1e-06,random,rand1,74,11,5.006529080829217e-09
p52,2,nm,Full FD,adaptive,12.0,1e-06,random,rand1,74,12,4.27074289685407e-09
p52,2,nm,Full FD,adaptive,12.0,1e-06,random,rand1,74,13,4.3951817191983606e-09
p52,2,nm,Full FD,adaptive,12.0,1e-06,random,rand1,74,14,7.908054902734743e-09
p52,2,nm,Full FD,adaptive,12.0,1e-06,random,rand1,74,15,0.003521359056881224
p52,2,nm,Full FD,adaptive,12.0,1e-06,random,rand1,74,16,0.000748494505352082
p52,2,nm,Full FD,adaptive,12.0,1e-06,random,rand1,74,17,1.0726936685389281
p52,2,nm,Full FD,adaptive,12.0,1e-06,random,rand1,74,18,5.096779155747825e-07
p52,2,nm,Full FD,adaptive,12.0,1e-06,random,rand1,74,19,5.723951330788223e-07
p52,2,nm,Full FD,adaptive,12.0,1e-06,random,rand1,74,20,5.723462394685828e-07
p52,2,nm,Full FD,adaptive,12.0,1e-06,random,rand1,74,21,0.7121650845821181
p52,2,nm,Full FD,adaptive,12.0,1e-06,random,rand1,74,22,1.5291239106488464e-08
p52,2,nm,Full FD,adaptive,12.0,1e-06,random,rand1,74,23,1.8784134346445946e-08
p52,2,nm,Full FD,adaptive,12.0,1e-06,random,rand1,74,24,4.236129233062409e-08
p52,2,nm,Full FD,adaptive,12.0,1e-06,random,rand1,74,25,0.04975158807878988
p52,2,nm,Full FD,adaptive,12.0,1e-06,random,rand1,74,26,0.360074878270949
p52,2,nm,Full FD,adaptive,12.0,1e-06,random,rand1,74,27,6.660198993362552e-09
p52,2,nm,Full FD,adaptive,12.0,1e-06,random,rand1,74,28,2.02287665993441e-08
p52,2,nm,Full FD,adaptive,12.0,1e-06,random,rand1,74,29,2.6163151107145978e-08
p52,2,nm,Full FD,adaptive,12.0,1e-06,random,rand1,74,30,2.6162734767099433e-08
p52,2,nm,Full FD,adaptive,12.0,1e-06,random,rand1,74,31,2.4839805462445972e-08
p52,2,nm,Full FD,adaptive,12.0,1e-06,random,rand1,74,32,2.4839433007520052e-08
p52,2,nm,Full FD,adaptive,12.0,1e-06,random,rand1,74,33,3.71040169932738e-08
p52,2,nm,Full FD,adaptive,12.0,1e-06,random,rand1,74,34,6.974555452107919e-08
p52,2,nm,Full FD,adaptive,12.0,1e-06,random,rand1,74,35,1.5972841097579025e-08
p52,2,nm,Full FD,adaptive,12.0,1e-06,random,rand1,74,36,1.597223734618608e-08
p52,2,nm,Full FD,adaptive,12.0,1e-06,random,rand1,74,37,1.597284477486591e-08
p52,2,nm,Full FD,adaptive,12.0,1e-06,random,rand1,74,38,9.987403831524492e-09
p52,2,nm,Full FD,adaptive,12.0,1e-06,random,rand1,74,39,4.4071208040386986e-08
p52,2,nm,Full FD,adaptive,12.0,1e-06,random,rand1,74,40,2.034265531237998e-08
p52,2,nm,Full FD,adaptive,12.0,1e-06,random,rand1,74,41,2.1763650655061508e-07
p52,2,nm,Full FD,adaptive,12.0,1e-06,random,rand1,74,42,1.9038507064350192e-08
p52,2,nm,Full FD,adaptive,12.0,1e-06,random,rand1,74,43,1.1101449178518572e-07
p52,2,nm,Full FD,adaptive,12.0,1e-06,random,rand1,74,44,0.010538505912826342
p52,2,nm,Full FD,adaptive,12.0,1e-06,random,rand1,74,45,4.47098835826974e-08
p52,2,nm,Full FD,adaptive,12.0,1e-06,random,rand1,74,46,4.470986249421236e-08
p52,2,nm,Full FD,adaptive,12.0,1e-06,random,rand1,74,47,4.725718963648174e-08
p52,2,nm,Full FD,adaptive,12.0,1e-06,random,rand1,74,48,1.1249007513531336e-07
p52,2,nm,Full FD,adaptive,12.0,1e-06,random,rand1,74,49,0.2274649561454048
p52,2,nm,Full FD,adaptive,12.0,1e-06,random,rand1,74,50,1.6645618237584804e-08
p52,2,nm,Full FD,adaptive,12.0,1e-06,random,rand1,74,51,4.6337406692851256e-08
p52,2,nm,Full FD,adaptive,12.0,1e-06,random,rand1,74,52,4.63396358166321e-08
p52,2,nm,Full FD,adaptive,12.0,1e-06,random,rand1,74,53,2.3352132727854083e-08
p52,2,nm,Full FD,adaptive,12.0,1e-06,random,rand1,74,54,2.335232856872946e-08
p52,2,nm,Full FD,adaptive,12.0,1e-06,random,rand1,74,55,1.5794121872470235e-08
p52,2,nm,Full FD,adaptive,12.0,1e-06,random,rand1,74,56,1.5344923502213413e-08
p52,2,nm,Full FD,adaptive,12.0,1e-06,random,rand1,74,57,0.12823580324493977
p52,2,nm,Full FD,adaptive,12.0,1e-06,random,rand1,74,58,3.5547985785535887e-07
p52,2,nm,Full FD,adaptive,12.0,1e-06,random,rand1,74,59,8.959513776865912e-08
p52,2,nm,Full FD,adaptive,12.0,1e-06,random,rand1,74,60,0.07644582300367805
p52,2,nm,Full FD,adaptive,12.0,1e-06,random,rand1,74,61,3.486111533597306e-08
p52,2,nm,Full FD,adaptive,12.0,1e-06,random,rand1,74,62,0.009612794684933479
p52,2,nm,Full FD,adaptive,12.0,1e-06,random,rand1,74,63,2.2496102048375472e-08
p52,2,nm,Full FD,adaptive,12.0,1e-06,random,rand1,74,64,2.2495893399996662e-08
p52,2,nm,Full FD,adaptive,12.0,1e-06,random,rand1,74,65,0.0031795003866478266
p52,2,nm,Full FD,adaptive,12.0,1e-06,random,rand1,74,66,2.7763785651173923e-08
p52,2,nm,Full FD,adaptive,12.0,1e-06,random,rand1,74,67,2.51226906020653e-08
p52,2,nm,Full FD,adaptive,12.0,1e-06,random,rand1,74,68,9.920786428059668e-09
p52,2,nm,Full FD,adaptive,12.0,1e-06,random,rand1,74,69,1.675498829932361e-08
p52,2,nm,Full FD,adaptive,12.0,1e-06,random,rand1,74,70,1.1333147683952015e-08
p52,2,nm,Full FD,adaptive,12.0,1e-06,random,rand1,74,71,1.4783497525058772e-08
p52,2,nm,Full FD,adaptive,12.0,1e-06,random,rand1,74,72,1.2380800546725864e-08
p52,2,nm,Full FD,adaptive,12.0,1e-06,random,rand1,74,73,0.04400161610095366
p52,2,nm,Full FD,adaptive,12.0,1e-06,random,rand1,74,74,0.026344718843356655
p52,2,nm,Full FD,adaptive,12.0,1e-06,random,rand1,74,75,0.015596414285413366
p52,2,nm,Full FD,adaptive,12.0,1e-06,random,rand1,74,76,1.256362074638722e-07
p52,2,nm,Full FD,adaptive,12.0,1e-06,random,rand1,74,77,1.1192500823006417e-07
p52,2,nm,Full FD,adaptive,12.0,1e-06,random,rand1,74,78,1.1432286532820674e-08
p52,2,nm,Full FD,adaptive,12.0,1e-06,random,rand1,74,79,4.8276386084480656e-08
p52,2,nm,Full FD,adaptive,12.0,1e-06,random,rand1,74,80,0.009479837655320813
p52,2,nm,Full FD,adaptive,12.0,1e-06,random,rand1,74,81,1.3175102438792539e-08
p52,2,nm,Full FD,adaptive,12.0,1e-06,random,rand1,74,82,1.3175937702391846e-08
p52,2,nm,Full FD,adaptive,12.0,1e-06,random,rand1,74,83,1.0291841238874804e-07
p52,2,nm,Full FD,adaptive,12.0,1e-06,random,rand1,74,84,2.648930885701005e-08
p52,2,nm,Full FD,adaptive,12.0,1e-06,random,rand1,74,85,2.127004613467583e-08
p52,2,nm,Full FD,adaptive,12.0,1e-06,random,rand1,74,86,1.0166373136295651e-08
p52,2,nm,Full FD,adaptive,12.0,1e-06,random,rand1,74,87,8.040276169838556e-08
p52,2,nm,Full FD,adaptive,12.0,1e-06,random,rand1,74,88,2.1688163447011197e-08
p52,2,nm,Full FD,adaptive,12.0,1e-06,random,rand1,74,89,5.609602714845066e-08
p52,2,nm,Full FD,adaptive,12.0,1e-06,random,rand1,74,90,1.0711007206576569e-08
p52,2,nm,Full FD,adaptive,12.0,1e-06,random,rand1,74,91,1.847705065870724e-08
p52,2,nm,Full FD,adaptive,12.0,1e-06,random,rand1,74,92,1.517569291791598e-07
p52,2,nm,Full FD,adaptive,12.0,1e-06,random,rand1,74,93,1.517488384390275e-07
p52,2,nm,Full FD,adaptive,12.0,1e-06,random,rand1,74,94,7.137255880928115e-09
p52,2,nm,Full FD,adaptive,12.0,1e-06,random,rand1,74,95,1.7322108557892767e-07
p52,2,nm,Full FD,adaptive,12.0,1e-06,random,rand1,74,96,2.5852443015785155e-08
p52,2,nm,Full FD,adaptive,12.0,1e-06,random,rand1,74,97,2.5852979601419657e-08
p52,2,nm,Full FD,adaptive,12.0,1e-06,random,rand1,74,98,0.0010144813347832168
p52,2,nm,Full FD,adaptive,12.0,1e-06,random,rand1,74,99,0.0003488619453382339
p52,2,nm,Full FD,adaptive,12.0,1e-06,random,rand1,74,100,3.3017981114419654e-08
p52,2,nm,Full FD,adaptive,12.0,1e-06,random,rand1,74,101,6.719600040330031e-08
p52,2,nm,Full FD,adaptive,12.0,1e-06,random,rand1,74,102,3.8385190862071233e-08
p52,2,nm,Full FD,adaptive,12.0,1e-06,random,rand1,74,103,3.839014021233873e-08
p52,2,nm,Full FD,adaptive,12.0,1e-06,random,rand1,74,104,0.00012083765472026891
p52,2,nm,Full FD,adaptive,12.0,1e-06,random,rand1,74,105,2.2822337150111003e-08
p52,2,nm,Full FD,adaptive,12.0,1e-06,random,rand1,74,106,2.28212101795562e-08
p52,2,nm,Full FD,adaptive,12.0,1e-06,random,rand1,74,107,1.527247767248884e-08
p52,2,nm,Full FD,adaptive,12.0,1e-06,random,rand1,74,108,1.527273230949922e-08
p52,2,nm,Full FD,adaptive,12.0,1e-06,random,rand1,74,109,2.4863967811084716e-07
p52,2,nm,Full FD,adaptive,12.0,1e-06,random,rand1,74,110,4.952023221235174e-08
p52,2,nm,Full FD,adaptive,12.0,1e-06,random,rand1,74,111,1.9337893827825148e-08
p52,2,nm,Full FD,adaptive,12.0,1e-06,random,rand1,74,112,2.890007721082788e-07
p52,2,nm,Full FD,adaptive,12.0,1e-06,random,rand1,74,113,2.889793116240888e-07
p52,2,nm,Full FD,adaptive,12.0,1e-06,random,rand1,74,114,2.889409813409288e-07
p52,2,nm,Full FD,adaptive,12.0,1e-06,random,rand1,74,115,2.8859088231664536e-08
p52,2,nm,Full FD,adaptive,12.0,1e-06,random,rand1,74,116,2.8859095130156298e-08
p52,2,nm,Full FD,adaptive,12.0,1e-06,random,rand1,74,117,4.1650058792514966e-08
p52,2,nm,Full FD,adaptive,12.0,1e-06,random,rand1,74,118,2.26557810473822e-08
p52,2,nm,Full FD,adaptive,12.0,1e-06,random,rand1,74,119,1.1572024782802548e-08
p52,2,nm,Full FD,adaptive,12.0,1e-06,random,rand1,74,120,1.497022659596862e-08
p52,2,nm,Full FD,adaptive,12.0,1e-06,random,rand1,74,121,1.497044212828466e-08
p52,2,nm,Full FD,adaptive,12.0,1e-06,random,rand1,74,122,3.841301770011392e-08
p52,2,nm,Full FD,adaptive,12.0,1e-06,random,rand1,74,123,1.0369303072314337e-07
p52,2,nm,Full FD,adaptive,12.0,1e-06,random,rand1,74,124,7.780757288194827e-08
p52,2,nm,Full FD,adaptive,12.0,1e-06,random,rand1,74,125,9.342876999156004e-08
p52,2,nm,Full FD,adaptive,12.0,1e-06,random,rand1,74,126,9.343303512909913e-08
p52,2,nm,Full FD,adaptive,12.0,1e-06,random,rand1,74,127,7.626968730384542e-09
p52,2,nm,Full FD,adaptive,12.0,1e-06,random,rand1,74,128,1.7636685949357694e-08
p52,2,nm,Full FD,adaptive,12.0,1e-06,random,rand1,74,129,4.757573364264108e-08
p52,2,nm,Full FD,adaptive,12.0,1e-06,random,rand1,74,130,2.063176013851649e-06
p52,2,nm,Full FD,adaptive,12.0,1e-06,random,rand1,74,131,1.0136049148732719e-06
p52,2,nm,Full FD,adaptive,12.0,1e-06,random,rand1,74,132,3.550932457757941e-08
p52,2,nm,Full FD,adaptive,12.0,1e-06,random,rand1,74,133,1.332346179099453e-08
p52,2,nm,Full FD,adaptive,12.0,1e-06,random,rand1,74,134,1.3323823874974351e-08
p52,2,nm,Full FD,adaptive,12.0,1e-06,random,rand1,74,135,6.056079375095438e-08
p52,2,nm,Full FD,adaptive,12.0,1e-06,random,rand1,74,136,9.125371507592252e-08
p52,2,nm,Full FD,adaptive,12.0,1e-06,random,rand1,74,137,4.405276852034976e-05
p52,2,nm,Full FD,adaptive,12.0,1e-06,random,rand1,74,138,3.0454079479559393e-07
p52,2,nm,Full FD,adaptive,12.0,1e-06,random,rand1,74,139,0.0035997226781092633
p52,2,nm,Full FD,adaptive,12.0,1e-06,random,rand1,74,140,2.3407540040276072e-08
p52,2,nm,Full FD,adaptive,12.0,1e-06,random,rand1,74,141,6.051047743965342e-07
p52,2,nm,Full FD,adaptive,12.0,1e-06,random,rand1,74,142,2.3778206765599788e-05
p52,2,nm,Full FD,adaptive,12.0,1e-06,random,rand1,74,143,9.841966036160386e-06
p52,2,tr,Full FD,adaptive,12.0,1e-06,random,rand1,74,0,2.3289162652583206
p52,2,tr,Full FD,adaptive,12.0,1e-06,random,rand1,74,1,1.8220404435765571
p52,2,tr,Full FD,adaptive,12.0,1e-06,random,rand1,74,2,2.5960145283680675e-09
p52,2,tr,Full FD,adaptive,12.0,1e-06,random,rand1,74,3,1.4811218982080452e-08
p52,2,tr,Full FD,adaptive,12.0,1e-06,random,rand1,74,4,1.5737246785140554e-09
p52,2,tr,Full FD,adaptive,12.0,1e-06,random,rand1,74,5,0.2440338378057221
p52,2,tr,Full FD,adaptive,12.0,1e-06,random,rand1,74,6,6.251151073702872e-08
p52,2,tr,Full FD,adaptive,12.0,1e-06,random,rand1,74,7,8.289119610123737e-09
p52,2,tr,Full FD,adaptive,12.0,1e-06,random,rand1,74,8,0.46601111652432065
p52,2,tr,Full FD,adaptive,12.0,1e-06,random,rand1,74,9,0.06496488770039009
p52,2,tr,Full FD,adaptive,12.0,1e-06,random,rand1,74,10,3.17536559315993e-07
p52,2,tr,Full FD,adaptive,12.0,1e-06,random,rand1,74,11,0.17662154740207373
p52,2,tr,Full FD,adaptive,12.0,1e-06,random,rand1,74,12,7.948557495244434e-08
p52,2,tr,Full FD,adaptive,12.0,1e-06,random,rand1,74,13,6.297332652476764e-08
p52,2,tr,Full FD,adaptive,12.0,1e-06,random,rand1,74,14,1.3256223557277059e-07
p52,2,tr,Full FD,adaptive,12.0,1e-06,random,rand1,74,15,0.04493504669886655
p52,2,tr,Full FD,adaptive,12.0,1e-06,random,rand1,74,16,0.006797633687535509
p52,2,tr,Full FD,adaptive,12.0,1e-06,random,rand1,74,17,2.2523760622860374e-08
p52,2,tr,Full FD,adaptive,12.0,1e-06,random,rand1,74,18,9.304698463981348e-09
p52,2,tr,Full FD,adaptive,12.0,1e-06,random,rand1,74,19,0.004191814746214014
p52,2,tr,Full FD,adaptive,12.0,1e-06,random,rand1,74,20,0.0029648985534962732
p52,2,tr,Full FD,adaptive,12.0,1e-06,random,rand1,74,21,0.0021187584293766003
p52,2,tr,Full FD,adaptive,12.0,1e-06,random,rand1,74,22,2.0674743867184955e-08
p52,2,tr,Full FD,adaptive,12.0,1e-06,random,rand1,74,23,0.0015099530546801834
p52,2,tr,Full FD,adaptive,12.0,1e-06,random,rand1,74,24,1.0083181305633637e-07
p52,2,tr,Full FD,adaptive,12.0,1e-06,random,rand1,74,25,0.0010814504740195416
p52,2,tr,Full FD,adaptive,12.0,1e-06,random,rand1,74,26,9.878907842811806e-08
p52,2,tr,Full FD,adaptive,12.0,1e-06,random,rand1,74,27,2.8402277322112962e-08
p52,2,tr,Full FD,adaptive,12.0,1e-06,random,rand1,74,28,3.235107180473703e-08
p52,2,tr,Full FD,adaptive,12.0,1e-06,random,rand1,74,29,1.8419271015542457e-08
p52,2,tr,Full FD,adaptive,12.0,1e-06,random,rand1,74,30,0.0005396891675826811
p52,2,tr,Full FD,adaptive,12.0,1e-06,random,rand1,74,31,1.8654102890905603e-08
p52,2,tr,Full FD,adaptive,12.0,1e-06,random,rand1,74,32,2.510307404502505e-08
p52,2,tr,Full FD,adaptive,12.0,1e-06,random,rand1,74,33,3.395427398144319e-08
p52,2,tr,Full FD,adaptive,12.0,1e-06,random,rand1,74,34,0.0002848072448894457
p52,2,tr,Full FD,adaptive,12.0,1e-06,random,rand1,74,35,0.00022933804845363012
p52,2,tr,Full FD,adaptive,12.0,1e-06,random,rand1,74,36,0.0001636840093387936
p52,2,tr,Full FD,adaptive,12.0,1e-06,random,rand1,74,37,2.493790566432288e-08
p52,2,tr,Full FD,adaptive,12.0,1e-06,random,rand1,74,38,0.00011701999349348554
p52,2,tr,Full FD,adaptive,12.0,1e-06,random,rand1,74,39,8.37413873375825e-05
p52,2,tr,Full FD,adaptive,12.0,1e-06,random,rand1,74,40,5.996596851257943e-05
p52,2,tr,Full FD,adaptive,12.0,1e-06,random,rand1,74,41,1.752124807969733e-08
p52,2,tr,Full FD,adaptive,12.0,1e-06,random,rand1,74,42,1.350315431552087e-08
p52,2,tr,Full FD,adaptive,12.0,1e-06,random,rand1,74,43,4.289863287988684e-05
p52,2,tr,Full FD,adaptive,12.0,1e-06,random,rand1,74,44,1.2488648286877075e-08
p52,2,tr,Full FD,adaptive,12.0,1e-06,random,rand1,74,45,3.0714707962367533e-05
p52,2,tr,Full FD,adaptive,12.0,1e-06,random,rand1,74,46,9.146049195306503e-08
p52,2,tr,Full FD,adaptive,12.0,1e-06,random,rand1,74,47,2.185004388781784e-05
p52,2,tr,Full FD,adaptive,12.0,1e-06,random,rand1,74,48,1.5659149777965564e-05
p52,2,tr,Full FD,adaptive,12.0,1e-06,random,rand1,74,49,6.5367511657083224e-06
p52,2,tr,Full FD,adaptive,12.0,1e-06,random,rand1,74,50,2.9312171164083837e-07
p52,2,nm,Full FD,adaptive,12.0,1e-06,random,rand2,75,0,0.47855528583749396
p52,2,nm,Full FD,adaptive,12.0,1e-06,random,rand2,75,1,4.4987015270171144e-13
p52,2,nm,Full FD,adaptive,12.0,1e-06,random,rand2,75,2,9.051953796854473e-13
p52,2,nm,Full FD,adaptive,12.0,1e-06,random,rand2,75,3,5.8569450091219995e-09
p52,2,nm,Full FD,adaptive,12.0,1e-06,random,rand2,75,4,9.268547161469324e-13
p52,2,nm,Full FD,adaptive,12.0,1e-06,random,rand2,75,5,9.10517114437587e-13
p52,2,nm,Full FD,adaptive,12.0,1e-06,random,rand2,75,6,0.8041879231557941
p52,2,nm,Full FD,adaptive,12.0,1e-06,random,rand2,75,7,1.7254658063823211e-06
p52,2,nm,Full FD,adaptive,12.0,1e-06,random,rand2,75,8,2.1640408188420873e-08
p52,2,nm,Full FD,adaptive,12.0,1e-06,random,rand2,75,9,2.486031176908601e-08
p52,2,nm,Full FD,adaptive,12.0,1e-06,random,rand2,75,10,3.1578625116413365e-07
p52,2,nm,Full FD,adaptive,12.0,1e-06,random,rand2,75,11,6.614484430864982e-09
p52,2,nm,Full FD,adaptive,12.0,1e-06,random,rand2,75,12,7.289920140204721e-09
p52,2,nm,Full FD,adaptive,12.0,1e-06,random,rand2,75,13,7.290335938290934e-09
p52,2,nm,Full FD,adaptive,12.0,1e-06,random,rand2,75,14,8.926902580820432e-08
p52,2,nm,Full FD,adaptive,12.0,1e-06,random,rand2,75,15,0.21120245131597715
p52,2,nm,Full FD,adaptive,12.0,1e-06,random,rand2,75,16,1.8238024424241744e-08
p52,2,nm,Full FD,adaptive,12.0,1e-06,random,rand2,75,17,1.8239942226698152e-08
p52,2,nm,Full FD,adaptive,12.0,1e-06,random,rand2,75,18,2.1212100803740465e-08
p52,2,nm,Full FD,adaptive,12.0,1e-06,random,rand2,75,19,9.480513596117952e-09
p52,2,nm,Full FD,adaptive,12.0,1e-06,random,rand2,75,20,3.4260414408409214e-08
p52,2,nm,Full FD,adaptive,12.0,1e-06,random,rand2,75,21,2.2169637289342722e-08
p52,2,nm,Full FD,adaptive,12.0,1e-06,random,rand2,75,22,9.238545426665106e-08
p52,2,nm,Full FD,adaptive,12.0,1e-06,random,rand2,75,23,1.8385031300937123e-08
p52,2,nm,Full FD,adaptive,12.0,1e-06,random,rand2,75,24,1.11465819640114e-07
p52,2,nm,Full FD,adaptive,12.0,1e-06,random,rand2,75,25,1.6689082802450253e-08
p52,2,nm,Full FD,adaptive,12.0,1e-06,random,rand2,75,26,2.3971920327941464e-08
p52,2,nm,Full FD,adaptive,12.0,1e-06,random,rand2,75,27,2.966619328767709e-08
p52,2,nm,Full FD,adaptive,12.0,1e-06,random,rand2,75,28,1.1569342182481675e-08
p52,2,nm,Full FD,adaptive,12.0,1e-06,random,rand2,75,29,9.522338679084518e-09
p52,2,nm,Full FD,adaptive,12.0,1e-06,random,rand2,75,30,1.2080776059093993e-07
p52,2,nm,Full FD,adaptive,12.0,1e-06,random,rand2,75,31,2.5113154672670236e-08
p52,2,nm,Full FD,adaptive,12.0,1e-06,random,rand2,75,32,7.679715551539337e-08
p52,2,nm,Full FD,adaptive,12.0,1e-06,random,rand2,75,33,1.873601712252454e-08
p52,2,nm,Full FD,adaptive,12.0,1e-06,random,rand2,75,34,2.5354813204006662e-08
p52,2,nm,Full FD,adaptive,12.0,1e-06,random,rand2,75,35,4.393445062767696e-08
p52,2,nm,Full FD,adaptive,12.0,1e-06,random,rand2,75,36,4.393749078417693e-08
p52,2,nm,Full FD,adaptive,12.0,1e-06,random,rand2,75,37,8.702589359953114e-09
p52,2,nm,Full FD,adaptive,12.0,1e-06,random,rand2,75,38,8.703481132121008e-09
p52,2,nm,Full FD,adaptive,12.0,1e-06,random,rand2,75,39,2.009602745364009e-08
p52,2,nm,Full FD,adaptive,12.0,1e-06,random,rand2,75,40,8.59852461032508e-09
p52,2,nm,Full FD,adaptive,12.0,1e-06,random,rand2,75,41,5.5626606968042614e-08
p52,2,nm,Full FD,adaptive,12.0,1e-06,random,rand2,75,42,1.1918643288384326e-08
p52,2,nm,Full FD,adaptive,12.0,1e-06,random,rand2,75,43,1.1918649116509314e-08
p52,2,nm,Full FD,adaptive,12.0,1e-06,random,rand2,75,44,1.1919969213793272e-08
p52,2,nm,Full FD,adaptive,12.0,1e-06,random,rand2,75,45,1.1919788790783698e-08
p52,2,nm,Full FD,adaptive,12.0,1e-06,random,rand2,75,46,6.487407037697414e-08
p52,2,nm,Full FD,adaptive,12.0,1e-06,random,rand2,75,47,8.947685963766686e-07
p52,2,nm,Full FD,adaptive,12.0,1e-06,random,rand2,75,48,9.238614209692199e-08
p52,2,nm,Full FD,adaptive,12.0,1e-06,random,rand2,75,49,9.239390758533403e-08
p52,2,nm,Full FD,adaptive,12.0,1e-06,random,rand2,75,50,2.7434099778153698e-08
p52,2,nm,Full FD,adaptive,12.0,1e-06,random,rand2,75,51,2.7435472583571636e-08
p52,2,nm,Full FD,adaptive,12.0,1e-06,random,rand2,75,52,1.8159803991278716e-08
p52,2,nm,Full FD,adaptive,12.0,1e-06,random,rand2,75,53,6.933525405009447e-08
p52,2,nm,Full FD,adaptive,12.0,1e-06,random,rand2,75,54,6.934154988661349e-08
p52,2,nm,Full FD,adaptive,12.0,1e-06,random,rand2,75,55,4.628226462137085e-08
p52,2,nm,Full FD,adaptive,12.0,1e-06,random,rand2,75,56,8.948130796752385e-07
p52,2,nm,Full FD,adaptive,12.0,1e-06,random,rand2,75,57,1.7033297406253442e-08
p52,2,nm,Full FD,adaptive,12.0,1e-06,random,rand2,75,58,3.4382046805731413e-08
p52,2,nm,Full FD,adaptive,12.0,1e-06,random,rand2,75,59,2.5129477295314046e-08
p52,2,nm,Full FD,adaptive,12.0,1e-06,random,rand2,75,60,0.18589666877817218
p52,2,nm,Full FD,adaptive,12.0,1e-06,random,rand2,75,61,5.087282895149055e-08
p52,2,nm,Full FD,adaptive,12.0,1e-06,random,rand2,75,62,6.440931212290023e-08
p52,2,nm,Full FD,adaptive,12.0,1e-06,random,rand2,75,63,1.6291205350684907e-08
p52,2,nm,Full FD,adaptive,12.0,1e-06,random,rand2,75,64,6.500510104795522e-09
p52,2,nm,Full FD,adaptive,12.0,1e-06,random,rand2,75,65,2.7897397650693852e-08
p52,2,nm,Full FD,adaptive,12.0,1e-06,random,rand2,75,66,2.0632425472967086e-08
p52,2,nm,Full FD,adaptive,12.0,1e-06,random,rand2,75,67,6.922562295449395e-07
p52,2,nm,Full FD,adaptive,12.0,1e-06,random,rand2,75,68,7.125416409515824e-09
p52,2,nm,Full FD,adaptive,12.0,1e-06,random,rand2,75,69,1.1763602439864505e-08
p52,2,nm,Full FD,adaptive,12.0,1e-06,random,rand2,75,70,1.1763803767657518e-08
p52,2,nm,Full FD,adaptive,12.0,1e-06,random,rand2,75,71,1.2935077380506006e-08
p52,2,nm,Full FD,adaptive,12.0,1e-06,random,rand2,75,72,2.5967867329346443e-08
p52,2,nm,Full FD,adaptive,12.0,1e-06,random,rand2,75,73,2.5964715029049074e-08
p52,2,nm,Full FD,adaptive,12.0,1e-06,random,rand2,75,74,5.235247619530979e-08
p52,2,nm,Full FD,adaptive,12.0,1e-06,random,rand2,75,75,5.087258133836863e-08
p52,2,nm,Full FD,adaptive,12.0,1e-06,random,rand2,75,76,1.518940852581236e-08
p52,2,nm,Full FD,adaptive,12.0,1e-06,random,rand2,75,77,1.519139830763799e-08
p52,2,nm,Full FD,adaptive,12.0,1e-06,random,rand2,75,78,5.2254563326447064e-08
p52,2,nm,Full FD,adaptive,12.0,1e-06,random,rand2,75,79,1.1514216292404835e-08
p52,2,nm,Full FD,adaptive,12.0,1e-06,random,rand2,75,80,1.1514933165219445e-08
p52,2,nm,Full FD,adaptive,12.0,1e-06,random,rand2,75,81,2.8367934131948614e-08
p52,2,nm,Full FD,adaptive,12.0,1e-06,random,rand2,75,82,2.8932483756617126e-08
p52,2,nm,Full FD,adaptive,12.0,1e-06,random,rand2,75,83,1.5936693394780924e-08
p52,2,nm,Full FD,adaptive,12.0,1e-06,random,rand2,75,84,1.3796501851654221e-08
p52,2,nm,Full FD,adaptive,12.0,1e-06,random,rand2,75,85,0.1715128788707504
p52,2,nm,Full FD,adaptive,12.0,1e-06,random,rand2,75,86,1.750783122842832e-07
p52,2,nm,Full FD,adaptive,12.0,1e-06,random,rand2,75,87,9.459807994162023e-07
p52,2,nm,Full FD,adaptive,12.0,1e-06,random,rand2,75,88,7.784787678810478e-07
p52,2,nm,Full FD,adaptive,12.0,1e-06,random,rand2,75,89,2.33486516184936e-08
p52,2,nm,Full FD,adaptive,12.0,1e-06,random,rand2,75,90,0.3078115431604685
p52,2,nm,Full FD,adaptive,12.0,1e-06,random,rand2,75,91,4.842883586883394e-08
p52,2,nm,Full FD,adaptive,12.0,1e-06,random,rand2,75,92,0.11423900632288865
p52,2,nm,Full FD,adaptive,12.0,1e-06,random,rand2,75,93,0.049673823151690624
p52,2,nm,Full FD,adaptive,12.0,1e-06,random,rand2,75,94,0.010264540137379213
p52,2,nm,Full FD,adaptive,12.0,1e-06,random,rand2,75,95,4.5386906176392214e-08
p52,2,nm,Full FD,adaptive,12.0,1e-06,random,rand2,75,96,4.8017185130601564e-08
p52,2,nm,Full FD,adaptive,12.0,1e-06,random,rand2,75,97,1.1341861597463296e-08
p52,2,nm,Full FD,adaptive,12.0,1e-06,random,rand2,75,98,8.277367375964874e-08
p52,2,nm,Full FD,adaptive,12.0,1e-06,random,rand2,75,99,1.692267552363017e-07
p52,2,nm,Full FD,adaptive,12.0,1e-06,random,rand2,75,100,1.6922788292411417e-07
p52,2,nm,Full FD,adaptive,12.0,1e-06,random,rand2,75,101,4.801788312077853e-08
p52,2,nm,Full FD,adaptive,12.0,1e-06,random,rand2,75,102,4.538754259818147e-08
p52,2,nm,Full FD,adaptive,12.0,1e-06,random,rand2,75,103,9.000581328242599e-07
p52,2,nm,Full FD,adaptive,12.0,1e-06,random,rand2,75,104,8.855884103135861e-09
p52,2,nm,Full FD,adaptive,12.0,1e-06,random,rand2,75,105,8.855898115995316e-09
p52,2,nm,Full FD,adaptive,12.0,1e-06,random,rand2,75,106,8.855892548188606e-09
p52,2,nm,Full FD,adaptive,12.0,1e-06,random,rand2,75,107,8.855880197098831e-09
p52,2,nm,Full FD,adaptive,12.0,1e-06,random,rand2,75,108,8.855879753730367e-09
p52,2,nm,Full FD,adaptive,12.0,1e-06,random,rand2,75,109,3.0733585501801925e-08
p52,2,nm,Full FD,adaptive,12.0,1e-06,random,rand2,75,110,9.816085777774384e-09
p52,2,nm,Full FD,adaptive,12.0,1e-06,random,rand2,75,111,9.81682757802172e-09
p52,2,nm,Full FD,adaptive,12.0,1e-06,random,rand2,75,112,1.719666424036124e-08
p52,2,nm,Full FD,adaptive,12.0,1e-06,random,rand2,75,113,4.113502810102508e-08
p52,2,nm,Full FD,adaptive,12.0,1e-06,random,rand2,75,114,4.113757981259009e-08
p52,2,nm,Full FD,adaptive,12.0,1e-06,random,rand2,75,115,1.6188334108957064e-06
p52,2,nm,Full FD,adaptive,12.0,1e-06,random,rand2,75,116,1.0121292286437648e-05
p52,2,nm,Full FD,adaptive,12.0,1e-06,random,rand2,75,117,9.944753101613746e-08
p52,2,nm,Full FD,adaptive,12.0,1e-06,random,rand2,75,118,1.6279371657571932e-07
p52,2,nm,Full FD,adaptive,12.0,1e-06,random,rand2,75,119,2.1342960528395986e-08
p52,2,nm,Full FD,adaptive,12.0,1e-06,random,rand2,75,120,2.1341103737149135e-08
p52,2,nm,Full FD,adaptive,12.0,1e-06,random,rand2,75,121,2.1340818116976862e-08
p52,2,nm,Full FD,adaptive,12.0,1e-06,random,rand2,75,122,2.1340808644189978e-08
p52,2,nm,Full FD,adaptive,12.0,1e-06,random,rand2,75,123,2.134109448085004e-08
p52,2,nm,Full FD,adaptive,12.0,1e-06,random,rand2,75,124,1.6268293044672612e-07
p52,2,nm,Full FD,adaptive,12.0,1e-06,random,rand2,75,125,2.638759085017874e-07
p52,2,nm,Full FD,adaptive,12.0,1e-06,random,rand2,75,126,2.3279543911579214e-08
p52,2,nm,Full FD,adaptive,12.0,1e-06,random,rand2,75,127,1.6808288794582917e-07
p52,2,nm,Full FD,adaptive,12.0,1e-06,random,rand2,75,128,2.5134305542099567e-08
p52,2,nm,Full FD,adaptive,12.0,1e-06,random,rand2,75,129,0.2097368988588088
p52,2,nm,Full FD,adaptive,12.0,1e-06,random,rand2,75,130,7.556105150306629e-09
p52,2,nm,Full FD,adaptive,12.0,1e-06,random,rand2,75,131,9.753035874035899e-09
p52,2,nm,Full FD,adaptive,12.0,1e-06,random,rand2,75,132,8.344906920102982e-09
p52,2,nm,Full FD,adaptive,12.0,1e-06,random,rand2,75,133,8.346273598144555e-09
p52,2,nm,Full FD,adaptive,12.0,1e-06,random,rand2,75,134,4.4648907915197836e-08
p52,2,nm,Full FD,adaptive,12.0,1e-06,random,rand2,75,135,2.330520795025871e-08
p52,2,nm,Full FD,adaptive,12.0,1e-06,random,rand2,75,136,2.3306102806138474e-08
p52,2,nm,Full FD,adaptive,12.0,1e-06,random,rand2,75,137,8.400556452195728e-09
p52,2,nm,Full FD,adaptive,12.0,1e-06,random,rand2,75,138,1.358276003443117e-08
p52,2,nm,Full FD,adaptive,12.0,1e-06,random,rand2,75,139,7.94109138489676e-09
p52,2,nm,Full FD,adaptive,12.0,1e-06,random,rand2,75,140,7.634836935562552e-09
p52,2,nm,Full FD,adaptive,12.0,1e-06,random,rand2,75,141,6.320451354648574e-08
p52,2,nm,Full FD,adaptive,12.0,1e-06,random,rand2,75,142,6.319649477734083e-08
p52,2,nm,Full FD,adaptive,12.0,1e-06,random,rand2,75,143,4.1716442125596685e-08
p52,2,nm,Full FD,adaptive,12.0,1e-06,random,rand2,75,144,1.4807938357890162e-08
p52,2,nm,Full FD,adaptive,12.0,1e-06,random,rand2,75,145,1.1105197183691561e-08
p52,2,nm,Full FD,adaptive,12.0,1e-06,random,rand2,75,146,8.052984867572334e-08
p52,2,nm,Full FD,adaptive,12.0,1e-06,random,rand2,75,147,5.024900767711383e-09
p52,2,nm,Full FD,adaptive,12.0,1e-06,random,rand2,75,148,1.9410771739750855e-08
p52,2,nm,Full FD,adaptive,12.0,1e-06,random,rand2,75,149,1.0885638522043209e-06
p52,2,nm,Full FD,adaptive,12.0,1e-06,random,rand2,75,150,1.0883255333855266e-06
p52,2,nm,Full FD,adaptive,12.0,1e-06,random,rand2,75,151,2.015105418998935e-08
p52,2,nm,Full FD,adaptive,12.0,1e-06,random,rand2,75,152,4.86218462816521e-08
p52,2,nm,Full FD,adaptive,12.0,1e-06,random,rand2,75,153,0.008338014781791192
p52,2,nm,Full FD,adaptive,12.0,1e-06,random,rand2,75,154,1.58717756933561e-08
p52,2,nm,Full FD,adaptive,12.0,1e-06,random,rand2,75,155,1.41656842621161e-08
p52,2,nm,Full FD,adaptive,12.0,1e-06,random,rand2,75,156,1.9858019193291675e-08
p52,2,nm,Full FD,adaptive,12.0,1e-06,random,rand2,75,157,9.754262108220885e-09
p52,2,nm,Full FD,adaptive,12.0,1e-06,random,rand2,75,158,7.586306539862022e-09
p52,2,nm,Full FD,adaptive,12.0,1e-06,random,rand2,75,159,8.794658034612884e-09
p52,2,nm,Full FD,adaptive,12.0,1e-06,random,rand2,75,160,2.3501487735194773e-08
p52,2,nm,Full FD,adaptive,12.0,1e-06,random,rand2,75,161,7.71774036233337e-09
p52,2,nm,Full FD,adaptive,12.0,1e-06,random,rand2,75,162,2.250756587489448e-08
p52,2,nm,Full FD,adaptive,12.0,1e-06,random,rand2,75,163,7.333565009095979e-09
p52,2,nm,Full FD,adaptive,12.0,1e-06,random,rand2,75,164,1.350555925548446e-08
p52,2,nm,Full FD,adaptive,12.0,1e-06,random,rand2,75,165,1.036961762057141e-07
p52,2,nm,Full FD,adaptive,12.0,1e-06,random,rand2,75,166,5.113154573967165e-07
p52,2,nm,Full FD,adaptive,12.0,1e-06,random,rand2,75,167,0.11953039752961248
p52,2,nm,Full FD,adaptive,12.0,1e-06,random,rand2,75,168,0.07305787708023936
p52,2,nm,Full FD,adaptive,12.0,1e-06,random,rand2,75,169,9.325985403599975e-08
p52,2,nm,Full FD,adaptive,12.0,1e-06,random,rand2,75,170,3.737776470940716e-06
p52,2,nm,Full FD,adaptive,12.0,1e-06,random,rand2,75,171,2.37282099053346e-07
p52,2,nm,Full FD,adaptive,12.0,1e-06,random,rand2,75,172,2.611333275651106e-08
p52,2,nm,Full FD,adaptive,12.0,1e-06,random,rand2,75,173,2.0525570259393087e-07
p52,2,nm,Full FD,adaptive,12.0,1e-06,random,rand2,75,174,2.6400445726016792e-08
p52,2,nm,Full FD,adaptive,12.0,1e-06,random,rand2,75,175,2.4115274952678327e-08
p52,2,nm,Full FD,adaptive,12.0,1e-06,random,rand2,75,176,1.5455303216236227e-07
p52,2,nm,Full FD,adaptive,12.0,1e-06,random,rand2,75,177,7.0645840567963505e-09
p52,2,nm,Full FD,adaptive,12.0,1e-06,random,rand2,75,178,6.031869820826713e-07
p52,2,nm,Full FD,adaptive,12.0,1e-06,random,rand2,75,179,2.9724664374768753e-08
p52,2,nm,Full FD,adaptive,12.0,1e-06,random,rand2,75,180,0.0023556280368260962
p52,2,nm,Full FD,adaptive,12.0,1e-06,random,rand2,75,181,2.712195287551998e-08
p52,2,nm,Full FD,adaptive,12.0,1e-06,random,rand2,75,182,0.0006149860264575726
p52,2,nm,Full FD,adaptive,12.0,1e-06,random,rand2,75,183,7.625418161357977e-07
p52,2,nm,Full FD,adaptive,12.0,1e-06,random,rand2,75,184,3.4574673824146264e-08
p52,2,nm,Full FD,adaptive,12.0,1e-06,random,rand2,75,185,3.434618434106368e-07
p52,2,nm,Full FD,adaptive,12.0,1e-06,random,rand2,75,186,1.5206707848624014e-07
p52,2,nm,Full FD,adaptive,12.0,1e-06,random,rand2,75,187,2.238276776434842e-08
p52,2,nm,Full FD,adaptive,12.0,1e-06,random,rand2,75,188,6.620604865742844e-08
p52,2,nm,Full FD,adaptive,12.0,1e-06,random,rand2,75,189,2.7913374441412956e-08
p52,2,nm,Full FD,adaptive,12.0,1e-06,random,rand2,75,190,1.241330517342859e-08
p52,2,nm,Full FD,adaptive,12.0,1e-06,random,rand2,75,191,2.1285144636776213e-08
p52,2,nm,Full FD,adaptive,12.0,1e-06,random,rand2,75,192,2.6125550119619072e-08
p52,2,nm,Full FD,adaptive,12.0,1e-06,random,rand2,75,193,2.8436568877415135e-08
p52,2,nm,Full FD,adaptive,12.0,1e-06,random,rand2,75,194,3.5243724992615326e-07
p52,2,nm,Full FD,adaptive,12.0,1e-06,random,rand2,75,195,3.054995482822741e-08
p52,2,nm,Full FD,adaptive,12.0,1e-06,random,rand2,75,196,2.7719068571898868e-08
p52,2,nm,Full FD,adaptive,12.0,1e-06,random,rand2,75,197,2.6125681685702244e-08
p52,2,nm,Full FD,adaptive,12.0,1e-06,random,rand2,75,198,2.6127480042376546e-08
p52,2,nm,Full FD,adaptive,12.0,1e-06,random,rand2,75,199,7.34526281443624e-08
p52,2,nm,Full FD,adaptive,12.0,1e-06,random,rand2,75,200,0.04329396057673724
p52,2,nm,Full FD,adaptive,12.0,1e-06,random,rand2,75,201,4.5668226197406225e-08
p52,2,nm,Full FD,adaptive,12.0,1e-06,random,rand2,75,202,5.020234017996913e-08
p52,2,nm,Full FD,adaptive,12.0,1e-06,random,rand2,75,203,5.0198532904354295e-08
p52,2,nm,Full FD,adaptive,12.0,1e-06,random,rand2,75,204,4.1906186209110575e-08
p52,2,nm,Full FD,adaptive,12.0,1e-06,random,rand2,75,205,9.564113531133227e-08
p52,2,nm,Full FD,adaptive,12.0,1e-06,random,rand2,75,206,1.9045778452574706e-07
p52,2,nm,Full FD,adaptive,12.0,1e-06,random,rand2,75,207,1.9045334170522278e-07
p52,2,nm,Full FD,adaptive,12.0,1e-06,random,rand2,75,208,1.1351041814860756e-07
p52,2,nm,Full FD,adaptive,12.0,1e-06,random,rand2,75,209,5.314976985973539e-08
p52,2,nm,Full FD,adaptive,12.0,1e-06,random,rand2,75,210,5.314692783421041e-08
p52,2,nm,Full FD,adaptive,12.0,1e-06,random,rand2,75,211,1.7792006878340693e-07
p52,2,nm,Full FD,adaptive,12.0,1e-06,random,rand2,75,212,5.228891342813724e-08
p52,2,nm,Full FD,adaptive,12.0,1e-06,random,rand2,75,213,1.0819250982732636e-08
p52,2,nm,Full FD,adaptive,12.0,1e-06,random,rand2,75,214,4.181941846068971e-08
p52,2,nm,Full FD,adaptive,12.0,1e-06,random,rand2,75,215,0.0003688089877190738
p52,2,nm,Full FD,adaptive,12.0,1e-06,random,rand2,75,216,2.8203535970219026e-07
p52,2,nm,Full FD,adaptive,12.0,1e-06,random,rand2,75,217,2.82019484266852e-07
p52,2,nm,Full FD,adaptive,12.0,1e-06,random,rand2,75,218,2.8201264660834905e-07
p52,2,nm,Full FD,adaptive,12.0,1e-06,random,rand2,75,219,2.7152564479509135e-08
p52,2,nm,Full FD,adaptive,12.0,1e-06,random,rand2,75,220,8.240632098500868e-08
p52,2,nm,Full FD,adaptive,12.0,1e-06,random,rand2,75,221,0.02595534179562073
p52,2,nm,Full FD,adaptive,12.0,1e-06,random,rand2,75,222,7.97954036643687e-08
p52,2,nm,Full FD,adaptive,12.0,1e-06,random,rand2,75,223,1.2147534824698627e-08
p52,2,nm,Full FD,adaptive,12.0,1e-06,random,rand2,75,224,6.716559366664017e-09
p52,2,nm,Full FD,adaptive,12.0,1e-06,random,rand2,75,225,4.499773820181709e-08
p52,2,nm,Full FD,adaptive,12.0,1e-06,random,rand2,75,226,1.8984453531740916e-08
p52,2,nm,Full FD,adaptive,12.0,1e-06,random,rand2,75,227,2.4303894803952388e-08
p52,2,nm,Full FD,adaptive,12.0,1e-06,random,rand2,75,228,0.0004370304808494214
p52,2,nm,Full FD,adaptive,12.0,1e-06,random,rand2,75,229,2.6775612270020038e-08
p52,2,nm,Full FD,adaptive,12.0,1e-06,random,rand2,75,230,9.094702523402784e-08
p52,2,nm,Full FD,adaptive,12.0,1e-06,random,rand2,75,231,2.6603409469469587e-08
p52,2,nm,Full FD,adaptive,12.0,1e-06,random,rand2,75,232,1.5500388883069694e-08
p52,2,nm,Full FD,adaptive,12.0,1e-06,random,rand2,75,233,2.5758330706592807e-08
p52,2,nm,Full FD,adaptive,12.0,1e-06,random,rand2,75,234,2.5759198708299978e-08
p52,2,nm,Full FD,adaptive,12.0,1e-06,random,rand2,75,235,4.8784818349895796e-08
p52,2,nm,Full FD,adaptive,12.0,1e-06,random,rand2,75,236,9.121031377710942e-08
p52,2,nm,Full FD,adaptive,12.0,1e-06,random,rand2,75,237,9.121151810894382e-08
p52,2,nm,Full FD,adaptive,12.0,1e-06,random,rand2,75,238,1.3014014890305096e-08
p52,2,nm,Full FD,adaptive,12.0,1e-06,random,rand2,75,239,2.3459928796466248e-08
p52,2,nm,Full FD,adaptive,12.0,1e-06,random,rand2,75,240,3.6689309626904524e-08
p52,2,nm,Full FD,adaptive,12.0,1e-06,random,rand2,75,241,3.040962245507765e-08
p52,2,nm,Full FD,adaptive,12.0,1e-06,random,rand2,75,242,3.6611746140697376e-08
p52,2,nm,Full FD,adaptive,12.0,1e-06,random,rand2,75,243,1.082692649041682e-07
p52,2,nm,Full FD,adaptive,12.0,1e-06,random,rand2,75,244,1.0826823967438574e-07
p52,2,nm,Full FD,adaptive,12.0,1e-06,random,rand2,75,245,1.0826179858994307e-07
p52,2,nm,Full FD,adaptive,12.0,1e-06,random,rand2,75,246,8.683831109280338e-06
p52,2,nm,Full FD,adaptive,12.0,1e-06,random,rand2,75,247,8.657766753025442e-06
p52,2,nm,Full FD,adaptive,12.0,1e-06,random,rand2,75,248,1.120428405144574e-08
p52,2,nm,Full FD,adaptive,12.0,1e-06,random,rand2,75,249,1.1205111915711425e-08
p52,2,nm,Full FD,adaptive,12.0,1e-06,random,rand2,75,250,4.720634268175262e-08
p52,2,nm,Full FD,adaptive,12.0,1e-06,random,rand2,75,251,4.296337018673149e-08
p52,2,nm,Full FD,adaptive,12.0,1e-06,random,rand2,75,252,1.3322562325384013e-08
p52,2,nm,Full FD,adaptive,12.0,1e-06,random,rand2,75,253,1.332179325376173e-08
p52,2,nm,Full FD,adaptive,12.0,1e-06,random,rand2,75,254,1.3321275617752395e-08
p52,2,nm,Full FD,adaptive,12.0,1e-06,random,rand2,75,255,1.7643306530808638e-08
p52,2,nm,Full FD,adaptive,12.0,1e-06,random,rand2,75,256,1.764381033115241e-08
p52,2,nm,Full FD,adaptive,12.0,1e-06,random,rand2,75,257,1.76456846296728e-08
p52,2,nm,Full FD,adaptive,12.0,1e-06,random,rand2,75,258,3.9488753295070195e-08
p52,2,nm,Full FD,adaptive,12.0,1e-06,random,rand2,75,259,3.9485848308454577e-08
p52,2,nm,Full FD,adaptive,12.0,1e-06,random,rand2,75,260,1.2913215313143313e-08
p52,2,nm,Full FD,adaptive,12.0,1e-06,random,rand2,75,261,1.1552519483438187e-07
p52,2,nm,Full FD,adaptive,12.0,1e-06,random,rand2,75,262,1.1551187960427445e-07
p52,2,nm,Full FD,adaptive,12.0,1e-06,random,rand2,75,263,9.355834403824286e-08
p52,2,nm,Full FD,adaptive,12.0,1e-06,random,rand2,75,264,3.4446993111138814e-08
p52,2,nm,Full FD,adaptive,12.0,1e-06,random,rand2,75,265,3.4440165086412295e-08
p52,2,nm,Full FD,adaptive,12.0,1e-06,random,rand2,75,266,1.2235733261116283e-08
p52,2,nm,Full FD,adaptive,12.0,1e-06,random,rand2,75,267,9.85101637730931e-08
p52,2,nm,Full FD,adaptive,12.0,1e-06,random,rand2,75,268,3.1961195802060563e-08
p52,2,nm,Full FD,adaptive,12.0,1e-06,random,rand2,75,269,0.0001342763397453892
p52,2,nm,Full FD,adaptive,12.0,1e-06,random,rand2,75,270,2.4912749385155273e-08
p52,2,nm,Full FD,adaptive,12.0,1e-06,random,rand2,75,271,2.3103159705772676e-06
p52,2,nm,Full FD,adaptive,12.0,1e-06,random,rand2,75,272,2.7219630093891266e-08
p52,2,nm,Full FD,adaptive,12.0,1e-06,random,rand2,75,273,3.4230834787870836e-08
p52,2,nm,Full FD,adaptive,12.0,1e-06,random,rand2,75,274,0.015369179460021537
p52,2,nm,Full FD,adaptive,12.0,1e-06,random,rand2,75,275,2.4588202824747944e-08
p52,2,nm,Full FD,adaptive,12.0,1e-06,random,rand2,75,276,2.458901321318775e-08
p52,2,nm,Full FD,adaptive,12.0,1e-06,random,rand2,75,277,2.9208366973021812e-08
p52,2,nm,Full FD,adaptive,12.0,1e-06,random,rand2,75,278,0.00010739208013022489
p52,2,nm,Full FD,adaptive,12.0,1e-06,random,rand2,75,279,3.713843039021766e-05
p52,2,nm,Full FD,adaptive,12.0,1e-06,random,rand2,75,280,6.051104507989263e-08
p52,2,nm,Full FD,adaptive,12.0,1e-06,random,rand2,75,281,2.4732596301113295e-08
p52,2,nm,Full FD,adaptive,12.0,1e-06,random,rand2,75,282,1.584963869161986e-08
p52,2,nm,Full FD,adaptive,12.0,1e-06,random,rand2,75,283,1.5848056666210344e-08
p52,2,nm,Full FD,adaptive,12.0,1e-06,random,rand2,75,284,1.5847198194204197e-08
p52,2,nm,Full FD,adaptive,12.0,1e-06,random,rand2,75,285,7.276108180932938e-08
p52,2,nm,Full FD,adaptive,12.0,1e-06,random,rand2,75,286,5.651275486147395e-08
p52,2,nm,Full FD,adaptive,12.0,1e-06,random,rand2,75,287,0.005800411503262353
p52,2,nm,Full FD,adaptive,12.0,1e-06,random,rand2,75,288,3.2123011243876776e-08
p52,2,nm,Full FD,adaptive,12.0,1e-06,random,rand2,75,289,4.730206872347432e-08
p52,2,nm,Full FD,adaptive,12.0,1e-06,random,rand2,75,290,1.2512603160251239e-06
p52,2,nm,Full FD,adaptive,12.0,1e-06,random,rand2,75,291,6.245575659033865e-08
p52,2,nm,Full FD,adaptive,12.0,1e-06,random,rand2,75,292,6.236041383577212e-08
p52,2,nm,Full FD,adaptive,12.0,1e-06,random,rand2,75,293,3.2301939735584194e-08
p52,2,nm,Full FD,adaptive,12.0,1e-06,random,rand2,75,294,1.4715120761908752e-07
p52,2,nm,Full FD,adaptive,12.0,1e-06,random,rand2,75,295,1.4660879873752093e-07
p52,2,nm,Full FD,adaptive,12.0,1e-06,random,rand2,75,296,1.4607463792750666e-07
p52,2,nm,Full FD,adaptive,12.0,1e-06,random,rand2,75,297,1.0039162578488511e-07
p52,2,nm,Full FD,adaptive,12.0,1e-06,random,rand2,75,298,1.7010485492666715e-08
p52,2,nm,Full FD,adaptive,12.0,1e-06,random,rand2,75,299,1.7478250717032678e-07
p52,2,nm,Full FD,adaptive,12.0,1e-06,random,rand2,75,300,1.747662933903845e-07
p52,2,nm,Full FD,adaptive,12.0,1e-06,random,rand2,75,301,1.500263552614199e-08
p52,2,nm,Full FD,adaptive,12.0,1e-06,random,rand2,75,302,5.2874439886331444e-05
p52,2,nm,Full FD,adaptive,12.0,1e-06,random,rand2,75,303,3.0003653428670186e-08
p52,2,nm,Full FD,adaptive,12.0,1e-06,random,rand2,75,304,3.199999863672583e-08
p52,2,nm,Full FD,adaptive,12.0,1e-06,random,rand2,75,305,1.4225984645679394e-07
p52,2,nm,Full FD,adaptive,12.0,1e-06,random,rand2,75,306,1.415976193715946e-07
p52,2,nm,Full FD,adaptive,12.0,1e-06,random,rand2,75,307,1.5344860765403943e-08
p52,2,nm,Full FD,adaptive,12.0,1e-06,random,rand2,75,308,1.5324107089410227e-08
p52,2,nm,Full FD,adaptive,12.0,1e-06,random,rand2,75,309,8.124250629288867e-07
p52,2,nm,Full FD,adaptive,12.0,1e-06,random,rand2,75,310,7.672144040585898e-07
p52,2,nm,Full FD,adaptive,12.0,1e-06,random,rand2,75,311,1.535118035424387e-08
p52,2,nm,Full FD,adaptive,12.0,1e-06,random,rand2,75,312,4.890623378325925e-07
p52,2,nm,Full FD,adaptive,12.0,1e-06,random,rand2,75,313,5.295945270938178e-05
p52,2,nm,Full FD,adaptive,12.0,1e-06,random,rand2,75,314,2.3008622095001524e-08
p52,2,nm,Full FD,adaptive,12.0,1e-06,random,rand2,75,315,2.343458891012902e-05
p52,2,tr,Full FD,adaptive,12.0,1e-06,random,rand2,75,0,0.36680834744756163
p52,2,tr,Full FD,adaptive,12.0,1e-06,random,rand2,75,1,0.1299361536734854
p52,2,tr,Full FD,adaptive,12.0,1e-06,random,rand2,75,2,0.04975070592050713
p52,2,tr,Full FD,adaptive,12.0,1e-06,random,rand2,75,3,1.944240850952561e-10
p52,2,tr,Full FD,adaptive,12.0,1e-06,random,rand2,75,4,0.25090004296490503
p52,2,tr,Full FD,adaptive,12.0,1e-06,random,rand2,75,5,1.2936993811684018e-10
p52,2,tr,Full FD,adaptive,12.0,1e-06,random,rand2,75,6,0.20323739614288
p52,2,tr,Full FD,adaptive,12.0,1e-06,random,rand2,75,7,0.5951689219777926
p52,2,tr,Full FD,adaptive,12.0,1e-06,random,rand2,75,8,0.023980217653141896
p52,2,tr,Full FD,adaptive,12.0,1e-06,random,rand2,75,9,8.516704713812516e-08
p52,2,tr,Full FD,adaptive,12.0,1e-06,random,rand2,75,10,0.01624433870595179
p52,2,tr,Full FD,adaptive,12.0,1e-06,random,rand2,75,11,0.011544582932826111
p52,2,tr,Full FD,adaptive,12.0,1e-06,random,rand2,75,12,2.0640450332525233e-08
p52,2,tr,Full FD,adaptive,12.0,1e-06,random,rand2,75,13,0.008067858599166233
p52,2,tr,Full FD,adaptive,12.0,1e-06,random,rand2,75,14,0.005775997811793608
p52,2,tr,Full FD,adaptive,12.0,1e-06,random,rand2,75,15,0.004093386824357326
p52,2,tr,Full FD,adaptive,12.0,1e-06,random,rand2,75,16,9.899273899445618e-07
p52,2,tr,Full FD,adaptive,12.0,1e-06,random,rand2,75,17,7.755280662848028e-07
p52,2,tr,Full FD,adaptive,12.0,1e-06,random,rand2,75,18,2.7698184207048323e-08
p52,2,tr,Full FD,adaptive,12.0,1e-06,random,rand2,75,19,0.0029331976194385575
p52,2,tr,Full FD,adaptive,12.0,1e-06,random,rand2,75,20,4.360233803772556e-07
p52,2,tr,Full FD,adaptive,12.0,1e-06,random,rand2,75,21,1.1776549843721658e-08
p52,2,tr,Full FD,adaptive,12.0,1e-06,random,rand2,75,22,0.0020907797970685297
p52,2,tr,Full FD,adaptive,12.0,1e-06,random,rand2,75,23,0.0014995780742695988
p52,2,tr,Full FD,adaptive,12.0,1e-06,random,rand2,75,24,9.63194707776131e-07
p52,2,tr,Full FD,adaptive,12.0,1e-06,random,rand2,75,25,0.0010705896032948679
p52,2,tr,Full FD,adaptive,12.0,1e-06,random,rand2,75,26,0.0007675966128022451
p52,2,tr,Full FD,adaptive,12.0,1e-06,random,rand2,75,27,3.0585103020494944e-08
p52,2,tr,Full FD,adaptive,12.0,1e-06,random,rand2,75,28,0.0005494045629760477
p52,2,tr,Full FD,adaptive,12.0,1e-06,random,rand2,75,29,2.6773094621995396e-08
p52,2,tr,Full FD,adaptive,12.0,1e-06,random,rand2,75,30,1.926996130925753e-07
p52,2,tr,Full FD,adaptive,12.0,1e-06,random,rand2,75,31,9.439808623501492e-08
p52,2,tr,Full FD,adaptive,12.0,1e-06,random,rand2,75,32,0.0003933256035185768
p52,2,tr,Full FD,adaptive,12.0,1e-06,random,rand2,75,33,0.00028168399454243064
p52,2,tr,Full FD,adaptive,12.0,1e-06,random,rand2,75,34,0.0002018672259106458
p52,2,tr,Full FD,adaptive,12.0,1e-06,random,rand2,75,35,0.0001446214033992937
p52,2,tr,Full FD,adaptive,12.0,1e-06,random,rand2,75,36,0.00010365331546978837
p52,2,tr,Full FD,adaptive,12.0,1e-06,random,rand2,75,37,2.4775367062349794e-07
p52,2,tr,Full FD,adaptive,12.0,1e-06,random,rand2,75,38,7.389412124428761e-05
p52,2,tr,Full FD,adaptive,12.0,1e-06,random,rand2,75,39,2.3244428052398934e-08
p52,2,tr,Full FD,adaptive,12.0,1e-06,random,rand2,75,40,9.271175960668652e-08
p52,2,tr,Full FD,adaptive,12.0,1e-06,random,rand2,75,41,1.0098240935761151e-07
p52,2,tr,Full FD,adaptive,12.0,1e-06,random,rand2,75,42,1.0119690876535593e-07
p52,2,tr,Full FD,adaptive,12.0,1e-06,random,rand2,75,43,9.252657530095455e-08
p52,2,tr,Full FD,adaptive,12.0,1e-06,random,rand2,75,44,5.226015311258439e-05
p52,2,tr,Full FD,adaptive,12.0,1e-06,random,rand2,75,45,3.745370343759146e-05
p52,2,tr,Full FD,adaptive,12.0,1e-06,random,rand2,75,46,2.6845087449352546e-05
p52,2,tr,Full FD,adaptive,12.0,1e-06,random,rand2,75,47,1.1203497203161839e-05
p52,2,tr,Full FD,adaptive,12.0,1e-06,random,rand2,75,48,8.886880585136665e-08
p52,2,nm,Full FD,adaptive,12.0,1e-06,random,rand3,76,0,4.1563517136402e-09
p52,2,nm,Full FD,adaptive,12.0,1e-06,random,rand3,76,1,0.948650490978071
p52,2,nm,Full FD,adaptive,12.0,1e-06,random,rand3,76,2,2.6664172511408588e-08
p52,2,nm,Full FD,adaptive,12.0,1e-06,random,rand3,76,3,0.07146245966936948
p52,2,nm,Full FD,adaptive,12.0,1e-06,random,rand3,76,4,1.4459374104529865e-08
p52,2,nm,Full FD,adaptive,12.0,1e-06,random,rand3,76,5,1.493318566756108e-07
p52,2,nm,Full FD,adaptive,12.0,1e-06,random,rand3,76,6,1.4934741537658766e-07
p52,2,nm,Full FD,adaptive,12.0,1e-06,random,rand3,76,7,6.875645832614425e-07
p52,2,nm,Full FD,adaptive,12.0,1e-06,random,rand3,76,8,2.725116452869207e-08
p52,2,nm,Full FD,adaptive,12.0,1e-06,random,rand3,76,9,1.300688184174137e-07
p52,2,nm,Full FD,adaptive,12.0,1e-06,random,rand3,76,10,7.632943412040715e-09
p52,2,nm,Full FD,adaptive,12.0,1e-06,random,rand3,76,11,1.1476396339059952e-07
p52,2,nm,Full FD,adaptive,12.0,1e-06,random,rand3,76,12,1.0068574035799022e-07
p52,2,nm,Full FD,adaptive,12.0,1e-06,random,rand3,76,13,1.0067929715857463e-07
p52,2,nm,Full FD,adaptive,12.0,1e-06,random,rand3,76,14,1.0068694299763847e-07
p52,2,nm,Full FD,adaptive,12.0,1e-06,random,rand3,76,15,1.0929932560363977e-07
p52,2,nm,Full FD,adaptive,12.0,1e-06,random,rand3,76,16,3.1553939466617444e-08
p52,2,nm,Full FD,adaptive,12.0,1e-06,random,rand3,76,17,2.9013575714855905e-08
p52,2,nm,Full FD,adaptive,12.0,1e-06,random,rand3,76,18,7.427975099208242e-09
p52,2,nm,Full FD,adaptive,12.0,1e-06,random,rand3,76,19,1.5178772049002314e-07
p52,2,nm,Full FD,adaptive,12.0,1e-06,random,rand3,76,20,9.635022545666502e-08
p52,2,nm,Full FD,adaptive,12.0,1e-06,random,rand3,76,21,8.822950824820541e-07
p52,2,nm,Full FD,adaptive,12.0,1e-06,random,rand3,76,22,1.930992108500756e-08
p52,2,nm,Full FD,adaptive,12.0,1e-06,random,rand3,76,23,4.074607589728191e-08
p52,2,nm,Full FD,adaptive,12.0,1e-06,random,rand3,76,24,1.312717688585542e-07
p52,2,nm,Full FD,adaptive,12.0,1e-06,random,rand3,76,25,2.620304356613798e-08
p52,2,nm,Full FD,adaptive,12.0,1e-06,random,rand3,76,26,6.882177960371302e-07
p52,2,nm,Full FD,adaptive,12.0,1e-06,random,rand3,76,27,3.190498741624119e-07
p52,2,nm,Full FD,adaptive,12.0,1e-06,random,rand3,76,28,2.3602636972277326e-08
p52,2,nm,Full FD,adaptive,12.0,1e-06,random,rand3,76,29,3.1920856215791604e-07
p52,2,nm,Full FD,adaptive,12.0,1e-06,random,rand3,76,30,1.0593329148715718e-06
p52,2,nm,Full FD,adaptive,12.0,1e-06,random,rand3,76,31,5.914415652316825e-08
p52,2,nm,Full FD,adaptive,12.0,1e-06,random,rand3,76,32,5.914458838399353e-08
p52,2,nm,Full FD,adaptive,12.0,1e-06,random,rand3,76,33,5.914522916882267e-08
p52,2,nm,Full FD,adaptive,12.0,1e-06,random,rand3,76,34,5.914312863431431e-08
p52,2,nm,Full FD,adaptive,12.0,1e-06,random,rand3,76,35,0.6428829331093808
p52,2,nm,Full FD,adaptive,12.0,1e-06,random,rand3,76,36,1.778716647588976e-08
p52,2,nm,Full FD,adaptive,12.0,1e-06,random,rand3,76,37,1.5321330740339365e-08
p52,2,nm,Full FD,adaptive,12.0,1e-06,random,rand3,76,38,0.3065207667434279
p52,2,nm,Full FD,adaptive,12.0,1e-06,random,rand3,76,39,2.5189793419715912e-08
p52,2,nm,Full FD,adaptive,12.0,1e-06,random,rand3,76,40,1.4145084286980725e-07
p52,2,nm,Full FD,adaptive,12.0,1e-06,random,rand3,76,41,7.144035924688008e-09
p52,2,nm,Full FD,adaptive,12.0,1e-06,random,rand3,76,42,0.02235591809844728
p52,2,nm,Full FD,adaptive,12.0,1e-06,random,rand3,76,43,1.7182821435128695e-08
p52,2,nm,Full FD,adaptive,12.0,1e-06,random,rand3,76,44,3.2808283512635165e-08
p52,2,nm,Full FD,adaptive,12.0,1e-06,random,rand3,76,45,0.1425717932839864
p52,2,nm,Full FD,adaptive,12.0,1e-06,random,rand3,76,46,4.4367807798220144e-08
p52,2,nm,Full FD,adaptive,12.0,1e-06,random,rand3,76,47,2.9560230790611185e-08
p52,2,nm,Full FD,adaptive,12.0,1e-06,random,rand3,76,48,0.004280743880686222
p52,2,nm,Full FD,adaptive,12.0,1e-06,random,rand3,76,49,3.990439924528996e-08
p52,2,nm,Full FD,adaptive,12.0,1e-06,random,rand3,76,50,0.003101035884466863
p52,2,nm,Full FD,adaptive,12.0,1e-06,random,rand3,76,51,2.7941024226696797e-07
p52,2,nm,Full FD,adaptive,12.0,1e-06,random,rand3,76,52,1.728633448110678e-08
p52,2,nm,Full FD,adaptive,12.0,1e-06,random,rand3,76,53,0.06469011868122203
p52,2,nm,Full FD,adaptive,12.0,1e-06,random,rand3,76,54,0.00033370511697954997
p52,2,nm,Full FD,adaptive,12.0,1e-06,random,rand3,76,55,7.449096400381034e-08
p52,2,nm,Full FD,adaptive,12.0,1e-06,random,rand3,76,56,7.670270445937614e-05
p52,2,nm,Full FD,adaptive,12.0,1e-06,random,rand3,76,57,6.21110920604892e-08
p52,2,nm,Full FD,adaptive,12.0,1e-06,random,rand3,76,58,1.9826760911119576e-07
p52,2,nm,Full FD,adaptive,12.0,1e-06,random,rand3,76,59,2.682904499669229e-05
p52,2,nm,Full FD,adaptive,12.0,1e-06,random,rand3,76,60,9.991284001187474e-08
p52,2,nm,Full FD,adaptive,12.0,1e-06,random,rand3,76,61,4.102374810569479e-06
p52,2,nm,Full FD,adaptive,12.0,1e-06,random,rand3,76,62,1.2093204905762344e-08
p52,2,nm,Full FD,adaptive,12.0,1e-06,random,rand3,76,63,1.2802195834147118e-07
p52,2,nm,Full FD,adaptive,12.0,1e-06,random,rand3,76,64,1.696540120873798e-08
p52,2,nm,Full FD,adaptive,12.0,1e-06,random,rand3,76,65,1.368193838624551e-05
p52,2,nm,Full FD,adaptive,12.0,1e-06,random,rand3,76,66,1.542860552221748e-08
p52,2,nm,Full FD,adaptive,12.0,1e-06,random,rand3,76,67,0.004401454584877751
p52,2,nm,Full FD,adaptive,12.0,1e-06,random,rand3,76,68,1.7199349903708477e-08
p52,2,nm,Full FD,adaptive,12.0,1e-06,random,rand3,76,69,5.0562452833863826e-05
p52,2,nm,Full FD,adaptive,12.0,1e-06,random,rand3,76,70,2.241027329737162e-08
p52,2,nm,Full FD,adaptive,12.0,1e-06,random,rand3,76,71,4.6510741901409986e-08
p52,2,nm,Full FD,adaptive,12.0,1e-06,random,rand3,76,72,1.696468651043192e-08
p52,2,nm,Full FD,adaptive,12.0,1e-06,random,rand3,76,73,6.93649626193142e-08
p52,2,nm,Full FD,adaptive,12.0,1e-06,random,rand3,76,74,1.876525903491686e-08
p52,2,nm,Full FD,adaptive,12.0,1e-06,random,rand3,76,75,0.0026245382124835816
p52,2,nm,Full FD,adaptive,12.0,1e-06,random,rand3,76,76,1.3314740669821284e-08
p52,2,nm,Full FD,adaptive,12.0,1e-06,random,rand3,76,77,4.576891112552591e-05
p52,2,nm,Full FD,adaptive,12.0,1e-06,random,rand3,76,78,1.0497002962773611e-07
p52,2,nm,Full FD,adaptive,12.0,1e-06,random,rand3,76,79,8.027054347765376e-09
p52,2,nm,Full FD,adaptive,12.0,1e-06,random,rand3,76,80,8.02725922598013e-09
p52,2,nm,Full FD,adaptive,12.0,1e-06,random,rand3,76,81,8.027299970927744e-09
p52,2,nm,Full FD,adaptive,12.0,1e-06,random,rand3,76,82,3.197512708637207e-08
p52,2,nm,Full FD,adaptive,12.0,1e-06,random,rand3,76,83,1.1883228931145363e-08
p52,2,nm,Full FD,adaptive,12.0,1e-06,random,rand3,76,84,1.1883974082694883e-08
p52,2,nm,Full FD,adaptive,12.0,1e-06,random,rand3,76,85,7.872484028755744e-08
p52,2,nm,Full FD,adaptive,12.0,1e-06,random,rand3,76,86,1.2410097287655656e-08
p52,2,nm,Full FD,adaptive,12.0,1e-06,random,rand3,76,87,9.47283433954277e-08
p52,2,nm,Full FD,adaptive,12.0,1e-06,random,rand3,76,88,1.3861171787161278e-08
p52,2,nm,Full FD,adaptive,12.0,1e-06,random,rand3,76,89,1.3862301134580137e-08
p52,2,nm,Full FD,adaptive,12.0,1e-06,random,rand3,76,90,7.432126980749725e-09
p52,2,nm,Full FD,adaptive,12.0,1e-06,random,rand3,76,91,7.4328395039919716e-09
p52,2,nm,Full FD,adaptive,12.0,1e-06,random,rand3,76,92,1.2481082629280454e-08
p52,2,nm,Full FD,adaptive,12.0,1e-06,random,rand3,76,93,1.2481089593649632e-08
p52,2,nm,Full FD,adaptive,12.0,1e-06,random,rand3,76,94,1.3468632634484888e-08
p52,2,nm,Full FD,adaptive,12.0,1e-06,random,rand3,76,95,1.5758260724108126e-05
p52,2,nm,Full FD,adaptive,12.0,1e-06,random,rand3,76,96,1.018387269833556e-08
p52,2,nm,Full FD,adaptive,12.0,1e-06,random,rand3,76,97,0.0015641928114661953
p52,2,nm,Full FD,adaptive,12.0,1e-06,random,rand3,76,98,4.183607976573837e-08
p52,2,nm,Full FD,adaptive,12.0,1e-06,random,rand3,76,99,4.183137974003727e-08
p52,2,nm,Full FD,adaptive,12.0,1e-06,random,rand3,76,100,2.3710402407117556e-08
p52,2,nm,Full FD,adaptive,12.0,1e-06,random,rand3,76,101,1.1470900234125115e-05
p52,2,nm,Full FD,adaptive,12.0,1e-06,random,rand3,76,102,4.880461874091876e-06
p52,2,nm,Full FD,adaptive,12.0,1e-06,random,rand3,76,103,9.287949989201125e-08
p52,2,nm,Full FD,adaptive,12.0,1e-06,random,rand3,76,104,9.283960274787268e-08
p52,2,nm,Full FD,adaptive,12.0,1e-06,random,rand3,76,105,2.4848463459061338e-08
p52,2,nm,Full FD,adaptive,12.0,1e-06,random,rand3,76,106,3.583633728252388e-08
p52,2,nm,Full FD,adaptive,12.0,1e-06,random,rand3,76,107,1.516564549275856e-07
p52,2,nm,Full FD,adaptive,12.0,1e-06,random,rand3,76,108,7.094968059219055e-08
p52,2,nm,Full FD,adaptive,12.0,1e-06,random,rand3,76,109,7.107017271142541e-08
p52,2,nm,Full FD,adaptive,12.0,1e-06,random,rand3,76,110,7.099211208728616e-08
p52,2,nm,Full FD,adaptive,12.0,1e-06,random,rand3,76,111,2.974274866463526e-08
p52,2,nm,Full FD,adaptive,12.0,1e-06,random,rand3,76,112,2.9739424889176458e-08
p52,2,nm,Full FD,adaptive,12.0,1e-06,random,rand3,76,113,2.4992288604794493e-08
p52,2,nm,Full FD,adaptive,12.0,1e-06,random,rand3,76,114,2.4990006497945112e-08
p52,2,nm,Full FD,adaptive,12.0,1e-06,random,rand3,76,115,0.0009332573760885735
p52,2,nm,Full FD,adaptive,12.0,1e-06,random,rand3,76,116,0.0005586591276019672
p52,2,nm,Full FD,adaptive,12.0,1e-06,random,rand3,76,117,1.5707992579601533e-08
p52,2,nm,Full FD,adaptive,12.0,1e-06,random,rand3,76,118,7.223376443569211e-08
p52,2,nm,Full FD,adaptive,12.0,1e-06,random,rand3,76,119,8.039717602787072e-08
p52,2,nm,Full FD,adaptive,12.0,1e-06,random,rand3,76,120,8.034791241423574e-08
p52,2,nm,Full FD,adaptive,12.0,1e-06,random,rand3,76,121,1.1916402243500663e-07
p52,2,nm,Full FD,adaptive,12.0,1e-06,random,rand3,76,122,2.3178488810585666e-06
p52,2,nm,Full FD,adaptive,12.0,1e-06,random,rand3,76,123,7.705435467205039e-08
p52,2,nm,Full FD,adaptive,12.0,1e-06,random,rand3,76,124,1.2780114096840247e-07
p52,2,nm,Full FD,adaptive,12.0,1e-06,random,rand3,76,125,5.691457515377966e-08
p52,2,nm,Full FD,adaptive,12.0,1e-06,random,rand3,76,126,1.0542856828940154e-07
p52,2,nm,Full FD,adaptive,12.0,1e-06,random,rand3,76,127,1.0524204454274634e-07
p52,2,nm,Full FD,adaptive,12.0,1e-06,random,rand3,76,128,0.0003335939966778549
p52,2,nm,Full FD,adaptive,12.0,1e-06,random,rand3,76,129,0.00012496595028485796
p52,2,tr,Full FD,adaptive,12.0,1e-06,random,rand3,76,0,0.7406760149903686
p52,2,tr,Full FD,adaptive,12.0,1e-06,random,rand3,76,1,1.2808762229300485e-07
p52,2,tr,Full FD,adaptive,12.0,1e-06,random,rand3,76,2,2.4156423171132942e-08
p52,2,tr,Full FD,adaptive,12.0,1e-06,random,rand3,76,3,2.4901670681428326e-08
p52,2,tr,Full FD,adaptive,12.0,1e-06,random,rand3,76,4,9.745738286196374e-08
p52,2,tr,Full FD,adaptive,12.0,1e-06,random,rand3,76,5,1.8198609180484044e-08
p52,2,tr,Full FD,adaptive,12.0,1e-06,random,rand3,76,6,1.6860147842197045e-08
p52,2,tr,Full FD,adaptive,12.0,1e-06,random,rand3,76,7,0.08258737195250254
p52,2,tr,Full FD,adaptive,12.0,1e-06,random,rand3,76,8,0.05705868170881884
p52,2,tr,Full FD,adaptive,12.0,1e-06,random,rand3,76,9,3.756448904223591e-08
p52,2,tr,Full FD,adaptive,12.0,1e-06,random,rand3,76,10,5.208524380486735e-08
p52,2,tr,Full FD,adaptive,12.0,1e-06,random,rand3,76,11,0.036243315504506116
p52,2,tr,Full FD,adaptive,12.0,1e-06,random,rand3,76,12,0.02572391145293247
p52,2,tr,Full FD,adaptive,12.0,1e-06,random,rand3,76,13,0.01754025718463783
p52,2,tr,Full FD,adaptive,12.0,1e-06,random,rand3,76,14,1.856843889933208e-08
p52,2,tr,Full FD,adaptive,12.0,1e-06,random,rand3,76,15,2.0488515663197552e-08
p52,2,tr,Full FD,adaptive,12.0,1e-06,random,rand3,76,16,8.789386399467074e-08
p52,2,tr,Full FD,adaptive,12.0,1e-06,random,rand3,76,17,0.01258343047263766
p52,2,tr,Full FD,adaptive,12.0,1e-06,random,rand3,76,18,0.008823204928093503
p52,2,tr,Full FD,adaptive,12.0,1e-06,random,rand3,76,19,4.702807379637264e-08
p52,2,tr,Full FD,adaptive,12.0,1e-06,random,rand3,76,20,2.180002939074565e-08
p52,2,tr,Full FD,adaptive,12.0,1e-06,random,rand3,76,21,0.006341987223704759
p52,2,tr,Full FD,adaptive,12.0,1e-06,random,rand3,76,22,0.004500565143567816
p52,2,tr,Full FD,adaptive,12.0,1e-06,random,rand3,76,23,0.0032329618296224587
p52,2,tr,Full FD,adaptive,12.0,1e-06,random,rand3,76,24,2.690062896011949e-08
p52,2,tr,Full FD,adaptive,12.0,1e-06,random,rand3,76,25,0.0023063482737982035
p52,2,tr,Full FD,adaptive,12.0,1e-06,random,rand3,76,26,0.0016555614783699808
p52,2,tr,Full FD,adaptive,12.0,1e-06,random,rand3,76,27,0.0011838613777586664
p52,2,tr,Full FD,adaptive,12.0,1e-06,random,rand3,76,28,0.0008492802547878482
p52,2,tr,Full FD,adaptive,12.0,1e-06,random,rand3,76,29,1.1530072309790483e-08
p52,2,tr,Full FD,adaptive,12.0,1e-06,random,rand3,76,30,1.2002788134065693e-08
p52,2,tr,Full FD,adaptive,12.0,1e-06,random,rand3,76,31,0.0006079098218799415
p52,2,tr,Full FD,adaptive,12.0,1e-06,random,rand3,76,32,2.6406836179962635e-08
p52,2,tr,Full FD,adaptive,12.0,1e-06,random,rand3,76,33,0.00043579894083773594
p52,2,tr,Full FD,adaptive,12.0,1e-06,random,rand3,76,34,0.00031212432717930534
p52,2,tr,Full FD,adaptive,12.0,1e-06,random,rand3,76,35,0.00011386356436143828
p52,2,tr,Full FD,adaptive,12.0,1e-06,random,rand3,76,36,2.8384109447396338e-05
p52,2,tr,Full FD,adaptive,12.0,1e-06,random,rand3,76,37,2.791257446024671e-06
p52,2,tr,Full FD,adaptive,12.0,1e-06,random,rand3,76,38,2.0230195635043136e-05
p52,2,tr,Full FD,adaptive,12.0,1e-06,random,rand3,76,39,2.351321094460748e-08
p52,2,tr,Full FD,adaptive,12.0,1e-06,random,rand3,76,40,1.4458414838842385e-05
p52,2,tr,Full FD,adaptive,12.0,1e-06,random,rand3,76,41,4.6164741684964274e-08
p52,2,tr,Full FD,adaptive,12.0,1e-06,random,rand3,76,42,1.0227927594855324e-05
p52,2,tr,Full FD,adaptive,12.0,1e-06,random,rand3,76,43,3.579500622584725e-08
p52,2,tr,Full FD,adaptive,12.0,1e-06,random,rand3,76,44,7.200369851565737e-06
p52,2,tr,Full FD,adaptive,12.0,1e-06,random,rand3,76,45,2.3327621527000544e-08
p52,2,tr,Full FD,adaptive,12.0,1e-06,random,rand3,76,46,1.7693626706929185e-07
p52,2,tr,Full FD,adaptive,12.0,1e-06,random,rand3,76,47,2.9280890604102368e-06
p52,2,tr,Full FD,adaptive,12.0,1e-06,random,rand3,76,48,5.298751650164122e-08
p52,2,tr,Full FD,adaptive,12.0,1e-06,random,rand3,76,49,2.8729378102366327e-07
p52,2,tr,Full FD,adaptive,12.0,1e-06,random,rand3,76,50,1.4760484357280234e-07
p52,2,tr,Full FD,adaptive,12.0,1e-06,random,rand3,76,51,1.3344046463895576e-08
p52,2,tr,Full FD,adaptive,12.0,1e-06,random,rand3,76,52,5.3604855801363835e-08
p52,2,nm,Full FD,adaptive,12.0,1e-06,random,rand4,77,0,4.007125145882144e-08
p52,2,nm,Full FD,adaptive,12.0,1e-06,random,rand4,77,1,0.27693024806673416
p52,2,nm,Full FD,adaptive,12.0,1e-06,random,rand4,77,2,1.3691028700854826
p52,2,nm,Full FD,adaptive,12.0,1e-06,random,rand4,77,3,0.255815818156338
p52,2,nm,Full FD,adaptive,12.0,1e-06,random,rand4,77,4,0.14422156700710576
p52,2,nm,Full FD,adaptive,12.0,1e-06,random,rand4,77,5,1.312138264837652e-08
p52,2,nm,Full FD,adaptive,12.0,1e-06,random,rand4,77,6,7.0788604997912e-07
p52,2,nm,Full FD,adaptive,12.0,1e-06,random,rand4,77,7,6.544743401875274e-08
p52,2,nm,Full FD,adaptive,12.0,1e-06,random,rand4,77,8,6.544736020896043e-08
p52,2,nm,Full FD,adaptive,12.0,1e-06,random,rand4,77,9,3.421068752375155e-07
p52,2,nm,Full FD,adaptive,12.0,1e-06,random,rand4,77,10,2.285241715264284e-08
p52,2,nm,Full FD,adaptive,12.0,1e-06,random,rand4,77,11,2.012578184243001e-08
p52,2,nm,Full FD,adaptive,12.0,1e-06,random,rand4,77,12,0.07830269968812444
p52,2,nm,Full FD,adaptive,12.0,1e-06,random,rand4,77,13,1.9242449124924216e-07
p52,2,nm,Full FD,adaptive,12.0,1e-06,random,rand4,77,14,0.09395164980653714
p52,2,nm,Full FD,adaptive,12.0,1e-06,random,rand4,77,15,7.46820610531613e-08
p52,2,nm,Full FD,adaptive,12.0,1e-06,random,rand4,77,16,7.89738006768788e-08
p52,2,nm,Full FD,adaptive,12.0,1e-06,random,rand4,77,17,5.4647602616341644e-08
p52,2,nm,Full FD,adaptive,12.0,1e-06,random,rand4,77,18,2.169168501588856e-08
p52,2,nm,Full FD,adaptive,12.0,1e-06,random,rand4,77,19,4.2768868538517066e-08
p52,2,nm,Full FD,adaptive,12.0,1e-06,random,rand4,77,20,2.0654549066547292e-07
p52,2,nm,Full FD,adaptive,12.0,1e-06,random,rand4,77,21,2.0653871128931258e-07
p52,2,nm,Full FD,adaptive,12.0,1e-06,random,rand4,77,22,3.950928355997025e-07
p52,2,nm,Full FD,adaptive,12.0,1e-06,random,rand4,77,23,3.950904049649716e-07
p52,2,nm,Full FD,adaptive,12.0,1e-06,random,rand4,77,24,1.3375433729188042e-08
p52,2,nm,Full FD,adaptive,12.0,1e-06,random,rand4,77,25,6.413106942763003e-08
p52,2,nm,Full FD,adaptive,12.0,1e-06,random,rand4,77,26,6.413095853602114e-08
p52,2,nm,Full FD,adaptive,12.0,1e-06,random,rand4,77,27,3.4812254701982263e-08
p52,2,nm,Full FD,adaptive,12.0,1e-06,random,rand4,77,28,3.984836716654575e-07
p52,2,nm,Full FD,adaptive,12.0,1e-06,random,rand4,77,29,0.052312209999972444
p52,2,nm,Full FD,adaptive,12.0,1e-06,random,rand4,77,30,0.028278429227845073
p52,2,nm,Full FD,adaptive,12.0,1e-06,random,rand4,77,31,9.249001619729473e-09
p52,2,nm,Full FD,adaptive,12.0,1e-06,random,rand4,77,32,9.665668829474948e-08
p52,2,nm,Full FD,adaptive,12.0,1e-06,random,rand4,77,33,2.3258016998377503e-08
p52,2,nm,Full FD,adaptive,12.0,1e-06,random,rand4,77,34,0.03416759883762908
p52,2,nm,Full FD,adaptive,12.0,1e-06,random,rand4,77,35,3.410794752612148e-08
p52,2,nm,Full FD,adaptive,12.0,1e-06,random,rand4,77,36,1.2704362363250771e-08
p52,2,nm,Full FD,adaptive,12.0,1e-06,random,rand4,77,37,1.8305561944603018e-08
p52,2,nm,Full FD,adaptive,12.0,1e-06,random,rand4,77,38,0.013514500828436247
p52,2,nm,Full FD,adaptive,12.0,1e-06,random,rand4,77,39,0.0002186640637338373
p52,2,nm,Full FD,adaptive,12.0,1e-06,random,rand4,77,40,0.004931182396152743
p52,2,nm,Full FD,adaptive,12.0,1e-06,random,rand4,77,41,3.987754941476662e-07
p52,2,nm,Full FD,adaptive,12.0,1e-06,random,rand4,77,42,0.0016600800553737312
p52,2,nm,Full FD,adaptive,12.0,1e-06,random,rand4,77,43,3.233347753372659e-08
p52,2,nm,Full FD,adaptive,12.0,1e-06,random,rand4,77,44,0.00015705341826576132
p52,2,nm,Full FD,adaptive,12.0,1e-06,random,rand4,77,45,3.1394399843853716e-08
p52,2,nm,Full FD,adaptive,12.0,1e-06,random,rand4,77,46,1.227186108365176e-08
p52,2,nm,Full FD,adaptive,12.0,1e-06,random,rand4,77,47,1.2047013387851547e-08
p52,2,nm,Full FD,adaptive,12.0,1e-06,random,rand4,77,48,1.5150986630485384e-08
p52,2,nm,Full FD,adaptive,12.0,1e-06,random,rand4,77,49,3.3263454656499044e-08
p52,2,nm,Full FD,adaptive,12.0,1e-06,random,rand4,77,50,2.735539458262916e-08
p52,2,nm,Full FD,adaptive,12.0,1e-06,random,rand4,77,51,1.3715180402649281e-08
p52,2,nm,Full FD,adaptive,12.0,1e-06,random,rand4,77,52,1.371416083864927e-08
p52,2,nm,Full FD,adaptive,12.0,1e-06,random,rand4,77,53,1.2799549012806633e-06
p52,2,nm,Full FD,adaptive,12.0,1e-06,random,rand4,77,54,1.95028609846981e-08
p52,2,nm,Full FD,adaptive,12.0,1e-06,random,rand4,77,55,3.855113417824938e-08
p52,2,nm,Full FD,adaptive,12.0,1e-06,random,rand4,77,56,3.8548580933304704e-08
p52,2,nm,Full FD,adaptive,12.0,1e-06,random,rand4,77,57,1.5467725861683624e-08
p52,2,nm,Full FD,adaptive,12.0,1e-06,random,rand4,77,58,3.2085025345833756e-08
p52,2,nm,Full FD,adaptive,12.0,1e-06,random,rand4,77,59,2.8672012540101262e-08
p52,2,nm,Full FD,adaptive,12.0,1e-06,random,rand4,77,60,3.3557224627351014e-07
p52,2,nm,Full FD,adaptive,12.0,1e-06,random,rand4,77,61,0.0005791734230307063
p52,2,nm,Full FD,adaptive,12.0,1e-06,random,rand4,77,62,6.372718266633996e-05
p52,2,nm,Full FD,adaptive,12.0,1e-06,random,rand4,77,63,3.812060190517197e-05
p52,2,nm,Full FD,adaptive,12.0,1e-06,random,rand4,77,64,1.7464335548418648e-07
p52,2,nm,Full FD,adaptive,12.0,1e-06,random,rand4,77,65,0.00014934476701336993
p52,2,nm,Full FD,adaptive,12.0,1e-06,random,rand4,77,66,3.3466364815314176e-05
p52,2,nm,Full FD,adaptive,12.0,1e-06,random,rand4,77,67,1.4586339200148066e-05
p52,2,tr,Full FD,adaptive,12.0,1e-06,random,rand4,77,0,1.1717873456418493
p52,2,tr,Full FD,adaptive,12.0,1e-06,random,rand4,77,1,2.9590156565557003e-09
p52,2,tr,Full FD,adaptive,12.0,1e-06,random,rand4,77,2,4.6493139854129205e-09
p52,2,tr,Full FD,adaptive,12.0,1e-06,random,rand4,77,3,2.746649861512174e-08
p52,2,tr,Full FD,adaptive,12.0,1e-06,random,rand4,77,4,6.464524289595296e-08
p52,2,tr,Full FD,adaptive,12.0,1e-06,random,rand4,77,5,2.828699101364139e-09
p52,2,tr,Full FD,adaptive,12.0,1e-06,random,rand4,77,6,6.2575662303780256e-09
p52,2,tr,Full FD,adaptive,12.0,1e-06,random,rand4,77,7,6.19087588740667e-09
p52,2,tr,Full FD,adaptive,12.0,1e-06,random,rand4,77,8,2.9590164627488683e-09
p52,2,tr,Full FD,adaptive,12.0,1e-06,random,rand4,77,9,7.0462374859015935e-09
p52,2,tr,Full FD,adaptive,12.0,1e-06,random,rand4,77,10,7.028929007123753e-09
p52,2,tr,Full FD,adaptive,12.0,1e-06,random,rand4,77,11,0.5212742152138837
p52,2,tr,Full FD,adaptive,12.0,1e-06,random,rand4,77,12,0.10936989005988076
p52,2,tr,Full FD,adaptive,12.0,1e-06,random,rand4,77,13,0.07907217886602635
p52,2,tr,Full FD,adaptive,12.0,1e-06,random,rand4,77,14,0.04760161542811169
p52,2,tr,Full FD,adaptive,12.0,1e-06,random,rand4,77,15,1.4474498818773381e-07
p52,2,tr,Full FD,adaptive,12.0,1e-06,random,rand4,77,16,0.034843667093164145
p52,2,tr,Full FD,adaptive,12.0,1e-06,random,rand4,77,17,2.413795411054815e-08
p52,2,tr,Full FD,adaptive,12.0,1e-06,random,rand4,77,18,3.1802749647539635e-08
p52,2,tr,Full FD,adaptive,12.0,1e-06,random,rand4,77,19,0.023677896449133973
p52,2,tr,Full FD,adaptive,12.0,1e-06,random,rand4,77,20,2.031507214885814e-08
p52,2,tr,Full FD,adaptive,12.0,1e-06,random,rand4,77,21,1.3189352713015536e-07
p52,2,tr,Full FD,adaptive,12.0,1e-06,random,rand4,77,22,0.01724073404855104
p52,2,tr,Full FD,adaptive,12.0,1e-06,random,rand4,77,23,0.012083452173478587
p52,2,tr,Full FD,adaptive,12.0,1e-06,random,rand4,77,24,1.82493476082913e-08
p52,2,tr,Full FD,adaptive,12.0,1e-06,random,rand4,77,25,0.008746469759010785
p52,2,tr,Full FD,adaptive,12.0,1e-06,random,rand4,77,26,0.006204180557247621
p52,2,tr,Full FD,adaptive,12.0,1e-06,random,rand4,77,27,0.004471618196265593
p52,2,tr,Full FD,adaptive,12.0,1e-06,random,rand4,77,28,0.0031887188599503706
p52,2,tr,Full FD,adaptive,12.0,1e-06,random,rand4,77,29,0.0013397192549038897
p52,2,tr,Full FD,adaptive,12.0,1e-06,random,rand4,77,30,0.00010218223129881375
p52,2,tr,Full FD,adaptive,12.0,1e-06,random,rand4,77,31,2.2640382638353657e-05
p52,2,tr,Full FD,adaptive,12.0,1e-06,random,rand4,77,32,4.129005425389756e-06
p52,2,nm,Full FD,adaptive,12.0,1e-06,random,rand5,78,0,2.862178638411282
p52,2,nm,Full FD,adaptive,12.0,1e-06,random,rand5,78,1,1.4480802837349503e-08
p52,2,nm,Full FD,adaptive,12.0,1e-06,random,rand5,78,2,0.9621871153533789
p52,2,nm,Full FD,adaptive,12.0,1e-06,random,rand5,78,3,3.7322717686616433e-10
p52,2,nm,Full FD,adaptive,12.0,1e-06,random,rand5,78,4,3.5207654872536537e-10
p52,2,nm,Full FD,adaptive,12.0,1e-06,random,rand5,78,5,9.731457447384906e-08
p52,2,nm,Full FD,adaptive,12.0,1e-06,random,rand5,78,6,9.731439458725666e-08
p52,2,nm,Full FD,adaptive,12.0,1e-06,random,rand5,78,7,3.6285383447057e-10
p52,2,nm,Full FD,adaptive,12.0,1e-06,random,rand5,78,8,1.4838071332834458e-08
p52,2,nm,Full FD,adaptive,12.0,1e-06,random,rand5,78,9,1.4839361794963548e-08
p52,2,nm,Full FD,adaptive,12.0,1e-06,random,rand5,78,10,3.6280452117964874e-10
p52,2,nm,Full FD,adaptive,12.0,1e-06,random,rand5,78,11,1.8069082045738405e-07
p52,2,nm,Full FD,adaptive,12.0,1e-06,random,rand5,78,12,1.4005116753264813e-08
p52,2,nm,Full FD,adaptive,12.0,1e-06,random,rand5,78,13,2.4297868994914154e-08
p52,2,nm,Full FD,adaptive,12.0,1e-06,random,rand5,78,14,3.64237877051067e-10
p52,2,nm,Full FD,adaptive,12.0,1e-06,random,rand5,78,15,6.479305428846391e-08
p52,2,nm,Full FD,adaptive,12.0,1e-06,random,rand5,78,16,6.475949834996086e-08
p52,2,nm,Full FD,adaptive,12.0,1e-06,random,rand5,78,17,3.63557250443225e-10
p52,2,nm,Full FD,adaptive,12.0,1e-06,random,rand5,78,18,1.6513589199827294
p52,2,nm,Full FD,adaptive,12.0,1e-06,random,rand5,78,19,0.3732596976975972
p52,2,nm,Full FD,adaptive,12.0,1e-06,random,rand5,78,20,2.4154469232827613e-09
p52,2,nm,Full FD,adaptive,12.0,1e-06,random,rand5,78,21,0.0987928876905022
p52,2,nm,Full FD,adaptive,12.0,1e-06,random,rand5,78,22,0.3220631542525455
p52,2,nm,Full FD,adaptive,12.0,1e-06,random,rand5,78,23,2.3549702293778773e-08
p52,2,nm,Full FD,adaptive,12.0,1e-06,random,rand5,78,24,1.1658390895371413e-08
p52,2,nm,Full FD,adaptive,12.0,1e-06,random,rand5,78,25,2.229862424629476e-08
p52,2,nm,Full FD,adaptive,12.0,1e-06,random,rand5,78,26,5.4131479677020286e-08
p52,2,nm,Full FD,adaptive,12.0,1e-06,random,rand5,78,27,3.793131310843485e-08
p52,2,nm,Full FD,adaptive,12.0,1e-06,random,rand5,78,28,8.796338348872837e-09
p52,2,nm,Full FD,adaptive,12.0,1e-06,random,rand5,78,29,1.4534674830229747e-08
p52,2,nm,Full FD,adaptive,12.0,1e-06,random,rand5,78,30,1.788886380059369e-08
p52,2,nm,Full FD,adaptive,12.0,1e-06,random,rand5,78,31,3.462857729725395e-08
p52,2,nm,Full FD,adaptive,12.0,1e-06,random,rand5,78,32,3.000671991184606e-08
p52,2,nm,Full FD,adaptive,12.0,1e-06,random,rand5,78,33,2.3038811411998064e-08
p52,2,nm,Full FD,adaptive,12.0,1e-06,random,rand5,78,34,2.3040018084986153e-08
p52,2,nm,Full FD,adaptive,12.0,1e-06,random,rand5,78,35,2.3039984728728896e-08
p52,2,nm,Full FD,adaptive,12.0,1e-06,random,rand5,78,36,2.3040012817549382e-08
p52,2,nm,Full FD,adaptive,12.0,1e-06,random,rand5,78,37,2.303966521970181e-08
p52,2,nm,Full FD,adaptive,12.0,1e-06,random,rand5,78,38,2.303879822844396e-08
p52,2,nm,Full FD,adaptive,12.0,1e-06,random,rand5,78,39,2.3895287959956604e-07
p52,2,nm,Full FD,adaptive,12.0,1e-06,random,rand5,78,40,7.756485356989245e-09
p52,2,nm,Full FD,adaptive,12.0,1e-06,random,rand5,78,41,3.789836947324488e-08
p52,2,nm,Full FD,adaptive,12.0,1e-06,random,rand5,78,42,3.789476539205713e-08
p52,2,nm,Full FD,adaptive,12.0,1e-06,random,rand5,78,43,3.8265323657783975e-08
p52,2,nm,Full FD,adaptive,12.0,1e-06,random,rand5,78,44,5.413191171610658e-08
p52,2,nm,Full FD,adaptive,12.0,1e-06,random,rand5,78,45,5.413254622994628e-08
p52,2,nm,Full FD,adaptive,12.0,1e-06,random,rand5,78,46,0.2789451647690493
p52,2,nm,Full FD,adaptive,12.0,1e-06,random,rand5,78,47,4.4794285854830085e-09
p52,2,nm,Full FD,adaptive,12.0,1e-06,random,rand5,78,48,4.479475215640309e-09
p52,2,nm,Full FD,adaptive,12.0,1e-06,random,rand5,78,49,1.4278649659107738e-08
p52,2,nm,Full FD,adaptive,12.0,1e-06,random,rand5,78,50,0.005337615770076534
p52,2,nm,Full FD,adaptive,12.0,1e-06,random,rand5,78,51,2.749696175592635e-07
p52,2,nm,Full FD,adaptive,12.0,1e-06,random,rand5,78,52,4.9915975777692505e-08
p52,2,nm,Full FD,adaptive,12.0,1e-06,random,rand5,78,53,4.991529665299641e-08
p52,2,nm,Full FD,adaptive,12.0,1e-06,random,rand5,78,54,1.4300899845647426e-07
p52,2,nm,Full FD,adaptive,12.0,1e-06,random,rand5,78,55,7.311459788343276e-08
p52,2,nm,Full FD,adaptive,12.0,1e-06,random,rand5,78,56,2.816975129588747e-08
p52,2,nm,Full FD,adaptive,12.0,1e-06,random,rand5,78,57,1.0534580928238928e-06
p52,2,nm,Full FD,adaptive,12.0,1e-06,random,rand5,78,58,1.1704501125484483e-07
p52,2,nm,Full FD,adaptive,12.0,1e-06,random,rand5,78,59,1.201562809789526e-07
p52,2,nm,Full FD,adaptive,12.0,1e-06,random,rand5,78,60,1.2015573407032848e-07
p52,2,nm,Full FD,adaptive,12.0,1e-06,random,rand5,78,61,5.215369699830695e-08
p52,2,nm,Full FD,adaptive,12.0,1e-06,random,rand5,78,62,5.2152989560970496e-08
p52,2,nm,Full FD,adaptive,12.0,1e-06,random,rand5,78,63,1.8381669918319236e-08
p52,2,nm,Full FD,adaptive,12.0,1e-06,random,rand5,78,64,1.838165803977374e-08
p52,2,nm,Full FD,adaptive,12.0,1e-06,random,rand5,78,65,1.7207596224842528e-08
p52,2,nm,Full FD,adaptive,12.0,1e-06,random,rand5,78,66,1.8080605085735572e-07
p52,2,nm,Full FD,adaptive,12.0,1e-06,random,rand5,78,67,4.9989739966582356e-08
p52,2,nm,Full FD,adaptive,12.0,1e-06,random,rand5,78,68,4.998987497531988e-08
p52,2,nm,Full FD,adaptive,12.0,1e-06,random,rand5,78,69,6.568474222089924e-08
p52,2,nm,Full FD,adaptive,12.0,1e-06,random,rand5,78,70,6.568098083924015e-08
p52,2,nm,Full FD,adaptive,12.0,1e-06,random,rand5,78,71,6.568656983460596e-08
p52,2,nm,Full FD,adaptive,12.0,1e-06,random,rand5,78,72,7.6789678604751e-09
p52,2,nm,Full FD,adaptive,12.0,1e-06,random,rand5,78,73,7.679474771404369e-09
p52,2,nm,Full FD,adaptive,12.0,1e-06,random,rand5,78,74,2.227419759221646e-08
p52,2,nm,Full FD,adaptive,12.0,1e-06,random,rand5,78,75,5.158751942224431e-08
p52,2,nm,Full FD,adaptive,12.0,1e-06,random,rand5,78,76,1.0064902437755544e-08
p52,2,nm,Full FD,adaptive,12.0,1e-06,random,rand5,78,77,2.6382927032042696e-08
p52,2,nm,Full FD,adaptive,12.0,1e-06,random,rand5,78,78,0.05099030098786973
p52,2,nm,Full FD,adaptive,12.0,1e-06,random,rand5,78,79,3.3070813578655014e-08
p52,2,nm,Full FD,adaptive,12.0,1e-06,random,rand5,78,80,8.537061187762608e-08
p52,2,nm,Full FD,adaptive,12.0,1e-06,random,rand5,78,81,3.523012151573679e-08
p52,2,nm,Full FD,adaptive,12.0,1e-06,random,rand5,78,82,2.6720910522476467e-08
p52,2,nm,Full FD,adaptive,12.0,1e-06,random,rand5,78,83,2.9588376339886658e-08
p52,2,nm,Full FD,adaptive,12.0,1e-06,random,rand5,78,84,1.38875427709058e-08
p52,2,nm,Full FD,adaptive,12.0,1e-06,random,rand5,78,85,2.1355794996326054e-08
p52,2,nm,Full FD,adaptive,12.0,1e-06,random,rand5,78,86,3.741258173464973e-08
p52,2,nm,Full FD,adaptive,12.0,1e-06,random,rand5,78,87,3.7414598621978615e-08
p52,2,nm,Full FD,adaptive,12.0,1e-06,random,rand5,78,88,1.3114247579477012e-08
p52,2,nm,Full FD,adaptive,12.0,1e-06,random,rand5,78,89,2.588897665093816e-08
p52,2,nm,Full FD,adaptive,12.0,1e-06,random,rand5,78,90,1.745991868957168e-08
p52,2,nm,Full FD,adaptive,12.0,1e-06,random,rand5,78,91,2.3487160670015184e-07
p52,2,nm,Full FD,adaptive,12.0,1e-06,random,rand5,78,92,2.348762878174155e-07
p52,2,nm,Full FD,adaptive,12.0,1e-06,random,rand5,78,93,1.056433603292038e-07
p52,2,nm,Full FD,adaptive,12.0,1e-06,random,rand5,78,94,7.428879138251893e-08
p52,2,nm,Full FD,adaptive,12.0,1e-06,random,rand5,78,95,7.428654292397885e-08
p52,2,nm,Full FD,adaptive,12.0,1e-06,random,rand5,78,96,1.6476820174253297e-08
p52,2,nm,Full FD,adaptive,12.0,1e-06,random,rand5,78,97,2.529081914442579e-07
p52,2,nm,Full FD,adaptive,12.0,1e-06,random,rand5,78,98,2.528925043904039e-07
p52,2,nm,Full FD,adaptive,12.0,1e-06,random,rand5,78,99,2.1944915886819175e-08
p52,2,nm,Full FD,adaptive,12.0,1e-06,random,rand5,78,100,2.1946436511279344e-08
p52,2,nm,Full FD,adaptive,12.0,1e-06,random,rand5,78,101,3.2698475548390917e-08
p52,2,nm,Full FD,adaptive,12.0,1e-06,random,rand5,78,102,2.512297258106912e-08
p52,2,nm,Full FD,adaptive,12.0,1e-06,random,rand5,78,103,5.6243687012397876e-08
p52,2,nm,Full FD,adaptive,12.0,1e-06,random,rand5,78,104,5.6246434489671135e-08
p52,2,nm,Full FD,adaptive,12.0,1e-06,random,rand5,78,105,2.7244801053510982e-08
p52,2,nm,Full FD,adaptive,12.0,1e-06,random,rand5,78,106,2.7245787112986767e-08
p52,2,nm,Full FD,adaptive,12.0,1e-06,random,rand5,78,107,4.668298708107112e-08
p52,2,nm,Full FD,adaptive,12.0,1e-06,random,rand5,78,108,1.4836400836805944e-08
p52,2,nm,Full FD,adaptive,12.0,1e-06,random,rand5,78,109,3.7480387639776945e-08
p52,2,nm,Full FD,adaptive,12.0,1e-06,random,rand5,78,110,3.069969050987062e-08
p52,2,nm,Full FD,adaptive,12.0,1e-06,random,rand5,78,111,3.069921630646106e-08
p52,2,nm,Full FD,adaptive,12.0,1e-06,random,rand5,78,112,3.135661019515288e-08
p52,2,nm,Full FD,adaptive,12.0,1e-06,random,rand5,78,113,8.094973865260153e-08
p52,2,nm,Full FD,adaptive,12.0,1e-06,random,rand5,78,114,2.7215975269167598e-08
p52,2,nm,Full FD,adaptive,12.0,1e-06,random,rand5,78,115,2.7216762616818708e-08
p52,2,nm,Full FD,adaptive,12.0,1e-06,random,rand5,78,116,2.7217367801147382e-08
p52,2,nm,Full FD,adaptive,12.0,1e-06,random,rand5,78,117,1.3063267138763023e-06
p52,2,nm,Full FD,adaptive,12.0,1e-06,random,rand5,78,118,3.2278165669942805e-08
p52,2,nm,Full FD,adaptive,12.0,1e-06,random,rand5,78,119,3.2276028342784896e-08
p52,2,nm,Full FD,adaptive,12.0,1e-06,random,rand5,78,120,3.227484430364643e-08
p52,2,nm,Full FD,adaptive,12.0,1e-06,random,rand5,78,121,3.107142842520693e-08
p52,2,nm,Full FD,adaptive,12.0,1e-06,random,rand5,78,122,3.0030116367580796e-08
p52,2,nm,Full FD,adaptive,12.0,1e-06,random,rand5,78,123,3.003153699514513e-08
p52,2,nm,Full FD,adaptive,12.0,1e-06,random,rand5,78,124,1.3845354127696819e-08
p52,2,nm,Full FD,adaptive,12.0,1e-06,random,rand5,78,125,1.3845853819126002e-08
p52,2,nm,Full FD,adaptive,12.0,1e-06,random,rand5,78,126,1.3845834826581225e-08
p52,2,nm,Full FD,adaptive,12.0,1e-06,random,rand5,78,127,0.02996883431611942
p52,2,nm,Full FD,adaptive,12.0,1e-06,random,rand5,78,128,0.017843846191867147
p52,2,nm,Full FD,adaptive,12.0,1e-06,random,rand5,78,129,2.4637567468861287e-08
p52,2,nm,Full FD,adaptive,12.0,1e-06,random,rand5,78,130,2.463820808001539e-08
p52,2,nm,Full FD,adaptive,12.0,1e-06,random,rand5,78,131,3.4076605049173635e-08
p52,2,nm,Full FD,adaptive,12.0,1e-06,random,rand5,78,132,3.4079082983257084e-08
p52,2,nm,Full FD,adaptive,12.0,1e-06,random,rand5,78,133,3.626247684393194e-08
p52,2,nm,Full FD,adaptive,12.0,1e-06,random,rand5,78,134,0.010542247919883074
p52,2,nm,Full FD,adaptive,12.0,1e-06,random,rand5,78,135,0.0017732702618048213
p52,2,nm,Full FD,adaptive,12.0,1e-06,random,rand5,78,136,2.493030383855825e-08
p52,2,nm,Full FD,adaptive,12.0,1e-06,random,rand5,78,137,9.462549909051264e-07
p52,2,nm,Full FD,adaptive,12.0,1e-06,random,rand5,78,138,3.5323165435266966e-08
p52,2,nm,Full FD,adaptive,12.0,1e-06,random,rand5,78,139,3.3988736184947106e-08
p52,2,nm,Full FD,adaptive,12.0,1e-06,random,rand5,78,140,3.399011592532586e-08
p52,2,nm,Full FD,adaptive,12.0,1e-06,random,rand5,78,141,8.70683289876563e-09
p52,2,nm,Full FD,adaptive,12.0,1e-06,random,rand5,78,142,8.706432387310865e-09
p52,2,nm,Full FD,adaptive,12.0,1e-06,random,rand5,78,143,3.44071903560747e-08
p52,2,nm,Full FD,adaptive,12.0,1e-06,random,rand5,78,144,1.5013116351740904e-08
p52,2,nm,Full FD,adaptive,12.0,1e-06,random,rand5,78,145,3.0154442141778845e-08
p52,2,nm,Full FD,adaptive,12.0,1e-06,random,rand5,78,146,4.7178707062792006e-07
p52,2,nm,Full FD,adaptive,12.0,1e-06,random,rand5,78,147,2.3260753874711165e-08
p52,2,nm,Full FD,adaptive,12.0,1e-06,random,rand5,78,148,2.326053633922276e-08
p52,2,nm,Full FD,adaptive,12.0,1e-06,random,rand5,78,149,1.2544242935918038e-08
p52,2,nm,Full FD,adaptive,12.0,1e-06,random,rand5,78,150,0.004003257684552774
p52,2,nm,Full FD,adaptive,12.0,1e-06,random,rand5,78,151,2.0061621494486565e-08
p52,2,nm,Full FD,adaptive,12.0,1e-06,random,rand5,78,152,2.7124758070758642e-05
p52,2,nm,Full FD,adaptive,12.0,1e-06,random,rand5,78,153,3.650440294091592e-07
p52,2,nm,Full FD,adaptive,12.0,1e-06,random,rand5,78,154,3.6119836224856745e-07
p52,2,nm,Full FD,adaptive,12.0,1e-06,random,rand5,78,155,3.573324981001002e-07
p52,2,nm,Full FD,adaptive,12.0,1e-06,random,rand5,78,156,1.7260091016882864e-07
p52,2,nm,Full FD,adaptive,12.0,1e-06,random,rand5,78,157,1.012078493776915e-05
p52,2,nm,Full FD,adaptive,12.0,1e-06,random,rand5,78,158,4.6253361421940355e-05
p52,2,nm,Full FD,adaptive,12.0,1e-06,random,rand5,78,159,2.81536691865897e-08
p52,2,nm,Full FD,adaptive,12.0,1e-06,random,rand5,78,160,1.7593154682690425e-07
p52,2,nm,Full FD,adaptive,12.0,1e-06,random,rand5,78,161,1.820551731452892e-05
p52,2,nm,Full FD,adaptive,12.0,1e-06,random,rand5,78,162,7.28153141752178e-06
p52,2,nm,Full FD,adaptive,12.0,1e-06,random,rand5,78,163,1.1516136650829879e-06
p52,2,nm,Full FD,adaptive,12.0,1e-06,random,rand5,78,164,1.3173213644890485e-08
p52,2,nm,Full FD,adaptive,12.0,1e-06,random,rand5,78,165,2.185528947621265e-08
p52,2,nm,Full FD,adaptive,12.0,1e-06,random,rand5,78,166,1.896198682463632e-06
p52,2,nm,Full FD,adaptive,12.0,1e-06,random,rand5,78,167,7.787587774009612e-08
p52,1000,nm,Exact,,,1e-06,initial,xbar,79,0,30.632279975843666
p52,1000,nm,Exact,,,1e-06,initial,xbar,79,1,2.079754801140037
p52,1000,nm,Exact,,,1e-06,initial,xbar,79,2,0.4902068747103468
p52,1000,nm,Exact,,,1e-06,initial,xbar,79,3,0.45378587710847096
p52,1000,nm,Exact,,,1e-06,initial,xbar,79,4,0.5692994149653005
p52,1000,nm,Exact,,,1e-06,initial,xbar,79,5,0.339639805961213
p52,1000,nm,Exact,,,1e-06,initial,xbar,79,6,0.1994107302558648
p52,1000,nm,Exact,,,1e-06,initial,xbar,79,7,0.10185726621674525
p52,1000,nm,Exact,,,1e-06,initial,xbar,79,8,0.029424758909302386
p52,1000,nm,Exact,,,1e-06,initial,xbar,79,9,0.0023148675264245467
p52,1000,nm,Exact,,,1e-06,initial,xbar,79,10,1.3705713404797403e-05
p52,1000,tr,Exact,,,1e-06,initial,xbar,79,0,30.32626316644885
p52,1000,tr,Exact,,,1e-06,initial,xbar,79,1,1.3851099850557176
p52,1000,tr,Exact,,,1e-06,initial,xbar,79,2,0.13559825562876604
p52,1000,tr,Exact,,,1e-06,initial,xbar,79,3,0.20583959542877564
p52,1000,tr,Exact,,,1e-06,initial,xbar,79,4,0.010817267076111602
p52,1000,tr,Exact,,,1e-06,initial,xbar,79,5,0.01991412082981229
p52,1000,tr,Exact,,,1e-06,initial,xbar,79,6,0.0008131640856051564
p52,1000,tr,Exact,,,1e-06,initial,xbar,79,7,0.004625928435768737
p52,1000,tr,Exact,,,1e-06,initial,xbar,79,8,0.0001276982075886294
p52,1000,tr,Exact,,,1e-06,initial,xbar,79,9,6.308319802208625e-06
p52,1000,tr,Exact,,,1e-06,initial,xbar,79,10,3.1744360869660336e-07
p52,1000,nm,Exact,,,1e-06,random,rand1,80,0,11.89065470923221
p52,1000,nm,Exact,,,1e-06,random,rand1,80,1,4.680022246866177
p52,1000,nm,Exact,,,1e-06,random,rand1,80,2,4.453878612454695
p52,1000,nm,Exact,,,1e-06,random,rand1,80,3,4.230954396389213
p52,1000,nm,Exact,,,1e-06,random,rand1,80,4,1.4350725442295384
p52,1000,nm,Exact,,,1e-06,random,rand1,80,5,1.1411021187821713
p52,1000,nm,Exact,,,1e-06,random,rand1,80,6,3.711476265757834
p52,1000,nm,Exact,,,1e-06,random,rand1,80,7,3.3741494966077714
p52,1000,nm,Exact,,,1e-06,random,rand1,80,8,10.308876210968807
p52,1000,nm,Exact,,,1e-06,random,rand1,80,9,4.386479694544108
p52,1000,nm,Exact,,,1e-06,random,rand1,80,10,1.7343576105594831
p52,1000,nm,Exact,,,1e-06,random,rand1,80,11,1.7362655868384111
p52,1000,nm,Exact,,,1e-06,random,rand1,80,12,1.9397590600555454
p52,1000,nm,Exact,,,1e-06,random,rand1,80,13,0.5183045399025974
p52,1000,nm,Exact,,,1e-06,random,rand1,80,14,0.21581250572785302
p52,1000,nm,Exact,,,1e-06,random,rand1,80,15,0.7903845836255727
p52,1000,nm,Exact,,,1e-06,random,rand1,80,16,0.7986129168505554
p52,1000,nm,Exact,,,1e-06,random,rand1,80,17,0.4322974240652642
p52,1000,nm,Exact,,,1e-06,random,rand1,80,18,0.5636925297407683
p52,1000,nm,Exact,,,1e-06,random,rand1,80,19,0.8014648581730874
p52,1000,nm,Exact,,,1e-06,random,rand1,80,20,0.10332556287502138
p52,1000,nm,Exact,,,1e-06,random,rand1,80,21,0.018146464956085958
p52,1000,nm,Exact,,,1e-06,random,rand1,80,22,0.0005322095284880456
p52,1000,nm,Exact,,,1e-06,random,rand1,80,23,4.4563418399328847e-07
p52,1000,tr,Exact,,,1e-06,random,rand1,80,0,14.064848766132053
p52,1000,tr,Exact,,,1e-06,random,rand1,80,1,6.230999579247574
p52,1000,tr,Exact,,,1e-06,random,rand1,80,2,15.094413835142163
p52,1000,tr,Exact,,,1e-06,random,rand1,80,3,15.761482235966168
p52,1000,tr,Exact,,,1e-06,random,rand1,80,4,3.567078781058432
p52,1000,tr,Exact,,,1e-06,random,rand1,80,5,3.1983380843029057
p52,1000,tr,Exact,,,1e-06,random,rand1,80,6,2.3829715734790535
p52,1000,tr,Exact,,,1e-06,random,rand1,80,7,0.591556553378275
p52,1000,tr,Exact,,,1e-06,random,rand1,80,8,0.2677218299350841
p52,1000,tr,Exact,,,1e-06,random,rand1,80,9,0.058276575669277915
p52,1000,tr,Exact,,,1e-06,random,rand1,80,10,0.10924198151443157
p52,1000,tr,Exact,,,1e-06,random,rand1,80,11,0.002774743846327277
p52,1000,tr,Exact,,,1e-06,random,rand1,80,12,0.005056805365633236
p52,1000,tr,Exact,,,1e-06,random,rand1,80,13,8.656790954079264e-05
p52,1000,tr,Exact,,,1e-06,random,rand1,80,14,2.4068269948077516e-05
p52,1000,tr,Exact,,,1e-06,random,rand1,80,15,2.2971237727341758e-07
p52,1000,nm,Exact,,,1e-06,random,rand2,81,0,11.617092964311714
p52,1000,nm,Exact,,,1e-06,random,rand2,81,1,1.745205807209217
p52,1000,nm,Exact,,,1e-06,random,rand2,81,2,4.699513246237148
p52,1000,nm,Exact,,,1e-06,random,rand2,81,3,3.4448659804661346
p52,1000,nm,Exact,,,1e-06,random,rand2,81,4,2.424753489766618
p52,1000,nm,Exact,,,1e-06,random,rand2,81,5,5.060835022624395
p52,1000,nm,Exact,,,1e-06,random,rand2,81,6,5.036357038090107
p52,1000,nm,Exact,,,1e-06,random,rand2,81,7,9.959553416017645
p52,1000,nm,Exact,,,1e-06,random,rand2,81,8,1.2715090321507951
p52,1000,nm,Exact,,,1e-06,random,rand2,81,9,3.8744873386868277
p52,1000,nm,Exact,,,1e-06,random,rand2,81,10,1.260034939151469
p52,1000,nm,Exact,,,1e-06,random,rand2,81,11,0.5939741460872149
p52,1000,nm,Exact,,,1e-06,random,rand2,81,12,0.24910945776206023
p52,1000,nm,Exact,,,1e-06,random,rand2,81,13,0.0643180150652672
p52,1000,nm,Exact,,,1e-06,random,rand2,81,14,0.005990438807857139
p52,1000,nm,Exact,,,1e-06,random,rand2,81,15,7.27258848068023e-05
p52,1000,nm,Exact,,,1e-06,random,rand2,81,16,2.3493790537012637e-06
p52,1000,nm,Exact,,,1e-06,random,rand2,81,17,1.2195259018074225e-07
p52,1000,tr,Exact,,,1e-06,random,rand2,81,0,10.200125734560933
p52,1000,tr,Exact,,,1e-06,random,rand2,81,1,5.731709057085081
p52,1000,tr,Exact,,,1e-06,random,rand2,81,2,18.894466000689103
p52,1000,tr,Exact,,,1e-06,random,rand2,81,3,5.159480575628236
p52,1000,tr,Exact,,,1e-06,random,rand2,81,4,11.124332230456593
p52,1000,tr,Exact,,,1e-06,random,rand2,81,5,2.499016489374139
p52,1000,tr,Exact,,,1e-06,random,rand2,81,6,2.7201343975008654
p52,1000,tr,Exact,,,1e-06,random,rand2,81,7,0.5825131985284902
p52,1000,tr,Exact,,,1e-06,random,rand2,81,8,0.30994414643410206
p52,1000,tr,Exact,,,1e-06,random,rand2,81,9,0.052621692363639304
p52,1000,tr,Exact,,,1e-06,random,rand2,81,10,0.09398674989079918
p52,1000,tr,Exact,,,1e-06,random,rand2,81,11,0.03688775691179512
p52,1000,tr,Exact,,,1e-06,random,rand2,81,12,0.010926030749398581
p52,1000,tr,Exact,,,1e-06,random,rand2,81,13,0.008244360047983516
p52,1000,tr,Exact,,,1e-06,random,rand2,81,14,0.0008039185874312987
p52,1000,tr,Exact,,,1e-06,random,rand2,81,15,0.00010798073039319923
p52,1000,tr,Exact,,,1e-06,random,rand2,81,16,4.167933571719393e-06
p52,1000,tr,Exact,,,1e-06,random,rand2,81,17,2.1180848828388122e-07
p52,1000,nm,Exact,,,1e-06,random,rand3,82,0,10.246696470962458
p52,1000,nm,Exact,,,1e-06,random,rand3,82,1,14.756272090516664
p52,1000,nm,Exact,,,1e-06,random,rand3,82,2,12.57606801039421
p52,1000,nm,Exact,,,1e-06,random,rand3,82,3,6.504978697244831
p52,1000,nm,Exact,,,1e-06,random,rand3,82,4,2.8893468054606135
p52,1000,nm,Exact,,,1e-06,random,rand3,82,5,1.0142744001281276
p52,1000,nm,Exact,,,1e-06,random,rand3,82,6,0.7786706948643433
p52,1000,nm,Exact,,,1e-06,random,rand3,82,7,0.3680372716507162
p52,1000,nm,Exact,,,1e-06,random,rand3,82,8,0.1278812191255372
p52,1000,nm,Exact,,,1e-06,random,rand3,82,9,0.01461253939990916
p52,1000,nm,Exact,,,1e-06,random,rand3,82,10,0.00018651304069257425
p52,1000,nm,Exact,,,1e-06,random,rand3,82,11,3.309477529212874e-08
p52,1000,tr,Exact,,,1e-06,random,rand3,82,0,13.217242025698317
p52,1000,tr,Exact,,,1e-06,random,rand3,82,1,5.64950725425892
p52,1000,tr,Exact,,,1e-06,random,rand3,82,2,11.440177234046308
p52,1000,tr,Exact,,,1e-06,random,rand3,82,3,4.084499096295816
p52,1000,tr,Exact,,,1e-06,random,rand3,82,4,0.4492848991151571
p52,1000,tr,Exact,,,1e-06,random,rand3,82,5,9.517967447418194
p52,1000,tr,Exact,,,1e-06,random,rand3,82,6,0.7031196962256622
p52,1000,tr,Exact,,,1e-06,random,rand3,82,7,0.7188840493436837
p52,1000,tr,Exact,,,1e-06,random,rand3,82,8,8.718253290639462
p52,1000,tr,Exact,,,1e-06,random,rand3,82,9,2.3642703712387876
p52,1000,tr,Exact,,,1e-06,random,rand3,82,10,1.4245600951683326
p52,1000,tr,Exact,,,1e-06,random,rand3,82,11,1.7609879890674134
p52,1000,tr,Exact,,,1e-06,random,rand3,82,12,0.6639598963355142
p52,1000,tr,Exact,,,1e-06,random,rand3,82,13,0.18701517244971766
p52,1000,tr,Exact,,,1e-06,random,rand3,82,14,0.05794578612168679
p52,1000,tr,Exact,,,1e-06,random,rand3,82,15,0.007804937975481673
p52,1000,tr,Exact,,,1e-06,random,rand3,82,16,0.019789761674404945
p52,1000,tr,Exact,,,1e-06,random,rand3,82,17,0.0008812420029387975
p52,1000,tr,Exact,,,1e-06,random,rand3,82,18,0.0005122431957546758
p52,1000,tr,Exact,,,1e-06,random,rand3,82,19,1.4109841945776487e-06
p52,1000,tr,Exact,,,1e-06,random,rand3,82,20,1.3365314218912551e-07
p52,1000,nm,Exact,,,1e-06,random,rand4,83,0,3.6307435786969084
p52,1000,nm,Exact,,,1e-06,random,rand4,83,1,0.8760552952780252
p52,1000,nm,Exact,,,1e-06,random,rand4,83,2,1.7960543076827644
p52,1000,nm,Exact,,,1e-06,random,rand4,83,3,3.692329403867598
p52,1000,nm,Exact,,,1e-06,random,rand4,83,4,7.458020552649261
p52,1000,nm,Exact,,,1e-06,random,rand4,83,5,5.675315872061762
p52,1000,nm,Exact,,,1e-06,random,rand4,83,6,1.3838291006861987
p52,1000,nm,Exact,,,1e-06,random,rand4,83,7,3.691417057838747
p52,1000,nm,Exact,,,1e-06,random,rand4,83,8,6.1412883653003
p52,1000,nm,Exact,,,1e-06,random,rand4,83,9,10.746785282788796
p52,1000,nm,Exact,,,1e-06,random,rand4,83,10,0.524187337978868
p52,1000,nm,Exact,,,1e-06,random,rand4,83,11,0.5774745183470403
p52,1000,nm,Exact,,,1e-06,random,rand4,83,12,1.6187109372536157
p52,1000,nm,Exact,,,1e-06,random,rand4,83,13,1.398275528224028
p52,1000,nm,Exact,,,1e-06,random,rand4,83,14,0.5321722636434373
p52,1000,nm,Exact,,,1e-06,random,rand4,83,15,0.1816755744573041
p52,1000,nm,Exact,,,1e-06,random,rand4,83,16,0.046719181406705154
p52,1000,nm,Exact,,,1e-06,random,rand4,83,17,0.0034408004887566176
p52,1000,nm,Exact,,,1e-06,random,rand4,83,18,3.642171099770101e-05
p52,1000,nm,Exact,,,1e-06,random,rand4,83,19,1.6082506387582116e-06
p52,1000,tr,Exact,,,1e-06,random,rand4,83,0,9.952148912572259
p52,1000,tr,Exact,,,1e-06,random,rand4,83,1,8.60071712542594
p52,1000,tr,Exact,,,1e-06,random,rand4,83,2,19.1773354324938
p52,1000,tr,Exact,,,1e-06,random,rand4,83,3,14.174752957356148
p52,1000,tr,Exact,,,1e-06,random,rand4,83,4,3.8756395522431117
p52,1000,tr,Exact,,,1e-06,random,rand4,83,5,2.732239205289084
p52,1000,tr,Exact,,,1e-06,random,rand4,83,6,2.6390267616516945
p52,1000,tr,Exact,,,1e-06,random,rand4,83,7,1.4061844553387628
p52,1000,tr,Exact,,,1e-06,random,rand4,83,8,0.38806399633340816
p52,1000,tr,Exact,,,1e-06,random,rand4,83,9,0.18117776397699822
p52,1000,tr,Exact,,,1e-06,random,rand4,83,10,0.031081730066932527
p52,1000,tr,Exact,,,1e-06,random,rand4,83,11,0.07135247092886855
p52,1000,tr,Exact,,,1e-06,random,rand4,83,12,0.035651922078226574
p52,1000,tr,Exact,,,1e-06,random,rand4,83,13,0.013683966889592336
p52,1000,tr,Exact,,,1e-06,random,rand4,83,14,0.0015315845274087104
p52,1000,tr,Exact,,,1e-06,random,rand4,83,15,9.655401327737006e-05
p52,1000,tr,Exact,,,1e-06,random,rand4,83,16,4.710687852207371e-06
p52,1000,tr,Exact,,,1e-06,random,rand4,83,17,2.386025978993685e-07
p52,1000,nm,Exact,,,1e-06,random,rand5,84,0,13.127796029618104
p52,1000,nm,Exact,,,1e-06,random,rand5,84,1,2.195181435776383
p52,1000,nm,Exact,,,1e-06,random,rand5,84,2,5.483151408711845
p52,1000,nm,Exact,,,1e-06,random,rand5,84,3,10.904069194379407
p52,1000,nm,Exact,,,1e-06,random,rand5,84,4,9.169896824104121
p52,1000,nm,Exact,,,1e-06,random,rand5,84,5,3.5980360748658424
p52,1000,nm,Exact,,,1e-06,random,rand5,84,6,2.1222046652153868
p52,1000,nm,Exact,,,1e-06,random,rand5,84,7,0.799088137852737
p52,1000,nm,Exact,,,1e-06,random,rand5,84,8,0.7340185005382067
p52,1000,nm,Exact,,,1e-06,random,rand5,84,9,0.5499041953839439
p52,1000,nm,Exact,,,1e-06,random,rand5,84,10,1.2439000991158538
p52,1000,nm,Exact,,,1e-06,random,rand5,84,11,0.22330835814919076
p52,1000,nm,Exact,,,1e-06,random,rand5,84,12,0.07730121761389834
p52,1000,nm,Exact,,,1e-06,random,rand5,84,13,0.008763159152741317
p52,1000,nm,Exact,,,1e-06,random,rand5,84,14,0.00010868432709496272
p52,1000,nm,Exact,,,1e-06,random,rand5,84,15,1.7328298443033427e-08
p52,1000,tr,Exact,,,1e-06,random,rand5,84,0,10.369435234768117
p52,1000,tr,Exact,,,1e-06,random,rand5,84,1,7.166495609196205
p52,1000,tr,Exact,,,1e-06,random,rand5,84,2,7.504470095033483
p52,1000,tr,Exact,,,1e-06,random,rand5,84,3,0.696300524448699
p52,1000,tr,Exact,,,1e-06,random,rand5,84,4,23.009702569252468
p52,1000,tr,Exact,,,1e-06,random,rand5,84,5,3.654483344808916
p52,1000,tr,Exact,,,1e-06,random,rand5,84,6,3.7632631040826383
p52,1000,tr,Exact,,,1e-06,random,rand5,84,7,5.463777984110244
p52,1000,tr,Exact,,,1e-06,random,rand5,84,8,1.5802127296032777
p52,1000,tr,Exact,,,1e-06,random,rand5,84,9,0.818709931143698
p52,1000,tr,Exact,,,1e-06,random,rand5,84,10,0.5625633342965055
p52,1000,tr,Exact,,,1e-06,random,rand5,84,11,0.08679918066281651
p52,1000,tr,Exact,,,1e-06,random,rand5,84,12,0.012986659829565265
p52,1000,tr,Exact,,,1e-06,random,rand5,84,13,0.039485373094930845
p52,1000,tr,Exact,,,1e-06,random,rand5,84,14,0.008183186195898673
p52,1000,tr,Exact,,,1e-06,random,rand5,84,15,0.005784268543664887
p52,1000,tr,Exact,,,1e-06,random,rand5,84,16,0.0004304302975399668
p52,1000,tr,Exact,,,1e-06,random,rand5,84,17,2.2829637621680225e-05
p52,1000,tr,Exact,,,1e-06,random,rand5,84,18,1.1567874183686725e-06
p52,1000,nm,Mixed FD,scalar,4.0,1e-06,initial,xbar,85,0,30.640879329071943
p52,1000,nm,Mixed FD,scalar,4.0,1e-06,initial,xbar,85,1,1.6427291472774157
p52,1000,nm,Mixed FD,scalar,4.0,1e-06,initial,xbar,85,2,0.6777758860134904
p52,1000,nm,Mixed FD,scalar,4.0,1e-06,initial,xbar,85,3,0.5013656064186229
p52,1000,nm,Mixed FD,scalar,4.0,1e-06,initial,xbar,85,4,0.37733210140384243
p52,1000,nm,Mixed FD,scalar,4.0,1e-06,initial,xbar,85,5,0.2671821014105598
p52,1000,nm,Mixed FD,scalar,4.0,1e-06,initial,xbar,85,6,0.16845738671431854
p52,1000,nm,Mixed FD,scalar,4.0,1e-06,initial,xbar,85,7,0.07914316820242578
p52,1000,nm,Mixed FD,scalar,4.0,1e-06,initial,xbar,85,8,0.0179451711017758
p52,1000,nm,Mixed FD,scalar,4.0,1e-06,initial,xbar,85,9,0.0008655004454341139
p52,1000,nm,Mixed FD,scalar,4.0,1e-06,initial,xbar,85,10,2.1732316101109845e-06
p52,1000,tr,Mixed FD,scalar,4.0,1e-06,initial,xbar,85,0,30.333537361154388
p52,1000,tr,Mixed FD,scalar,4.0,1e-06,initial,xbar,85,1,1.375911870974838
p52,1000,tr,Mixed FD,scalar,4.0,1e-06,initial,xbar,85,2,0.13374025018824273
p52,1000,tr,Mixed FD,scalar,4.0,1e-06,initial,xbar,85,3,0.20673113895398978
p52,1000,tr,Mixed FD,scalar,4.0,1e-06,initial,xbar,85,4,0.011230289782262568
p52,1000,tr,Mixed FD,scalar,4.0,1e-06,initial,xbar,85,5,0.019154416939536848
p52,1000,tr,Mixed FD,scalar,4.0,1e-06,initial,xbar,85,6,0.0009616718705569588
p52,1000,tr,Mixed FD,scalar,4.0,1e-06,initial,xbar,85,7,0.0048637087757567
p52,1000,tr,Mixed FD,scalar,4.0,1e-06,initial,xbar,85,8,0.00012727141896915837
p52,1000,tr,Mixed FD,scalar,4.0,1e-06,initial,xbar,85,9,4.308335957254176e-07
p52,1000,nm,Mixed FD,scalar,4.0,1e-06,random,rand1,86,0,5.634132992472111
p52,1000,nm,Mixed FD,scalar,4.0,1e-06,random,rand1,86,1,9.031758171056905
p52,1000,nm,Mixed FD,scalar,4.0,1e-06,random,rand1,86,2,4.980889928670992
p52,1000,nm,Mixed FD,scalar,4.0,1e-06,random,rand1,86,3,7.092079531674816
p52,1000,nm,Mixed FD,scalar,4.0,1e-06,random,rand1,86,4,7.865012010174784
p52,1000,nm,Mixed FD,scalar,4.0,1e-06,random,rand1,86,5,7.384127194780186
p52,1000,nm,Mixed FD,scalar,4.0,1e-06,random,rand1,86,6,10.716870212096294
p52,1000,nm,Mixed FD,scalar,4.0,1e-06,random,rand1,86,7,7.315220717085147
p52,1000,nm,Mixed FD,scalar,4.0,1e-06,random,rand1,86,8,6.596546635435578
p52,1000,nm,Mixed FD,scalar,4.0,1e-06,random,rand1,86,9,3.679140145062275
p52,1000,nm,Mixed FD,scalar,4.0,1e-06,random,rand1,86,10,2.3448792202196618
p52,1000,nm,Mixed FD,scalar,4.0,1e-06,random,rand1,86,11,1.3225375467391471
p52,1000,nm,Mixed FD,scalar,4.0,1e-06,random,rand1,86,12,0.6496710358384924
p52,1000,nm,Mixed FD,scalar,4.0,1e-06,random,rand1,86,13,0.23508525035831063
p52,1000,nm,Mixed FD,scalar,4.0,1e-06,random,rand1,86,14,0.043649904920406435
p52,1000,nm,Mixed FD,scalar,4.0,1e-06,random,rand1,86,15,0.0022118035771778993
p52,1000,nm,Mixed FD,scalar,4.0,1e-06,random,rand1,86,16,7.874935656865843e-06
p52,1000,tr,Mixed FD,scalar,4.0,1e-06,random,rand1,86,0,14.822314688406228
p52,1000,tr,Mixed FD,scalar,4.0,1e-06,random,rand1,86,1,18.990896004306308
p52,1000,tr,Mixed FD,scalar,4.0,1e-06,random,rand1,86,2,3.500823708936989
p52,1000,tr,Mixed FD,scalar,4.0,1e-06,random,rand1,86,3,11.684017560761257
p52,1000,tr,Mixed FD,scalar,4.0,1e-06,random,rand1,86,4,2.304358220664539
p52,1000,tr,Mixed FD,scalar,4.0,1e-06,random,rand1,86,5,2.4318580349873886
p52,1000,tr,Mixed FD,scalar,4.0,1e-06,random,rand1,86,6,0.6345717720137668
p52,1000,tr,Mixed FD,scalar,4.0,1e-06,random,rand1,86,7,0.11055771796642261
p52,1000,tr,Mixed FD,scalar,4.0,1e-06,random,rand1,86,8,0.22050223849974313
p52,1000,tr,Mixed FD,scalar,4.0,1e-06,random,rand1,86,9,0.011183168570886536
p52,1000,tr,Mixed FD,scalar,4.0,1e-06,random,rand1,86,10,0.020149756225678512
p52,1000,tr,Mixed FD,scalar,4.0,1e-06,random,rand1,86,11,0.0007015442309707325
p52,1000,tr,Mixed FD,scalar,4.0,1e-06,random,rand1,86,12,0.00037771880195099414
p52,1000,tr,Mixed FD,scalar,4.0,1e-06,random,rand1,86,13,1.526881918640175e-06
p52,1000,tr,Mixed FD,scalar,4.0,1e-06,random,rand1,86,14,1.0526248427526931e-07
p52,1000,nm,Mixed FD,scalar,4.0,1e-06,random,rand2,87,0,6.575970251938386
p52,1000,nm,Mixed FD,scalar,4.0,1e-06,random,rand2,87,1,12.130798769008502
p52,1000,nm,Mixed FD,scalar,4.0,1e-06,random,rand2,87,2,8.728683496055519
p52,1000,nm,Mixed FD,scalar,4.0,1e-06,random,rand2,87,3,4.971818433431684
p52,1000,nm,Mixed FD,scalar,4.0,1e-06,random,rand2,87,4,7.179044769025891
p52,1000,nm,Mixed FD,scalar,4.0,1e-06,random,rand2,87,5,2.224440398431268
p52,1000,nm,Mixed FD,scalar,4.0,1e-06,random,rand2,87,6,7.8484829730552566
p52,1000,nm,Mixed FD,scalar,4.0,1e-06,random,rand2,87,7,4.063665005201023
p52,1000,nm,Mixed FD,scalar,4.0,1e-06,random,rand2,87,8,6.746793657472454
p52,1000,nm,Mixed FD,scalar,4.0,1e-06,random,rand2,87,9,4.969154163828153
p52,1000,nm,Mixed FD,scalar,4.0,1e-06,random,rand2,87,10,2.9526347771985963
p52,1000,nm,Mixed FD,scalar,4.0,1e-06,random,rand2,87,11,1.1297700684648373
p52,1000,nm,Mixed FD,scalar,4.0,1e-06,random,rand2,87,12,3.106027780625019
p52,1000,nm,Mixed FD,scalar,4.0,1e-06,random,rand2,87,13,1.4967739075236042
p52,1000,nm,Mixed FD,scalar,4.0,1e-06,random,rand2,87,14,0.8377436123267273
p52,1000,nm,Mixed FD,scalar,4.0,1e-06,random,rand2,87,15,0.3835348600317755
p52,1000,nm,Mixed FD,scalar,4.0,1e-06,random,rand2,87,16,0.10719407167114085
p52,1000,nm,Mixed FD,scalar,4.0,1e-06,random,rand2,87,17,0.00986548873791918
p52,1000,nm,Mixed FD,scalar,4.0,1e-06,random,rand2,87,18,0.00010665249186602078
p52,1000,nm,Mixed FD,scalar,4.0,1e-06,random,rand2,87,19,3.394466404138863e-08
p52,1000,tr,Mixed FD,scalar,4.0,1e-06,random,rand2,87,0,10.846309439542603
p52,1000,tr,Mixed FD,scalar,4.0,1e-06,random,rand2,87,1,20.396782731271315
p52,1000,tr,Mixed FD,scalar,4.0,1e-06,random,rand2,87,2,11.548631570694004
p52,1000,tr,Mixed FD,scalar,4.0,1e-06,random,rand2,87,3,2.7647145754238194
p52,1000,tr,Mixed FD,scalar,4.0,1e-06,random,rand2,87,4,2.5222244861019503
p52,1000,tr,Mixed FD,scalar,4.0,1e-06,random,rand2,87,5,2.015183064189022
p52,1000,tr,Mixed FD,scalar,4.0,1e-06,random,rand2,87,6,0.6025617142747496
p52,1000,tr,Mixed FD,scalar,4.0,1e-06,random,rand2,87,7,0.08749784747384452
p52,1000,tr,Mixed FD,scalar,4.0,1e-06,random,rand2,87,8,0.11201239144970947
p52,1000,tr,Mixed FD,scalar,4.0,1e-06,random,rand2,87,9,0.0434336862804227
p52,1000,tr,Mixed FD,scalar,4.0,1e-06,random,rand2,87,10,0.013222920941128228
p52,1000,tr,Mixed FD,scalar,4.0,1e-06,random,rand2,87,11,0.010149355989027622
p52,1000,tr,Mixed FD,scalar,4.0,1e-06,random,rand2,87,12,0.000526862254201602
p52,1000,tr,Mixed FD,scalar,4.0,1e-06,random,rand2,87,13,1.055834301729389e-05
p52,1000,tr,Mixed FD,scalar,4.0,1e-06,random,rand2,87,14,1.2621306317150304e-08
p52,1000,nm,Mixed FD,scalar,4.0,1e-06,random,rand3,88,0,15.78660025201816
p52,1000,nm,Mixed FD,scalar,4.0,1e-06,random,rand3,88,1,14.56827736888718
p52,1000,nm,Mixed FD,scalar,4.0,1e-06,random,rand3,88,2,3.3616139515240273
p52,1000,nm,Mixed FD,scalar,4.0,1e-06,random,rand3,88,3,3.308755174482319
p52,1000,nm,Mixed FD,scalar,4.0,1e-06,random,rand3,88,4,3.878941817796442
p52,1000,nm,Mixed FD,scalar,4.0,1e-06,random,rand3,88,5,7.046131882147691
p52,1000,nm,Mixed FD,scalar,4.0,1e-06,random,rand3,88,6,1.9422934544305017
p52,1000,nm,Mixed FD,scalar,4.0,1e-06,random,rand3,88,7,1.8464684203295687
p52,1000,nm,Mixed FD,scalar,4.0,1e-06,random,rand3,88,8,0.892020752284227
p52,1000,nm,Mixed FD,scalar,4.0,1e-06,random,rand3,88,9,0.40360332911121616
p52,1000,nm,Mixed FD,scalar,4.0,1e-06,random,rand3,88,10,0.12919547986124058
p52,1000,nm,Mixed FD,scalar,4.0,1e-06,random,rand3,88,11,0.02401960097037508
p52,1000,nm,Mixed FD,scalar,4.0,1e-06,random,rand3,88,12,0.0009680214582605858
p52,1000,nm,Mixed FD,scalar,4.0,1e-06,random,rand3,88,13,1.7102359698890202e-06
p52,1000,tr,Mixed FD,scalar,4.0,1e-06,random,rand3,88,0,13.477606946419765
p52,1000,tr,Mixed FD,scalar,4.0,1e-06,random,rand3,88,1,16.04618914881828
p52,1000,tr,Mixed FD,scalar,4.0,1e-06,random,rand3,88,2,11.603626924632113
p52,1000,tr,Mixed FD,scalar,4.0,1e-06,random,rand3,88,3,4.005519928736396
p52,1000,tr,Mixed FD,scalar,4.0,1e-06,random,rand3,88,4,4.946059400084768
p52,1000,tr,Mixed FD,scalar,4.0,1e-06,random,rand3,88,5,1.0691784009038638
p52,1000,tr,Mixed FD,scalar,4.0,1e-06,random,rand3,88,6,0.8340071128821939
p52,1000,tr,Mixed FD,scalar,4.0,1e-06,random,rand3,88,7,0.5573956538318079
p52,1000,tr,Mixed FD,scalar,4.0,1e-06,random,rand3,88,8,0.1541946351317119
p52,1000,tr,Mixed FD,scalar,4.0,1e-06,random,rand3,88,9,0.035367587300473284
p52,1000,tr,Mixed FD,scalar,4.0,1e-06,random,rand3,88,10,0.023130400582000634
p52,1000,tr,Mixed FD,scalar,4.0,1e-06,random,rand3,88,11,0.0020273741604584024
p52,1000,tr,Mixed FD,scalar,4.0,1e-06,random,rand3,88,12,0.0019178395380571307
p52,1000,tr,Mixed FD,scalar,4.0,1e-06,random,rand3,88,13,6.955156008923695e-06
p52,1000,tr,Mixed FD,scalar,4.0,1e-06,random,rand3,88,14,7.099486650127482e-07
p52,1000,nm,Mixed FD,scalar,4.0,1e-06,random,rand4,89,0,6.844249266102949
p52,1000,nm,Mixed FD,scalar,4.0,1e-06,random,rand4,89,1,5.860544290239106
p52,1000,nm,Mixed FD,scalar,4.0,1e-06,random,rand4,89,2,7.62371185337254
p52,1000,nm,Mixed FD,scalar,4.0,1e-06,random,rand4,89,3,7.590116716973443
p52,1000,nm,Mixed FD,scalar,4.0,1e-06,random,rand4,89,4,10.184518395147515
p52,1000,nm,Mixed FD,scalar,4.0,1e-06,random,rand4,89,5,1.1246398601553502
p52,1000,nm,Mixed FD,scalar,4.0,1e-06,random,rand4,89,6,11.800288868898456
p52,1000,nm,Mixed FD,scalar,4.0,1e-06,random,rand4,89,7,7.136608501518258
p52,1000,nm,Mixed FD,scalar,4.0,1e-06,random,rand4,89,8,5.9382960137171565
p52,1000,nm,Mixed FD,scalar,4.0,1e-06,random,rand4,89,9,3.7582232376752116
p52,1000,nm,Mixed FD,scalar,4.0,1e-06,random,rand4,89,10,4.0509996717513514
p52,1000,nm,Mixed FD,scalar,4.0,1e-06,random,rand4,89,11,2.2698121551226342
p52,1000,nm,Mixed FD,scalar,4.0,1e-06,random,rand4,89,12,1.2476221049544045
p52,1000,nm,Mixed FD,scalar,4.0,1e-06,random,rand4,89,13,0.6731362219277459
p52,1000,nm,Mixed FD,scalar,4.0,1e-06,random,rand4,89,14,0.3227953519594403
p52,1000,nm,Mixed FD,scalar,4.0,1e-06,random,rand4,89,15,0.10622027631958812
p52,1000,nm,Mixed FD,scalar,4.0,1e-06,random,rand4,89,16,0.015626726969832392
p52,1000,nm,Mixed FD,scalar,4.0,1e-06,random,rand4,89,17,0.0003904994903473442
p52,1000,nm,Mixed FD,scalar,4.0,1e-06,random,rand4,89,18,3.167271187691672e-07
p52,1000,tr,Mixed FD,scalar,4.0,1e-06,random,rand4,89,0,10.661572648120151
p52,1000,tr,Mixed FD,scalar,4.0,1e-06,random,rand4,89,1,19.929419457985773
p52,1000,tr,Mixed FD,scalar,4.0,1e-06,random,rand4,89,2,13.272511204680656
p52,1000,tr,Mixed FD,scalar,4.0,1e-06,random,rand4,89,3,2.8818064522466855
p52,1000,tr,Mixed FD,scalar,4.0,1e-06,random,rand4,89,4,2.637307651308184
p52,1000,tr,Mixed FD,scalar,4.0,1e-06,random,rand4,89,5,2.0888509592633264
p52,1000,tr,Mixed FD,scalar,4.0,1e-06,random,rand4,89,6,0.6744382377902703
p52,1000,tr,Mixed FD,scalar,4.0,1e-06,random,rand4,89,7,0.15648722080429278
p52,1000,tr,Mixed FD,scalar,4.0,1e-06,random,rand4,89,8,0.1999175347983707
p52,1000,tr,Mixed FD,scalar,4.0,1e-06,random,rand4,89,9,0.010977075731302972
p52,1000,tr,Mixed FD,scalar,4.0,1e-06,random,rand4,89,10,0.05707755628730362
p52,1000,tr,Mixed FD,scalar,4.0,1e-06,random,rand4,89,11,0.018623055226066377
p52,1000,tr,Mixed FD,scalar,4.0,1e-06,random,rand4,89,12,0.0017163483076698168
p52,1000,tr,Mixed FD,scalar,4.0,1e-06,random,rand4,89,13,2.6933779639305105e-05
p52,1000,tr,Mixed FD,scalar,4.0,1e-06,random,rand4,89,14,2.4629797566586308e-08
p52,1000,nm,Mixed FD,scalar,4.0,1e-06,random,rand5,90,0,11.625037095253129
p52,1000,nm,Mixed FD,scalar,4.0,1e-06,random,rand5,90,1,9.261598887105588
p52,1000,nm,Mixed FD,scalar,4.0,1e-06,random,rand5,90,2,8.055489273602456
p52,1000,nm,Mixed FD,scalar,4.0,1e-06,random,rand5,90,3,11.213791007805666
p52,1000,nm,Mixed FD,scalar,4.0,1e-06,random,rand5,90,4,4.750277350013269
p52,1000,nm,Mixed FD,scalar,4.0,1e-06,random,rand5,90,5,7.8035249464546235
p52,1000,nm,Mixed FD,scalar,4.0,1e-06,random,rand5,90,6,6.659568773925194
p52,1000,nm,Mixed FD,scalar,4.0,1e-06,random,rand5,90,7,6.0342998515953505
p52,1000,nm,Mixed FD,scalar,4.0,1e-06,random,rand5,90,8,4.121143166646933
p52,1000,nm,Mixed FD,scalar,4.0,1e-06,random,rand5,90,9,3.391733921055011
p52,1000,nm,Mixed FD,scalar,4.0,1e-06,random,rand5,90,10,2.1474604235592403
p52,1000,nm,Mixed FD,scalar,4.0,1e-06,random,rand5,90,11,1.1997553936089527
p52,1000,nm,Mixed FD,scalar,4.0,1e-06,random,rand5,90,12,0.6015856671009037
p52,1000,nm,Mixed FD,scalar,4.0,1e-06,random,rand5,90,13,0.21271960478633914
p52,1000,nm,Mixed FD,scalar,4.0,1e-06,random,rand5,90,14,0.034863486696621926
p52,1000,nm,Mixed FD,scalar,4.0,1e-06,random,rand5,90,15,0.0012726189013197906
p52,1000,nm,Mixed FD,scalar,4.0,1e-06,random,rand5,90,16,2.4845232339356233e-06
p52,1000,tr,Mixed FD,scalar,4.0,1e-06,random,rand5,90,0,18.545929667247282
p52,1000,tr,Mixed FD,scalar,4.0,1e-06,random,rand5,90,1,14.898363400526492
p52,1000,tr,Mixed FD,scalar,4.0,1e-06,random,rand5,90,2,4.4919979697758405
p52,1000,tr,Mixed FD,scalar,4.0,1e-06,random,rand5,90,3,8.285321350503157
p52,1000,tr,Mixed FD,scalar,4.0,1e-06,random,rand5,90,4,2.4634677847922433
p52,1000,tr,Mixed FD,scalar,4.0,1e-06,random,rand5,90,5,1.323945366554758
p52,1000,tr,Mixed FD,scalar,4.0,1e-06,random,rand5,90,6,0.8027553393770959
p52,1000,tr,Mixed FD,scalar,4.0,1e-06,random,rand5,90,7,0.2583214792262893
p52,1000,tr,Mixed FD,scalar,4.0,1e-06,random,rand5,90,8,0.09089308236881778
p52,1000,tr,Mixed FD,scalar,4.0,1e-06,random,rand5,90,9,0.012427251126377442
p52,1000,tr,Mixed FD,scalar,4.0,1e-06,random,rand5,90,10,0.043013830852556195
p52,1000,tr,Mixed FD,scalar,4.0,1e-06,random,rand5,90,11,0.02106365497070198
p52,1000,tr,Mixed FD,scalar,4.0,1e-06,random,rand5,90,12,0.010971256380774282
p52,1000,tr,Mixed FD,scalar,4.0,1e-06,random,rand5,90,13,0.00026104478414356794
p52,1000,tr,Mixed FD,scalar,4.0,1e-06,random,rand5,90,14,0.0008360547993324103
p52,1000,tr,Mixed FD,scalar,4.0,1e-06,random,rand5,90,15,3.3579472922149076e-06
p52,1000,nm,Mixed FD,scalar,8.0,1e-06,initial,xbar,91,0,30.632282063153227
p52,1000,nm,Mixed FD,scalar,8.0,1e-06,initial,xbar,91,1,1.6488669348002583
p52,1000,nm,Mixed FD,scalar,8.0,1e-06,initial,xbar,91,2,0.6764669762051088
p52,1000,nm,Mixed FD,scalar,8.0,1e-06,initial,xbar,91,3,0.5000955071812122
p52,1000,nm,Mixed FD,scalar,8.0,1e-06,initial,xbar,91,4,0.3761559001064539
p52,1000,nm,Mixed FD,scalar,8.0,1e-06,initial,xbar,91,5,0.2660606892589149
p52,1000,nm,Mixed FD,scalar,8.0,1e-06,initial,xbar,91,6,0.1673785507749258
p52,1000,nm,Mixed FD,scalar,8.0,1e-06,initial,xbar,91,7,0.07819108161368467
p52,1000,nm,Mixed FD,scalar,8.0,1e-06,initial,xbar,91,8,0.017487609324487948
p52,1000,nm,Mixed FD,scalar,8.0,1e-06,initial,xbar,91,9,0.000816801722970089
p52,1000,nm,Mixed FD,scalar,8.0,1e-06,initial,xbar,91,10,1.7306095737090215e-06
p52,1000,tr,Mixed FD,scalar,8.0,1e-06,initial,xbar,91,0,30.326264964326754
p52,1000,tr,Mixed FD,scalar,8.0,1e-06,initial,xbar,91,1,1.3847460134710297
p52,1000,tr,Mixed FD,scalar,8.0,1e-06,initial,xbar,91,2,0.1349468785243969
p52,1000,tr,Mixed FD,scalar,8.0,1e-06,initial,xbar,91,3,0.20688402896480784
p52,1000,tr,Mixed FD,scalar,8.0,1e-06,initial,xbar,91,4,0.01119557763914864
p52,1000,tr,Mixed FD,scalar,8.0,1e-06,initial,xbar,91,5,0.019122166253538013
p52,1000,tr,Mixed FD,scalar,8.0,1e-06,initial,xbar,91,6,0.0009675587807477094
p52,1000,tr,Mixed FD,scalar,8.0,1e-06,initial,xbar,91,7,0.004881624231249124
p52,1000,tr,Mixed FD,scalar,8.0,1e-06,initial,xbar,91,8,0.0001255648638232596
p52,1000,tr,Mixed FD,scalar,8.0,1e-06,initial,xbar,91,9,4.509725702927808e-07
p52,1000,nm,Mixed FD,scalar,8.0,1e-06,random,rand1,92,0,5.64035757999777
p52,1000,nm,Mixed FD,scalar,8.0,1e-06,random,rand1,92,1,9.031422952081257
p52,1000,nm,Mixed FD,scalar,8.0,1e-06,random,rand1,92,2,4.983081599122529
p52,1000,nm,Mixed FD,scalar,8.0,1e-06,random,rand1,92,3,7.092120320706149
p52,1000,nm,Mixed FD,scalar,8.0,1e-06,random,rand1,92,4,7.86585548326195
p52,1000,nm,Mixed FD,scalar,8.0,1e-06,random,rand1,92,5,7.383760331821728
p52,1000,nm,Mixed FD,scalar,8.0,1e-06,random,rand1,92,6,10.714766422292344
p52,1000,nm,Mixed FD,scalar,8.0,1e-06,random,rand1,92,7,7.311371923576316
p52,1000,nm,Mixed FD,scalar,8.0,1e-06,random,rand1,92,8,6.603547846108045
p52,1000,nm,Mixed FD,scalar,8.0,1e-06,random,rand1,92,9,3.6846413303617522
p52,1000,nm,Mixed FD,scalar,8.0,1e-06,random,rand1,92,10,2.346094944496434
p52,1000,nm,Mixed FD,scalar,8.0,1e-06,random,rand1,92,11,1.3231290232201187
p52,1000,nm,Mixed FD,scalar,8.0,1e-06,random,rand1,92,12,0.6500030577678934
p52,1000,nm,Mixed FD,scalar,8.0,1e-06,random,rand1,92,13,0.23507436845396518
p52,1000,nm,Mixed FD,scalar,8.0,1e-06,random,rand1,92,14,0.04348164097881857
p52,1000,nm,Mixed FD,scalar,8.0,1e-06,random,rand1,92,15,0.0021796794510333395
p52,1000,nm,Mixed FD,scalar,8.0,1e-06,random,rand1,92,16,7.283559364762714e-06
p52,1000,tr,Mixed FD,scalar,8.0,1e-06,random,rand1,92,0,14.821101529595765
p52,1000,tr,Mixed FD,scalar,8.0,1e-06,random,rand1,92,1,18.989439617502
p52,1000,tr,Mixed FD,scalar,8.0,1e-06,random,rand1,92,2,3.5011350591249526
p52,1000,tr,Mixed FD,scalar,8.0,1e-06,random,rand1,92,3,11.68550985954738
p52,1000,tr,Mixed FD,scalar,8.0,1e-06,random,rand1,92,4,2.305057317566728
p52,1000,tr,Mixed FD,scalar,8.0,1e-06,random,rand1,92,5,2.4355357462032377
p52,1000,tr,Mixed FD,scalar,8.0,1e-06,random,rand1,92,6,0.635489200121757
p52,1000,tr,Mixed FD,scalar,8.0,1e-06,random,rand1,92,7,0.11069072478764498
p52,1000,tr,Mixed FD,scalar,8.0,1e-06,random,rand1,92,8,0.22050024831442064
p52,1000,tr,Mixed FD,scalar,8.0,1e-06,random,rand1,92,9,0.011175505158982106
p52,1000,tr,Mixed FD,scalar,8.0,1e-06,random,rand1,92,10,0.020145806161087514
p52,1000,tr,Mixed FD,scalar,8.0,1e-06,random,rand1,92,11,0.0006980548656616586
p52,1000,tr,Mixed FD,scalar,8.0,1e-06,random,rand1,92,12,0.0003760279889721204
p52,1000,tr,Mixed FD,scalar,8.0,1e-06,random,rand1,92,13,1.5648152916500911e-06
p52,1000,tr,Mixed FD,scalar,8.0,1e-06,random,rand1,92,14,1.1304964433382822e-07
p52,1000,nm,Mixed FD,scalar,8.0,1e-06,random,rand2,93,0,6.576802342571921
p52,1000,nm,Mixed FD,scalar,8.0,1e-06,random,rand2,93,1,12.130150706067878
p52,1000,nm,Mixed FD,scalar,8.0,1e-06,random,rand2,93,2,8.729143805151308
p52,1000,nm,Mixed FD,scalar,8.0,1e-06,random,rand2,93,3,4.96747457085057
p52,1000,nm,Mixed FD,scalar,8.0,1e-06,random,rand2,93,4,7.176268206641638
p52,1000,nm,Mixed FD,scalar,8.0,1e-06,random,rand2,93,5,2.222451203770375
p52,1000,nm,Mixed FD,scalar,8.0,1e-06,random,rand2,93,6,7.848703300414106
p52,1000,nm,Mixed FD,scalar,8.0,1e-06,random,rand2,93,7,4.060175588791324
p52,1000,nm,Mixed FD,scalar,8.0,1e-06,random,rand2,93,8,6.743604771080523
p52,1000,nm,Mixed FD,scalar,8.0,1e-06,random,rand2,93,9,4.965958348753142
p52,1000,nm,Mixed FD,scalar,8.0,1e-06,random,rand2,93,10,2.9397376411855545
p52,1000,nm,Mixed FD,scalar,8.0,1e-06,random,rand2,93,11,1.1290760224269862
p52,1000,nm,Mixed FD,scalar,8.0,1e-06,random,rand2,93,12,3.112117821254267
p52,1000,nm,Mixed FD,scalar,8.0,1e-06,random,rand2,93,13,1.4961988131139334
p52,1000,nm,Mixed FD,scalar,8.0,1e-06,random,rand2,93,14,0.8368260379458978
p52,1000,nm,Mixed FD,scalar,8.0,1e-06,random,rand2,93,15,0.38230656678266856
p52,1000,nm,Mixed FD,scalar,8.0,1e-06,random,rand2,93,16,0.1064519297708585
p52,1000,nm,Mixed FD,scalar,8.0,1e-06,random,rand2,93,17,0.009770149983675645
p52,1000,nm,Mixed FD,scalar,8.0,1e-06,random,rand2,93,18,0.00010585833987354347
p52,1000,nm,Mixed FD,scalar,8.0,1e-06,random,rand2,93,19,1.6433741180059035e-08
p52,1000,tr,Mixed FD,scalar,8.0,1e-06,random,rand2,93,0,10.845264754418242
p52,1000,tr,Mixed FD,scalar,8.0,1e-06,random,rand2,93,1,20.394734539986022
p52,1000,tr,Mixed FD,scalar,8.0,1e-06,random,rand2,93,2,11.549116879059696
p52,1000,tr,Mixed FD,scalar,8.0,1e-06,random,rand2,93,3,2.7655006873056704
p52,1000,tr,Mixed FD,scalar,8.0,1e-06,random,rand2,93,4,2.524100021164619
p52,1000,tr,Mixed FD,scalar,8.0,1e-06,random,rand2,93,5,2.0154168628951084
p52,1000,tr,Mixed FD,scalar,8.0,1e-06,random,rand2,93,6,0.6028206742044597
p52,1000,tr,Mixed FD,scalar,8.0,1e-06,random,rand2,93,7,0.08754670004359032
p52,1000,tr,Mixed FD,scalar,8.0,1e-06,random,rand2,93,8,0.11199546361296242
p52,1000,tr,Mixed FD,scalar,8.0,1e-06,random,rand2,93,9,0.0434396154615174
p52,1000,tr,Mixed FD,scalar,8.0,1e-06,random,rand2,93,10,0.013221554258667301
p52,1000,tr,Mixed FD,scalar,8.0,1e-06,random,rand2,93,11,0.01014421390417963
p52,1000,tr,Mixed FD,scalar,8.0,1e-06,random,rand2,93,12,0.0005312066041130915
p52,1000,tr,Mixed FD,scalar,8.0,1e-06,random,rand2,93,13,1.0444077199624874e-05
p52,1000,tr,Mixed FD,scalar,8.0,1e-06,random,rand2,93,14,1.2555667357429611e-08
p52,1000,nm,Mixed FD,scalar,8.0,1e-06,random,rand3,94,0,15.786478074746347
p52,1000,nm,Mixed FD,scalar,8.0,1e-06,random,rand3,94,1,14.56711321474508
p52,1000,nm,Mixed FD,scalar,8.0,1e-06,random,rand3,94,2,3.3655819314507593
p52,1000,nm,Mixed FD,scalar,8.0,1e-06,random,rand3,94,3,3.3024457708992
p52,1000,nm,Mixed FD,scalar,8.0,1e-06,random,rand3,94,4,3.879413597873577
p52,1000,nm,Mixed FD,scalar,8.0,1e-06,random,rand3,94,5,7.0549953481275525
p52,1000,nm,Mixed FD,scalar,8.0,1e-06,random,rand3,94,6,1.9450415144580664
p52,1000,nm,Mixed FD,scalar,8.0,1e-06,random,rand3,94,7,1.8481535479456883
p52,1000,nm,Mixed FD,scalar,8.0,1e-06,random,rand3,94,8,0.8934527729147658
p52,1000,nm,Mixed FD,scalar,8.0,1e-06,random,rand3,94,9,0.4047747098421745
p52,1000,nm,Mixed FD,scalar,8.0,1e-06,random,rand3,94,10,0.12988317870955926
p52,1000,nm,Mixed FD,scalar,8.0,1e-06,random,rand3,94,11,0.02420439386897042
p52,1000,nm,Mixed FD,scalar,8.0,1e-06,random,rand3,94,12,0.0009780202389015477
p52,1000,nm,Mixed FD,scalar,8.0,1e-06,random,rand3,94,13,1.5795843281765833e-06
p52,1000,tr,Mixed FD,scalar,8.0,1e-06,random,rand3,94,0,13.476438259802835
p52,1000,tr,Mixed FD,scalar,8.0,1e-06,random,rand3,94,1,16.04470726289216
p52,1000,tr,Mixed FD,scalar,8.0,1e-06,random,rand3,94,2,11.60498231670101
p52,1000,tr,Mixed FD,scalar,8.0,1e-06,random,rand3,94,3,4.00701353074239
p52,1000,tr,Mixed FD,scalar,8.0,1e-06,random,rand3,94,4,4.949263088133647
p52,1000,tr,Mixed FD,scalar,8.0,1e-06,random,rand3,94,5,1.0697663571636258
p52,1000,tr,Mixed FD,scalar,8.0,1e-06,random,rand3,94,6,0.8334421381296458
p52,1000,tr,Mixed FD,scalar,8.0,1e-06,random,rand3,94,7,0.5624778194837766
p52,1000,tr,Mixed FD,scalar,8.0,1e-06,random,rand3,94,8,0.15572656713085545
p52,1000,tr,Mixed FD,scalar,8.0,1e-06,random,rand3,94,9,0.03669974868242561
p52,1000,tr,Mixed FD,scalar,8.0,1e-06,random,rand3,94,10,0.023005799481307394
p52,1000,tr,Mixed FD,scalar,8.0,1e-06,random,rand3,94,11,0.002078556292092084
p52,1000,tr,Mixed FD,scalar,8.0,1e-06,random,rand3,94,12,0.0020253290095997188
p52,1000,tr,Mixed FD,scalar,8.0,1e-06,random,rand3,94,13,6.403841788087186e-06
p52,1000,tr,Mixed FD,scalar,8.0,1e-06,random,rand3,94,14,7.845659757792403e-07
p52,1000,nm,Mixed FD,scalar,8.0,1e-06,random,rand4,95,0,6.844598828411467
p52,1000,nm,Mixed FD,scalar,8.0,1e-06,random,rand4,95,1,5.864289932702834
p52,1000,nm,Mixed FD,scalar,8.0,1e-06,random,rand4,95,2,7.625319108139122
p52,1000,nm,Mixed FD,scalar,8.0,1e-06,random,rand4,95,3,7.591731309701206
p52,1000,nm,Mixed FD,scalar,8.0,1e-06,random,rand4,95,4,10.186012677382994
p52,1000,nm,Mixed FD,scalar,8.0,1e-06,random,rand4,95,5,1.1523817560982048
p52,1000,nm,Mixed FD,scalar,8.0,1e-06,random,rand4,95,6,11.795383038936755
p52,1000,nm,Mixed FD,scalar,8.0,1e-06,random,rand4,95,7,7.136627063274419
p52,1000,nm,Mixed FD,scalar,8.0,1e-06,random,rand4,95,8,5.9397433129379404
p52,1000,nm,Mixed FD,scalar,8.0,1e-06,random,rand4,95,9,3.7700797760444593
p52,1000,nm,Mixed FD,scalar,8.0,1e-06,random,rand4,95,10,4.055886452578689
p52,1000,nm,Mixed FD,scalar,8.0,1e-06,random,rand4,95,11,2.271842310153197
p52,1000,nm,Mixed FD,scalar,8.0,1e-06,random,rand4,95,12,1.24919217836664
p52,1000,nm,Mixed FD,scalar,8.0,1e-06,random,rand4,95,13,0.674213171386819
p52,1000,nm,Mixed FD,scalar,8.0,1e-06,random,rand4,95,14,0.3241231237450708
p52,1000,nm,Mixed FD,scalar,8.0,1e-06,random,rand4,95,15,0.10717426212055982
p52,1000,nm,Mixed FD,scalar,8.0,1e-06,random,rand4,95,16,0.015803640327758658
p52,1000,nm,Mixed FD,scalar,8.0,1e-06,random,rand4,95,17,0.00039467481901060095
p52,1000,nm,Mixed FD,scalar,8.0,1e-06,random,rand4,95,18,2.565401444765206e-07
p52,1000,tr,Mixed FD,scalar,8.0,1e-06,random,rand4,95,0,10.660507283006597
p52,1000,tr,Mixed FD,scalar,8.0,1e-06,random,rand4,95,1,19.92766763446384
p52,1000,tr,Mixed FD,scalar,8.0,1e-06,random,rand4,95,2,13.270800032617512
p52,1000,tr,Mixed FD,scalar,8.0,1e-06,random,rand4,95,3,2.8820566292559553
p52,1000,tr,Mixed FD,scalar,8.0,1e-06,random,rand4,95,4,2.639508413314487
p52,1000,tr,Mixed FD,scalar,8.0,1e-06,random,rand4,95,5,2.089924682727349
p52,1000,tr,Mixed FD,scalar,8.0,1e-06,random,rand4,95,6,0.6742780830777889
p52,1000,tr,Mixed FD,scalar,8.0,1e-06,random,rand4,95,7,0.15700635269981061
p52,1000,tr,Mixed FD,scalar,8.0,1e-06,random,rand4,95,8,0.19992385144248084
p52,1000,tr,Mixed FD,scalar,8.0,1e-06,random,rand4,95,9,0.010982076414485412
p52,1000,tr,Mixed FD,scalar,8.0,1e-06,random,rand4,95,10,0.05706440602717387
p52,1000,tr,Mixed FD,scalar,8.0,1e-06,random,rand4,95,11,0.01863589903063169
p52,1000,tr,Mixed FD,scalar,8.0,1e-06,random,rand4,95,12,0.0017271969645042842
p52,1000,tr,Mixed FD,scalar,8.0,1e-06,random,rand4,95,13,2.7406941825698636e-05
p52,1000,tr,Mixed FD,scalar,8.0,1e-06,random,rand4,95,14,2.473212371316049e-08
p52,1000,nm,Mixed FD,scalar,8.0,1e-06,random,rand5,96,0,11.625748695085393
p52,1000,nm,Mixed FD,scalar,8.0,1e-06,random,rand5,96,1,9.260942703684147
p52,1000,nm,Mixed FD,scalar,8.0,1e-06,random,rand5,96,2,8.057012355187071
p52,1000,nm,Mixed FD,scalar,8.0,1e-06,random,rand5,96,3,11.212753127398951
p52,1000,nm,Mixed FD,scalar,8.0,1e-06,random,rand5,96,4,4.751894202924745
p52,1000,nm,Mixed FD,scalar,8.0,1e-06,random,rand5,96,5,7.8072731051485
p52,1000,nm,Mixed FD,scalar,8.0,1e-06,random,rand5,96,6,6.6585464994003445
p52,1000,nm,Mixed FD,scalar,8.0,1e-06,random,rand5,96,7,6.039358027691339
p52,1000,nm,Mixed FD,scalar,8.0,1e-06,random,rand5,96,8,4.119864434045871
p52,1000,nm,Mixed FD,scalar,8.0,1e-06,random,rand5,96,9,3.3938379930790585
p52,1000,nm,Mixed FD,scalar,8.0,1e-06,random,rand5,96,10,2.1483601517827116
p52,1000,nm,Mixed FD,scalar,8.0,1e-06,random,rand5,96,11,1.2008881007162366
p52,1000,nm,Mixed FD,scalar,8.0,1e-06,random,rand5,96,12,0.6029802858121123
p52,1000,nm,Mixed FD,scalar,8.0,1e-06,random,rand5,96,13,0.21375092219201192
p52,1000,nm,Mixed FD,scalar,8.0,1e-06,random,rand5,96,14,0.03511573149325769
p52,1000,nm,Mixed FD,scalar,8.0,1e-06,random,rand5,96,15,0.0012787125419141396
p52,1000,nm,Mixed FD,scalar,8.0,1e-06,random,rand5,96,16,2.293481727842579e-06
p52,1000,tr,Mixed FD,scalar,8.0,1e-06,random,rand5,96,0,18.544750679100513
p52,1000,tr,Mixed FD,scalar,8.0,1e-06,random,rand5,96,1,14.899079082374277
p52,1000,tr,Mixed FD,scalar,8.0,1e-06,random,rand5,96,2,4.4928722217738875
p52,1000,tr,Mixed FD,scalar,8.0,1e-06,random,rand5,96,3,8.284739336548649
p52,1000,tr,Mixed FD,scalar,8.0,1e-06,random,rand5,96,4,2.465939612734236
p52,1000,tr,Mixed FD,scalar,8.0,1e-06,random,rand5,96,5,1.3240059558568833
p52,1000,tr,Mixed FD,scalar,8.0,1e-06,random,rand5,96,6,0.8043991283342188
p52,1000,tr,Mixed FD,scalar,8.0,1e-06,random,rand5,96,7,0.2584465240473836
p52,1000,tr,Mixed FD,scalar,8.0,1e-06,random,rand5,96,8,0.09149965990003592
p52,1000,tr,Mixed FD,scalar,8.0,1e-06,random,rand5,96,9,0.012459395407391664
p52,1000,tr,Mixed FD,scalar,8.0,1e-06,random,rand5,96,10,0.04300711292142855
p52,1000,tr,Mixed FD,scalar,8.0,1e-06,random,rand5,96,11,0.021056220365118266
p52,1000,tr,Mixed FD,scalar,8.0,1e-06,random,rand5,96,12,0.010967781723370677
p52,1000,tr,Mixed FD,scalar,8.0,1e-06,random,rand5,96,13,0.0002607691397900955
p52,1000,tr,Mixed FD,scalar,8.0,1e-06,random,rand5,96,14,0.0008397168518708845
p52,1000,tr,Mixed FD,scalar,8.0,1e-06,random,rand5,96,15,3.834953332453094e-06
p52,1000,nm,Mixed FD,scalar,12.0,1e-06,initial,xbar,97,0,30.635876606321133
p52,1000,nm,Mixed FD,scalar,12.0,1e-06,initial,xbar,97,1,1.6451725491266522
p52,1000,nm,Mixed FD,scalar,12.0,1e-06,initial,xbar,97,2,0.6763075902225497
p52,1000,nm,Mixed FD,scalar,12.0,1e-06,initial,xbar,97,3,0.4999126718385383
p52,1000,nm,Mixed FD,scalar,12.0,1e-06,initial,xbar,97,4,0.37613733109428404
p52,1000,nm,Mixed FD,scalar,12.0,1e-06,initial,xbar,97,5,0.26594378236135313
p52,1000,nm,Mixed FD,scalar,12.0,1e-06,initial,xbar,97,6,0.1672719960659895
p52,1000,nm,Mixed FD,scalar,12.0,1e-06,initial,xbar,97,7,0.07813913490480313
p52,1000,nm,Mixed FD,scalar,12.0,1e-06,initial,xbar,97,8,0.017472164134311272
p52,1000,nm,Mixed FD,scalar,12.0,1e-06,initial,xbar,97,9,0.0008150188645599638
p52,1000,nm,Mixed FD,scalar,12.0,1e-06,initial,xbar,97,10,1.7461283270214645e-06
p52,1000,tr,Mixed FD,scalar,12.0,1e-06,initial,xbar,97,0,30.330018848152893
p52,1000,tr,Mixed FD,scalar,12.0,1e-06,initial,xbar,97,1,1.3799998078156421
p52,1000,tr,Mixed FD,scalar,12.0,1e-06,initial,xbar,97,2,0.134184964729214
p52,1000,tr,Mixed FD,scalar,12.0,1e-06,initial,xbar,97,3,0.20680183346583694
p52,1000,tr,Mixed FD,scalar,12.0,1e-06,initial,xbar,97,4,0.011226900621362607
p52,1000,tr,Mixed FD,scalar,12.0,1e-06,initial,xbar,97,5,0.01913934101258258
p52,1000,tr,Mixed FD,scalar,12.0,1e-06,initial,xbar,97,6,0.0009646306471607359
p52,1000,tr,Mixed FD,scalar,12.0,1e-06,initial,xbar,97,7,0.004871465771283702
p52,1000,tr,Mixed FD,scalar,12.0,1e-06,initial,xbar,97,8,0.00012508351426614706
p52,1000,tr,Mixed FD,scalar,12.0,1e-06,initial,xbar,97,9,4.536811282051659e-07
p52,1000,nm,Mixed FD,scalar,12.0,1e-06,random,rand1,98,0,5.643862810156767
p52,1000,nm,Mixed FD,scalar,12.0,1e-06,random,rand1,98,1,9.030084967510545
p52,1000,nm,Mixed FD,scalar,12.0,1e-06,random,rand1,98,2,4.990073331207783
p52,1000,nm,Mixed FD,scalar,12.0,1e-06,random,rand1,98,3,7.091346551186215
p52,1000,nm,Mixed FD,scalar,12.0,1e-06,random,rand1,98,4,7.865705800554893
p52,1000,nm,Mixed FD,scalar,12.0,1e-06,random,rand1,98,5,7.382779926001975
p52,1000,nm,Mixed FD,scalar,12.0,1e-06,random,rand1,98,6,10.71497884583083
p52,1000,nm,Mixed FD,scalar,12.0,1e-06,random,rand1,98,7,7.312935741746077
p52,1000,nm,Mixed FD,scalar,12.0,1e-06,random,rand1,98,8,6.600045916378295
p52,1000,nm,Mixed FD,scalar,12.0,1e-06,random,rand1,98,9,3.684233525155576
p52,1000,nm,Mixed FD,scalar,12.0,1e-06,random,rand1,98,10,2.345973348730649
p52,1000,nm,Mixed FD,scalar,12.0,1e-06,random,rand1,98,11,1.3233554380947747
p52,1000,nm,Mixed FD,scalar,12.0,1e-06,random,rand1,98,12,0.6500407858560773
p52,1000,nm,Mixed FD,scalar,12.0,1e-06,random,rand1,98,13,0.23496661359304336
p52,1000,nm,Mixed FD,scalar,12.0,1e-06,random,rand1,98,14,0.04345565474388686
p52,1000,nm,Mixed FD,scalar,12.0,1e-06,random,rand1,98,15,0.002175764217693481
p52,1000,nm,Mixed FD,scalar,12.0,1e-06,random,rand1,98,16,7.4008542098962565e-06
p52,1000,tr,Mixed FD,scalar,12.0,1e-06,random,rand1,98,0,14.820679894744291
p52,1000,tr,Mixed FD,scalar,12.0,1e-06,random,rand1,98,1,18.991885381615738
p52,1000,tr,Mixed FD,scalar,12.0,1e-06,random,rand1,98,2,3.500787375516189
p52,1000,tr,Mixed FD,scalar,12.0,1e-06,random,rand1,98,3,11.682866177955697
p52,1000,tr,Mixed FD,scalar,12.0,1e-06,random,rand1,98,4,2.3053203921880194
p52,1000,tr,Mixed FD,scalar,12.0,1e-06,random,rand1,98,5,2.4361688586931662
p52,1000,tr,Mixed FD,scalar,12.0,1e-06,random,rand1,98,6,0.6352746627326283
p52,1000,tr,Mixed FD,scalar,12.0,1e-06,random,rand1,98,7,0.11070503853578927
p52,1000,tr,Mixed FD,scalar,12.0,1e-06,random,rand1,98,8,0.2205134930916627
p52,1000,tr,Mixed FD,scalar,12.0,1e-06,random,rand1,98,9,0.011169974051613548
p52,1000,tr,Mixed FD,scalar,12.0,1e-06,random,rand1,98,10,0.02014429629565302
p52,1000,tr,Mixed FD,scalar,12.0,1e-06,random,rand1,98,11,0.0006976582643795895
p52,1000,tr,Mixed FD,scalar,12.0,1e-06,random,rand1,98,12,0.0003762890418877095
p52,1000,tr,Mixed FD,scalar,12.0,1e-06,random,rand1,98,13,1.5606202064493512e-06
p52,1000,tr,Mixed FD,scalar,12.0,1e-06,random,rand1,98,14,1.2183897795029985e-07
p52,1000,nm,Mixed FD,scalar,12.0,1e-06,random,rand2,99,0,6.575691972398398
p52,1000,nm,Mixed FD,scalar,12.0,1e-06,random,rand2,99,1,12.13194744243881
p52,1000,nm,Mixed FD,scalar,12.0,1e-06,random,rand2,99,2,8.729393954397196
p52,1000,nm,Mixed FD,scalar,12.0,1e-06,random,rand2,99,3,4.9633429687257475
p52,1000,nm,Mixed FD,scalar,12.0,1e-06,random,rand2,99,4,7.175942232576936
p52,1000,nm,Mixed FD,scalar,12.0,1e-06,random,rand2,99,5,2.23036531422028
p52,1000,nm,Mixed FD,scalar,12.0,1e-06,random,rand2,99,6,7.851030887964838
p52,1000,nm,Mixed FD,scalar,12.0,1e-06,random,rand2,99,7,4.0606897123040175
p52,1000,nm,Mixed FD,scalar,12.0,1e-06,random,rand2,99,8,6.742967598286475
p52,1000,nm,Mixed FD,scalar,12.0,1e-06,random,rand2,99,9,4.963241262140073
p52,1000,nm,Mixed FD,scalar,12.0,1e-06,random,rand2,99,10,2.9422043492947987
p52,1000,nm,Mixed FD,scalar,12.0,1e-06,random,rand2,99,11,1.102207332541578
p52,1000,nm,Mixed FD,scalar,12.0,1e-06,random,rand2,99,12,3.1215005522631594
p52,1000,nm,Mixed FD,scalar,12.0,1e-06,random,rand2,99,13,1.4985527095519973
p52,1000,nm,Mixed FD,scalar,12.0,1e-06,random,rand2,99,14,0.8384139947794339
p52,1000,nm,Mixed FD,scalar,12.0,1e-06,random,rand2,99,15,0.3834225750838744
p52,1000,nm,Mixed FD,scalar,12.0,1e-06,random,rand2,99,16,0.10697045114143541
p52,1000,nm,Mixed FD,scalar,12.0,1e-06,random,rand2,99,17,0.009824367411413496
p52,1000,nm,Mixed FD,scalar,12.0,1e-06,random,rand2,99,18,0.00010586178156211267
p52,1000,nm,Mixed FD,scalar,12.0,1e-06,random,rand2,99,19,2.7847755568204366e-08
p52,1000,tr,Mixed FD,scalar,12.0,1e-06,random,rand2,99,0,10.845481018256963
p52,1000,tr,Mixed FD,scalar,12.0,1e-06,random,rand2,99,1,20.395413942386316
p52,1000,tr,Mixed FD,scalar,12.0,1e-06,random,rand2,99,2,11.548533287839415
p52,1000,tr,Mixed FD,scalar,12.0,1e-06,random,rand2,99,3,2.765515939743784
p52,1000,tr,Mixed FD,scalar,12.0,1e-06,random,rand2,99,4,2.523621644600659
p52,1000,tr,Mixed FD,scalar,12.0,1e-06,random,rand2,99,5,2.0139058447218883
p52,1000,tr,Mixed FD,scalar,12.0,1e-06,random,rand2,99,6,0.6032933358927134
p52,1000,tr,Mixed FD,scalar,12.0,1e-06,random,rand2,99,7,0.08746400493876197
p52,1000,tr,Mixed FD,scalar,12.0,1e-06,random,rand2,99,8,0.1119986531479848
p52,1000,tr,Mixed FD,scalar,12.0,1e-06,random,rand2,99,9,0.043441581420501266
p52,1000,tr,Mixed FD,scalar,12.0,1e-06,random,rand2,99,10,0.01322160909622668
p52,1000,tr,Mixed FD,scalar,12.0,1e-06,random,rand2,99,11,0.010143059130184382
p52,1000,tr,Mixed FD,scalar,12.0,1e-06,random,rand2,99,12,0.0005312718016738234
p52,1000,tr,Mixed FD,scalar,12.0,1e-06,random,rand2,99,13,1.0255220939967894e-05
p52,1000,tr,Mixed FD,scalar,12.0,1e-06,random,rand2,99,14,1.2313616978331748e-08
p52,1000,nm,Mixed FD,scalar,12.0,1e-06,random,rand3,100,0,15.787329636787025
p52,1000,nm,Mixed FD,scalar,12.0,1e-06,random,rand3,100,1,14.56721772529472
p52,1000,nm,Mixed FD,scalar,12.0,1e-06,random,rand3,100,2,3.366000282118912
p52,1000,nm,Mixed FD,scalar,12.0,1e-06,random,rand3,100,3,3.3103652984842156
p52,1000,nm,Mixed FD,scalar,12.0,1e-06,random,rand3,100,4,3.8800738256737173
p52,1000,nm,Mixed FD,scalar,12.0,1e-06,random,rand3,100,5,7.052532453545742
p52,1000,nm,Mixed FD,scalar,12.0,1e-06,random,rand3,100,6,1.944754006487669
p52,1000,nm,Mixed FD,scalar,12.0,1e-06,random,rand3,100,7,1.8481180052649688
p52,1000,nm,Mixed FD,scalar,12.0,1e-06,random,rand3,100,8,0.8937743123421693
p52,1000,nm,Mixed FD,scalar,12.0,1e-06,random,rand3,100,9,0.4052142219921718
p52,1000,nm,Mixed FD,scalar,12.0,1e-06,random,rand3,100,10,0.13016742641465145
p52,1000,nm,Mixed FD,scalar,12.0,1e-06,random,rand3,100,11,0.024310740453524875
p52,1000,nm,Mixed FD,scalar,12.0,1e-06,random,rand3,100,12,0.000988663066161988
p52,1000,nm,Mixed FD,scalar,12.0,1e-06,random,rand3,100,13,1.826175336399792e-06
p52,1000,tr,Mixed FD,scalar,12.0,1e-06,random,rand3,100,0,13.477148054573888
p52,1000,tr,Mixed FD,scalar,12.0,1e-06,random,rand3,100,1,16.044929627550154
p52,1000,tr,Mixed FD,scalar,12.0,1e-06,random,rand3,100,2,11.603637861532967
p52,1000,tr,Mixed FD,scalar,12.0,1e-06,random,rand3,100,3,4.011656675069251
p52,1000,tr,Mixed FD,scalar,12.0,1e-06,random,rand3,100,4,4.93672376545684
p52,1000,tr,Mixed FD,scalar,12.0,1e-06,random,rand3,100,5,1.068029410944202
p52,1000,tr,Mixed FD,scalar,12.0,1e-06,random,rand3,100,6,0.8346019361496273
p52,1000,tr,Mixed FD,scalar,12.0,1e-06,random,rand3,100,7,0.552345518948663
p52,1000,tr,Mixed FD,scalar,12.0,1e-06,random,rand3,100,8,0.15287896641790824
p52,1000,tr,Mixed FD,scalar,12.0,1e-06,random,rand3,100,9,0.0341689194817653
p52,1000,tr,Mixed FD,scalar,12.0,1e-06,random,rand3,100,10,0.023227635239742125
p52,1000,tr,Mixed FD,scalar,12.0,1e-06,random,rand3,100,11,0.0019802479580151243
p52,1000,tr,Mixed FD,scalar,12.0,1e-06,random,rand3,100,12,0.001820797355820102
p52,1000,tr,Mixed FD,scalar,12.0,1e-06,random,rand3,100,13,7.292353853107366e-06
p52,1000,tr,Mixed FD,scalar,12.0,1e-06,random,rand3,100,14,6.762090612442589e-07
p52,1000,nm,Mixed FD,scalar,12.0,1e-06,random,rand4,101,0,6.8406713980477125
p52,1000,nm,Mixed FD,scalar,12.0,1e-06,random,rand4,101,1,5.868498605468325
p52,1000,nm,Mixed FD,scalar,12.0,1e-06,random,rand4,101,2,7.624559237595956
p52,1000,nm,Mixed FD,scalar,12.0,1e-06,random,rand4,101,3,7.591388314784862
p52,1000,nm,Mixed FD,scalar,12.0,1e-06,random,rand4,101,4,10.182829983040513
p52,1000,nm,Mixed FD,scalar,12.0,1e-06,random,rand4,101,5,1.1292486128338524
p52,1000,nm,Mixed FD,scalar,12.0,1e-06,random,rand4,101,6,11.79824361991327
p52,1000,nm,Mixed FD,scalar,12.0,1e-06,random,rand4,101,7,7.134329454684234
p52,1000,nm,Mixed FD,scalar,12.0,1e-06,random,rand4,101,8,5.938744316896214
p52,1000,nm,Mixed FD,scalar,12.0,1e-06,random,rand4,101,9,3.769186313194546
p52,1000,nm,Mixed FD,scalar,12.0,1e-06,random,rand4,101,10,4.055969433481383
p52,1000,nm,Mixed FD,scalar,12.0,1e-06,random,rand4,101,11,2.2712641219853063
p52,1000,nm,Mixed FD,scalar,12.0,1e-06,random,rand4,101,12,1.248497668598189
p52,1000,nm,Mixed FD,scalar,12.0,1e-06,random,rand4,101,13,0.6735207047065691
p52,1000,nm,Mixed FD,scalar,12.0,1e-06,random,rand4,101,14,0.3236473990761758
p52,1000,nm,Mixed FD,scalar,12.0,1e-06,random,rand4,101,15,0.10716231029546767
p52,1000,nm,Mixed FD,scalar,12.0,1e-06,random,rand4,101,16,0.01587174078289929
p52,1000,nm,Mixed FD,scalar,12.0,1e-06,random,rand4,101,17,0.00040160903638329697
p52,1000,nm,Mixed FD,scalar,12.0,1e-06,random,rand4,101,18,3.1633884345919337e-07
p52,1000,tr,Mixed FD,scalar,12.0,1e-06,random,rand4,101,0,10.660658905235042
p52,1000,tr,Mixed FD,scalar,12.0,1e-06,random,rand4,101,1,19.929245924268496
p52,1000,tr,Mixed FD,scalar,12.0,1e-06,random,rand4,101,2,13.269075830704717
p52,1000,tr,Mixed FD,scalar,12.0,1e-06,random,rand4,101,3,2.8817049668712413
p52,1000,tr,Mixed FD,scalar,12.0,1e-06,random,rand4,101,4,2.639649683455153
p52,1000,tr,Mixed FD,scalar,12.0,1e-06,random,rand4,101,5,2.090028796251096
p52,1000,tr,Mixed FD,scalar,12.0,1e-06,random,rand4,101,6,0.6741517235067628
p52,1000,tr,Mixed FD,scalar,12.0,1e-06,random,rand4,101,7,0.15727381289870526
p52,1000,tr,Mixed FD,scalar,12.0,1e-06,random,rand4,101,8,0.1999443561214065
p52,1000,tr,Mixed FD,scalar,12.0,1e-06,random,rand4,101,9,0.010986432638770884
p52,1000,tr,Mixed FD,scalar,12.0,1e-06,random,rand4,101,10,0.05706732552892045
p52,1000,tr,Mixed FD,scalar,12.0,1e-06,random,rand4,101,11,0.018634906707615594
p52,1000,tr,Mixed FD,scalar,12.0,1e-06,random,rand4,101,12,0.0017280261552293063
p52,1000,tr,Mixed FD,scalar,12.0,1e-06,random,rand4,101,13,2.64922522976971e-05
p52,1000,tr,Mixed FD,scalar,12.0,1e-06,random,rand4,101,14,2.4655704629580767e-08
p52,1000,nm,Mixed FD,scalar,12.0,1e-06,random,rand5,102,0,11.623860552078588
p52,1000,nm,Mixed FD,scalar,12.0,1e-06,random,rand5,102,1,9.259741593540605
p52,1000,nm,Mixed FD,scalar,12.0,1e-06,random,rand5,102,2,8.058755336231028
p52,1000,nm,Mixed FD,scalar,12.0,1e-06,random,rand5,102,3,11.213690082814482
p52,1000,nm,Mixed FD,scalar,12.0,1e-06,random,rand5,102,4,4.746249602980557
p52,1000,nm,Mixed FD,scalar,12.0,1e-06,random,rand5,102,5,7.812747653520259
p52,1000,nm,Mixed FD,scalar,12.0,1e-06,random,rand5,102,6,6.660429287473411
p52,1000,nm,Mixed FD,scalar,12.0,1e-06,random,rand5,102,7,6.035596872714236
p52,1000,nm,Mixed FD,scalar,12.0,1e-06,random,rand5,102,8,4.123297956529231
p52,1000,nm,Mixed FD,scalar,12.0,1e-06,random,rand5,102,9,3.393177131079057
p52,1000,nm,Mixed FD,scalar,12.0,1e-06,random,rand5,102,10,2.148484937057203
p52,1000,nm,Mixed FD,scalar,12.0,1e-06,random,rand5,102,11,1.201031512666298
p52,1000,nm,Mixed FD,scalar,12.0,1e-06,random,rand5,102,12,0.6034664045199569
p52,1000,nm,Mixed FD,scalar,12.0,1e-06,random,rand5,102,13,0.21459391946148984
p52,1000,nm,Mixed FD,scalar,12.0,1e-06,random,rand5,102,14,0.03533798103172526
p52,1000,nm,Mixed FD,scalar,12.0,1e-06,random,rand5,102,15,0.0012832169048058338
p52,1000,nm,Mixed FD,scalar,12.0,1e-06,random,rand5,102,16,2.289509871890668e-06
p52,1000,tr,Mixed FD,scalar,12.0,1e-06,random,rand5,102,0,18.546213382328745
p52,1000,tr,Mixed FD,scalar,12.0,1e-06,random,rand5,102,1,14.897443427501443
p52,1000,tr,Mixed FD,scalar,12.0,1e-06,random,rand5,102,2,4.490929469162349
p52,1000,tr,Mixed FD,scalar,12.0,1e-06,random,rand5,102,3,8.282847526803943
p52,1000,tr,Mixed FD,scalar,12.0,1e-06,random,rand5,102,4,2.470338742969671
p52,1000,tr,Mixed FD,scalar,12.0,1e-06,random,rand5,102,5,1.3241033860471356
p52,1000,tr,Mixed FD,scalar,12.0,1e-06,random,rand5,102,6,0.8017758795957522
p52,1000,tr,Mixed FD,scalar,12.0,1e-06,random,rand5,102,7,0.2581584924927216
p52,1000,tr,Mixed FD,scalar,12.0,1e-06,random,rand5,102,8,0.09048119927600697
p52,1000,tr,Mixed FD,scalar,12.0,1e-06,random,rand5,102,9,0.04802172456986536
p52,1000,tr,Mixed FD,scalar,12.0,1e-06,random,rand5,102,10,0.028312590798045142
p52,1000,tr,Mixed FD,scalar,12.0,1e-06,random,rand5,102,11,0.004156157807493844
p52,1000,tr,Mixed FD,scalar,12.0,1e-06,random,rand5,102,12,0.0002311408225311098
p52,1000,tr,Mixed FD,scalar,12.0,1e-06,random,rand5,102,13,1.2742853298802655e-06
p52,1000,tr,Mixed FD,scalar,12.0,1e-06,random,rand5,102,14,5.392123090787976e-08
p52,1000,nm,Mixed FD,adaptive,4.0,1e-06,initial,xbar,103,0,30.632365922988292
p52,1000,nm,Mixed FD,adaptive,4.0,1e-06,initial,xbar,103,1,1.6485098263685831
p52,1000,nm,Mixed FD,adaptive,4.0,1e-06,initial,xbar,103,2,0.6763460158604301
p52,1000,nm,Mixed FD,adaptive,4.0,1e-06,initial,xbar,103,3,0.5000617549278635
p52,1000,nm,Mixed FD,adaptive,4.0,1e-06,initial,xbar,103,4,0.37616630148794045
p52,1000,nm,Mixed FD,adaptive,4.0,1e-06,initial,xbar,103,5,0.26611279642270114
p52,1000,nm,Mixed FD,adaptive,4.0,1e-06,initial,xbar,103,6,0.16746739866010135
p52,1000,nm,Mixed FD,adaptive,4.0,1e-06,initial,xbar,103,7,0.07830378256224038
p52,1000,nm,Mixed FD,adaptive,4.0,1e-06,initial,xbar,103,8,0.017560290621225924
p52,1000,nm,Mixed FD,adaptive,4.0,1e-06,initial,xbar,103,9,0.0008284415056446373
p52,1000,nm,Mixed FD,adaptive,4.0,1e-06,initial,xbar,103,10,2.0005941907370655e-06
p52,1000,tr,Mixed FD,adaptive,4.0,1e-06,initial,xbar,103,0,30.326335903005344
p52,1000,tr,Mixed FD,adaptive,4.0,1e-06,initial,xbar,103,1,1.384395804493389
p52,1000,tr,Mixed FD,adaptive,4.0,1e-06,initial,xbar,103,2,0.13471549423609167
p52,1000,tr,Mixed FD,adaptive,4.0,1e-06,initial,xbar,103,3,0.20689047741978864
p52,1000,tr,Mixed FD,adaptive,4.0,1e-06,initial,xbar,103,4,0.011190458981482168
p52,1000,tr,Mixed FD,adaptive,4.0,1e-06,initial,xbar,103,5,0.019117917838427888
p52,1000,tr,Mixed FD,adaptive,4.0,1e-06,initial,xbar,103,6,0.0009677730763379361
p52,1000,tr,Mixed FD,adaptive,4.0,1e-06,initial,xbar,103,7,0.004882088603591773
p52,1000,tr,Mixed FD,adaptive,4.0,1e-06,initial,xbar,103,8,0.00012611366332844454
p52,1000,tr,Mixed FD,adaptive,4.0,1e-06,initial,xbar,103,9,4.4838123845611955e-07
p52,1000,nm,Mixed FD,adaptive,4.0,1e-06,random,rand1,104,0,5.636550926254962
p52,1000,nm,Mixed FD,adaptive,4.0,1e-06,random,rand1,104,1,9.031182476212704
p52,1000,nm,Mixed FD,adaptive,4.0,1e-06,random,rand1,104,2,4.9826359460833105
p52,1000,nm,Mixed FD,adaptive,4.0,1e-06,random,rand1,104,3,7.092110948790142
p52,1000,nm,Mixed FD,adaptive,4.0,1e-06,random,rand1,104,4,7.865698145921325
p52,1000,nm,Mixed FD,adaptive,4.0,1e-06,random,rand1,104,5,7.383957484514867
p52,1000,nm,Mixed FD,adaptive,4.0,1e-06,random,rand1,104,6,10.715615382596816
p52,1000,nm,Mixed FD,adaptive,4.0,1e-06,random,rand1,104,7,7.313255135805186
p52,1000,nm,Mixed FD,adaptive,4.0,1e-06,random,rand1,104,8,6.600229979007257
p52,1000,nm,Mixed FD,adaptive,4.0,1e-06,random,rand1,104,9,3.681978083702228
p52,1000,nm,Mixed FD,adaptive,4.0,1e-06,random,rand1,104,10,2.3453742067246335
p52,1000,nm,Mixed FD,adaptive,4.0,1e-06,random,rand1,104,11,1.3228951022715343
p52,1000,nm,Mixed FD,adaptive,4.0,1e-06,random,rand1,104,12,0.6499931255784758
p52,1000,nm,Mixed FD,adaptive,4.0,1e-06,random,rand1,104,13,0.23524337679501595
p52,1000,nm,Mixed FD,adaptive,4.0,1e-06,random,rand1,104,14,0.04363981057898644
p52,1000,nm,Mixed FD,adaptive,4.0,1e-06,random,rand1,104,15,0.0022051146851087148
p52,1000,nm,Mixed FD,adaptive,4.0,1e-06,random,rand1,104,16,7.816457803789892e-06
p52,1000,tr,Mixed FD,adaptive,4.0,1e-06,random,rand1,104,0,14.821702717863747
p52,1000,tr,Mixed FD,adaptive,4.0,1e-06,random,rand1,104,1,18.98885028014346
p52,1000,tr,Mixed FD,adaptive,4.0,1e-06,random,rand1,104,2,3.500552525247021
p52,1000,tr,Mixed FD,adaptive,4.0,1e-06,random,rand1,104,3,11.685534915681263
p52,1000,tr,Mixed FD,adaptive,4.0,1e-06,random,rand1,104,4,2.3044851973938334
p52,1000,tr,Mixed FD,adaptive,4.0,1e-06,random,rand1,104,5,2.433015212177081
p52,1000,tr,Mixed FD,adaptive,4.0,1e-06,random,rand1,104,6,0.6349559257133928
p52,1000,tr,Mixed FD,adaptive,4.0,1e-06,random,rand1,104,7,0.1106230239917187
p52,1000,tr,Mixed FD,adaptive,4.0,1e-06,random,rand1,104,8,0.22052679889647162
p52,1000,tr,Mixed FD,adaptive,4.0,1e-06,random,rand1,104,9,0.011172192917386506
p52,1000,tr,Mixed FD,adaptive,4.0,1e-06,random,rand1,104,10,0.02014492762389674
p52,1000,tr,Mixed FD,adaptive,4.0,1e-06,random,rand1,104,11,0.000700226949904584
p52,1000,tr,Mixed FD,adaptive,4.0,1e-06,random,rand1,104,12,0.0003770781443962953
p52,1000,tr,Mixed FD,adaptive,4.0,1e-06,random,rand1,104,13,1.5388340792902782e-06
p52,1000,tr,Mixed FD,adaptive,4.0,1e-06,random,rand1,104,14,1.0668837086066784e-07
p52,1000,nm,Mixed FD,adaptive,4.0,1e-06,random,rand2,105,0,6.576307645502668
p52,1000,nm,Mixed FD,adaptive,4.0,1e-06,random,rand2,105,1,12.130014540996257
p52,1000,nm,Mixed FD,adaptive,4.0,1e-06,random,rand2,105,2,8.72904197891594
p52,1000,nm,Mixed FD,adaptive,4.0,1e-06,random,rand2,105,3,4.968297012150194
p52,1000,nm,Mixed FD,adaptive,4.0,1e-06,random,rand2,105,4,7.1769726423260165
p52,1000,nm,Mixed FD,adaptive,4.0,1e-06,random,rand2,105,5,2.2224823581071287
p52,1000,nm,Mixed FD,adaptive,4.0,1e-06,random,rand2,105,6,7.848590480605555
p52,1000,nm,Mixed FD,adaptive,4.0,1e-06,random,rand2,105,7,4.061625875837627
p52,1000,nm,Mixed FD,adaptive,4.0,1e-06,random,rand2,105,8,6.745129306095222
p52,1000,nm,Mixed FD,adaptive,4.0,1e-06,random,rand2,105,9,4.967226903716116
p52,1000,nm,Mixed FD,adaptive,4.0,1e-06,random,rand2,105,10,2.9465580899884762
p52,1000,nm,Mixed FD,adaptive,4.0,1e-06,random,rand2,105,11,1.1294901509663888
p52,1000,nm,Mixed FD,adaptive,4.0,1e-06,random,rand2,105,12,3.10862309806832
p52,1000,nm,Mixed FD,adaptive,4.0,1e-06,random,rand2,105,13,1.4962919987624792
p52,1000,nm,Mixed FD,adaptive,4.0,1e-06,random,rand2,105,14,0.8372957861697141
p52,1000,nm,Mixed FD,adaptive,4.0,1e-06,random,rand2,105,15,0.38304853841027037
p52,1000,nm,Mixed FD,adaptive,4.0,1e-06,random,rand2,105,16,0.10700456715272262
p52,1000,nm,Mixed FD,adaptive,4.0,1e-06,random,rand2,105,17,0.009876714322291317
p52,1000,nm,Mixed FD,adaptive,4.0,1e-06,random,rand2,105,18,0.00010857646388495966
p52,1000,nm,Mixed FD,adaptive,4.0,1e-06,random,rand2,105,19,3.5170330521837334e-08
p52,1000,tr,Mixed FD,adaptive,4.0,1e-06,random,rand2,105,0,10.845982532599853
p52,1000,tr,Mixed FD,adaptive,4.0,1e-06,random,rand2,105,1,20.394984196060324
p52,1000,tr,Mixed FD,adaptive,4.0,1e-06,random,rand2,105,2,11.548879082020479
p52,1000,tr,Mixed FD,adaptive,4.0,1e-06,random,rand2,105,3,2.764646435142813
p52,1000,tr,Mixed FD,adaptive,4.0,1e-06,random,rand2,105,4,2.5229686912366267
p52,1000,tr,Mixed FD,adaptive,4.0,1e-06,random,rand2,105,5,2.0154306526278956
p52,1000,tr,Mixed FD,adaptive,4.0,1e-06,random,rand2,105,6,0.6027150170235855
p52,1000,tr,Mixed FD,adaptive,4.0,1e-06,random,rand2,105,7,0.08753461298871258
p52,1000,tr,Mixed FD,adaptive,4.0,1e-06,random,rand2,105,8,0.11200446998780186
p52,1000,tr,Mixed FD,adaptive,4.0,1e-06,random,rand2,105,9,0.043437578736822906
p52,1000,tr,Mixed FD,adaptive,4.0,1e-06,random,rand2,105,10,0.013222984505210362
p52,1000,tr,Mixed FD,adaptive,4.0,1e-06,random,rand2,105,11,0.010146010358606
p52,1000,tr,Mixed FD,adaptive,4.0,1e-06,random,rand2,105,12,0.0005303663194855998
p52,1000,tr,Mixed FD,adaptive,4.0,1e-06,random,rand2,105,13,1.0590411930966654e-05
p52,1000,tr,Mixed FD,adaptive,4.0,1e-06,random,rand2,105,14,1.2570892522741888e-08
p52,1000,nm,Mixed FD,adaptive,4.0,1e-06,random,rand3,106,0,15.786571996413562
p52,1000,nm,Mixed FD,adaptive,4.0,1e-06,random,rand3,106,1,14.567503468959815
p52,1000,nm,Mixed FD,adaptive,4.0,1e-06,random,rand3,106,2,3.3640129764969773
p52,1000,nm,Mixed FD,adaptive,4.0,1e-06,random,rand3,106,3,3.30548993757728
p52,1000,nm,Mixed FD,adaptive,4.0,1e-06,random,rand3,106,4,3.8791392700840386
p52,1000,nm,Mixed FD,adaptive,4.0,1e-06,random,rand3,106,5,7.050333883093467
p52,1000,nm,Mixed FD,adaptive,4.0,1e-06,random,rand3,106,6,1.943506142002421
p52,1000,nm,Mixed FD,adaptive,4.0,1e-06,random,rand3,106,7,1.8472115449571767
p52,1000,nm,Mixed FD,adaptive,4.0,1e-06,random,rand3,106,8,0.8927578184047977
p52,1000,nm,Mixed FD,adaptive,4.0,1e-06,random,rand3,106,9,0.4043015077322679
p52,1000,nm,Mixed FD,adaptive,4.0,1e-06,random,rand3,106,10,0.12963029379324417
p52,1000,nm,Mixed FD,adaptive,4.0,1e-06,random,rand3,106,11,0.024151636099278423
p52,1000,nm,Mixed FD,adaptive,4.0,1e-06,random,rand3,106,12,0.000978320602380105
p52,1000,nm,Mixed FD,adaptive,4.0,1e-06,random,rand3,106,13,1.7451065371796806e-06
p52,1000,tr,Mixed FD,adaptive,4.0,1e-06,random,rand3,106,0,13.477093035922044
p52,1000,tr,Mixed FD,adaptive,4.0,1e-06,random,rand3,106,1,16.044261900288014
p52,1000,tr,Mixed FD,adaptive,4.0,1e-06,random,rand3,106,2,11.605212245813506
p52,1000,tr,Mixed FD,adaptive,4.0,1e-06,random,rand3,106,3,4.00645488473432
p52,1000,tr,Mixed FD,adaptive,4.0,1e-06,random,rand3,106,4,4.945311934539
p52,1000,tr,Mixed FD,adaptive,4.0,1e-06,random,rand3,106,5,1.069228723698555
p52,1000,tr,Mixed FD,adaptive,4.0,1e-06,random,rand3,106,6,0.8339958754757348
p52,1000,tr,Mixed FD,adaptive,4.0,1e-06,random,rand3,106,7,0.5579070063357173
p52,1000,tr,Mixed FD,adaptive,4.0,1e-06,random,rand3,106,8,0.15438257095813945
p52,1000,tr,Mixed FD,adaptive,4.0,1e-06,random,rand3,106,9,0.03551645662123313
p52,1000,tr,Mixed FD,adaptive,4.0,1e-06,random,rand3,106,10,0.02311512797311657
p52,1000,tr,Mixed FD,adaptive,4.0,1e-06,random,rand3,106,11,0.002033335256663877
p52,1000,tr,Mixed FD,adaptive,4.0,1e-06,random,rand3,106,12,0.0019303497313119945
p52,1000,tr,Mixed FD,adaptive,4.0,1e-06,random,rand3,106,13,6.886203053119704e-06
p52,1000,tr,Mixed FD,adaptive,4.0,1e-06,random,rand3,106,14,7.151818544376797e-07
p52,1000,nm,Mixed FD,adaptive,4.0,1e-06,random,rand4,107,0,6.844203462323026
p52,1000,nm,Mixed FD,adaptive,4.0,1e-06,random,rand4,107,1,5.863452251715629
p52,1000,nm,Mixed FD,adaptive,4.0,1e-06,random,rand4,107,2,7.624953463607228
p52,1000,nm,Mixed FD,adaptive,4.0,1e-06,random,rand4,107,3,7.591457216037539
p52,1000,nm,Mixed FD,adaptive,4.0,1e-06,random,rand4,107,4,10.185767675161328
p52,1000,nm,Mixed FD,adaptive,4.0,1e-06,random,rand4,107,5,1.1429752526111878
p52,1000,nm,Mixed FD,adaptive,4.0,1e-06,random,rand4,107,6,11.797091717460596
p52,1000,nm,Mixed FD,adaptive,4.0,1e-06,random,rand4,107,7,7.136650513147893
p52,1000,nm,Mixed FD,adaptive,4.0,1e-06,random,rand4,107,8,5.939093486944177
p52,1000,nm,Mixed FD,adaptive,4.0,1e-06,random,rand4,107,9,3.764605127573406
p52,1000,nm,Mixed FD,adaptive,4.0,1e-06,random,rand4,107,10,4.05337129721249
p52,1000,nm,Mixed FD,adaptive,4.0,1e-06,random,rand4,107,11,2.27097912387335
p52,1000,nm,Mixed FD,adaptive,4.0,1e-06,random,rand4,107,12,1.2487140420301064
p52,1000,nm,Mixed FD,adaptive,4.0,1e-06,random,rand4,107,13,0.6738897872165258
p52,1000,nm,Mixed FD,adaptive,4.0,1e-06,random,rand4,107,14,0.3236603101690873
p52,1000,nm,Mixed FD,adaptive,4.0,1e-06,random,rand4,107,15,0.1068372840916433
p52,1000,nm,Mixed FD,adaptive,4.0,1e-06,random,rand4,107,16,0.015755483370988314
p52,1000,nm,Mixed FD,adaptive,4.0,1e-06,random,rand4,107,17,0.0003958034662577713
p52,1000,nm,Mixed FD,adaptive,4.0,1e-06,random,rand4,107,18,3.2438888568414797e-07
p52,1000,tr,Mixed FD,adaptive,4.0,1e-06,random,rand4,107,0,10.661264003831162
p52,1000,tr,Mixed FD,adaptive,4.0,1e-06,random,rand4,107,1,19.92766392177115
p52,1000,tr,Mixed FD,adaptive,4.0,1e-06,random,rand4,107,2,13.272132138273617
p52,1000,tr,Mixed FD,adaptive,4.0,1e-06,random,rand4,107,3,2.8815940864844025
p52,1000,tr,Mixed FD,adaptive,4.0,1e-06,random,rand4,107,4,2.6380790118710347
p52,1000,tr,Mixed FD,adaptive,4.0,1e-06,random,rand4,107,5,2.0890684041517065
p52,1000,tr,Mixed FD,adaptive,4.0,1e-06,random,rand4,107,6,0.6746074233510422
p52,1000,tr,Mixed FD,adaptive,4.0,1e-06,random,rand4,107,7,0.15659358401490706
p52,1000,tr,Mixed FD,adaptive,4.0,1e-06,random,rand4,107,8,0.1999248899633167
p52,1000,tr,Mixed FD,adaptive,4.0,1e-06,random,rand4,107,9,0.010980067993258555
p52,1000,tr,Mixed FD,adaptive,4.0,1e-06,random,rand4,107,10,0.057068204305320266
p52,1000,tr,Mixed FD,adaptive,4.0,1e-06,random,rand4,107,11,0.018631062660211115
p52,1000,tr,Mixed FD,adaptive,4.0,1e-06,random,rand4,107,12,0.001724439504967515
p52,1000,tr,Mixed FD,adaptive,4.0,1e-06,random,rand4,107,13,2.748149035784016e-05
p52,1000,tr,Mixed FD,adaptive,4.0,1e-06,random,rand4,107,14,2.4605382139834456e-08
p52,1000,nm,Mixed FD,adaptive,4.0,1e-06,random,rand5,108,0,11.624953683184687
p52,1000,nm,Mixed FD,adaptive,4.0,1e-06,random,rand5,108,1,9.26084651616613
p52,1000,nm,Mixed FD,adaptive,4.0,1e-06,random,rand5,108,2,8.056666085631703
p52,1000,nm,Mixed FD,adaptive,4.0,1e-06,random,rand5,108,3,11.213041249352166
p52,1000,nm,Mixed FD,adaptive,4.0,1e-06,random,rand5,108,4,4.751439881292682
p52,1000,nm,Mixed FD,adaptive,4.0,1e-06,random,rand5,108,5,7.805987356604673
p52,1000,nm,Mixed FD,adaptive,4.0,1e-06,random,rand5,108,6,6.659165015858343
p52,1000,nm,Mixed FD,adaptive,4.0,1e-06,random,rand5,108,7,6.036935478853637
p52,1000,nm,Mixed FD,adaptive,4.0,1e-06,random,rand5,108,8,4.120142362271327
p52,1000,nm,Mixed FD,adaptive,4.0,1e-06,random,rand5,108,9,3.3927495189364727
p52,1000,nm,Mixed FD,adaptive,4.0,1e-06,random,rand5,108,10,2.147910322468232
p52,1000,nm,Mixed FD,adaptive,4.0,1e-06,random,rand5,108,11,1.2005434958524352
p52,1000,nm,Mixed FD,adaptive,4.0,1e-06,random,rand5,108,12,0.6026125669760586
p52,1000,nm,Mixed FD,adaptive,4.0,1e-06,random,rand5,108,13,0.21348547865324743
p52,1000,nm,Mixed FD,adaptive,4.0,1e-06,random,rand5,108,14,0.035064045944064336
p52,1000,nm,Mixed FD,adaptive,4.0,1e-06,random,rand5,108,15,0.0012822784131008712
p52,1000,nm,Mixed FD,adaptive,4.0,1e-06,random,rand5,108,16,2.515653635708998e-06
p52,1000,tr,Mixed FD,adaptive,4.0,1e-06,random,rand5,108,0,18.54512462957077
p52,1000,tr,Mixed FD,adaptive,4.0,1e-06,random,rand5,108,1,14.898499094811662
p52,1000,tr,Mixed FD,adaptive,4.0,1e-06,random,rand5,108,2,4.492147396398873
p52,1000,tr,Mixed FD,adaptive,4.0,1e-06,random,rand5,108,3,8.28480285207244
p52,1000,tr,Mixed FD,adaptive,4.0,1e-06,random,rand5,108,4,2.4645996187432266
p52,1000,tr,Mixed FD,adaptive,4.0,1e-06,random,rand5,108,5,1.3239512463122973
p52,1000,tr,Mixed FD,adaptive,4.0,1e-06,random,rand5,108,6,0.8032666769188971
p52,1000,tr,Mixed FD,adaptive,4.0,1e-06,random,rand5,108,7,0.258333708138337
p52,1000,tr,Mixed FD,adaptive,4.0,1e-06,random,rand5,108,8,0.09108872604934423
p52,1000,tr,Mixed FD,adaptive,4.0,1e-06,random,rand5,108,9,0.01243935303839557
p52,1000,tr,Mixed FD,adaptive,4.0,1e-06,random,rand5,108,10,0.04301215026835282
p52,1000,tr,Mixed FD,adaptive,4.0,1e-06,random,rand5,108,11,0.02106148184427814
p52,1000,tr,Mixed FD,adaptive,4.0,1e-06,random,rand5,108,12,0.010969031198989449
p52,1000,tr,Mixed FD,adaptive,4.0,1e-06,random,rand5,108,13,0.00026101326509421545
p52,1000,tr,Mixed FD,adaptive,4.0,1e-06,random,rand5,108,14,0.0008394931734669462
p52,1000,tr,Mixed FD,adaptive,4.0,1e-06,random,rand5,108,15,3.7431038773485394e-06
p52,1000,nm,Mixed FD,adaptive,8.0,1e-06,initial,xbar,109,0,30.63234679985589
p52,1000,nm,Mixed FD,adaptive,8.0,1e-06,initial,xbar,109,1,1.6488125996948801
p52,1000,nm,Mixed FD,adaptive,8.0,1e-06,initial,xbar,109,2,0.6764711926791167
p52,1000,nm,Mixed FD,adaptive,8.0,1e-06,initial,xbar,109,3,0.5001001830803458
p52,1000,nm,Mixed FD,adaptive,8.0,1e-06,initial,xbar,109,4,0.37616013340822063
p52,1000,nm,Mixed FD,adaptive,8.0,1e-06,initial,xbar,109,5,0.26606463243697115
p52,1000,nm,Mixed FD,adaptive,8.0,1e-06,initial,xbar,109,6,0.16738224744161817
p52,1000,nm,Mixed FD,adaptive,8.0,1e-06,initial,xbar,109,7,0.07819425214592333
p52,1000,nm,Mixed FD,adaptive,8.0,1e-06,initial,xbar,109,8,0.017489060402561884
p52,1000,nm,Mixed FD,adaptive,8.0,1e-06,initial,xbar,109,9,0.0008169394174414934
p52,1000,nm,Mixed FD,adaptive,8.0,1e-06,initial,xbar,109,10,1.7312068891765957e-06
p52,1000,tr,Mixed FD,adaptive,8.0,1e-06,initial,xbar,109,0,30.326325147647367
p52,1000,tr,Mixed FD,adaptive,8.0,1e-06,initial,xbar,109,1,1.3846751544258604
p52,1000,tr,Mixed FD,adaptive,8.0,1e-06,initial,xbar,109,2,0.13493872728079978
p52,1000,tr,Mixed FD,adaptive,8.0,1e-06,initial,xbar,109,3,0.2068826969158616
p52,1000,tr,Mixed FD,adaptive,8.0,1e-06,initial,xbar,109,4,0.01119591110286141
p52,1000,tr,Mixed FD,adaptive,8.0,1e-06,initial,xbar,109,5,0.01912247553245743
p52,1000,tr,Mixed FD,adaptive,8.0,1e-06,initial,xbar,109,6,0.0009675097473905872
p52,1000,tr,Mixed FD,adaptive,8.0,1e-06,initial,xbar,109,7,0.0048814527684764185
p52,1000,tr,Mixed FD,adaptive,8.0,1e-06,initial,xbar,109,8,0.00012555581758655246
p52,1000,tr,Mixed FD,adaptive,8.0,1e-06,initial,xbar,109,9,4.5099112306103586e-07
p52,1000,nm,Mixed FD,adaptive,8.0,1e-06,random,rand1,110,0,5.640357480640998
p52,1000,nm,Mixed FD,adaptive,8.0,1e-06,random,rand1,110,1,9.031427662323916
p52,1000,nm,Mixed FD,adaptive,8.0,1e-06,random,rand1,110,2,4.983083700583926
p52,1000,nm,Mixed FD,adaptive,8.0,1e-06,random,rand1,110,3,7.09212092010527
p52,1000,nm,Mixed FD,adaptive,8.0,1e-06,random,rand1,110,4,7.865853891932373
p52,1000,nm,Mixed FD,adaptive,8.0,1e-06,random,rand1,110,5,7.383758586116491
p52,1000,nm,Mixed FD,adaptive,8.0,1e-06,random,rand1,110,6,10.714769726697268
p52,1000,nm,Mixed FD,adaptive,8.0,1e-06,random,rand1,110,7,7.31137413280998
p52,1000,nm,Mixed FD,adaptive,8.0,1e-06,random,rand1,110,8,6.603546393423443
p52,1000,nm,Mixed FD,adaptive,8.0,1e-06,random,rand1,110,9,3.6846460168283515
p52,1000,nm,Mixed FD,adaptive,8.0,1e-06,random,rand1,110,10,2.346096263936959
p52,1000,nm,Mixed FD,adaptive,8.0,1e-06,random,rand1,110,11,1.3231301817310548
p52,1000,nm,Mixed FD,adaptive,8.0,1e-06,random,rand1,110,12,0.6500037866243878
p52,1000,nm,Mixed FD,adaptive,8.0,1e-06,random,rand1,110,13,0.23507427396778866
p52,1000,nm,Mixed FD,adaptive,8.0,1e-06,random,rand1,110,14,0.04348145465368364
p52,1000,nm,Mixed FD,adaptive,8.0,1e-06,random,rand1,110,15,0.0021796642991494313
p52,1000,nm,Mixed FD,adaptive,8.0,1e-06,random,rand1,110,16,7.2835192255568085e-06
p52,1000,tr,Mixed FD,adaptive,8.0,1e-06,random,rand1,110,0,14.821101439706162
p52,1000,tr,Mixed FD,adaptive,8.0,1e-06,random,rand1,110,1,18.989438914933285
p52,1000,tr,Mixed FD,adaptive,8.0,1e-06,random,rand1,110,2,3.5011351054002526
p52,1000,tr,Mixed FD,adaptive,8.0,1e-06,random,rand1,110,3,11.685511668922285
p52,1000,tr,Mixed FD,adaptive,8.0,1e-06,random,rand1,110,4,2.305057516272595
p52,1000,tr,Mixed FD,adaptive,8.0,1e-06,random,rand1,110,5,2.4355355450292424
p52,1000,tr,Mixed FD,adaptive,8.0,1e-06,random,rand1,110,6,0.6354893574587098
p52,1000,tr,Mixed FD,adaptive,8.0,1e-06,random,rand1,110,7,0.11069072534824616
p52,1000,tr,Mixed FD,adaptive,8.0,1e-06,random,rand1,110,8,0.22050024282613148
p52,1000,tr,Mixed FD,adaptive,8.0,1e-06,random,rand1,110,9,0.011175501975459225
p52,1000,tr,Mixed FD,adaptive,8.0,1e-06,random,rand1,110,10,0.020145800691331112
p52,1000,tr,Mixed FD,adaptive,8.0,1e-06,random,rand1,110,11,0.0006980548240238222
p52,1000,tr,Mixed FD,adaptive,8.0,1e-06,random,rand1,110,12,0.0003760278424292721
p52,1000,tr,Mixed FD,adaptive,8.0,1e-06,random,rand1,110,13,1.5648208594584045e-06
p52,1000,tr,Mixed FD,adaptive,8.0,1e-06,random,rand1,110,14,1.1305003127105546e-07
p52,1000,nm,Mixed FD,adaptive,8.0,1e-06,random,rand2,111,0,6.576801775315543
p52,1000,nm,Mixed FD,adaptive,8.0,1e-06,random,rand2,111,1,12.130149669566268
p52,1000,nm,Mixed FD,adaptive,8.0,1e-06,random,rand2,111,2,8.729143570951177
p52,1000,nm,Mixed FD,adaptive,8.0,1e-06,random,rand2,111,3,4.967468398253167
p52,1000,nm,Mixed FD,adaptive,8.0,1e-06,random,rand2,111,4,7.176266367270733
p52,1000,nm,Mixed FD,adaptive,8.0,1e-06,random,rand2,111,5,2.222455418951068
p52,1000,nm,Mixed FD,adaptive,8.0,1e-06,random,rand2,111,6,7.848702784636995
p52,1000,nm,Mixed FD,adaptive,8.0,1e-06,random,rand2,111,7,4.060175629746182
p52,1000,nm,Mixed FD,adaptive,8.0,1e-06,random,rand2,111,8,6.743601759865541
p52,1000,nm,Mixed FD,adaptive,8.0,1e-06,random,rand2,111,9,4.965955860203076
p52,1000,nm,Mixed FD,adaptive,8.0,1e-06,random,rand2,111,10,2.9397351451712095
p52,1000,nm,Mixed FD,adaptive,8.0,1e-06,random,rand2,111,11,1.1290706713830048
p52,1000,nm,Mixed FD,adaptive,8.0,1e-06,random,rand2,111,12,3.112120816837047
p52,1000,nm,Mixed FD,adaptive,8.0,1e-06,random,rand2,111,13,1.4961977225528509
p52,1000,nm,Mixed FD,adaptive,8.0,1e-06,random,rand2,111,14,0.8368243504315647
p52,1000,nm,Mixed FD,adaptive,8.0,1e-06,random,rand2,111,15,0.38230507118125295
p52,1000,nm,Mixed FD,adaptive,8.0,1e-06,random,rand2,111,16,0.1064513515309041
p52,1000,nm,Mixed FD,adaptive,8.0,1e-06,random,rand2,111,17,0.009770073866900472
p52,1000,nm,Mixed FD,adaptive,8.0,1e-06,random,rand2,111,18,0.00010585605707067799
p52,1000,nm,Mixed FD,adaptive,8.0,1e-06,random,rand2,111,19,1.6433005178475044e-08
p52,1000,tr,Mixed FD,adaptive,8.0,1e-06,random,rand2,111,0,10.845264779226484
p52,1000,tr,Mixed FD,adaptive,8.0,1e-06,random,rand2,111,1,20.394735919534277
p52,1000,tr,Mixed FD,adaptive,8.0,1e-06,random,rand2,111,2,11.549115189769696
p52,1000,tr,Mixed FD,adaptive,8.0,1e-06,random,rand2,111,3,2.7655006197225664
p52,1000,tr,Mixed FD,adaptive,8.0,1e-06,random,rand2,111,4,2.5241002327095177
p52,1000,tr,Mixed FD,adaptive,8.0,1e-06,random,rand2,111,5,2.0154168883410897
p52,1000,tr,Mixed FD,adaptive,8.0,1e-06,random,rand2,111,6,0.602820874450277
p52,1000,tr,Mixed FD,adaptive,8.0,1e-06,random,rand2,111,7,0.08754672051618663
p52,1000,tr,Mixed FD,adaptive,8.0,1e-06,random,rand2,111,8,0.11199546921021941
p52,1000,tr,Mixed FD,adaptive,8.0,1e-06,random,rand2,111,9,0.04343961938649922
p52,1000,tr,Mixed FD,adaptive,8.0,1e-06,random,rand2,111,10,0.01322155382272873
p52,1000,tr,Mixed FD,adaptive,8.0,1e-06,random,rand2,111,11,0.01014421295978481
p52,1000,tr,Mixed FD,adaptive,8.0,1e-06,random,rand2,111,12,0.0005312069377739463
p52,1000,tr,Mixed FD,adaptive,8.0,1e-06,random,rand2,111,13,1.0444124591929857e-05
p52,1000,tr,Mixed FD,adaptive,8.0,1e-06,random,rand2,111,14,1.2555999360177664e-08
p52,1000,nm,Mixed FD,adaptive,8.0,1e-06,random,rand3,112,0,15.786478192835505
p52,1000,nm,Mixed FD,adaptive,8.0,1e-06,random,rand3,112,1,14.567112824483273
p52,1000,nm,Mixed FD,adaptive,8.0,1e-06,random,rand3,112,2,3.3655807118361043
p52,1000,nm,Mixed FD,adaptive,8.0,1e-06,random,rand3,112,3,3.3024418280837904
p52,1000,nm,Mixed FD,adaptive,8.0,1e-06,random,rand3,112,4,3.8794166012219304
p52,1000,nm,Mixed FD,adaptive,8.0,1e-06,random,rand3,112,5,7.054993163870982
p52,1000,nm,Mixed FD,adaptive,8.0,1e-06,random,rand3,112,6,1.9450413263656017
p52,1000,nm,Mixed FD,adaptive,8.0,1e-06,random,rand3,112,7,1.848152971487733
p52,1000,nm,Mixed FD,adaptive,8.0,1e-06,random,rand3,112,8,0.8934524643097037
p52,1000,nm,Mixed FD,adaptive,8.0,1e-06,random,rand3,112,9,0.40477462401547487
p52,1000,nm,Mixed FD,adaptive,8.0,1e-06,random,rand3,112,10,0.12988318714200914
p52,1000,nm,Mixed FD,adaptive,8.0,1e-06,random,rand3,112,11,0.02420442605114536
p52,1000,nm,Mixed FD,adaptive,8.0,1e-06,random,rand3,112,12,0.0009780235618920363
p52,1000,nm,Mixed FD,adaptive,8.0,1e-06,random,rand3,112,13,1.5796024869598656e-06
p52,1000,tr,Mixed FD,adaptive,8.0,1e-06,random,rand3,112,0,13.476438329852714
p52,1000,tr,Mixed FD,adaptive,8.0,1e-06,random,rand3,112,1,16.04470606925054
p52,1000,tr,Mixed FD,adaptive,8.0,1e-06,random,rand3,112,2,11.604985751737923
p52,1000,tr,Mixed FD,adaptive,8.0,1e-06,random,rand3,112,3,4.007012624531208
p52,1000,tr,Mixed FD,adaptive,8.0,1e-06,random,rand3,112,4,4.949264432000522
p52,1000,tr,Mixed FD,adaptive,8.0,1e-06,random,rand3,112,5,1.0697671483376672
p52,1000,tr,Mixed FD,adaptive,8.0,1e-06,random,rand3,112,6,0.8334416524137087
p52,1000,tr,Mixed FD,adaptive,8.0,1e-06,random,rand3,112,7,0.5624813217341361
p52,1000,tr,Mixed FD,adaptive,8.0,1e-06,random,rand3,112,8,0.15572764252128213
p52,1000,tr,Mixed FD,adaptive,8.0,1e-06,random,rand3,112,9,0.03670070924641946
p52,1000,tr,Mixed FD,adaptive,8.0,1e-06,random,rand3,112,10,0.023005710977450296
p52,1000,tr,Mixed FD,adaptive,8.0,1e-06,random,rand3,112,11,0.002078590945302448
p52,1000,tr,Mixed FD,adaptive,8.0,1e-06,random,rand3,112,12,0.0020254051467999746
p52,1000,tr,Mixed FD,adaptive,8.0,1e-06,random,rand3,112,13,6.403461451654752e-06
p52,1000,tr,Mixed FD,adaptive,8.0,1e-06,random,rand3,112,14,7.845853347598297e-07
p52,1000,nm,Mixed FD,adaptive,8.0,1e-06,random,rand4,113,0,6.844598585928915
p52,1000,nm,Mixed FD,adaptive,8.0,1e-06,random,rand4,113,1,5.864288370822126
p52,1000,nm,Mixed FD,adaptive,8.0,1e-06,random,rand4,113,2,7.6253187901588
p52,1000,nm,Mixed FD,adaptive,8.0,1e-06,random,rand4,113,3,7.591731977251791
p52,1000,nm,Mixed FD,adaptive,8.0,1e-06,random,rand4,113,4,10.186017294620845
p52,1000,nm,Mixed FD,adaptive,8.0,1e-06,random,rand4,113,5,1.1523997471847955
p52,1000,nm,Mixed FD,adaptive,8.0,1e-06,random,rand4,113,6,11.795381227789706
p52,1000,nm,Mixed FD,adaptive,8.0,1e-06,random,rand4,113,7,7.136626020817597
p52,1000,nm,Mixed FD,adaptive,8.0,1e-06,random,rand4,113,8,5.939740824724262
p52,1000,nm,Mixed FD,adaptive,8.0,1e-06,random,rand4,113,9,3.7700847618189037
p52,1000,nm,Mixed FD,adaptive,8.0,1e-06,random,rand4,113,10,4.0558856986390275
p52,1000,nm,Mixed FD,adaptive,8.0,1e-06,random,rand4,113,11,2.2718427570536397
p52,1000,nm,Mixed FD,adaptive,8.0,1e-06,random,rand4,113,12,1.2491929577932852
p52,1000,nm,Mixed FD,adaptive,8.0,1e-06,random,rand4,113,13,0.674214203898989
p52,1000,nm,Mixed FD,adaptive,8.0,1e-06,random,rand4,113,14,0.32412411801161534
p52,1000,nm,Mixed FD,adaptive,8.0,1e-06,random,rand4,113,15,0.10717444883548263
p52,1000,nm,Mixed FD,adaptive,8.0,1e-06,random,rand4,113,16,0.015803550676012267
p52,1000,nm,Mixed FD,adaptive,8.0,1e-06,random,rand4,113,17,0.00039466817859917075
p52,1000,nm,Mixed FD,adaptive,8.0,1e-06,random,rand4,113,18,2.5653367919146294e-07
p52,1000,tr,Mixed FD,adaptive,8.0,1e-06,random,rand4,113,0,10.660507300970373
p52,1000,tr,Mixed FD,adaptive,8.0,1e-06,random,rand4,113,1,19.92766779935064
p52,1000,tr,Mixed FD,adaptive,8.0,1e-06,random,rand4,113,2,13.270800975961214
p52,1000,tr,Mixed FD,adaptive,8.0,1e-06,random,rand4,113,3,2.8820567924408906
p52,1000,tr,Mixed FD,adaptive,8.0,1e-06,random,rand4,113,4,2.63950799116701
p52,1000,tr,Mixed FD,adaptive,8.0,1e-06,random,rand4,113,5,2.089923856626109
p52,1000,tr,Mixed FD,adaptive,8.0,1e-06,random,rand4,113,6,0.67427847179904
p52,1000,tr,Mixed FD,adaptive,8.0,1e-06,random,rand4,113,7,0.1570061085772542
p52,1000,tr,Mixed FD,adaptive,8.0,1e-06,random,rand4,113,8,0.19992383647079007
p52,1000,tr,Mixed FD,adaptive,8.0,1e-06,random,rand4,113,9,0.010982080974225141
p52,1000,tr,Mixed FD,adaptive,8.0,1e-06,random,rand4,113,10,0.05706440558683283
p52,1000,tr,Mixed FD,adaptive,8.0,1e-06,random,rand4,113,11,0.01863589952265778
p52,1000,tr,Mixed FD,adaptive,8.0,1e-06,random,rand4,113,12,0.0017271980689463355
p52,1000,tr,Mixed FD,adaptive,8.0,1e-06,random,rand4,113,13,2.74070645450286e-05
p52,1000,tr,Mixed FD,adaptive,8.0,1e-06,random,rand4,113,14,2.473174433869443e-08
p52,1000,nm,Mixed FD,adaptive,8.0,1e-06,random,rand5,114,0,11.625748703597
p52,1000,nm,Mixed FD,adaptive,8.0,1e-06,random,rand5,114,1,9.260943191207055
p52,1000,nm,Mixed FD,adaptive,8.0,1e-06,random,rand5,114,2,8.057008507586252
p52,1000,nm,Mixed FD,adaptive,8.0,1e-06,random,rand5,114,3,11.2127525350268
p52,1000,nm,Mixed FD,adaptive,8.0,1e-06,random,rand5,114,4,4.7518936851470235
p52,1000,nm,Mixed FD,adaptive,8.0,1e-06,random,rand5,114,5,7.807272139572301
p52,1000,nm,Mixed FD,adaptive,8.0,1e-06,random,rand5,114,6,6.658547100502823
p52,1000,nm,Mixed FD,adaptive,8.0,1e-06,random,rand5,114,7,6.039360147725094
p52,1000,nm,Mixed FD,adaptive,8.0,1e-06,random,rand5,114,8,4.11986296104623
p52,1000,nm,Mixed FD,adaptive,8.0,1e-06,random,rand5,114,9,3.393838866894159
p52,1000,nm,Mixed FD,adaptive,8.0,1e-06,random,rand5,114,10,2.14835988432609
p52,1000,nm,Mixed FD,adaptive,8.0,1e-06,random,rand5,114,11,1.2008877917525367
p52,1000,nm,Mixed FD,adaptive,8.0,1e-06,random,rand5,114,12,0.6029802109879421
p52,1000,nm,Mixed FD,adaptive,8.0,1e-06,random,rand5,114,13,0.213751129674649
p52,1000,nm,Mixed FD,adaptive,8.0,1e-06,random,rand5,114,14,0.03511594784575263
p52,1000,nm,Mixed FD,adaptive,8.0,1e-06,random,rand5,114,15,0.0012787326902220831
p52,1000,nm,Mixed FD,adaptive,8.0,1e-06,random,rand5,114,16,2.2935431615598256e-06
p52,1000,tr,Mixed FD,adaptive,8.0,1e-06,random,rand5,114,0,18.544751271891613
p52,1000,tr,Mixed FD,adaptive,8.0,1e-06,random,rand5,114,1,14.89907883799603
p52,1000,tr,Mixed FD,adaptive,8.0,1e-06,random,rand5,114,2,4.492871726964786
p52,1000,tr,Mixed FD,adaptive,8.0,1e-06,random,rand5,114,3,8.284738401155344
p52,1000,tr,Mixed FD,adaptive,8.0,1e-06,random,rand5,114,4,2.465941374906481
p52,1000,tr,Mixed FD,adaptive,8.0,1e-06,random,rand5,114,5,1.3240055419833676
p52,1000,tr,Mixed FD,adaptive,8.0,1e-06,random,rand5,114,6,0.8043996595029782
p52,1000,tr,Mixed FD,adaptive,8.0,1e-06,random,rand5,114,7,0.2584464643422729
p52,1000,tr,Mixed FD,adaptive,8.0,1e-06,random,rand5,114,8,0.09149985614263569
p52,1000,tr,Mixed FD,adaptive,8.0,1e-06,random,rand5,114,9,0.012459410143469737
p52,1000,tr,Mixed FD,adaptive,8.0,1e-06,random,rand5,114,10,0.04300711598159942
p52,1000,tr,Mixed FD,adaptive,8.0,1e-06,random,rand5,114,11,0.021056221579883194
p52,1000,tr,Mixed FD,adaptive,8.0,1e-06,random,rand5,114,12,0.010967780627375953
p52,1000,tr,Mixed FD,adaptive,8.0,1e-06,random,rand5,114,13,0.0002607692610688598
p52,1000,tr,Mixed FD,adaptive,8.0,1e-06,random,rand5,114,14,0.0008397171904328621
p52,1000,tr,Mixed FD,adaptive,8.0,1e-06,random,rand5,114,15,3.834972420721799e-06
p52,1000,nm,Mixed FD,adaptive,12.0,1e-06,initial,xbar,115,0,31.680272167467553
p52,1000,nm,Mixed FD,adaptive,12.0,1e-06,initial,xbar,115,1,0.9540906529153618
p52,1000,nm,Mixed FD,adaptive,12.0,1e-06,initial,xbar,115,2,0.6746626041040338
p52,1000,nm,Mixed FD,adaptive,12.0,1e-06,initial,xbar,115,3,0.5023925602420799
p52,1000,nm,Mixed FD,adaptive,12.0,1e-06,initial,xbar,115,4,0.37763657201702394
p52,1000,nm,Mixed FD,adaptive,12.0,1e-06,initial,xbar,115,5,0.26718518170884387
p52,1000,nm,Mixed FD,adaptive,12.0,1e-06,initial,xbar,115,6,0.16826521691157922
p52,1000,nm,Mixed FD,adaptive,12.0,1e-06,initial,xbar,115,7,0.07894011782377394
p52,1000,nm,Mixed FD,adaptive,12.0,1e-06,initial,xbar,115,8,0.017837021732117653
p52,1000,nm,Mixed FD,adaptive,12.0,1e-06,initial,xbar,115,9,0.000849345311055951
p52,1000,nm,Mixed FD,adaptive,12.0,1e-06,initial,xbar,115,10,1.7892338781128348e-06
p52,1000,tr,Mixed FD,adaptive,12.0,1e-06,initial,xbar,115,0,31.37987601711298
p52,1000,tr,Mixed FD,adaptive,12.0,1e-06,initial,xbar,115,1,0.24210760001526205
p52,1000,tr,Mixed FD,adaptive,12.0,1e-06,initial,xbar,115,2,0.2114951576876052
p52,1000,tr,Mixed FD,adaptive,12.0,1e-06,initial,xbar,115,3,0.03617653544501051
p52,1000,tr,Mixed FD,adaptive,12.0,1e-06,initial,xbar,115,4,0.05706536326941941
p52,1000,tr,Mixed FD,adaptive,12.0,1e-06,initial,xbar,115,5,0.004011300191902246
p52,1000,tr,Mixed FD,adaptive,12.0,1e-06,initial,xbar,115,6,0.00340282452498476
p52,1000,tr,Mixed FD,adaptive,12.0,1e-06,initial,xbar,115,7,0.0016035182635940357
p52,1000,tr,Mixed FD,adaptive,12.0,1e-06,initial,xbar,115,8,1.389805564012522e-05
p52,1000,nm,Mixed FD,adaptive,12.0,1e-06,random,rand1,116,0,5.643438054359417
p52,1000,nm,Mixed FD,adaptive,12.0,1e-06,random,rand1,116,1,9.039031378044676
p52,1000,nm,Mixed FD,adaptive,12.0,1e-06,random,rand1,116,2,5.000221024217332
p52,1000,nm,Mixed FD,adaptive,12.0,1e-06,random,rand1,116,3,7.095034517428254
p52,1000,nm,Mixed FD,adaptive,12.0,1e-06,random,rand1,116,4,7.877435569126942
p52,1000,nm,Mixed FD,adaptive,12.0,1e-06,random,rand1,116,5,7.373552296391685
p52,1000,nm,Mixed FD,adaptive,12.0,1e-06,random,rand1,116,6,10.706004780288863
p52,1000,nm,Mixed FD,adaptive,12.0,1e-06,random,rand1,116,7,7.328339347210885
p52,1000,nm,Mixed FD,adaptive,12.0,1e-06,random,rand1,116,8,6.6065028457961
p52,1000,nm,Mixed FD,adaptive,12.0,1e-06,random,rand1,116,9,3.6513820460393323
p52,1000,nm,Mixed FD,adaptive,12.0,1e-06,random,rand1,116,10,2.344988954701559
p52,1000,nm,Mixed FD,adaptive,12.0,1e-06,random,rand1,116,11,1.3206701857409258
p52,1000,nm,Mixed FD,adaptive,12.0,1e-06,random,rand1,116,12,0.6470433704509777
p52,1000,nm,Mixed FD,adaptive,12.0,1e-06,random,rand1,116,13,0.2343039547321673
p52,1000,nm,Mixed FD,adaptive,12.0,1e-06,random,rand1,116,14,0.04293131052954606
p52,1000,nm,Mixed FD,adaptive,12.0,1e-06,random,rand1,116,15,0.0020798189424147766
p52,1000,nm,Mixed FD,adaptive,12.0,1e-06,random,rand1,116,16,6.782155374098126e-06
p52,1000,tr,Mixed FD,adaptive,12.0,1e-06,random,rand1,116,0,14.818868894556918
p52,1000,tr,Mixed FD,adaptive,12.0,1e-06,random,rand1,116,1,18.998040196079963
p52,1000,tr,Mixed FD,adaptive,12.0,1e-06,random,rand1,116,2,3.501776026927967
p52,1000,tr,Mixed FD,adaptive,12.0,1e-06,random,rand1,116,3,11.668860221298267
p52,1000,tr,Mixed FD,adaptive,12.0,1e-06,random,rand1,116,4,2.3045353519325373
p52,1000,tr,Mixed FD,adaptive,12.0,1e-06,random,rand1,116,5,2.442485390671103
p52,1000,tr,Mixed FD,adaptive,12.0,1e-06,random,rand1,116,6,0.6354033699507808
p52,1000,tr,Mixed FD,adaptive,12.0,1e-06,random,rand1,116,7,0.11093041637753953
p52,1000,tr,Mixed FD,adaptive,12.0,1e-06,random,rand1,116,8,0.22073299299776739
p52,1000,tr,Mixed FD,adaptive,12.0,1e-06,random,rand1,116,9,0.011188384992904052
p52,1000,tr,Mixed FD,adaptive,12.0,1e-06,random,rand1,116,10,0.02021343273888152
p52,1000,tr,Mixed FD,adaptive,12.0,1e-06,random,rand1,116,11,0.0006936241665310509
p52,1000,tr,Mixed FD,adaptive,12.0,1e-06,random,rand1,116,12,0.00037201216238663145
p52,1000,tr,Mixed FD,adaptive,12.0,1e-06,random,rand1,116,13,1.5378692429164733e-06
p52,1000,tr,Mixed FD,adaptive,12.0,1e-06,random,rand1,116,14,1.03135110878608e-07
p52,1000,nm,Mixed FD,adaptive,12.0,1e-06,random,rand2,117,0,6.573782731608772
p52,1000,nm,Mixed FD,adaptive,12.0,1e-06,random,rand2,117,1,12.126890115339874
p52,1000,nm,Mixed FD,adaptive,12.0,1e-06,random,rand2,117,2,8.726848422730598
p52,1000,nm,Mixed FD,adaptive,12.0,1e-06,random,rand2,117,3,4.93115671018823
p52,1000,nm,Mixed FD,adaptive,12.0,1e-06,random,rand2,117,4,7.162488093028619
p52,1000,nm,Mixed FD,adaptive,12.0,1e-06,random,rand2,117,5,2.0221510502731275
p52,1000,nm,Mixed FD,adaptive,12.0,1e-06,random,rand2,117,6,7.840343886578479
p52,1000,nm,Mixed FD,adaptive,12.0,1e-06,random,rand2,117,7,4.044371870027783
p52,1000,nm,Mixed FD,adaptive,12.0,1e-06,random,rand2,117,8,6.7288178896799025
p52,1000,nm,Mixed FD,adaptive,12.0,1e-06,random,rand2,117,9,4.96283972260274
p52,1000,nm,Mixed FD,adaptive,12.0,1e-06,random,rand2,117,10,2.982157459127708
p52,1000,nm,Mixed FD,adaptive,12.0,1e-06,random,rand2,117,11,1.0979781127381072
p52,1000,nm,Mixed FD,adaptive,12.0,1e-06,random,rand2,117,12,3.094889511492158
p52,1000,nm,Mixed FD,adaptive,12.0,1e-06,random,rand2,117,13,1.4859172098509548
p52,1000,nm,Mixed FD,adaptive,12.0,1e-06,random,rand2,117,14,0.8288872488365143
p52,1000,nm,Mixed FD,adaptive,12.0,1e-06,random,rand2,117,15,0.3766733741943427
p52,1000,nm,Mixed FD,adaptive,12.0,1e-06,random,rand2,117,16,0.10486272789194068
p52,1000,nm,Mixed FD,adaptive,12.0,1e-06,random,rand2,117,17,0.009706355935383928
p52,1000,nm,Mixed FD,adaptive,12.0,1e-06,random,rand2,117,18,0.00010061206214620201
p52,1000,nm,Mixed FD,adaptive,12.0,1e-06,random,rand2,117,19,1.5124583426981693e-08
p52,1000,tr,Mixed FD,adaptive,12.0,1e-06,random,rand2,117,0,10.845023688587755
p52,1000,tr,Mixed FD,adaptive,12.0,1e-06,random,rand2,117,1,20.39271276480158
p52,1000,tr,Mixed FD,adaptive,12.0,1e-06,random,rand2,117,2,11.561650882976751
p52,1000,tr,Mixed FD,adaptive,12.0,1e-06,random,rand2,117,3,2.7657508570773808
p52,1000,tr,Mixed FD,adaptive,12.0,1e-06,random,rand2,117,4,2.5215786258786466
p52,1000,tr,Mixed FD,adaptive,12.0,1e-06,random,rand2,117,5,2.014483165254546
p52,1000,tr,Mixed FD,adaptive,12.0,1e-06,random,rand2,117,6,0.6025806137580527
p52,1000,tr,Mixed FD,adaptive,12.0,1e-06,random,rand2,117,7,0.0874188377190251
p52,1000,tr,Mixed FD,adaptive,12.0,1e-06,random,rand2,117,8,0.11191054735626403
p52,1000,tr,Mixed FD,adaptive,12.0,1e-06,random,rand2,117,9,0.04337781766097124
p52,1000,tr,Mixed FD,adaptive,12.0,1e-06,random,rand2,117,10,0.013230322283543946
p52,1000,tr,Mixed FD,adaptive,12.0,1e-06,random,rand2,117,11,0.010148715609499565
p52,1000,tr,Mixed FD,adaptive,12.0,1e-06,random,rand2,117,12,0.0005319261569045645
p52,1000,tr,Mixed FD,adaptive,12.0,1e-06,random,rand2,117,13,1.053252891330819e-05
p52,1000,tr,Mixed FD,adaptive,12.0,1e-06,random,rand2,117,14,1.2957754085591042e-08
p52,1000,nm,Mixed FD,adaptive,12.0,1e-06,random,rand3,118,0,15.78927050336717
p52,1000,nm,Mixed FD,adaptive,12.0,1e-06,random,rand3,118,1,14.56570922770404
p52,1000,nm,Mixed FD,adaptive,12.0,1e-06,random,rand3,118,2,3.3365499986831684
p52,1000,nm,Mixed FD,adaptive,12.0,1e-06,random,rand3,118,3,3.3295541994787103
p52,1000,nm,Mixed FD,adaptive,12.0,1e-06,random,rand3,118,4,3.882610273675733
p52,1000,nm,Mixed FD,adaptive,12.0,1e-06,random,rand3,118,5,7.074323500403408
p52,1000,nm,Mixed FD,adaptive,12.0,1e-06,random,rand3,118,6,1.947042119376978
p52,1000,nm,Mixed FD,adaptive,12.0,1e-06,random,rand3,118,7,1.8543626319137205
p52,1000,nm,Mixed FD,adaptive,12.0,1e-06,random,rand3,118,8,0.9025896437253411
p52,1000,nm,Mixed FD,adaptive,12.0,1e-06,random,rand3,118,9,0.4149511423260788
p52,1000,nm,Mixed FD,adaptive,12.0,1e-06,random,rand3,118,10,0.13836311145769845
p52,1000,nm,Mixed FD,adaptive,12.0,1e-06,random,rand3,118,11,0.02732993354732547
p52,1000,nm,Mixed FD,adaptive,12.0,1e-06,random,rand3,118,12,0.0012338729077330983
p52,1000,nm,Mixed FD,adaptive,12.0,1e-06,random,rand3,118,13,2.3673567064554723e-06
p52,1000,tr,Mixed FD,adaptive,12.0,1e-06,random,rand3,118,0,13.477978171698474
p52,1000,tr,Mixed FD,adaptive,12.0,1e-06,random,rand3,118,1,16.050252621529186
p52,1000,tr,Mixed FD,adaptive,12.0,1e-06,random,rand3,118,2,11.605813425443376
p52,1000,tr,Mixed FD,adaptive,12.0,1e-06,random,rand3,118,3,4.012237406086362
p52,1000,tr,Mixed FD,adaptive,12.0,1e-06,random,rand3,118,4,4.928607661391179
p52,1000,tr,Mixed FD,adaptive,12.0,1e-06,random,rand3,118,5,1.070485438970072
p52,1000,tr,Mixed FD,adaptive,12.0,1e-06,random,rand3,118,6,0.8367621126397075
p52,1000,tr,Mixed FD,adaptive,12.0,1e-06,random,rand3,118,7,0.5492547142978614
p52,1000,tr,Mixed FD,adaptive,12.0,1e-06,random,rand3,118,8,0.15247801544134706
p52,1000,tr,Mixed FD,adaptive,12.0,1e-06,random,rand3,118,9,0.033418998774596705
p52,1000,tr,Mixed FD,adaptive,12.0,1e-06,random,rand3,118,10,0.023336199249628195
p52,1000,tr,Mixed FD,adaptive,12.0,1e-06,random,rand3,118,11,0.0019499598057092283
p52,1000,tr,Mixed FD,adaptive,12.0,1e-06,random,rand3,118,12,0.001757853610026814
p52,1000,tr,Mixed FD,adaptive,12.0,1e-06,random,rand3,118,13,7.397348455960802e-06
p52,1000,tr,Mixed FD,adaptive,12.0,1e-06,random,rand3,118,14,6.111967121767335e-07
p52,1000,nm,Mixed FD,adaptive,12.0,1e-06,random,rand4,119,0,6.832147489768897
p52,1000,nm,Mixed FD,adaptive,12.0,1e-06,random,rand4,119,1,5.844233863980152
p52,1000,nm,Mixed FD,adaptive,12.0,1e-06,random,rand4,119,2,7.590459156902965
p52,1000,nm,Mixed FD,adaptive,12.0,1e-06,random,rand4,119,3,7.606319538010685
p52,1000,nm,Mixed FD,adaptive,12.0,1e-06,random,rand4,119,4,10.205438287732719
p52,1000,nm,Mixed FD,adaptive,12.0,1e-06,random,rand4,119,5,1.1859154466123882
p52,1000,nm,Mixed FD,adaptive,12.0,1e-06,random,rand4,119,6,11.781046710418067
p52,1000,nm,Mixed FD,adaptive,12.0,1e-06,random,rand4,119,7,7.13327579517959
p52,1000,nm,Mixed FD,adaptive,12.0,1e-06,random,rand4,119,8,5.942759582103056
p52,1000,nm,Mixed FD,adaptive,12.0,1e-06,random,rand4,119,9,3.794567830105461
p52,1000,nm,Mixed FD,adaptive,12.0,1e-06,random,rand4,119,10,4.069300949098134
p52,1000,nm,Mixed FD,adaptive,12.0,1e-06,random,rand4,119,11,2.272872292302258
p52,1000,nm,Mixed FD,adaptive,12.0,1e-06,random,rand4,119,12,1.2537081615508001
p52,1000,nm,Mixed FD,adaptive,12.0,1e-06,random,rand4,119,13,0.6836039478867544
p52,1000,nm,Mixed FD,adaptive,12.0,1e-06,random,rand4,119,14,0.33425907188589943
p52,1000,nm,Mixed FD,adaptive,12.0,1e-06,random,rand4,119,15,0.11308748149608662
p52,1000,nm,Mixed FD,adaptive,12.0,1e-06,random,rand4,119,16,0.016859271013932895
p52,1000,nm,Mixed FD,adaptive,12.0,1e-06,random,rand4,119,17,0.00042594817766213657
p52,1000,nm,Mixed FD,adaptive,12.0,1e-06,random,rand4,119,18,2.7045148663836795e-07
p52,1000,tr,Mixed FD,adaptive,12.0,1e-06,random,rand4,119,0,10.660998502777945
p52,1000,tr,Mixed FD,adaptive,12.0,1e-06,random,rand4,119,1,19.93759737428616
p52,1000,tr,Mixed FD,adaptive,12.0,1e-06,random,rand4,119,2,13.272540335479173
p52,1000,tr,Mixed FD,adaptive,12.0,1e-06,random,rand4,119,3,2.8835980677877
p52,1000,tr,Mixed FD,adaptive,12.0,1e-06,random,rand4,119,4,2.636664565408649
p52,1000,tr,Mixed FD,adaptive,12.0,1e-06,random,rand4,119,5,2.0850093191945978
p52,1000,tr,Mixed FD,adaptive,12.0,1e-06,random,rand4,119,6,0.6773499843333451
p52,1000,tr,Mixed FD,adaptive,12.0,1e-06,random,rand4,119,7,0.15544006612221892
p52,1000,tr,Mixed FD,adaptive,12.0,1e-06,random,rand4,119,8,0.19989238275263063
p52,1000,tr,Mixed FD,adaptive,12.0,1e-06,random,rand4,119,9,0.011004597352506092
p52,1000,tr,Mixed FD,adaptive,12.0,1e-06,random,rand4,119,10,0.05705394935744465
p52,1000,tr,Mixed FD,adaptive,12.0,1e-06,random,rand4,119,11,0.018669965328069537
p52,1000,tr,Mixed FD,adaptive,12.0,1e-06,random,rand4,119,12,0.0017323619989156793
p52,1000,tr,Mixed FD,adaptive,12.0,1e-06,random,rand4,119,13,2.735652354810851e-05
p52,1000,tr,Mixed FD,adaptive,12.0,1e-06,random,rand4,119,14,2.6032581517231075e-08
p52,1000,nm,Mixed FD,adaptive,12.0,1e-06,random,rand5,120,0,11.644435764453865
p52,1000,nm,Mixed FD,adaptive,12.0,1e-06,random,rand5,120,1,9.290995620960107
p52,1000,nm,Mixed FD,adaptive,12.0,1e-06,random,rand5,120,2,8.0506328986223
p52,1000,nm,Mixed FD,adaptive,12.0,1e-06,random,rand5,120,3,11.199423733136912
p52,1000,nm,Mixed FD,adaptive,12.0,1e-06,random,rand5,120,4,4.767649596143505
p52,1000,nm,Mixed FD,adaptive,12.0,1e-06,random,rand5,120,5,7.813564597122529
p52,1000,nm,Mixed FD,adaptive,12.0,1e-06,random,rand5,120,6,6.622616861819824
p52,1000,nm,Mixed FD,adaptive,12.0,1e-06,random,rand5,120,7,6.066194004352305
p52,1000,nm,Mixed FD,adaptive,12.0,1e-06,random,rand5,120,8,4.072955809828672
p52,1000,nm,Mixed FD,adaptive,12.0,1e-06,random,rand5,120,9,3.3865893308164083
p52,1000,nm,Mixed FD,adaptive,12.0,1e-06,random,rand5,120,10,2.1457036587879132
p52,1000,nm,Mixed FD,adaptive,12.0,1e-06,random,rand5,120,11,1.1942100460769292
p52,1000,nm,Mixed FD,adaptive,12.0,1e-06,random,rand5,120,12,0.594536556385474
p52,1000,nm,Mixed FD,adaptive,12.0,1e-06,random,rand5,120,13,0.20674278834836332
p52,1000,nm,Mixed FD,adaptive,12.0,1e-06,random,rand5,120,14,0.033335708778434094
p52,1000,nm,Mixed FD,adaptive,12.0,1e-06,random,rand5,120,15,0.0012243610876299471
p52,1000,nm,Mixed FD,adaptive,12.0,1e-06,random,rand5,120,16,2.2757105070914467e-06
p52,1000,tr,Mixed FD,adaptive,12.0,1e-06,random,rand5,120,0,18.54959324241039
p52,1000,tr,Mixed FD,adaptive,12.0,1e-06,random,rand5,120,1,14.889159980646669
p52,1000,tr,Mixed FD,adaptive,12.0,1e-06,random,rand5,120,2,4.493399855307212
p52,1000,tr,Mixed FD,adaptive,12.0,1e-06,random,rand5,120,3,8.280993387224436
p52,1000,tr,Mixed FD,adaptive,12.0,1e-06,random,rand5,120,4,2.4696379113599005
p52,1000,tr,Mixed FD,adaptive,12.0,1e-06,random,rand5,120,5,1.3215913659202834
p52,1000,tr,Mixed FD,adaptive,12.0,1e-06,random,rand5,120,6,0.8097596244865253
p52,1000,tr,Mixed FD,adaptive,12.0,1e-06,random,rand5,120,7,0.25840215839789465
p52,1000,tr,Mixed FD,adaptive,12.0,1e-06,random,rand5,120,8,0.0935403776534746
p52,1000,tr,Mixed FD,adaptive,12.0,1e-06,random,rand5,120,9,0.012612605013609147
p52,1000,tr,Mixed FD,adaptive,12.0,1e-06,random,rand5,120,10,0.043031259200005445
p52,1000,tr,Mixed FD,adaptive,12.0,1e-06,random,rand5,120,11,0.021065218979995234
p52,1000,tr,Mixed FD,adaptive,12.0,1e-06,random,rand5,120,12,0.010956775478660967
p52,1000,tr,Mixed FD,adaptive,12.0,1e-06,random,rand5,120,13,0.00025861722746814956
p52,1000,tr,Mixed FD,adaptive,12.0,1e-06,random,rand5,120,14,0.000834760255888051
p52,1000,tr,Mixed FD,adaptive,12.0,1e-06,random,rand5,120,15,3.6918251643612314e-06
p52,1000,nm,Full FD,scalar,4.0,1e-06,initial,xbar,121,0,30.640877690830578
p52,1000,nm,Full FD,scalar,4.0,1e-06,initial,xbar,121,1,1.6427304038856818
p52,1000,nm,Full FD,scalar,4.0,1e-06,initial,xbar,121,2,0.6777757057362062
p52,1000,nm,Full FD,scalar,4.0,1e-06,initial,xbar,121,3,0.5013654316356889
p52,1000,nm,Full FD,scalar,4.0,1e-06,initial,xbar,121,4,0.3773319442723795
p52,1000,nm,Full FD,scalar,4.0,1e-06,initial,xbar,121,5,0.2671819548124706
p52,1000,nm,Full FD,scalar,4.0,1e-06,initial,xbar,121,6,0.1684572478618327
p52,1000,nm,Full FD,scalar,4.0,1e-06,initial,xbar,121,7,0.07914304891085899
p52,1000,nm,Full FD,scalar,4.0,1e-06,initial,xbar,121,8,0.01794511573115241
p52,1000,nm,Full FD,scalar,4.0,1e-06,initial,xbar,121,9,0.0008654950353203932
p52,1000,nm,Full FD,scalar,4.0,1e-06,initial,xbar,121,10,2.173205838456385e-06
p52,1000,tr,Full FD,scalar,4.0,1e-06,initial,xbar,121,0,30.333535898345374
p52,1000,tr,Full FD,scalar,4.0,1e-06,initial,xbar,121,1,1.3759135901424309
p52,1000,tr,Full FD,scalar,4.0,1e-06,initial,xbar,121,2,0.1337404449785708
p52,1000,tr,Full FD,scalar,4.0,1e-06,initial,xbar,121,3,0.20673117330164711
p52,1000,tr,Full FD,scalar,4.0,1e-06,initial,xbar,121,4,0.011230281856789051
p52,1000,tr,Full FD,scalar,4.0,1e-06,initial,xbar,121,5,0.01915440924549781
p52,1000,tr,Full FD,scalar,4.0,1e-06,initial,xbar,121,6,0.0009616729314900042
p52,1000,tr,Full FD,scalar,4.0,1e-06,initial,xbar,121,7,0.004863706236941416
p52,1000,tr,Full FD,scalar,4.0,1e-06,initial,xbar,121,8,0.0001272714100905794
p52,1000,tr,Full FD,scalar,4.0,1e-06,initial,xbar,121,9,4.308333987735337e-07
p52,1000,nm,Full FD,scalar,4.0,1e-06,random,rand1,122,0,5.634132841853291
p52,1000,nm,Full FD,scalar,4.0,1e-06,random,rand1,122,1,9.031757857887905
p52,1000,nm,Full FD,scalar,4.0,1e-06,random,rand1,122,2,4.980889656493232
p52,1000,nm,Full FD,scalar,4.0,1e-06,random,rand1,122,3,7.092079499881988
p52,1000,nm,Full FD,scalar,4.0,1e-06,random,rand1,122,4,7.865011786777416
p52,1000,nm,Full FD,scalar,4.0,1e-06,random,rand1,122,5,7.384127054055355
p52,1000,nm,Full FD,scalar,4.0,1e-06,random,rand1,122,6,10.716870193827905
p52,1000,nm,Full FD,scalar,4.0,1e-06,random,rand1,122,7,7.3152206882164155
p52,1000,nm,Full FD,scalar,4.0,1e-06,random,rand1,122,8,6.596546519098533
p52,1000,nm,Full FD,scalar,4.0,1e-06,random,rand1,122,9,3.6791400586004364
p52,1000,nm,Full FD,scalar,4.0,1e-06,random,rand1,122,10,2.3448791438280647
p52,1000,nm,Full FD,scalar,4.0,1e-06,random,rand1,122,11,1.322537472218406
p52,1000,nm,Full FD,scalar,4.0,1e-06,random,rand1,122,12,0.649670955980047
p52,1000,nm,Full FD,scalar,4.0,1e-06,random,rand1,122,13,0.2350851962770783
p52,1000,nm,Full FD,scalar,4.0,1e-06,random,rand1,122,14,0.04364989184567218
p52,1000,nm,Full FD,scalar,4.0,1e-06,random,rand1,122,15,0.0022118032634359935
p52,1000,nm,Full FD,scalar,4.0,1e-06,random,rand1,122,16,7.874936460552777e-06
p52,1000,tr,Full FD,scalar,4.0,1e-06,random,rand1,122,0,14.822314709093437
p52,1000,tr,Full FD,scalar,4.0,1e-06,random,rand1,122,1,18.990895746992948
p52,1000,tr,Full FD,scalar,4.0,1e-06,random,rand1,122,2,3.5008237192232015
p52,1000,tr,Full FD,scalar,4.0,1e-06,random,rand1,122,3,11.684017855005198
p52,1000,tr,Full FD,scalar,4.0,1e-06,random,rand1,122,4,2.3043581739811136
p52,1000,tr,Full FD,scalar,4.0,1e-06,random,rand1,122,5,2.431857886385783
p52,1000,tr,Full FD,scalar,4.0,1e-06,random,rand1,122,6,0.6345717811093411
p52,1000,tr,Full FD,scalar,4.0,1e-06,random,rand1,122,7,0.11055771621061745
p52,1000,tr,Full FD,scalar,4.0,1e-06,random,rand1,122,8,0.2205022407471696
p52,1000,tr,Full FD,scalar,4.0,1e-06,random,rand1,122,9,0.011183168975259391
p52,1000,tr,Full FD,scalar,4.0,1e-06,random,rand1,122,10,0.02014975713483228
p52,1000,tr,Full FD,scalar,4.0,1e-06,random,rand1,122,11,0.0007015442817402709
p52,1000,tr,Full FD,scalar,4.0,1e-06,random,rand1,122,12,0.000377718842393607
p52,1000,tr,Full FD,scalar,4.0,1e-06,random,rand1,122,13,1.5268826469818432e-06
p52,1000,tr,Full FD,scalar,4.0,1e-06,random,rand1,122,14,1.0526254264704659e-07
p52,1000,nm,Full FD,scalar,4.0,1e-06,random,rand2,123,0,6.575970322190181
p52,1000,nm,Full FD,scalar,4.0,1e-06,random,rand2,123,1,12.130798873840483
p52,1000,nm,Full FD,scalar,4.0,1e-06,random,rand2,123,2,8.728683560790435
p52,1000,nm,Full FD,scalar,4.0,1e-06,random,rand2,123,3,4.9718175474075315
p52,1000,nm,Full FD,scalar,4.0,1e-06,random,rand2,123,4,7.179044749364196
p52,1000,nm,Full FD,scalar,4.0,1e-06,random,rand2,123,5,2.224439607422816
p52,1000,nm,Full FD,scalar,4.0,1e-06,random,rand2,123,6,7.848483052361897
p52,1000,nm,Full FD,scalar,4.0,1e-06,random,rand2,123,7,4.063665016435261
p52,1000,nm,Full FD,scalar,4.0,1e-06,random,rand2,123,8,6.746793743936888
p52,1000,nm,Full FD,scalar,4.0,1e-06,random,rand2,123,9,4.969154044957822
p52,1000,nm,Full FD,scalar,4.0,1e-06,random,rand2,123,10,2.9526349734979256
p52,1000,nm,Full FD,scalar,4.0,1e-06,random,rand2,123,11,1.1297739630601646
p52,1000,nm,Full FD,scalar,4.0,1e-06,random,rand2,123,12,3.10602667169755
p52,1000,nm,Full FD,scalar,4.0,1e-06,random,rand2,123,13,1.4967736812347059
p52,1000,nm,Full FD,scalar,4.0,1e-06,random,rand2,123,14,0.8377435091461063
p52,1000,nm,Full FD,scalar,4.0,1e-06,random,rand2,123,15,0.38353479366067544
p52,1000,nm,Full FD,scalar,4.0,1e-06,random,rand2,123,16,0.10719405648916197
p52,1000,nm,Full FD,scalar,4.0,1e-06,random,rand2,123,17,0.009865491241844954
p52,1000,nm,Full FD,scalar,4.0,1e-06,random,rand2,123,18,0.00010665259450467423
p52,1000,nm,Full FD,scalar,4.0,1e-06,random,rand2,123,19,3.3944715232324894e-08
p52,1000,tr,Full FD,scalar,4.0,1e-06,random,rand2,123,0,10.846309463005882
p52,1000,tr,Full FD,scalar,4.0,1e-06,random,rand2,123,1,20.39678279402367
p52,1000,tr,Full FD,scalar,4.0,1e-06,random,rand2,123,2,11.548631278727127
p52,1000,tr,Full FD,scalar,4.0,1e-06,random,rand2,123,3,2.76471453330977
p52,1000,tr,Full FD,scalar,4.0,1e-06,random,rand2,123,4,2.522224555906205
p52,1000,tr,Full FD,scalar,4.0,1e-06,random,rand2,123,5,2.015183145934929
p52,1000,tr,Full FD,scalar,4.0,1e-06,random,rand2,123,6,0.602561727203295
p52,1000,tr,Full FD,scalar,4.0,1e-06,random,rand2,123,7,0.08749785733612649
p52,1000,tr,Full FD,scalar,4.0,1e-06,random,rand2,123,8,0.11201239696179437
p52,1000,tr,Full FD,scalar,4.0,1e-06,random,rand2,123,9,0.04343369175079785
p52,1000,tr,Full FD,scalar,4.0,1e-06,random,rand2,123,10,0.01322292341507189
p52,1000,tr,Full FD,scalar,4.0,1e-06,random,rand2,123,11,0.010149359421835502
p52,1000,tr,Full FD,scalar,4.0,1e-06,random,rand2,123,12,0.0005268629083172982
p52,1000,tr,Full FD,scalar,4.0,1e-06,random,rand2,123,13,1.0558347119917242e-05
p52,1000,tr,Full FD,scalar,4.0,1e-06,random,rand2,123,14,1.2621315504408668e-08
p52,1000,nm,Full FD,scalar,4.0,1e-06,random,rand3,124,0,15.786600286267896
p52,1000,nm,Full FD,scalar,4.0,1e-06,random,rand3,124,1,14.568277486298165
p52,1000,nm,Full FD,scalar,4.0,1e-06,random,rand3,124,2,3.361613127075711
p52,1000,nm,Full FD,scalar,4.0,1e-06,random,rand3,124,3,3.30875489686236
p52,1000,nm,Full FD,scalar,4.0,1e-06,random,rand3,124,4,3.8789419041575104
p52,1000,nm,Full FD,scalar,4.0,1e-06,random,rand3,124,5,7.046131725386812
p52,1000,nm,Full FD,scalar,4.0,1e-06,random,rand3,124,6,1.9422934498992444
p52,1000,nm,Full FD,scalar,4.0,1e-06,random,rand3,124,7,1.8464683254054428
p52,1000,nm,Full FD,scalar,4.0,1e-06,random,rand3,124,8,0.8920206450732724
p52,1000,nm,Full FD,scalar,4.0,1e-06,random,rand3,124,9,0.403603240405023
p52,1000,nm,Full FD,scalar,4.0,1e-06,random,rand3,124,10,0.12919544908529243
p52,1000,nm,Full FD,scalar,4.0,1e-06,random,rand3,124,11,0.02401959875680938
p52,1000,nm,Full FD,scalar,4.0,1e-06,random,rand3,124,12,0.0009680213328203585
p52,1000,nm,Full FD,scalar,4.0,1e-06,random,rand3,124,13,1.7102355465089206e-06
p52,1000,tr,Full FD,scalar,4.0,1e-06,random,rand3,124,0,13.477606984905702
p52,1000,tr,Full FD,scalar,4.0,1e-06,random,rand3,124,1,16.046189049826925
p52,1000,tr,Full FD,scalar,4.0,1e-06,random,rand3,124,2,11.603626774024061
p52,1000,tr,Full FD,scalar,4.0,1e-06,random,rand3,124,3,4.005520247748803
p52,1000,tr,Full FD,scalar,4.0,1e-06,random,rand3,124,4,4.9460584874613325
p52,1000,tr,Full FD,scalar,4.0,1e-06,random,rand3,124,5,1.06917824890636
p52,1000,tr,Full FD,scalar,4.0,1e-06,random,rand3,124,6,0.8340071861445727
p52,1000,tr,Full FD,scalar,4.0,1e-06,random,rand3,124,7,0.5573948750632415
p52,1000,tr,Full FD,scalar,4.0,1e-06,random,rand3,124,8,0.15419441490227617
p52,1000,tr,Full FD,scalar,4.0,1e-06,random,rand3,124,9,0.035367390422736115
p52,1000,tr,Full FD,scalar,4.0,1e-06,random,rand3,124,10,0.023130418372280193
p52,1000,tr,Full FD,scalar,4.0,1e-06,random,rand3,124,11,0.0020273664263489315
p52,1000,tr,Full FD,scalar,4.0,1e-06,random,rand3,124,12,0.0019178234598969408
p52,1000,tr,Full FD,scalar,4.0,1e-06,random,rand3,124,13,6.9552274401883026e-06
p52,1000,tr,Full FD,scalar,4.0,1e-06,random,rand3,124,14,7.099415726717272e-07
p52,1000,nm,Full FD,scalar,4.0,1e-06,random,rand4,125,0,6.844249195447138
p52,1000,nm,Full FD,scalar,4.0,1e-06,random,rand4,125,1,5.8605444686271895
p52,1000,nm,Full FD,scalar,4.0,1e-06,random,rand4,125,2,7.623711714030934
p52,1000,nm,Full FD,scalar,4.0,1e-06,random,rand4,125,3,7.5901165493686795
p52,1000,nm,Full FD,scalar,4.0,1e-06,random,rand4,125,4,10.184517868784564
p52,1000,nm,Full FD,scalar,4.0,1e-06,random,rand4,125,5,1.1246392331598052
p52,1000,nm,Full FD,scalar,4.0,1e-06,random,rand4,125,6,11.800288774421587
p52,1000,nm,Full FD,scalar,4.0,1e-06,random,rand4,125,7,7.136608334878625
p52,1000,nm,Full FD,scalar,4.0,1e-06,random,rand4,125,8,5.938295870965968
p52,1000,nm,Full FD,scalar,4.0,1e-06,random,rand4,125,9,3.75822286745596
p52,1000,nm,Full FD,scalar,4.0,1e-06,random,rand4,125,10,4.0509994201272335
p52,1000,nm,Full FD,scalar,4.0,1e-06,random,rand4,125,11,2.269811995451688
p52,1000,nm,Full FD,scalar,4.0,1e-06,random,rand4,125,12,1.2476219318689057
p52,1000,nm,Full FD,scalar,4.0,1e-06,random,rand4,125,13,0.673136031181281
p52,1000,nm,Full FD,scalar,4.0,1e-06,random,rand4,125,14,0.3227951710880946
p52,1000,nm,Full FD,scalar,4.0,1e-06,random,rand4,125,15,0.10622018480112248
p52,1000,nm,Full FD,scalar,4.0,1e-06,random,rand4,125,16,0.01562670665416819
p52,1000,nm,Full FD,scalar,4.0,1e-06,random,rand4,125,17,0.0003904985372730372
p52,1000,nm,Full FD,scalar,4.0,1e-06,random,rand4,125,18,3.1672573878473616e-07
p52,1000,tr,Full FD,scalar,4.0,1e-06,random,rand4,125,0,10.661572670412294
p52,1000,tr,Full FD,scalar,4.0,1e-06,random,rand4,125,1,19.92941935633715
p52,1000,tr,Full FD,scalar,4.0,1e-06,random,rand4,125,2,13.272511178913032
p52,1000,tr,Full FD,scalar,4.0,1e-06,random,rand4,125,3,2.881806409283711
p52,1000,tr,Full FD,scalar,4.0,1e-06,random,rand4,125,4,2.637307637570007
p52,1000,tr,Full FD,scalar,4.0,1e-06,random,rand4,125,5,2.088850945013502
p52,1000,tr,Full FD,scalar,4.0,1e-06,random,rand4,125,6,0.6744382465746479
p52,1000,tr,Full FD,scalar,4.0,1e-06,random,rand4,125,7,0.15648720880097466
p52,1000,tr,Full FD,scalar,4.0,1e-06,random,rand4,125,8,0.19991753574700669
p52,1000,tr,Full FD,scalar,4.0,1e-06,random,rand4,125,9,0.01097707611829876
p52,1000,tr,Full FD,scalar,4.0,1e-06,random,rand4,125,10,0.05707756206874546
p52,1000,tr,Full FD,scalar,4.0,1e-06,random,rand4,125,11,0.018623059270089632
p52,1000,tr,Full FD,scalar,4.0,1e-06,random,rand4,125,12,0.0017163494284618116
p52,1000,tr,Full FD,scalar,4.0,1e-06,random,rand4,125,13,2.693378897162197e-05
p52,1000,tr,Full FD,scalar,4.0,1e-06,random,rand4,125,14,2.4629821532762914e-08
p52,1000,nm,Full FD,scalar,4.0,1e-06,random,rand5,126,0,11.62503699660881
p52,1000,nm,Full FD,scalar,4.0,1e-06,random,rand5,126,1,9.261598697728717
p52,1000,nm,Full FD,scalar,4.0,1e-06,random,rand5,126,2,8.055489322301554
p52,1000,nm,Full FD,scalar,4.0,1e-06,random,rand5,126,3,11.213790888755371
p52,1000,nm,Full FD,scalar,4.0,1e-06,random,rand5,126,4,4.750277249367299
p52,1000,nm,Full FD,scalar,4.0,1e-06,random,rand5,126,5,7.8035248008134195
p52,1000,nm,Full FD,scalar,4.0,1e-06,random,rand5,126,6,6.659568639747691
p52,1000,nm,Full FD,scalar,4.0,1e-06,random,rand5,126,7,6.034299671879389
p52,1000,nm,Full FD,scalar,4.0,1e-06,random,rand5,126,8,4.1211432140882485
p52,1000,nm,Full FD,scalar,4.0,1e-06,random,rand5,126,9,3.391733950118061
p52,1000,nm,Full FD,scalar,4.0,1e-06,random,rand5,126,10,2.147460373120775
p52,1000,nm,Full FD,scalar,4.0,1e-06,random,rand5,126,11,1.1997553510545291
p52,1000,nm,Full FD,scalar,4.0,1e-06,random,rand5,126,12,0.6015856044128297
p52,1000,nm,Full FD,scalar,4.0,1e-06,random,rand5,126,13,0.21271955604373288
p52,1000,nm,Full FD,scalar,4.0,1e-06,random,rand5,126,14,0.03486347562173105
p52,1000,nm,Full FD,scalar,4.0,1e-06,random,rand5,126,15,0.0012726190168306077
p52,1000,nm,Full FD,scalar,4.0,1e-06,random,rand5,126,16,2.4845262530947003e-06
p52,1000,tr,Full FD,scalar,4.0,1e-06,random,rand5,126,0,18.545929706915356
p52,1000,tr,Full FD,scalar,4.0,1e-06,random,rand5,126,1,14.898363031528756
p52,1000,tr,Full FD,scalar,4.0,1e-06,random,rand5,126,2,4.491997958243485
p52,1000,tr,Full FD,scalar,4.0,1e-06,random,rand5,126,3,8.285321599295653
p52,1000,tr,Full FD,scalar,4.0,1e-06,random,rand5,126,4,2.4634675794868452
p52,1000,tr,Full FD,scalar,4.0,1e-06,random,rand5,126,5,1.3239454434898295
p52,1000,tr,Full FD,scalar,4.0,1e-06,random,rand5,126,6,0.8027550311993968
p52,1000,tr,Full FD,scalar,4.0,1e-06,random,rand5,126,7,0.2583214721425825
p52,1000,tr,Full FD,scalar,4.0,1e-06,random,rand5,126,8,0.09089296928541278
p52,1000,tr,Full FD,scalar,4.0,1e-06,random,rand5,126,9,0.012427244658500156
p52,1000,tr,Full FD,scalar,4.0,1e-06,random,rand5,126,10,0.04301383457352724
p52,1000,tr,Full FD,scalar,4.0,1e-06,random,rand5,126,11,0.021063659435287752
p52,1000,tr,Full FD,scalar,4.0,1e-06,random,rand5,126,12,0.01097126051116763
p52,1000,tr,Full FD,scalar,4.0,1e-06,random,rand5,126,13,0.00026104486970380413
p52,1000,tr,Full FD,scalar,4.0,1e-06,random,rand5,126,14,0.0008360553130407606
p52,1000,tr,Full FD,scalar,4.0,1e-06,random,rand5,126,15,3.3579439675164313e-06
p52,1000,nm,Full FD,scalar,8.0,1e-06,initial,xbar,127,0,37.54342949335157
p52,1000,nm,Full FD,scalar,8.0,1e-06,initial,xbar,127,1,5.698449440301803
p52,1000,nm,Full FD,scalar,8.0,1e-06,initial,xbar,127,2,1.1704598333722487
p52,1000,nm,Full FD,scalar,8.0,1e-06,initial,xbar,127,3,0.35477391478006276
p52,1000,nm,Full FD,scalar,8.0,1e-06,initial,xbar,127,4,0.2658134588343895
p52,1000,nm,Full FD,scalar,8.0,1e-06,initial,xbar,127,5,0.47376983554258706
p52,1000,nm,Full FD,scalar,8.0,1e-06,initial,xbar,127,6,0.2219731424834696
p52,1000,nm,Full FD,scalar,8.0,1e-06,initial,xbar,127,7,0.03041053559051267
p52,1000,nm,Full FD,scalar,8.0,1e-06,initial,xbar,127,8,0.002112835615475954
p52,1000,nm,Full FD,scalar,8.0,1e-06,initial,xbar,127,9,1.0121861088639527e-05
p52,1000,tr,Full FD,scalar,8.0,1e-06,initial,xbar,127,0,35.38316794459906
p52,1000,tr,Full FD,scalar,8.0,1e-06,initial,xbar,127,1,2.9696014045277774
p52,1000,tr,Full FD,scalar,8.0,1e-06,initial,xbar,127,2,0.7867880867920791
p52,1000,tr,Full FD,scalar,8.0,1e-06,initial,xbar,127,3,0.17413981829393652
p52,1000,tr,Full FD,scalar,8.0,1e-06,initial,xbar,127,4,0.009461486071318843
p52,1000,tr,Full FD,scalar,8.0,1e-06,initial,xbar,127,5,0.0013133158739616147
p52,1000,tr,Full FD,scalar,8.0,1e-06,initial,xbar,127,6,0.004884140257467032
p52,1000,tr,Full FD,scalar,8.0,1e-06,initial,xbar,127,7,0.003256286206280201
p52,1000,tr,Full FD,scalar,8.0,1e-06,initial,xbar,127,8,0.0017299335412647213
p52,1000,tr,Full FD,scalar,8.0,1e-06,initial,xbar,127,9,0.0002409978989545016
p52,1000,tr,Full FD,scalar,8.0,1e-06,initial,xbar,127,10,0.0011376834977440172
p52,1000,tr,Full FD,scalar,8.0,1e-06,initial,xbar,127,11,0.0005927191334248181
p52,1000,tr,Full FD,scalar,8.0,1e-06,initial,xbar,127,12,0.0004550844762692278
p52,1000,tr,Full FD,scalar,8.0,1e-06,initial,xbar,127,13,7.378989444794923e-05
p52,1000,tr,Full FD,scalar,8.0,1e-06,initial,xbar,127,14,5.199035616048004e-05
p52,1000,tr,Full FD,scalar,8.0,1e-06,initial,xbar,127,15,1.8422264596946385e-05
p52,1000,tr,Full FD,scalar,8.0,1e-06,initial,xbar,127,16,6.64159028061097e-05
p52,1000,tr,Full FD,scalar,8.0,1e-06,initial,xbar,127,17,2.6667745727406005e-05
p52,1000,tr,Full FD,scalar,8.0,1e-06,initial,xbar,127,18,2.0362124127980022e-06
p52,1000,tr,Full FD,scalar,8.0,1e-06,initial,xbar,127,19,1.5285082605417328e-06
p52,1000,tr,Full FD,scalar,8.0,1e-06,initial,xbar,127,20,1.665445584121559e-06
p52,1000,tr,Full FD,scalar,8.0,1e-06,initial,xbar,127,21,6.633269651317446e-07
p52,1000,nm,Full FD,scalar,8.0,1e-06,random,rand1,128,0,1.9895128916931575
p52,1000,nm,Full FD,scalar,8.0,1e-06,random,rand1,128,1,2.6888109834588696
p52,1000,nm,Full FD,scalar,8.0,1e-06,random,rand1,128,2,4.1035549420862045
p52,1000,nm,Full FD,scalar,8.0,1e-06,random,rand1,128,3,5.6942843721475445
p52,1000,nm,Full FD,scalar,8.0,1e-06,random,rand1,128,4,3.404016150034901
p52,1000,nm,Full FD,scalar,8.0,1e-06,random,rand1,128,5,5.6429638838847485
p52,1000,nm,Full FD,scalar,8.0,1e-06,random,rand1,128,6,3.327851354329196
p52,1000,nm,Full FD,scalar,8.0,1e-06,random,rand1,128,7,8.275832916313993
p52,1000,nm,Full FD,scalar,8.0,1e-06,random,rand1,128,8,6.1324466357278355
p52,1000,nm,Full FD,scalar,8.0,1e-06,random,rand1,128,9,4.966116573743681
p52,1000,nm,Full FD,scalar,8.0,1e-06,random,rand1,128,10,1.4243363437302428
p52,1000,nm,Full FD,scalar,8.0,1e-06,random,rand1,128,11,1.9771052766552006
p52,1000,nm,Full FD,scalar,8.0,1e-06,random,rand1,128,12,1.5563733996834563
p52,1000,nm,Full FD,scalar,8.0,1e-06,random,rand1,128,13,0.5563846646842623
p52,1000,nm,Full FD,scalar,8.0,1e-06,random,rand1,128,14,1.4709832580170366
p52,1000,nm,Full FD,scalar,8.0,1e-06,random,rand1,128,15,0.6019797836515111
p52,1000,nm,Full FD,scalar,8.0,1e-06,random,rand1,128,16,0.35166660896226876
p52,1000,nm,Full FD,scalar,8.0,1e-06,random,rand1,128,17,0.1374758593631039
p52,1000,nm,Full FD,scalar,8.0,1e-06,random,rand1,128,18,0.027624614288106135
p52,1000,nm,Full FD,scalar,8.0,1e-06,random,rand1,128,19,0.0005455711303770481
p52,1000,nm,Full FD,scalar,8.0,1e-06,random,rand1,128,20,2.6859795441749264e-07
p52,1000,tr,Full FD,scalar,8.0,1e-06,random,rand1,128,0,14.563232929754731
p52,1000,tr,Full FD,scalar,8.0,1e-06,random,rand1,128,1,0.3139094251334699
p52,1000,tr,Full FD,scalar,8.0,1e-06,random,rand1,128,2,0.285609170142461
p52,1000,tr,Full FD,scalar,8.0,1e-06,random,rand1,128,3,0.4157420782569548
p52,1000,tr,Full FD,scalar,8.0,1e-06,random,rand1,128,4,5.52244259232208
p52,1000,tr,Full FD,scalar,8.0,1e-06,random,rand1,128,5,1.0638308426981846
p52,1000,tr,Full FD,scalar,8.0,1e-06,random,rand1,128,6,19.264847800615104
p52,1000,tr,Full FD,scalar,8.0,1e-06,random,rand1,128,7,3.0678301381466633
p52,1000,tr,Full FD,scalar,8.0,1e-06,random,rand1,128,8,0.3344565223919189
p52,1000,tr,Full FD,scalar,8.0,1e-06,random,rand1,128,9,0.5309322800837366
p52,1000,tr,Full FD,scalar,8.0,1e-06,random,rand1,128,10,1.852847537056833
p52,1000,tr,Full FD,scalar,8.0,1e-06,random,rand1,128,11,0.8808488159581095
p52,1000,tr,Full FD,scalar,8.0,1e-06,random,rand1,128,12,0.3784160533475512
p52,1000,tr,Full FD,scalar,8.0,1e-06,random,rand1,128,13,0.1674279416633608
p52,1000,tr,Full FD,scalar,8.0,1e-06,random,rand1,128,14,0.18272668151956276
p52,1000,tr,Full FD,scalar,8.0,1e-06,random,rand1,128,15,0.008922444510035675
p52,1000,tr,Full FD,scalar,8.0,1e-06,random,rand1,128,16,0.002066902348879419
p52,1000,tr,Full FD,scalar,8.0,1e-06,random,rand1,128,17,0.0010171112177432585
p52,1000,tr,Full FD,scalar,8.0,1e-06,random,rand1,128,18,0.0006904810656137342
p52,1000,tr,Full FD,scalar,8.0,1e-06,random,rand1,128,19,1.2119443152539283e-06
p52,1000,tr,Full FD,scalar,8.0,1e-06,random,rand1,128,20,4.429905637018359e-08
p52,1000,nm,Full FD,scalar,8.0,1e-06,random,rand2,129,0,4.086136751666302
p52,1000,nm,Full FD,scalar,8.0,1e-06,random,rand2,129,1,1.8891705586719258
p52,1000,nm,Full FD,scalar,8.0,1e-06,random,rand2,129,2,2.57268649271836
p52,1000,nm,Full FD,scalar,8.0,1e-06,random,rand2,129,3,4.827782095270069
p52,1000,nm,Full FD,scalar,8.0,1e-06,random,rand2,129,4,1.974615179080721
p52,1000,nm,Full FD,scalar,8.0,1e-06,random,rand2,129,5,6.045093271022669
p52,1000,nm,Full FD,scalar,8.0,1e-06,random,rand2,129,6,4.9057904703997615
p52,1000,nm,Full FD,scalar,8.0,1e-06,random,rand2,129,7,2.4138672781166766
p52,1000,nm,Full FD,scalar,8.0,1e-06,random,rand2,129,8,2.2605436679098054
p52,1000,nm,Full FD,scalar,8.0,1e-06,random,rand2,129,9,1.6603228528623812
p52,1000,nm,Full FD,scalar,8.0,1e-06,random,rand2,129,10,6.00141324818577
p52,1000,nm,Full FD,scalar,8.0,1e-06,random,rand2,129,11,1.2370601370710415
p52,1000,nm,Full FD,scalar,8.0,1e-06,random,rand2,129,12,7.1396046906373245
p52,1000,nm,Full FD,scalar,8.0,1e-06,random,rand2,129,13,2.183024620731051
p52,1000,nm,Full FD,scalar,8.0,1e-06,random,rand2,129,14,2.2937621298262236
p52,1000,nm,Full FD,scalar,8.0,1e-06,random,rand2,129,15,2.086764877956219
p52,1000,nm,Full FD,scalar,8.0,1e-06,random,rand2,129,16,1.4529427443456489
p52,1000,nm,Full FD,scalar,8.0,1e-06,random,rand2,129,17,1.5140427979894253
p52,1000,nm,Full FD,scalar,8.0,1e-06,random,rand2,129,18,0.3098035856171667
p52,1000,nm,Full FD,scalar,8.0,1e-06,random,rand2,129,19,0.1239397956080545
p52,1000,nm,Full FD,scalar,8.0,1e-06,random,rand2,129,20,0.036931289578900746
p52,1000,nm,Full FD,scalar,8.0,1e-06,random,rand2,129,21,0.19794724553638163
p52,1000,nm,Full FD,scalar,8.0,1e-06,random,rand2,129,22,0.05711055048236959
p52,1000,nm,Full FD,scalar,8.0,1e-06,random,rand2,129,23,0.00816622708649982
p52,1000,nm,Full FD,scalar,8.0,1e-06,random,rand2,129,24,0.3334647645731143
p52,1000,nm,Full FD,scalar,8.0,1e-06,random,rand2,129,25,0.07642469990525524
p52,1000,nm,Full FD,scalar,8.0,1e-06,random,rand2,129,26,0.15789021807526818
p52,1000,nm,Full FD,scalar,8.0,1e-06,random,rand2,129,27,0.21392594252264885
p52,1000,nm,Full FD,scalar,8.0,1e-06,random,rand2,129,28,0.6592349027973815
p52,1000,nm,Full FD,scalar,8.0,1e-06,random,rand2,129,29,0.16414070874503175
p52,1000,nm,Full FD,scalar,8.0,1e-06,random,rand2,129,30,0.05463712244100879
p52,1000,nm,Full FD,scalar,8.0,1e-06,random,rand2,129,31,0.007404378394054646
p52,1000,nm,Full FD,scalar,8.0,1e-06,random,rand2,129,32,0.00012808478865502745
p52,1000,nm,Full FD,scalar,8.0,1e-06,random,rand2,129,33,4.0794816574649244e-08
p52,1000,tr,Full FD,scalar,8.0,1e-06,random,rand2,129,0,22.62336265247037
p52,1000,tr,Full FD,scalar,8.0,1e-06,random,rand2,129,1,0.5456390471186003
p52,1000,tr,Full FD,scalar,8.0,1e-06,random,rand2,129,2,1.7676111547189548
p52,1000,tr,Full FD,scalar,8.0,1e-06,random,rand2,129,3,6.473436995204412
p52,1000,tr,Full FD,scalar,8.0,1e-06,random,rand2,129,4,14.29836709621629
p52,1000,tr,Full FD,scalar,8.0,1e-06,random,rand2,129,5,3.142095513534665
p52,1000,tr,Full FD,scalar,8.0,1e-06,random,rand2,129,6,1.9584440412600324
p52,1000,tr,Full FD,scalar,8.0,1e-06,random,rand2,129,7,0.4886851124073972
p52,1000,tr,Full FD,scalar,8.0,1e-06,random,rand2,129,8,0.10129923280562388
p52,1000,tr,Full FD,scalar,8.0,1e-06,random,rand2,129,9,0.10286248595117335
p52,1000,tr,Full FD,scalar,8.0,1e-06,random,rand2,129,10,0.06219322148055851
p52,1000,tr,Full FD,scalar,8.0,1e-06,random,rand2,129,11,0.0050531837280048016
p52,1000,tr,Full FD,scalar,8.0,1e-06,random,rand2,129,12,0.011293148020497532
p52,1000,tr,Full FD,scalar,8.0,1e-06,random,rand2,129,13,0.0011375363427961133
p52,1000,tr,Full FD,scalar,8.0,1e-06,random,rand2,129,14,0.000473887517787308
p52,1000,tr,Full FD,scalar,8.0,1e-06,random,rand2,129,15,0.0008112219083292987
p52,1000,tr,Full FD,scalar,8.0,1e-06,random,rand2,129,16,9.543620874177284e-05
p52,1000,tr,Full FD,scalar,8.0,1e-06,random,rand2,129,17,7.754952788829972e-05
p52,1000,tr,Full FD,scalar,8.0,1e-06,random,rand2,129,18,3.7197269212354994e-05
p52,1000,tr,Full FD,scalar,8.0,1e-06,random,rand2,129,19,1.6813996028742102e-05
p52,1000,tr,Full FD,scalar,8.0,1e-06,random,rand2,129,20,3.1658597379537405e-06
p52,1000,tr,Full FD,scalar,8.0,1e-06,random,rand2,129,21,4.7458532213492037e-07
p52,1000,tr,Full FD,scalar,8.0,1e-06,random,rand2,129,22,7.116632359717686e-08
p52,1000,nm,Full FD,scalar,8.0,1e-06,random,rand3,130,0,2.1632976626249363
p52,1000,nm,Full FD,scalar,8.0,1e-06,random,rand3,130,1,3.335213767052721
p52,1000,nm,Full FD,scalar,8.0,1e-06,random,rand3,130,2,3.329311740483307
p52,1000,nm,Full FD,scalar,8.0,1e-06,random,rand3,130,3,5.480805088167532
p52,1000,nm,Full FD,scalar,8.0,1e-06,random,rand3,130,4,4.850017696278011
p52,1000,nm,Full FD,scalar,8.0,1e-06,random,rand3,130,5,6.0382593734580885
p52,1000,nm,Full FD,scalar,8.0,1e-06,random,rand3,130,6,4.351371975254862
p52,1000,nm,Full FD,scalar,8.0,1e-06,random,rand3,130,7,7.459665993617433
p52,1000,nm,Full FD,scalar,8.0,1e-06,random,rand3,130,8,6.7113847337260655
p52,1000,nm,Full FD,scalar,8.0,1e-06,random,rand3,130,9,2.620473695684294
p52,1000,nm,Full FD,scalar,8.0,1e-06,random,rand3,130,10,1.2670471015620621
p52,1000,nm,Full FD,scalar,8.0,1e-06,random,rand3,130,11,2.1414456781799895
p52,1000,nm,Full FD,scalar,8.0,1e-06,random,rand3,130,12,0.8907408214610457
p52,1000,nm,Full FD,scalar,8.0,1e-06,random,rand3,130,13,0.2807016083644213
p52,1000,nm,Full FD,scalar,8.0,1e-06,random,rand3,130,14,0.5460826353933619
p52,1000,nm,Full FD,scalar,8.0,1e-06,random,rand3,130,15,0.6535141380238765
p52,1000,nm,Full FD,scalar,8.0,1e-06,random,rand3,130,16,0.15388956331683842
p52,1000,nm,Full FD,scalar,8.0,1e-06,random,rand3,130,17,0.027211929558577857
p52,1000,nm,Full FD,scalar,8.0,1e-06,random,rand3,130,18,0.002259951973120734
p52,1000,nm,Full FD,scalar,8.0,1e-06,random,rand3,130,19,8.318503049612299e-06
p52,1000,tr,Full FD,scalar,8.0,1e-06,random,rand3,130,0,13.287960144567538
p52,1000,tr,Full FD,scalar,8.0,1e-06,random,rand3,130,1,0.3670623294350663
p52,1000,tr,Full FD,scalar,8.0,1e-06,random,rand3,130,2,9.74373484461952
p52,1000,tr,Full FD,scalar,8.0,1e-06,random,rand3,130,3,6.402849290005944
p52,1000,tr,Full FD,scalar,8.0,1e-06,random,rand3,130,4,0.6216968404238271
p52,1000,tr,Full FD,scalar,8.0,1e-06,random,rand3,130,5,17.260653776303684
p52,1000,tr,Full FD,scalar,8.0,1e-06,random,rand3,130,6,3.813687002208105
p52,1000,tr,Full FD,scalar,8.0,1e-06,random,rand3,130,7,2.3449432745997285
p52,1000,tr,Full FD,scalar,8.0,1e-06,random,rand3,130,8,0.40992817272518023
p52,1000,tr,Full FD,scalar,8.0,1e-06,random,rand3,130,9,1.8291239648122615
p52,1000,tr,Full FD,scalar,8.0,1e-06,random,rand3,130,10,0.4147394721308525
p52,1000,tr,Full FD,scalar,8.0,1e-06,random,rand3,130,11,0.37003866798432183
p52,1000,tr,Full FD,scalar,8.0,1e-06,random,rand3,130,12,0.38442727728037657
p52,1000,tr,Full FD,scalar,8.0,1e-06,random,rand3,130,13,0.10813780576210677
p52,1000,tr,Full FD,scalar,8.0,1e-06,random,rand3,130,14,0.03586216124051126
p52,1000,tr,Full FD,scalar,8.0,1e-06,random,rand3,130,15,0.00953892006767896
p52,1000,tr,Full FD,scalar,8.0,1e-06,random,rand3,130,16,0.005889437555260439
p52,1000,tr,Full FD,scalar,8.0,1e-06,random,rand3,130,17,0.003933568604110321
p52,1000,tr,Full FD,scalar,8.0,1e-06,random,rand3,130,18,3.9828287608144446e-05
p52,1000,tr,Full FD,scalar,8.0,1e-06,random,rand3,130,19,1.0624636404004082e-05
p52,1000,tr,Full FD,scalar,8.0,1e-06,random,rand3,130,20,3.992670434584265e-08
p52,1000,nm,Full FD,scalar,8.0,1e-06,random,rand4,131,0,2.0742929090647917
p52,1000,nm,Full FD,scalar,8.0,1e-06,random,rand4,131,1,2.4075962510031985
p52,1000,nm,Full FD,scalar,8.0,1e-06,random,rand4,131,2,2.3617216108353074
p52,1000,nm,Full FD,scalar,8.0,1e-06,random,rand4,131,3,2.4454151246114395
p52,1000,nm,Full FD,scalar,8.0,1e-06,random,rand4,131,4,4.842244870783742
p52,1000,nm,Full FD,scalar,8.0,1e-06,random,rand4,131,5,4.653800492861987
p52,1000,nm,Full FD,scalar,8.0,1e-06,random,rand4,131,6,6.973567621982069
p52,1000,nm,Full FD,scalar,8.0,1e-06,random,rand4,131,7,1.177408604375553
p52,1000,nm,Full FD,scalar,8.0,1e-06,random,rand4,131,8,4.824943944738699
p52,1000,nm,Full FD,scalar,8.0,1e-06,random,rand4,131,9,0.5603385096541973
p52,1000,nm,Full FD,scalar,8.0,1e-06,random,rand4,131,10,7.2578383412882435
p52,1000,nm,Full FD,scalar,8.0,1e-06,random,rand4,131,11,1.2582107046110422
p52,1000,nm,Full FD,scalar,8.0,1e-06,random,rand4,131,12,2.1594301742494175
p52,1000,nm,Full FD,scalar,8.0,1e-06,random,rand4,131,13,1.0145750668196567
p52,1000,nm,Full FD,scalar,8.0,1e-06,random,rand4,131,14,0.7941509655053632
p52,1000,nm,Full FD,scalar,8.0,1e-06,random,rand4,131,15,1.4830647637901786
p52,1000,nm,Full FD,scalar,8.0,1e-06,random,rand4,131,16,3.756130240111489
p52,1000,nm,Full FD,scalar,8.0,1e-06,random,rand4,131,17,0.6584646123178758
p52,1000,nm,Full FD,scalar,8.0,1e-06,random,rand4,131,18,2.055044835572272
p52,1000,nm,Full FD,scalar,8.0,1e-06,random,rand4,131,19,0.7648191766528272
p52,1000,nm,Full FD,scalar,8.0,1e-06,random,rand4,131,20,1.8488823206701046
p52,1000,nm,Full FD,scalar,8.0,1e-06,random,rand4,131,21,0.83180507467105
p52,1000,nm,Full FD,scalar,8.0,1e-06,random,rand4,131,22,1.3203265762104244
p52,1000,nm,Full FD,scalar,8.0,1e-06,random,rand4,131,23,0.5415806777615183
p52,1000,nm,Full FD,scalar,8.0,1e-06,random,rand4,131,24,0.21140894264186333
p52,1000,nm,Full FD,scalar,8.0,1e-06,random,rand4,131,25,0.05765454187911032
p52,1000,nm,Full FD,scalar,8.0,1e-06,random,rand4,131,26,0.004764531027409819
p52,1000,nm,Full FD,scalar,8.0,1e-06,random,rand4,131,27,3.5790629105379e-05
p52,1000,tr,Full FD,scalar,8.0,1e-06,random,rand4,131,0,16.704207764659404
p52,1000,tr,Full FD,scalar,8.0,1e-06,random,rand4,131,1,0.5459845181548003
p52,1000,tr,Full FD,scalar,8.0,1e-06,random,rand4,131,2,24.604874437762394
p52,1000,tr,Full FD,scalar,8.0,1e-06,random,rand4,131,3,1.9470178232314581
p52,1000,tr,Full FD,scalar,8.0,1e-06,random,rand4,131,4,3.065134560136423
p52,1000,tr,Full FD,scalar,8.0,1e-06,random,rand4,131,5,3.2416978339875095
p52,1000,tr,Full FD,scalar,8.0,1e-06,random,rand4,131,6,4.965592156013999
p52,1000,tr,Full FD,scalar,8.0,1e-06,random,rand4,131,7,1.4580281869125529
p52,1000,tr,Full FD,scalar,8.0,1e-06,random,rand4,131,8,0.8770755638234753
p52,1000,tr,Full FD,scalar,8.0,1e-06,random,rand4,131,9,0.20033010975897209
p52,1000,tr,Full FD,scalar,8.0,1e-06,random,rand4,131,10,0.03759222602027663
p52,1000,tr,Full FD,scalar,8.0,1e-06,random,rand4,131,11,0.11061668669894469
p52,1000,tr,Full FD,scalar,8.0,1e-06,random,rand4,131,12,0.06708971494201413
p52,1000,tr,Full FD,scalar,8.0,1e-06,random,rand4,131,13,0.006497505935090254
p52,1000,tr,Full FD,scalar,8.0,1e-06,random,rand4,131,14,0.01390996155188468
p52,1000,tr,Full FD,scalar,8.0,1e-06,random,rand4,131,15,0.0014329176901127349
p52,1000,tr,Full FD,scalar,8.0,1e-06,random,rand4,131,16,0.00020109715715539538
p52,1000,tr,Full FD,scalar,8.0,1e-06,random,rand4,131,17,0.0006097837688973281
p52,1000,tr,Full FD,scalar,8.0,1e-06,random,rand4,131,18,0.000287441810940775
p52,1000,tr,Full FD,scalar,8.0,1e-06,random,rand4,131,19,0.00018033544839039713
p52,1000,tr,Full FD,scalar,8.0,1e-06,random,rand4,131,20,7.996428394013056e-05
p52,1000,tr,Full FD,scalar,8.0,1e-06,random,rand4,131,21,6.716910345429882e-06
p52,1000,tr,Full FD,scalar,8.0,1e-06,random,rand4,131,22,4.294508906718856e-06
p52,1000,tr,Full FD,scalar,8.0,1e-06,random,rand4,131,23,1.2202918483168202e-06
p52,1000,tr,Full FD,scalar,8.0,1e-06,random,rand4,131,24,1.3302632146507402e-07
p52,1000,tr,Full FD,scalar,8.0,1e-06,random,rand4,131,25,6.405340216445142e-08
p52,1000,nm,Full FD,scalar,8.0,1e-06,random,rand5,132,0,1.7071626755460678
p52,1000,nm,Full FD,scalar,8.0,1e-06,random,rand5,132,1,2.161557845963442
p52,1000,nm,Full FD,scalar,8.0,1e-06,random,rand5,132,2,3.289694338631048
p52,1000,nm,Full FD,scalar,8.0,1e-06,random,rand5,132,3,3.231989841829843
p52,1000,nm,Full FD,scalar,8.0,1e-06,random,rand5,132,4,2.1816312916879443
p52,1000,nm,Full FD,scalar,8.0,1e-06,random,rand5,132,5,3.995034518046551
p52,1000,nm,Full FD,scalar,8.0,1e-06,random,rand5,132,6,5.418363808620446
p52,1000,nm,Full FD,scalar,8.0,1e-06,random,rand5,132,7,4.947444453445526
p52,1000,nm,Full FD,scalar,8.0,1e-06,random,rand5,132,8,3.565399220352189
p52,1000,nm,Full FD,scalar,8.0,1e-06,random,rand5,132,9,6.348491100616493
p52,1000,nm,Full FD,scalar,8.0,1e-06,random,rand5,132,10,1.366166801281398
p52,1000,nm,Full FD,scalar,8.0,1e-06,random,rand5,132,11,1.2002734652200748
p52,1000,nm,Full FD,scalar,8.0,1e-06,random,rand5,132,12,2.6530320652597505
p52,1000,nm,Full FD,scalar,8.0,1e-06,random,rand5,132,13,0.7100041905307672
p52,1000,nm,Full FD,scalar,8.0,1e-06,random,rand5,132,14,0.1677528533049404
p52,1000,nm,Full FD,scalar,8.0,1e-06,random,rand5,132,15,0.020458502819169413
p52,1000,nm,Full FD,scalar,8.0,1e-06,random,rand5,132,16,0.0006562296276218426
p52,1000,nm,Full FD,scalar,8.0,1e-06,random,rand5,132,17,0.0013857278157221732
p52,1000,nm,Full FD,scalar,8.0,1e-06,random,rand5,132,18,0.0005357726569028499
p52,1000,nm,Full FD,scalar,8.0,1e-06,random,rand5,132,19,7.505570435934032e-05
p52,1000,nm,Full FD,scalar,8.0,1e-06,random,rand5,132,20,4.3924487243321714e-05
p52,1000,nm,Full FD,scalar,8.0,1e-06,random,rand5,132,21,5.729068905345154e-06
p52,1000,nm,Full FD,scalar,8.0,1e-06,random,rand5,132,22,2.2002317043021655e-07
p52,1000,nm,Full FD,scalar,8.0,1e-06,random,rand5,132,23,4.91685655920054e-07
p52,1000,nm,Full FD,scalar,8.0,1e-06,random,rand5,132,24,1.3690622014837828e-07
p52,1000,tr,Full FD,scalar,8.0,1e-06,random,rand5,132,0,17.842276205504852
p52,1000,tr,Full FD,scalar,8.0,1e-06,random,rand5,132,1,7.541883370163287
p52,1000,tr,Full FD,scalar,8.0,1e-06,random,rand5,132,2,0.38260260485946934
p52,1000,tr,Full FD,scalar,8.0,1e-06,random,rand5,132,3,0.4305229337283393
p52,1000,tr,Full FD,scalar,8.0,1e-06,random,rand5,132,4,13.61175746053385
p52,1000,tr,Full FD,scalar,8.0,1e-06,random,rand5,132,5,0.6934774149156862
p52,1000,tr,Full FD,scalar,8.0,1e-06,random,rand5,132,6,2.8539741909893364
p52,1000,tr,Full FD,scalar,8.0,1e-06,random,rand5,132,7,2.061903545924291
p52,1000,tr,Full FD,scalar,8.0,1e-06,random,rand5,132,8,0.5807787897947757
p52,1000,tr,Full FD,scalar,8.0,1e-06,random,rand5,132,9,0.49479351332455523
p52,1000,tr,Full FD,scalar,8.0,1e-06,random,rand5,132,10,0.12808041750007196
p52,1000,tr,Full FD,scalar,8.0,1e-06,random,rand5,132,11,0.026340279740660794
p52,1000,tr,Full FD,scalar,8.0,1e-06,random,rand5,132,12,1.3926722183532803
p52,1000,tr,Full FD,scalar,8.0,1e-06,random,rand5,132,13,0.1430016261099916
p52,1000,tr,Full FD,scalar,8.0,1e-06,random,rand5,132,14,0.024486362536419417
p52,1000,tr,Full FD,scalar,8.0,1e-06,random,rand5,132,15,0.03878943608017922
p52,1000,tr,Full FD,scalar,8.0,1e-06,random,rand5,132,16,0.0006289309150198047
p52,1000,tr,Full FD,scalar,8.0,1e-06,random,rand5,132,17,0.0008227091934137766
p52,1000,tr,Full FD,scalar,8.0,1e-06,random,rand5,132,18,1.2072265763251855e-05
p52,1000,tr,Full FD,scalar,8.0,1e-06,random,rand5,132,19,2.0517598284459852e-06
p52,1000,tr,Full FD,scalar,12.0,1e-06,random,rand1,134,0,3.0667629355749104e-06
p52,1000,tr,Full FD,scalar,12.0,1e-06,random,rand1,134,1,5.756278307113608e-06
p52,1000,tr,Full FD,scalar,12.0,1e-06,random,rand1,134,2,1.0618060310739635e-06
p52,1000,tr,Full FD,scalar,12.0,1e-06,random,rand1,134,3,29.458046224682782
p52,1000,tr,Full FD,scalar,12.0,1e-06,random,rand1,134,4,4.7044581260108024e-07
p52,1000,tr,Full FD,scalar,12.0,1e-06,random,rand1,134,5,1.5968145290724766e-07
p52,1000,tr,Full FD,scalar,12.0,1e-06,random,rand1,134,6,8.99092027544
p52,1000,tr,Full FD,scalar,12.0,1e-06,random,rand1,134,7,2.011142138315523e-08
p52,1000,tr,Full FD,scalar,12.0,1e-06,random,rand1,134,8,4.780037386510392
p52,1000,tr,Full FD,scalar,12.0,1e-06,random,rand1,134,9,3.5603764868404816e-08
p52,1000,tr,Full FD,scalar,12.0,1e-06,random,rand1,134,10,1.6826596180376685e-08
p52,1000,tr,Full FD,scalar,12.0,1e-06,random,rand1,134,11,1.9489311987444161e-07
p52,1000,tr,Full FD,scalar,12.0,1e-06,random,rand1,134,12,5.4238896036446835
p52,1000,tr,Full FD,scalar,12.0,1e-06,random,rand1,134,13,7.2124064702999995
p52,1000,tr,Full FD,scalar,12.0,1e-06,random,rand1,134,14,4.355691848910992
p52,1000,tr,Full FD,scalar,12.0,1e-06,random,rand1,134,15,4.728562750581136
p52,1000,tr,Full FD,scalar,12.0,1e-06,random,rand1,134,16,2.6656358026967557
p52,1000,tr,Full FD,scalar,12.0,1e-06,random,rand1,134,17,1.920551383231676
p52,1000,tr,Full FD,scalar,12.0,1e-06,random,rand1,134,18,1.1697694819293133e-07
p52,1000,tr,Full FD,scalar,12.0,1e-06,random,rand1,134,19,6.152556430727209e-08
p52,1000,tr,Full FD,scalar,12.0,1e-06,random,rand1,134,20,1.2834467390487074
p52,1000,tr,Full FD,scalar,12.0,1e-06,random,rand1,134,21,8.098084864484192e-07
p52,1000,tr,Full FD,scalar,12.0,1e-06,random,rand1,134,22,1.2752900180555706
p52,1000,tr,Full FD,scalar,12.0,1e-06,random,rand1,134,23,0.9729563724204343
p52,1000,tr,Full FD,scalar,12.0,1e-06,random,rand1,134,24,0.4918761351343093
p52,1000,tr,Full FD,scalar,12.0,1e-06,random,rand1,134,25,0.18291766048992608
p52,1000,tr,Full FD,scalar,12.0,1e-06,random,rand1,134,26,0.08978709863612
p52,1000,tr,Full FD,scalar,12.0,1e-06,random,rand1,134,27,3.079495311835216e-07
p52,1000,tr,Full FD,scalar,12.0,1e-06,random,rand1,134,28,0.04488283227445446
p52,1000,tr,Full FD,scalar,12.0,1e-06,random,rand1,134,29,1.702793113054234e-07
p52,1000,tr,Full FD,scalar,12.0,1e-06,random,rand1,134,30,2.8926895998027253e-07
p52,1000,tr,Full FD,scalar,12.0,1e-06,random,rand1,134,31,3.689794813881756e-07
p52,1000,tr,Full FD,scalar,12.0,1e-06,random,rand1,134,32,0.03997380750937646
p52,1000,tr,Full FD,scalar,12.0,1e-06,random,rand1,134,33,4.0442510157789177e-07
p52,1000,tr,Full FD,scalar,12.0,1e-06,random,rand1,134,34,7.793013203444105e-07
p52,1000,tr,Full FD,scalar,12.0,1e-06,random,rand1,134,35,0.032610826968406774
p52,1000,tr,Full FD,scalar,12.0,1e-06,random,rand1,134,36,0.017170977318968918
p52,1000,tr,Full FD,scalar,12.0,1e-06,random,rand1,134,37,1.6059298671753433e-07
p52,1000,tr,Full FD,scalar,12.0,1e-06,random,rand1,134,38,0.016277354448463413
p52,1000,tr,Full FD,scalar,12.0,1e-06,random,rand1,134,39,0.01252348258231222
p52,1000,tr,Full FD,scalar,12.0,1e-06,random,rand1,134,40,0.011519284357682373
p52,1000,tr,Full FD,scalar,12.0,1e-06,random,rand1,134,41,0.009271854658066065
p52,1000,tr,Full FD,scalar,12.0,1e-06,random,rand1,134,42,2.5655900671595646e-07
p52,1000,tr,Full FD,scalar,12.0,1e-06,random,rand1,134,43,3.035568530733601e-07
p52,1000,tr,Full FD,scalar,12.0,1e-06,random,rand1,134,44,1.6711064392925763e-07
p52,1000,tr,Full FD,scalar,12.0,1e-06,random,rand1,134,45,2.1790160904311265e-07
p52,1000,tr,Full FD,scalar,12.0,1e-06,random,rand1,134,46,1.8038808949458242e-07
p52,1000,tr,Full FD,scalar,12.0,1e-06,random,rand1,134,47,0.004993589872275773
p52,1000,tr,Full FD,scalar,12.0,1e-06,random,rand1,134,48,0.004881325924782862
p52,1000,tr,Full FD,scalar,12.0,1e-06,random,rand1,134,49,0.0036699720276548234
p52,1000,tr,Full FD,scalar,12.0,1e-06,random,rand1,134,50,6.229999462413369e-07
p52,1000,tr,Full FD,scalar,12.0,1e-06,random,rand1,134,51,0.0034541560178255382
p52,1000,tr,Full FD,scalar,12.0,1e-06,random,rand1,134,52,1.106620375170524e-06
p52,1000,tr,Full FD,scalar,12.0,1e-06,random,rand1,134,53,6.026273361544003e-07
p52,1000,tr,Full FD,scalar,12.0,1e-06,random,rand1,134,54,3.487131331018694e-06
p52,1000,tr,Full FD,scalar,12.0,1e-06,random,rand1,134,55,3.590275388782042e-06
p52,1000,tr,Full FD,scalar,12.0,1e-06,random,rand1,134,56,0.002719115545449646
p52,1000,tr,Full FD,scalar,12.0,1e-06,random,rand1,134,57,1.4643781563558636e-07
p52,1000,tr,Full FD,scalar,12.0,1e-06,random,rand1,134,58,0.0024852925915440707
p52,1000,tr,Full FD,scalar,12.0,1e-06,random,rand1,134,59,3.429793481887611e-06
p52,1000,tr,Full FD,scalar,12.0,1e-06,random,rand1,134,60,6.579057629103037e-07
p52,1000,tr,Full FD,scalar,12.0,1e-06,random,rand1,134,61,1.5177341570980953e-06
p52,1000,tr,Full FD,scalar,12.0,1e-06,random,rand1,134,62,2.4413431577414647e-06
p52,1000,tr,Full FD,scalar,12.0,1e-06,random,rand1,134,63,0.002032201812805032
p52,1000,tr,Full FD,scalar,12.0,1e-06,random,rand1,134,64,0.0010898032047659638
p52,1000,tr,Full FD,scalar,12.0,1e-06,random,rand1,134,65,8.33066050598563e-08
p52,1000,tr,Full FD,scalar,12.0,1e-06,random,rand1,134,66,0.0010483256402435302
p52,1000,tr,Full FD,scalar,12.0,1e-06,random,rand1,134,67,0.0008111088854075026
p52,1000,tr,Full FD,scalar,12.0,1e-06,random,rand1,134,68,1.914477727008214e-06
p52,1000,tr,Full FD,scalar,12.0,1e-06,random,rand1,134,69,0.0007498184924690905
p52,1000,tr,Full FD,scalar,12.0,1e-06,random,rand1,134,70,4.1404210152978953e-07
p52,1000,tr,Full FD,scalar,12.0,1e-06,random,rand1,134,71,5.491542007037726e-07
p52,1000,tr,Full FD,scalar,12.0,1e-06,random,rand1,134,72,0.0006051705130556965
p52,1000,tr,Full FD,scalar,12.0,1e-06,random,rand1,134,73,4.7363874814086895e-07
p52,1000,tr,Full FD,scalar,12.0,1e-06,random,rand1,134,74,0.00032797422203851716
p52,1000,tr,Full FD,scalar,12.0,1e-06,random,rand1,134,75,0.00032204372075445806
p52,1000,tr,Full FD,scalar,12.0,1e-06,random,rand1,134,76,0.00024357949832112878
p52,1000,tr,Full FD,scalar,12.0,1e-06,random,rand1,134,77,0.00022995428089855587
p52,1000,tr,Full FD,scalar,12.0,1e-06,random,rand1,134,78,4.907262083841046e-07
p52,1000,tr,Full FD,scalar,12.0,1e-06,random,rand1,134,79,0.00018233890790695102
p52,1000,tr,Full FD,scalar,12.0,1e-06,random,rand1,134,80,0.00010017260394885743
p52,1000,tr,Full FD,scalar,12.0,1e-06,random,rand1,134,81,0.00010019172390642483
p52,1000,tr,Full FD,scalar,12.0,1e-06,random,rand1,134,82,7.416035477019889e-05
p52,1000,tr,Full FD,scalar,12.0,1e-06,random,rand1,134,83,1.5348500321229564e-07
p52,1000,tr,Full FD,scalar,12.0,1e-06,random,rand1,134,84,7.080400649147346e-05
p52,1000,tr,Full FD,scalar,12.0,1e-06,random,rand1,134,85,5.534325786731027e-05
p52,1000,tr,Full FD,scalar,12.0,1e-06,random,rand1,134,86,5.127363164760436e-05
p52,1000,tr,Full FD,scalar,12.0,1e-06,random,rand1,134,87,4.189804304978846e-05
p52,1000,tr,Full FD,scalar,12.0,1e-06,random,rand1,134,88,7.93112349759939e-07
p52,1000,tr,Full FD,scalar,12.0,1e-06,random,rand1,134,89,2.168227504015163e-05
p52,1000,tr,Full FD,scalar,12.0,1e-06,random,rand1,134,90,3.442920102202983e-06
p52,1000,tr,Full FD,scalar,12.0,1e-06,random,rand1,134,91,4.944960610708272e-08
p52,1000,tr,Full FD,scalar,12.0,1e-06,random,rand1,134,92,2.608118603651187e-05
p52,1000,tr,Full FD,scalar,12.0,1e-06,random,rand1,134,93,9.159928232164845e-07
p52,1000,tr,Full FD,scalar,12.0,1e-06,random,rand1,134,94,1.1086395316278551e-06
p52,1000,tr,Full FD,scalar,12.0,1e-06,random,rand1,134,95,1.3169612741672975e-05
p52,1000,tr,Full FD,scalar,12.0,1e-06,random,rand1,134,96,1.2219259078904303e-05
p52,1000,tr,Full FD,scalar,12.0,1e-06,random,rand1,134,97,5.159530196081814e-07
p52,1000,tr,Full FD,scalar,12.0,1e-06,random,rand1,134,98,1.3056591468035404e-05
p52,1000,tr,Full FD,scalar,12.0,1e-06,random,rand1,134,99,8.521676724707762e-06
p52,1000,tr,Full FD,scalar,12.0,1e-06,random,rand1,134,100,1.2112315056767852e-07
p52,1000,tr,Full FD,scalar,12.0,1e-06,random,rand1,134,101,5.070258107908227e-06
p52,1000,tr,Full FD,scalar,12.0,1e-06,random,rand1,134,102,3.912128560310798e-06
p52,1000,tr,Full FD,scalar,12.0,1e-06,random,rand1,134,103,3.6579165816243697e-06
p52,1000,tr,Full FD,scalar,12.0,1e-06,random,rand1,134,104,3.5306206491292246e-06
p52,1000,tr,Full FD,scalar,12.0,1e-06,random,rand1,134,105,5.328310226913793e-07
p52,1000,tr,Full FD,scalar,12.0,1e-06,random,rand1,134,106,2.6202192569025663e-07
p52,1000,tr,Full FD,scalar,12.0,1e-06,random,rand1,134,107,1.979465111934914e-06
p52,1000,tr,Full FD,scalar,12.0,1e-06,random,rand1,134,108,1.5403072340898807e-06
p52,1000,tr,Full FD,scalar,12.0,1e-06,random,rand1,134,109,1.4217895917108903e-06
p52,1000,tr,Full FD,scalar,12.0,1e-06,random,rand1,134,110,4.2030495496987183e-07
p52,1000,tr,Full FD,scalar,12.0,1e-06,random,rand1,134,111,4.7111836638064406e-07
p52,1000,tr,Full FD,scalar,12.0,1e-06,random,rand1,134,112,1.6822514532512908e-07
p52,1000,tr,Full FD,scalar,12.0,1e-06,random,rand1,134,113,8.280305360682124e-07
p52,1000,tr,Full FD,scalar,12.0,1e-06,random,rand1,134,114,2.4645248712983047e-07
p52,1000,tr,Full FD,scalar,12.0,1e-06,random,rand1,134,115,2.125966022380374e-07
p52,1000,tr,Full FD,scalar,12.0,1e-06,random,rand1,134,116,5.134302520869533e-08
p52,1000,tr,Full FD,scalar,12.0,1e-06,random,rand1,134,117,1.8004099101587287e-08
p52,1000,tr,Full FD,scalar,12.0,1e-06,random,rand1,134,118,3.0180151612514487e-08
p52,1000,tr,Full FD,scalar,12.0,1e-06,random,rand1,134,119,7.968650997112172e-07
p52,1000,tr,Full FD,scalar,12.0,1e-06,random,rand1,134,120,4.8690663277376024e-08
p52,1000,tr,Full FD,scalar,12.0,1e-06,random,rand1,134,121,4.009832526723665e-08
p52,1000,tr,Full FD,scalar,12.0,1e-06,random,rand1,134,122,9.166871963221147e-08
p52,1000,tr,Full FD,scalar,12.0,1e-06,random,rand1,134,123,8.684129128948064e-09
p52,1000,tr,Full FD,scalar,12.0,1e-06,random,rand3,136,0,30.046428008718703
p52,1000,tr,Full FD,scalar,12.0,1e-06,random,rand3,136,1,1.4648062049503772e-08
p52,1000,tr,Full FD,scalar,12.0,1e-06,random,rand3,136,2,6.067680144776835
p52,1000,tr,Full FD,scalar,12.0,1e-06,random,rand3,136,3,6.555613615347418e-07
p52,1000,tr,Full FD,scalar,12.0,1e-06,random,rand3,136,4,1.6062316139080705e-07
p52,1000,tr,Full FD,scalar,12.0,1e-06,random,rand3,136,5,7.405008201066192e-07
p52,1000,tr,Full FD,scalar,12.0,1e-06,random,rand3,136,6,14.079907762147958
p52,1000,tr,Full FD,scalar,12.0,1e-06,random,rand3,136,7,1.4492603911892757e-08
p52,1000,tr,Full FD,scalar,12.0,1e-06,random,rand3,136,8,3.888504679951158
p52,1000,tr,Full FD,scalar,12.0,1e-06,random,rand3,136,9,6.40318377598632e-07
p52,1000,tr,Full FD,scalar,12.0,1e-06,random,rand3,136,10,11.357386599591225
p52,1000,tr,Full FD,scalar,12.0,1e-06,random,rand3,136,11,1.0149640384496007e-06
p52,1000,tr,Full FD,scalar,12.0,1e-06,random,rand3,136,12,4.581453704694868e-06
p52,1000,tr,Full FD,scalar,12.0,1e-06,random,rand3,136,13,7.385808448735564e-07
p52,1000,tr,Full FD,scalar,12.0,1e-06,random,rand3,136,14,6.07312405156767
p52,1000,tr,Full FD,scalar,12.0,1e-06,random,rand3,136,15,3.3785164284404448
p52,1000,tr,Full FD,scalar,12.0,1e-06,random,rand3,136,16,1.840252046721776
p52,1000,tr,Full FD,scalar,12.0,1e-06,random,rand3,136,17,7.999820784119903e-07
p52,1000,tr,Full FD,scalar,12.0,1e-06,random,rand3,136,18,1.2018897053114126
p52,1000,tr,Full FD,scalar,12.0,1e-06,random,rand3,136,19,0.5799840544778085
p52,1000,tr,Full FD,scalar,12.0,1e-06,random,rand3,136,20,2.529283057932172e-06
p52,1000,tr,Full FD,scalar,12.0,1e-06,random,rand3,136,21,3.677734728096656e-07
p52,1000,tr,Full FD,scalar,12.0,1e-06,random,rand3,136,22,0.25781160082628735
p52,1000,tr,Full FD,scalar,12.0,1e-06,random,rand3,136,23,8.864895956149231e-07
p52,1000,tr,Full FD,scalar,12.0,1e-06,random,rand3,136,24,0.23520636919843607
p52,1000,tr,Full FD,scalar,12.0,1e-06,random,rand3,136,25,0.19990966738087101
p52,1000,tr,Full FD,scalar,12.0,1e-06,random,rand3,136,26,6.068354314719066e-08
p52,1000,tr,Full FD,scalar,12.0,1e-06,random,rand3,136,27,0.19776674558080928
p52,1000,tr,Full FD,scalar,12.0,1e-06,random,rand3,136,28,8.127504759432808e-07
p52,1000,tr,Full FD,scalar,12.0,1e-06,random,rand3,136,29,0.1489938321520715
p52,1000,tr,Full FD,scalar,12.0,1e-06,random,rand3,136,30,2.0697800964067173e-07
p52,1000,tr,Full FD,scalar,12.0,1e-06,random,rand3,136,31,0.07853891655302737
p52,1000,tr,Full FD,scalar,12.0,1e-06,random,rand3,136,32,3.1801089220742924e-07
p52,1000,tr,Full FD,scalar,12.0,1e-06,random,rand3,136,33,0.040391887941001216
p52,1000,tr,Full FD,scalar,12.0,1e-06,random,rand3,136,34,0.020133538703202156
p52,1000,tr,Full FD,scalar,12.0,1e-06,random,rand3,136,35,0.00991571594125156
p52,1000,tr,Full FD,scalar,12.0,1e-06,random,rand3,136,36,0.00495936737967279
p52,1000,tr,Full FD,scalar,12.0,1e-06,random,rand3,136,37,2.126100516483701e-06
p52,1000,tr,Full FD,scalar,12.0,1e-06,random,rand3,136,38,2.906082651145986e-07
p52,1000,tr,Full FD,scalar,12.0,1e-06,random,rand3,136,39,0.0025921000237493354
p52,1000,tr,Full FD,scalar,12.0,1e-06,random,rand3,136,40,1.1189535806969887e-07
p52,1000,tr,Full FD,scalar,12.0,1e-06,random,rand3,136,41,1.5242561913269574e-07
p52,1000,tr,Full FD,scalar,12.0,1e-06,random,rand3,136,42,0.0024675464385347256
p52,1000,tr,Full FD,scalar,12.0,1e-06,random,rand3,136,43,1.4041545001415705e-06
p52,1000,tr,Full FD,scalar,12.0,1e-06,random,rand3,136,44,7.858131181601972e-07
p52,1000,tr,Full FD,scalar,12.0,1e-06,random,rand3,136,45,0.001838481494783263
p52,1000,tr,Full FD,scalar,12.0,1e-06,random,rand3,136,46,0.0017224239226652964
p52,1000,tr,Full FD,scalar,12.0,1e-06,random,rand3,136,47,1.1972713215869168e-06
p52,1000,tr,Full FD,scalar,12.0,1e-06,random,rand3,136,48,0.0013733632836169212
p52,1000,tr,Full FD,scalar,12.0,1e-06,random,rand3,136,49,0.0007499018285805443
p52,1000,tr,Full FD,scalar,12.0,1e-06,random,rand3,136,50,4.796692199349638e-06
p52,1000,tr,Full FD,scalar,12.0,1e-06,random,rand3,136,51,0.000737668196326169
p52,1000,tr,Full FD,scalar,12.0,1e-06,random,rand3,136,52,4.8766943689557e-07
p52,1000,tr,Full FD,scalar,12.0,1e-06,random,rand3,136,53,0.0005451315357935718
p52,1000,tr,Full FD,scalar,12.0,1e-06,random,rand3,136,54,0.0005212328250638889
p52,1000,tr,Full FD,scalar,12.0,1e-06,random,rand3,136,55,4.248884131817244e-07
p52,1000,tr,Full FD,scalar,12.0,1e-06,random,rand3,136,56,0.0004065472975768305
p52,1000,tr,Full FD,scalar,12.0,1e-06,random,rand3,136,57,0.00037583542844615516
p52,1000,tr,Full FD,scalar,12.0,1e-06,random,rand3,136,58,0.0003065523253834854
p52,1000,tr,Full FD,scalar,12.0,1e-06,random,rand3,136,59,1.018139947363511e-06
p52,1000,tr,Full FD,scalar,12.0,1e-06,random,rand3,136,60,2.2659393118083384e-07
p52,1000,tr,Full FD,scalar,12.0,1e-06,random,rand3,136,61,0.0001641058219642681
p52,1000,tr,Full FD,scalar,12.0,1e-06,random,rand3,136,62,0.0001599525957743318
p52,1000,tr,Full FD,scalar,12.0,1e-06,random,rand3,136,63,0.00012221420639394053
p52,1000,tr,Full FD,scalar,12.0,1e-06,random,rand3,136,64,0.00011468077265416162
p52,1000,tr,Full FD,scalar,12.0,1e-06,random,rand3,136,65,9.201307055351996e-05
p52,1000,tr,Full FD,scalar,12.0,1e-06,random,rand3,136,66,4.6805305391273105e-05
p52,1000,tr,Full FD,scalar,12.0,1e-06,random,rand3,136,67,4.4514515934471945e-05
p52,1000,tr,Full FD,scalar,12.0,1e-06,random,rand3,136,68,1.0478722843882697e-05
p52,1000,tr,Full FD,scalar,12.0,1e-06,random,rand3,136,69,4.886511523881184e-08
p52,1000,tr,Full FD,scalar,12.0,1e-06,random,rand3,136,70,3.194712387437786e-05
p52,1000,tr,Full FD,scalar,12.0,1e-06,random,rand3,136,71,2.2655212319013583e-05
p52,1000,tr,Full FD,scalar,12.0,1e-06,random,rand3,136,72,1.1689189788600943e-07
p52,1000,tr,Full FD,scalar,12.0,1e-06,random,rand3,136,73,2.2139559847340486e-05
p52,1000,tr,Full FD,scalar,12.0,1e-06,random,rand3,136,74,5.354402255853262e-07
p52,1000,tr,Full FD,scalar,12.0,1e-06,random,rand3,136,75,1.5961537981971422e-05
p52,1000,tr,Full FD,scalar,12.0,1e-06,random,rand3,136,76,6.3263439729023405e-06
p52,1000,tr,Full FD,scalar,12.0,1e-06,random,rand3,136,77,2.2607098806883394e-08
p52,1000,tr,Full FD,scalar,12.0,1e-06,random,rand3,136,78,3.639781999072952e-05
p52,1000,tr,Full FD,scalar,12.0,1e-06,random,rand3,136,79,3.5550988640894274e-06
p52,1000,tr,Full FD,scalar,12.0,1e-06,random,rand3,136,80,1.5512031639473716e-06
p52,1000,tr,Full FD,scalar,12.0,1e-06,random,rand3,136,81,1.0316626351379972e-06
p52,1000,tr,Full FD,scalar,12.0,1e-06,random,rand3,136,82,3.842316315998653e-06
p52,1000,tr,Full FD,scalar,12.0,1e-06,random,rand3,136,83,5.87361907503371e-07
p52,1000,tr,Full FD,scalar,12.0,1e-06,random,rand3,136,84,3.516933774772993e-07
p52,1000,tr,Full FD,scalar,12.0,1e-06,random,rand3,136,85,1.746074450198545e-07
p52,1000,tr,Full FD,scalar,12.0,1e-06,random,rand3,136,86,8.457761821506428e-08
p52,1000,tr,Full FD,scalar,12.0,1e-06,random,rand3,136,87,5.66843509979264e-08
p52,1000,tr,Full FD,scalar,12.0,1e-06,random,rand3,136,88,4.8625482477408146e-08
p52,1000,nm,Full FD,adaptive,4.0,1e-06,initial,xbar,139,0,30.598592942491802
p52,1000,nm,Full FD,adaptive,4.0,1e-06,initial,xbar,139,1,1.674831045738241
p52,1000,nm,Full FD,adaptive,4.0,1e-06,initial,xbar,139,2,0.672782208878755
p52,1000,nm,Full FD,adaptive,4.0,1e-06,initial,xbar,139,3,0.4964349870504063
p52,1000,nm,Full FD,adaptive,4.0,1e-06,initial,xbar,139,4,0.37284701955235316
p52,1000,nm,Full FD,adaptive,4.0,1e-06,initial,xbar,139,5,0.2630059649659736
p52,1000,nm,Full FD,adaptive,4.0,1e-06,initial,xbar,139,6,0.1645416577680703
p52,1000,nm,Full FD,adaptive,4.0,1e-06,initial,xbar,139,7,0.07580949997035007
p52,1000,nm,Full FD,adaptive,4.0,1e-06,initial,xbar,139,8,0.016434768516003395
p52,1000,nm,Full FD,adaptive,4.0,1e-06,initial,xbar,139,9,0.0007245897475886149
p52,1000,nm,Full FD,adaptive,4.0,1e-06,initial,xbar,139,10,1.5543315575801622e-06
p52,1000,tr,Full FD,adaptive,4.0,1e-06,initial,xbar,139,0,30.29617127475105
p52,1000,tr,Full FD,adaptive,4.0,1e-06,initial,xbar,139,1,1.4199764269911024
p52,1000,tr,Full FD,adaptive,4.0,1e-06,initial,xbar,139,2,0.13889419763099237
p52,1000,tr,Full FD,adaptive,4.0,1e-06,initial,xbar,139,3,0.20754926660319425
p52,1000,tr,Full FD,adaptive,4.0,1e-06,initial,xbar,139,4,0.011023092232493707
p52,1000,tr,Full FD,adaptive,4.0,1e-06,initial,xbar,139,5,0.01896464119532676
p52,1000,tr,Full FD,adaptive,4.0,1e-06,initial,xbar,139,6,0.0009902755501566148
p52,1000,tr,Full FD,adaptive,4.0,1e-06,initial,xbar,139,7,0.004967865371401396
p52,1000,tr,Full FD,adaptive,4.0,1e-06,initial,xbar,139,8,0.0001306071146377919
p52,1000,tr,Full FD,adaptive,4.0,1e-06,initial,xbar,139,9,4.369869673520021e-07
p52,1000,nm,Full FD,adaptive,4.0,1e-06,random,rand1,140,0,5.636550989924732
p52,1000,nm,Full FD,adaptive,4.0,1e-06,random,rand1,140,1,9.031117408672294
p52,1000,nm,Full FD,adaptive,4.0,1e-06,random,rand1,140,2,4.982519216033393
p52,1000,nm,Full FD,adaptive,4.0,1e-06,random,rand1,140,3,7.092082372270406
p52,1000,nm,Full FD,adaptive,4.0,1e-06,random,rand1,140,4,7.865722538591593
p52,1000,nm,Full FD,adaptive,4.0,1e-06,random,rand1,140,5,7.383837134630794
p52,1000,nm,Full FD,adaptive,4.0,1e-06,random,rand1,140,6,10.715522134234014
p52,1000,nm,Full FD,adaptive,4.0,1e-06,random,rand1,140,7,7.313314830762252
p52,1000,nm,Full FD,adaptive,4.0,1e-06,random,rand1,140,8,6.600110819306016
p52,1000,nm,Full FD,adaptive,4.0,1e-06,random,rand1,140,9,3.682157969120339
p52,1000,nm,Full FD,adaptive,4.0,1e-06,random,rand1,140,10,2.345356172705869
p52,1000,nm,Full FD,adaptive,4.0,1e-06,random,rand1,140,11,1.3228860311259447
p52,1000,nm,Full FD,adaptive,4.0,1e-06,random,rand1,140,12,0.6499899235775972
p52,1000,nm,Full FD,adaptive,4.0,1e-06,random,rand1,140,13,0.23524655182553464
p52,1000,nm,Full FD,adaptive,4.0,1e-06,random,rand1,140,14,0.043641806603997774
p52,1000,nm,Full FD,adaptive,4.0,1e-06,random,rand1,140,15,0.002205176833493773
p52,1000,nm,Full FD,adaptive,4.0,1e-06,random,rand1,140,16,7.81630471764917e-06
p52,1000,tr,Full FD,adaptive,4.0,1e-06,random,rand1,140,0,14.821706465244015
p52,1000,tr,Full FD,adaptive,4.0,1e-06,random,rand1,140,1,18.988828117782226
p52,1000,tr,Full FD,adaptive,4.0,1e-06,random,rand1,140,2,3.5005539763840448
p52,1000,tr,Full FD,adaptive,4.0,1e-06,random,rand1,140,3,11.685521392388694
p52,1000,tr,Full FD,adaptive,4.0,1e-06,random,rand1,140,4,2.3044867127727544
p52,1000,tr,Full FD,adaptive,4.0,1e-06,random,rand1,140,5,2.4330295759382943
p52,1000,tr,Full FD,adaptive,4.0,1e-06,random,rand1,140,6,0.6349591058532488
p52,1000,tr,Full FD,adaptive,4.0,1e-06,random,rand1,140,7,0.11062347649770086
p52,1000,tr,Full FD,adaptive,4.0,1e-06,random,rand1,140,8,0.22052677343173707
p52,1000,tr,Full FD,adaptive,4.0,1e-06,random,rand1,140,9,0.011172095710142322
p52,1000,tr,Full FD,adaptive,4.0,1e-06,random,rand1,140,10,0.020144822392033097
p52,1000,tr,Full FD,adaptive,4.0,1e-06,random,rand1,140,11,0.0007002102701633021
p52,1000,tr,Full FD,adaptive,4.0,1e-06,random,rand1,140,12,0.00037706777899262775
p52,1000,tr,Full FD,adaptive,4.0,1e-06,random,rand1,140,13,1.5388123574021452e-06
p52,1000,tr,Full FD,adaptive,4.0,1e-06,random,rand1,140,14,1.0668722501402578e-07
p52,1000,nm,Full FD,adaptive,4.0,1e-06,random,rand2,141,0,6.576308533695298
p52,1000,nm,Full FD,adaptive,4.0,1e-06,random,rand2,141,1,12.130122602834557
p52,1000,nm,Full FD,adaptive,4.0,1e-06,random,rand2,141,2,8.729049737927513
p52,1000,nm,Full FD,adaptive,4.0,1e-06,random,rand2,141,3,4.968333646423796
p52,1000,nm,Full FD,adaptive,4.0,1e-06,random,rand2,141,4,7.176818102204437
p52,1000,nm,Full FD,adaptive,4.0,1e-06,random,rand2,141,5,2.22115293564518
p52,1000,nm,Full FD,adaptive,4.0,1e-06,random,rand2,141,6,7.84856506429833
p52,1000,nm,Full FD,adaptive,4.0,1e-06,random,rand2,141,7,4.061586949477976
p52,1000,nm,Full FD,adaptive,4.0,1e-06,random,rand2,141,8,6.7451941536647
p52,1000,nm,Full FD,adaptive,4.0,1e-06,random,rand2,141,9,4.967277158860546
p52,1000,nm,Full FD,adaptive,4.0,1e-06,random,rand2,141,10,2.946552981560687
p52,1000,nm,Full FD,adaptive,4.0,1e-06,random,rand2,141,11,1.129492508399806
p52,1000,nm,Full FD,adaptive,4.0,1e-06,random,rand2,141,12,3.1085076063060266
p52,1000,nm,Full FD,adaptive,4.0,1e-06,random,rand2,141,13,1.4962478870710316
p52,1000,nm,Full FD,adaptive,4.0,1e-06,random,rand2,141,14,0.8372681699306432
p52,1000,nm,Full FD,adaptive,4.0,1e-06,random,rand2,141,15,0.38302817085511637
p52,1000,nm,Full FD,adaptive,4.0,1e-06,random,rand2,141,16,0.10698777273399906
p52,1000,nm,Full FD,adaptive,4.0,1e-06,random,rand2,141,17,0.009874653333628318
p52,1000,nm,Full FD,adaptive,4.0,1e-06,random,rand2,141,18,0.00010857693456840855
p52,1000,nm,Full FD,adaptive,4.0,1e-06,random,rand2,141,19,3.5176538224515635e-08
p52,1000,tr,Full FD,adaptive,4.0,1e-06,random,rand2,141,0,10.845983400102645
p52,1000,tr,Full FD,adaptive,4.0,1e-06,random,rand2,141,1,20.395032066550336
p52,1000,tr,Full FD,adaptive,4.0,1e-06,random,rand2,141,2,11.548892988697762
p52,1000,tr,Full FD,adaptive,4.0,1e-06,random,rand2,141,3,2.764650616670824
p52,1000,tr,Full FD,adaptive,4.0,1e-06,random,rand2,141,4,2.5229540147505287
p52,1000,tr,Full FD,adaptive,4.0,1e-06,random,rand2,141,5,2.0154241778125725
p52,1000,tr,Full FD,adaptive,4.0,1e-06,random,rand2,141,6,0.6027140981595284
p52,1000,tr,Full FD,adaptive,4.0,1e-06,random,rand2,141,7,0.08753428091974212
p52,1000,tr,Full FD,adaptive,4.0,1e-06,random,rand2,141,8,0.11200447229072875
p52,1000,tr,Full FD,adaptive,4.0,1e-06,random,rand2,141,9,0.04343760124988903
p52,1000,tr,Full FD,adaptive,4.0,1e-06,random,rand2,141,10,0.013222970998416612
p52,1000,tr,Full FD,adaptive,4.0,1e-06,random,rand2,141,11,0.010146005820832329
p52,1000,tr,Full FD,adaptive,4.0,1e-06,random,rand2,141,12,0.0005303597958533681
p52,1000,tr,Full FD,adaptive,4.0,1e-06,random,rand2,141,13,1.0590503978101997e-05
p52,1000,tr,Full FD,adaptive,4.0,1e-06,random,rand2,141,14,1.2570975971613919e-08
p52,1000,nm,Full FD,adaptive,4.0,1e-06,random,rand3,142,0,15.786576962270834
p52,1000,nm,Full FD,adaptive,4.0,1e-06,random,rand3,142,1,14.567511903563165
p52,1000,nm,Full FD,adaptive,4.0,1e-06,random,rand3,142,2,3.364003089872732
p52,1000,nm,Full FD,adaptive,4.0,1e-06,random,rand3,142,3,3.3055162938980085
p52,1000,nm,Full FD,adaptive,4.0,1e-06,random,rand3,142,4,3.879121030069583
p52,1000,nm,Full FD,adaptive,4.0,1e-06,random,rand3,142,5,7.050285587102028
p52,1000,nm,Full FD,adaptive,4.0,1e-06,random,rand3,142,6,1.9435039716704892
p52,1000,nm,Full FD,adaptive,4.0,1e-06,random,rand3,142,7,1.847199653490656
p52,1000,nm,Full FD,adaptive,4.0,1e-06,random,rand3,142,8,0.8927464226612903
p52,1000,nm,Full FD,adaptive,4.0,1e-06,random,rand3,142,9,0.4042842790807723
p52,1000,nm,Full FD,adaptive,4.0,1e-06,random,rand3,142,10,0.12960973858298194
p52,1000,nm,Full FD,adaptive,4.0,1e-06,random,rand3,142,11,0.024142826316517953
p52,1000,nm,Full FD,adaptive,4.0,1e-06,random,rand3,142,12,0.0009776214988385498
p52,1000,nm,Full FD,adaptive,4.0,1e-06,random,rand3,142,13,1.7427396183104138e-06
p52,1000,tr,Full FD,adaptive,4.0,1e-06,random,rand3,142,0,13.477093063436728
p52,1000,tr,Full FD,adaptive,4.0,1e-06,random,rand3,142,1,16.044235518028426
p52,1000,tr,Full FD,adaptive,4.0,1e-06,random,rand3,142,2,11.605254418093455
p52,1000,tr,Full FD,adaptive,4.0,1e-06,random,rand3,142,3,4.006439706557246
p52,1000,tr,Full FD,adaptive,4.0,1e-06,random,rand3,142,4,4.9453330625343
p52,1000,tr,Full FD,adaptive,4.0,1e-06,random,rand3,142,5,1.0692358168374865
p52,1000,tr,Full FD,adaptive,4.0,1e-06,random,rand3,142,6,0.833997860409679
p52,1000,tr,Full FD,adaptive,4.0,1e-06,random,rand3,142,7,0.5579160372170447
p52,1000,tr,Full FD,adaptive,4.0,1e-06,random,rand3,142,8,0.15438559761422557
p52,1000,tr,Full FD,adaptive,4.0,1e-06,random,rand3,142,9,0.03551897638384115
p52,1000,tr,Full FD,adaptive,4.0,1e-06,random,rand3,142,10,0.023114881324508597
p52,1000,tr,Full FD,adaptive,4.0,1e-06,random,rand3,142,11,0.0020334403969656783
p52,1000,tr,Full FD,adaptive,4.0,1e-06,random,rand3,142,12,0.0019305676673246426
p52,1000,tr,Full FD,adaptive,4.0,1e-06,random,rand3,142,13,6.885270891944335e-06
p52,1000,tr,Full FD,adaptive,4.0,1e-06,random,rand3,142,14,7.152802703730662e-07
p52,1000,nm,Full FD,adaptive,4.0,1e-06,random,rand4,143,0,6.844205052564079
p52,1000,nm,Full FD,adaptive,4.0,1e-06,random,rand4,143,1,5.863347242379641
p52,1000,nm,Full FD,adaptive,4.0,1e-06,random,rand4,143,2,7.6250168150834154
p52,1000,nm,Full FD,adaptive,4.0,1e-06,random,rand4,143,3,7.591400490655722
p52,1000,nm,Full FD,adaptive,4.0,1e-06,random,rand4,143,4,10.18597208564761
p52,1000,nm,Full FD,adaptive,4.0,1e-06,random,rand4,143,5,1.142987274446074
p52,1000,nm,Full FD,adaptive,4.0,1e-06,random,rand4,143,6,11.797146747599232
p52,1000,nm,Full FD,adaptive,4.0,1e-06,random,rand4,143,7,7.136571389100092
p52,1000,nm,Full FD,adaptive,4.0,1e-06,random,rand4,143,8,5.939176490852974
p52,1000,nm,Full FD,adaptive,4.0,1e-06,random,rand4,143,9,3.7645835712257743
p52,1000,nm,Full FD,adaptive,4.0,1e-06,random,rand4,143,10,4.053379809399715
p52,1000,nm,Full FD,adaptive,4.0,1e-06,random,rand4,143,11,2.2709990534453386
p52,1000,nm,Full FD,adaptive,4.0,1e-06,random,rand4,143,12,1.2487436644688694
p52,1000,nm,Full FD,adaptive,4.0,1e-06,random,rand4,143,13,0.6739280385732639
p52,1000,nm,Full FD,adaptive,4.0,1e-06,random,rand4,143,14,0.3236894108049589
p52,1000,nm,Full FD,adaptive,4.0,1e-06,random,rand4,143,15,0.10684312814516485
p52,1000,nm,Full FD,adaptive,4.0,1e-06,random,rand4,143,16,0.015755678639372956
p52,1000,nm,Full FD,adaptive,4.0,1e-06,random,rand4,143,17,0.0003958172487181153
p52,1000,nm,Full FD,adaptive,4.0,1e-06,random,rand4,143,18,3.244101501809277e-07
p52,1000,tr,Full FD,adaptive,4.0,1e-06,random,rand4,143,0,10.661264667322088
p52,1000,tr,Full FD,adaptive,4.0,1e-06,random,rand4,143,1,19.927622623417072
p52,1000,tr,Full FD,adaptive,4.0,1e-06,random,rand4,143,2,13.27211185770996
p52,1000,tr,Full FD,adaptive,4.0,1e-06,random,rand4,143,3,2.8815871418126826
p52,1000,tr,Full FD,adaptive,4.0,1e-06,random,rand4,143,4,2.638097585713354
p52,1000,tr,Full FD,adaptive,4.0,1e-06,random,rand4,143,5,2.0890788090286847
p52,1000,tr,Full FD,adaptive,4.0,1e-06,random,rand4,143,6,0.6746090399960403
p52,1000,tr,Full FD,adaptive,4.0,1e-06,random,rand4,143,7,0.15659821028827506
p52,1000,tr,Full FD,adaptive,4.0,1e-06,random,rand4,143,8,0.19992518954152322
p52,1000,tr,Full FD,adaptive,4.0,1e-06,random,rand4,143,9,0.010980140751457038
p52,1000,tr,Full FD,adaptive,4.0,1e-06,random,rand4,143,10,0.05706823090973906
p52,1000,tr,Full FD,adaptive,4.0,1e-06,random,rand4,143,11,0.018631156988608632
p52,1000,tr,Full FD,adaptive,4.0,1e-06,random,rand4,143,12,0.0017244543035879844
p52,1000,tr,Full FD,adaptive,4.0,1e-06,random,rand4,143,13,2.7481789510137243e-05
p52,1000,tr,Full FD,adaptive,4.0,1e-06,random,rand4,143,14,2.460639205807006e-08
p52,1000,nm,Full FD,adaptive,4.0,1e-06,random,rand5,144,0,11.624970546514492
p52,1000,nm,Full FD,adaptive,4.0,1e-06,random,rand5,144,1,9.26079859811328
p52,1000,nm,Full FD,adaptive,4.0,1e-06,random,rand5,144,2,8.056863089542464
p52,1000,nm,Full FD,adaptive,4.0,1e-06,random,rand5,144,3,11.213221857131323
p52,1000,nm,Full FD,adaptive,4.0,1e-06,random,rand5,144,4,4.751470053502534
p52,1000,nm,Full FD,adaptive,4.0,1e-06,random,rand5,144,5,7.80604607010046
p52,1000,nm,Full FD,adaptive,4.0,1e-06,random,rand5,144,6,6.659189860867072
p52,1000,nm,Full FD,adaptive,4.0,1e-06,random,rand5,144,7,6.036921141005115
p52,1000,nm,Full FD,adaptive,4.0,1e-06,random,rand5,144,8,4.120389885989795
p52,1000,nm,Full FD,adaptive,4.0,1e-06,random,rand5,144,9,3.392767334324054
p52,1000,nm,Full FD,adaptive,4.0,1e-06,random,rand5,144,10,2.147978552578734
p52,1000,nm,Full FD,adaptive,4.0,1e-06,random,rand5,144,11,1.200594517835489
p52,1000,nm,Full FD,adaptive,4.0,1e-06,random,rand5,144,12,0.6026405020500133
p52,1000,nm,Full FD,adaptive,4.0,1e-06,random,rand5,144,13,0.21350984353291097
p52,1000,nm,Full FD,adaptive,4.0,1e-06,random,rand5,144,14,0.03507468657709071
p52,1000,nm,Full FD,adaptive,4.0,1e-06,random,rand5,144,15,0.0012827403613281938
p52,1000,nm,Full FD,adaptive,4.0,1e-06,random,rand5,144,16,2.5158545028822118e-06
p52,1000,tr,Full FD,adaptive,4.0,1e-06,random,rand5,144,0,18.545111318421487
p52,1000,tr,Full FD,adaptive,4.0,1e-06,random,rand5,144,1,14.898530775491578
p52,1000,tr,Full FD,adaptive,4.0,1e-06,random,rand5,144,2,4.492155275499403
p52,1000,tr,Full FD,adaptive,4.0,1e-06,random,rand5,144,3,8.284764364507057
p52,1000,tr,Full FD,adaptive,4.0,1e-06,random,rand5,144,4,2.4646349184869365
p52,1000,tr,Full FD,adaptive,4.0,1e-06,random,rand5,144,5,1.3239351773984798
p52,1000,tr,Full FD,adaptive,4.0,1e-06,random,rand5,144,6,0.8033062778687435
p52,1000,tr,Full FD,adaptive,4.0,1e-06,random,rand5,144,7,0.2583332906599922
p52,1000,tr,Full FD,adaptive,4.0,1e-06,random,rand5,144,8,0.0911028940810206
p52,1000,tr,Full FD,adaptive,4.0,1e-06,random,rand5,144,9,0.01244022901897286
p52,1000,tr,Full FD,adaptive,4.0,1e-06,random,rand5,144,10,0.04301216397877583
p52,1000,tr,Full FD,adaptive,4.0,1e-06,random,rand5,144,11,0.021061347920083524
p52,1000,tr,Full FD,adaptive,4.0,1e-06,random,rand5,144,12,0.01096904843423604
p52,1000,tr,Full FD,adaptive,4.0,1e-06,random,rand5,144,13,0.00026101926615031666
p52,1000,tr,Full FD,adaptive,4.0,1e-06,random,rand5,144,14,0.0008395096349739872
p52,1000,tr,Full FD,adaptive,4.0,1e-06,random,rand5,144,15,3.7430417786717375e-06
p52,1000,nm,Full FD,adaptive,8.0,1e-06,initial,xbar,145,0,30.551402923596772
p52,1000,nm,Full FD,adaptive,8.0,1e-06,initial,xbar,145,1,0.6819703111100021
p52,1000,nm,Full FD,adaptive,8.0,1e-06,initial,xbar,145,2,1.3825312786602768
p52,1000,nm,Full FD,adaptive,8.0,1e-06,initial,xbar,145,3,0.37246790526335405
p52,1000,nm,Full FD,adaptive,8.0,1e-06,initial,xbar,145,4,0.4933045587526305
p52,1000,nm,Full FD,adaptive,8.0,1e-06,initial,xbar,145,5,0.3235293825283738
p52,1000,nm,Full FD,adaptive,8.0,1e-06,initial,xbar,145,6,0.140907825281104
p52,1000,nm,Full FD,adaptive,8.0,1e-06,initial,xbar,145,7,0.037347556355900195
p52,1000,nm,Full FD,adaptive,8.0,1e-06,initial,xbar,145,8,0.00460017923640395
p52,1000,nm,Full FD,adaptive,8.0,1e-06,initial,xbar,145,9,9.805680463163134e-05
p52,1000,nm,Full FD,adaptive,8.0,1e-06,initial,xbar,145,10,2.3858487079538482e-08
p52,1000,tr,Full FD,adaptive,8.0,1e-06,initial,xbar,145,0,30.332758182637505
p52,1000,tr,Full FD,adaptive,8.0,1e-06,initial,xbar,145,1,1.155969343377419
p52,1000,tr,Full FD,adaptive,8.0,1e-06,initial,xbar,145,2,0.1482412259129207
p52,1000,tr,Full FD,adaptive,8.0,1e-06,initial,xbar,145,3,0.22838326769734743
p52,1000,tr,Full FD,adaptive,8.0,1e-06,initial,xbar,145,4,0.013440961162763797
p52,1000,tr,Full FD,adaptive,8.0,1e-06,initial,xbar,145,5,0.0022893027948807623
p52,1000,tr,Full FD,adaptive,8.0,1e-06,initial,xbar,145,6,0.005092140544215844
p52,1000,tr,Full FD,adaptive,8.0,1e-06,initial,xbar,145,7,0.00035555336631369074
p52,1000,tr,Full FD,adaptive,8.0,1e-06,initial,xbar,145,8,0.0010455160274014045
p52,1000,tr,Full FD,adaptive,8.0,1e-06,initial,xbar,145,9,0.00035664339294364173
p52,1000,tr,Full FD,adaptive,8.0,1e-06,initial,xbar,145,10,0.00022232948178022154
p52,1000,tr,Full FD,adaptive,8.0,1e-06,initial,xbar,145,11,0.0001847464596074025
p52,1000,tr,Full FD,adaptive,8.0,1e-06,initial,xbar,145,12,7.902573951434261e-05
p52,1000,tr,Full FD,adaptive,8.0,1e-06,initial,xbar,145,13,6.102104138114276e-05
p52,1000,tr,Full FD,adaptive,8.0,1e-06,initial,xbar,145,14,0.0003303105277646124
p52,1000,tr,Full FD,adaptive,8.0,1e-06,initial,xbar,145,15,0.00018189910493480148
p52,1000,tr,Full FD,adaptive,8.0,1e-06,initial,xbar,145,16,0.0002699542217881687
p52,1000,tr,Full FD,adaptive,8.0,1e-06,initial,xbar,145,17,0.0005274762449380669
p52,1000,tr,Full FD,adaptive,8.0,1e-06,initial,xbar,145,18,0.0001589482551283859
p52,1000,tr,Full FD,adaptive,8.0,1e-06,initial,xbar,145,19,9.06223415084319e-05
p52,1000,tr,Full FD,adaptive,8.0,1e-06,initial,xbar,145,20,7.910341360507528e-05
p52,1000,tr,Full FD,adaptive,8.0,1e-06,initial,xbar,145,21,2.864076889436736e-05
p52,1000,tr,Full FD,adaptive,8.0,1e-06,initial,xbar,145,22,0.00039645116964316234
p52,1000,tr,Full FD,adaptive,8.0,1e-06,initial,xbar,145,23,7.826772957919318e-05
p52,1000,tr,Full FD,adaptive,8.0,1e-06,initial,xbar,145,24,1.286855168193579e-05
p52,1000,tr,Full FD,adaptive,8.0,1e-06,initial,xbar,145,25,3.8326973110279875e-06
p52,1000,tr,Full FD,adaptive,8.0,1e-06,initial,xbar,145,26,3.034661274636371e-05
p52,1000,tr,Full FD,adaptive,8.0,1e-06,initial,xbar,145,27,4.6379714937759204e-06
p52,1000,tr,Full FD,adaptive,8.0,1e-06,initial,xbar,145,28,1.4470004119371623e-05
p52,1000,tr,Full FD,adaptive,8.0,1e-06,initial,xbar,145,29,3.129964385189929e-06
p52,1000,tr,Full FD,adaptive,8.0,1e-06,initial,xbar,145,30,3.7795946847911885e-07
p52,1000,tr,Full FD,adaptive,8.0,1e-06,initial,xbar,145,31,4.723299975483887e-07
p52,1000,tr,Full FD,adaptive,8.0,1e-06,initial,xbar,145,32,2.9925315185442054e-07
p52,1000,tr,Full FD,adaptive,8.0,1e-06,initial,xbar,145,33,8.225245316215426e-07
p52,1000,tr,Full FD,adaptive,8.0,1e-06,initial,xbar,145,34,3.04764269506452e-07
p52,1000,tr,Full FD,adaptive,8.0,1e-06,initial,xbar,145,35,3.9667565869079096e-08
p52,1000,tr,Full FD,adaptive,8.0,1e-06,initial,xbar,145,36,2.1412336287386055e-06
p52,1000,tr,Full FD,adaptive,8.0,1e-06,initial,xbar,145,37,1.326821392263658e-07
p52,1000,tr,Full FD,adaptive,8.0,1e-06,initial,xbar,145,38,6.245198889689075e-08
p52,1000,tr,Full FD,adaptive,8.0,1e-06,initial,xbar,145,39,2.1698380963260733e-08
p52,1000,tr,Full FD,adaptive,8.0,1e-06,initial,xbar,145,40,5.459969181114847e-07
p52,1000,tr,Full FD,adaptive,8.0,1e-06,initial,xbar,145,41,4.183804085613785e-08
p52,1000,tr,Full FD,adaptive,8.0,1e-06,initial,xbar,145,42,5.90938324033169e-09
p52,1000,tr,Full FD,adaptive,8.0,1e-06,random,rand1,146,0,29.458489186676378
p52,1000,tr,Full FD,adaptive,8.0,1e-06,random,rand1,146,1,1.4759949496022964
p52,1000,tr,Full FD,adaptive,8.0,1e-06,random,rand1,146,2,2.5128853693556197
p52,1000,tr,Full FD,adaptive,8.0,1e-06,random,rand1,146,3,0.7817768828714189
p52,1000,tr,Full FD,adaptive,8.0,1e-06,random,rand1,146,4,19.690600632266406
p52,1000,tr,Full FD,adaptive,8.0,1e-06,random,rand1,146,5,3.079562894306961
p52,1000,tr,Full FD,adaptive,8.0,1e-06,random,rand1,146,6,4.64112177824879
p52,1000,tr,Full FD,adaptive,8.0,1e-06,random,rand1,146,7,3.731786540212094
p52,1000,tr,Full FD,adaptive,8.0,1e-06,random,rand1,146,8,1.1483670674675375
p52,1000,tr,Full FD,adaptive,8.0,1e-06,random,rand1,146,9,0.16523811343138856
p52,1000,tr,Full FD,adaptive,8.0,1e-06,random,rand1,146,10,0.17899527363016265
p52,1000,tr,Full FD,adaptive,8.0,1e-06,random,rand1,146,11,0.009757141617470344
p52,1000,tr,Full FD,adaptive,8.0,1e-06,random,rand1,146,12,0.01987828059186169
p52,1000,tr,Full FD,adaptive,8.0,1e-06,random,rand1,146,13,0.0017643902351065356
p52,1000,tr,Full FD,adaptive,8.0,1e-06,random,rand1,146,14,0.0008214270570069365
p52,1000,tr,Full FD,adaptive,8.0,1e-06,random,rand1,146,15,1.5362129768255592e-06
p52,1000,tr,Full FD,adaptive,8.0,1e-06,random,rand1,146,16,4.042631885230962e-08
p52,1000,tr,Full FD,adaptive,8.0,1e-06,random,rand2,147,0,12.095214104916357
p52,1000,tr,Full FD,adaptive,8.0,1e-06,random,rand2,147,1,0.18823982313355456
p52,1000,tr,Full FD,adaptive,8.0,1e-06,random,rand2,147,2,0.5001895283027133
p52,1000,tr,Full FD,adaptive,8.0,1e-06,random,rand2,147,3,0.1494760836653664
p52,1000,tr,Full FD,adaptive,8.0,1e-06,random,rand2,147,4,34.249921384046374
p52,1000,tr,Full FD,adaptive,8.0,1e-06,random,rand2,147,5,4.985889833308958
p52,1000,tr,Full FD,adaptive,8.0,1e-06,random,rand2,147,6,3.973085356308485
p52,1000,tr,Full FD,adaptive,8.0,1e-06,random,rand2,147,7,1.3663607102506052
p52,1000,tr,Full FD,adaptive,8.0,1e-06,random,rand2,147,8,0.13887198262717473
p52,1000,tr,Full FD,adaptive,8.0,1e-06,random,rand2,147,9,0.02485876286518793
p52,1000,tr,Full FD,adaptive,8.0,1e-06,random,rand2,147,10,0.014224423864856834
p52,1000,tr,Full FD,adaptive,8.0,1e-06,random,rand2,147,11,0.09777695330331418
p52,1000,tr,Full FD,adaptive,8.0,1e-06,random,rand2,147,12,0.012293268917202272
p52,1000,tr,Full FD,adaptive,8.0,1e-06,random,rand2,147,13,0.02848164626438912
p52,1000,tr,Full FD,adaptive,8.0,1e-06,random,rand2,147,14,0.001980859640740958
p52,1000,tr,Full FD,adaptive,8.0,1e-06,random,rand2,147,15,0.0010089403622578113
p52,1000,tr,Full FD,adaptive,8.0,1e-06,random,rand2,147,16,0.00014466765267264137
p52,1000,tr,Full FD,adaptive,8.0,1e-06,random,rand2,147,17,3.906078360707337e-05
p52,1000,tr,Full FD,adaptive,8.0,1e-06,random,rand2,147,18,5.2599965179155385e-05
p52,1000,tr,Full FD,adaptive,8.0,1e-06,random,rand2,147,19,4.305232876621095e-05
p52,1000,tr,Full FD,adaptive,8.0,1e-06,random,rand2,147,20,8.448664717502772e-05
p52,1000,tr,Full FD,adaptive,8.0,1e-06,random,rand2,147,21,0.00028751025501967995
p52,1000,tr,Full FD,adaptive,8.0,1e-06,random,rand2,147,22,0.000460746538505155
p52,1000,tr,Full FD,adaptive,8.0,1e-06,random,rand2,147,23,0.00028136957472497384
p52,1000,tr,Full FD,adaptive,8.0,1e-06,random,rand2,147,24,9.94509763469547e-05
p52,1000,tr,Full FD,adaptive,8.0,1e-06,random,rand2,147,25,4.6890558721894874e-05
p52,1000,tr,Full FD,adaptive,8.0,1e-06,random,rand2,147,26,0.0011757853914571926
p52,1000,tr,Full FD,adaptive,8.0,1e-06,random,rand2,147,27,0.0001944488923422406
p52,1000,tr,Full FD,adaptive,8.0,1e-06,random,rand2,147,28,0.00018007488986179784
p52,1000,tr,Full FD,adaptive,8.0,1e-06,random,rand2,147,29,2.01335791715348e-05
p52,1000,tr,Full FD,adaptive,8.0,1e-06,random,rand2,147,30,3.2161127544672817e-06
p52,1000,tr,Full FD,adaptive,8.0,1e-06,random,rand2,147,31,8.326622935603319e-07
p52,1000,tr,Full FD,adaptive,8.0,1e-06,random,rand2,147,32,1.0809276698471164e-06
p52,1000,tr,Full FD,adaptive,8.0,1e-06,random,rand2,147,33,2.6355410579260604e-05
p52,1000,tr,Full FD,adaptive,8.0,1e-06,random,rand2,147,34,4.636756825936687e-06
p52,1000,tr,Full FD,adaptive,8.0,1e-06,random,rand2,147,35,5.808565673503674e-07
p52,1000,tr,Full FD,adaptive,8.0,1e-06,random,rand2,147,36,5.467653677748767e-07
p52,1000,tr,Full FD,adaptive,8.0,1e-06,random,rand2,147,37,4.546227591709066e-07
p52,1000,tr,Full FD,adaptive,8.0,1e-06,random,rand2,147,38,2.1086677931195373e-07
p52,1000,tr,Full FD,adaptive,8.0,1e-06,random,rand2,147,39,3.86935594590481e-06
p52,1000,tr,Full FD,adaptive,8.0,1e-06,random,rand2,147,40,1.7883211187484228e-07
p52,1000,tr,Full FD,adaptive,8.0,1e-06,random,rand2,147,41,2.484256113606593e-08
p52,1000,tr,Full FD,adaptive,8.0,1e-06,random,rand2,147,42,1.6613550732634049e-06
p52,1000,tr,Full FD,adaptive,8.0,1e-06,random,rand2,147,43,5.51696256196363e-07
p52,1000,tr,Full FD,adaptive,8.0,1e-06,random,rand2,147,44,1.0377391327857404e-07
p52,1000,tr,Full FD,adaptive,8.0,1e-06,random,rand2,147,45,1.8126883402475897e-08
p52,1000,tr,Full FD,adaptive,8.0,1e-06,random,rand3,148,0,7.327162386634577
p52,1000,tr,Full FD,adaptive,8.0,1e-06,random,rand3,148,1,0.38215206685911735
p52,1000,tr,Full FD,adaptive,8.0,1e-06,random,rand3,148,2,24.848987419103302
p52,1000,tr,Full FD,adaptive,8.0,1e-06,random,rand3,148,3,10.332656441873441
p52,1000,tr,Full FD,adaptive,8.0,1e-06,random,rand3,148,4,2.9782244412982655
p52,1000,tr,Full FD,adaptive,8.0,1e-06,random,rand3,148,5,1.272014240289403
p52,1000,tr,Full FD,adaptive,8.0,1e-06,random,rand3,148,6,0.2948275397145164
p52,1000,tr,Full FD,adaptive,8.0,1e-06,random,rand3,148,7,0.12037090468524893
p52,1000,tr,Full FD,adaptive,8.0,1e-06,random,rand3,148,8,0.32125907790634295
p52,1000,tr,Full FD,adaptive,8.0,1e-06,random,rand3,148,9,0.23948355415418554
p52,1000,tr,Full FD,adaptive,8.0,1e-06,random,rand3,148,10,0.04959167671478749
p52,1000,tr,Full FD,adaptive,8.0,1e-06,random,rand3,148,11,0.015971170302680558
p52,1000,tr,Full FD,adaptive,8.0,1e-06,random,rand3,148,12,0.0058049912540354635
p52,1000,tr,Full FD,adaptive,8.0,1e-06,random,rand3,148,13,0.002536337819391145
p52,1000,tr,Full FD,adaptive,8.0,1e-06,random,rand3,148,14,0.001017787893163761
p52,1000,tr,Full FD,adaptive,8.0,1e-06,random,rand3,148,15,0.0008095804264123804
p52,1000,tr,Full FD,adaptive,8.0,1e-06,random,rand3,148,16,0.0006043993802180994
p52,1000,tr,Full FD,adaptive,8.0,1e-06,random,rand3,148,17,3.150257884023091e-06
p52,1000,tr,Full FD,adaptive,8.0,1e-06,random,rand3,148,18,3.5451257440649766e-07
p52,1000,tr,Full FD,adaptive,8.0,1e-06,random,rand4,149,0,7.188139696591167
p52,1000,tr,Full FD,adaptive,8.0,1e-06,random,rand4,149,1,0.5166237665017267
p52,1000,tr,Full FD,adaptive,8.0,1e-06,random,rand4,149,2,0.6547409544188832
p52,1000,tr,Full FD,adaptive,8.0,1e-06,random,rand4,149,3,3.6962550734044077
p52,1000,tr,Full FD,adaptive,8.0,1e-06,random,rand4,149,4,35.040125130665096
p52,1000,tr,Full FD,adaptive,8.0,1e-06,random,rand4,149,5,5.160339925642778
p52,1000,tr,Full FD,adaptive,8.0,1e-06,random,rand4,149,6,3.9722435415889583
p52,1000,tr,Full FD,adaptive,8.0,1e-06,random,rand4,149,7,1.4156325324359007
p52,1000,tr,Full FD,adaptive,8.0,1e-06,random,rand4,149,8,0.1561291111062592
p52,1000,tr,Full FD,adaptive,8.0,1e-06,random,rand4,149,9,0.11826429142830362
p52,1000,tr,Full FD,adaptive,8.0,1e-06,random,rand4,149,10,0.013859918537011073
p52,1000,tr,Full FD,adaptive,8.0,1e-06,random,rand4,149,11,0.011873240011070636
p52,1000,tr,Full FD,adaptive,8.0,1e-06,random,rand4,149,12,0.008083995413630191
p52,1000,tr,Full FD,adaptive,8.0,1e-06,random,rand4,149,13,0.010174347329300172
p52,1000,tr,Full FD,adaptive,8.0,1e-06,random,rand4,149,14,0.006362308604549871
p52,1000,tr,Full FD,adaptive,8.0,1e-06,random,rand4,149,15,0.013997301696815094
p52,1000,tr,Full FD,adaptive,8.0,1e-06,random,rand4,149,16,0.007437944655341721
p52,1000,tr,Full FD,adaptive,8.0,1e-06,random,rand4,149,17,0.008034924076662175
p52,1000,tr,Full FD,adaptive,8.0,1e-06,random,rand4,149,18,0.004544817519809966
p52,1000,tr,Full FD,adaptive,8.0,1e-06,random,rand4,149,19,0.004292628408089515
p52,1000,tr,Full FD,adaptive,8.0,1e-06,random,rand4,149,20,0.0023651450071849743
p52,1000,tr,Full FD,adaptive,8.0,1e-06,random,rand4,149,21,0.006813306591284266
p52,1000,tr,Full FD,adaptive,8.0,1e-06,random,rand4,149,22,0.007091467477818459
p52,1000,tr,Full FD,adaptive,8.0,1e-06,random,rand4,149,23,0.0033557328795456435
p52,1000,tr,Full FD,adaptive,8.0,1e-06,random,rand4,149,24,0.002464466644855021
p52,1000,tr,Full FD,adaptive,8.0,1e-06,random,rand4,149,25,0.02916430722299402
p52,1000,tr,Full FD,adaptive,8.0,1e-06,random,rand4,149,26,0.0028995629284182018
p52,1000,tr,Full FD,adaptive,8.0,1e-06,random,rand4,149,27,0.00041805302286347857
p52,1000,tr,Full FD,adaptive,8.0,1e-06,random,rand4,149,28,0.008293123294629796
p52,1000,tr,Full FD,adaptive,8.0,1e-06,random,rand4,149,29,0.0010601348664255874
p52,1000,tr,Full FD,adaptive,8.0,1e-06,random,rand4,149,30,0.003067728267677533
p52,1000,tr,Full FD,adaptive,8.0,1e-06,random,rand4,149,31,0.00022701941003574455
p52,1000,tr,Full FD,adaptive,8.0,1e-06,random,rand4,149,32,0.00018237270175337452
p52,1000,tr,Full FD,adaptive,8.0,1e-06,random,rand4,149,33,0.0001135210381057377
p52,1000,tr,Full FD,adaptive,8.0,1e-06,random,rand4,149,34,0.0002047344421640369
p52,1000,tr,Full FD,adaptive,8.0,1e-06,random,rand4,149,35,0.00011021583305687156
p52,1000,tr,Full FD,adaptive,8.0,1e-06,random,rand4,149,36,3.312281775981276e-05
p52,1000,tr,Full FD,adaptive,8.0,1e-06,random,rand4,149,37,0.0009082537307406878
p52,1000,tr,Full FD,adaptive,8.0,1e-06,random,rand4,149,38,0.00012518638032362844
p52,1000,tr,Full FD,adaptive,8.0,1e-06,random,rand4,149,39,2.9311338139040766e-05
p52,1000,tr,Full FD,adaptive,8.0,1e-06,random,rand4,149,40,2.1096849563133777e-05
p52,1000,tr,Full FD,adaptive,8.0,1e-06,random,rand4,149,41,2.2291802228372054e-05
p52,1000,tr,Full FD,adaptive,8.0,1e-06,random,rand4,149,42,1.0406007506538563e-05
p52,1000,tr,Full FD,adaptive,8.0,1e-06,random,rand4,149,43,9.80547922286954e-06
p52,1000,tr,Full FD,adaptive,8.0,1e-06,random,rand4,149,44,2.5239377678302807e-06
p52,1000,tr,Full FD,adaptive,8.0,1e-06,random,rand4,149,45,8.02235781096607e-05
p52,1000,tr,Full FD,adaptive,8.0,1e-06,random,rand4,149,46,3.2615163875983664e-06
p52,1000,tr,Full FD,adaptive,8.0,1e-06,random,rand4,149,47,2.6437015752255675e-06
p52,1000,tr,Full FD,adaptive,8.0,1e-06,random,rand4,149,48,3.053774979182395e-05
p52,1000,tr,Full FD,adaptive,8.0,1e-06,random,rand4,149,49,2.181368857659942e-06
p52,1000,tr,Full FD,adaptive,8.0,1e-06,random,rand4,149,50,1.286857882223538e-06
p52,1000,tr,Full FD,adaptive,8.0,1e-06,random,rand4,149,51,5.443469555896442e-07
p52,1000,tr,Full FD,adaptive,8.0,1e-06,random,rand4,149,52,1.1371264128510377e-06
p52,1000,tr,Full FD,adaptive,8.0,1e-06,random,rand4,149,53,5.086081951073243e-07
p52,1000,tr,Full FD,adaptive,8.0,1e-06,random,rand4,149,54,6.458523877774487e-08
p52,1000,tr,Full FD,adaptive,8.0,1e-06,random,rand4,149,55,6.0097924784249036e-06
p52,1000,tr,Full FD,adaptive,8.0,1e-06,random,rand4,149,56,9.718035140093193e-07
p52,1000,tr,Full FD,adaptive,8.0,1e-06,random,rand4,149,57,2.535890432506025e-07
p52,1000,tr,Full FD,adaptive,8.0,1e-06,random,rand4,149,58,1.7846757107070767e-06
p52,1000,tr,Full FD,adaptive,8.0,1e-06,random,rand4,149,59,6.69651558370487e-08
p52,1000,tr,Full FD,adaptive,8.0,1e-06,random,rand4,149,60,8.035114430724545e-08
p52,1000,tr,Full FD,adaptive,8.0,1e-06,random,rand4,149,61,3.998149107672873e-08
p52,1000,tr,Full FD,adaptive,8.0,1e-06,random,rand4,149,62,2.532399727054459e-08
p52,1000,tr,Full FD,adaptive,8.0,1e-06,random,rand4,149,63,6.683287760438142e-07
p52,1000,tr,Full FD,adaptive,8.0,1e-06,random,rand4,149,64,1.0604663363107557e-07
p52,1000,tr,Full FD,adaptive,8.0,1e-06,random,rand4,149,65,2.996902534205977e-08
p52,1000,tr,Full FD,adaptive,8.0,1e-06,random,rand5,150,0,1.7031886742667242
p52,1000,tr,Full FD,adaptive,8.0,1e-06,random,rand5,150,1,37.30448662612965
p52,1000,tr,Full FD,adaptive,8.0,1e-06,random,rand5,150,2,2.018803218865351
p52,1000,tr,Full FD,adaptive,8.0,1e-06,random,rand5,150,3,3.017407410444046
p52,1000,tr,Full FD,adaptive,8.0,1e-06,random,rand5,150,4,13.975173163938605
p52,1000,tr,Full FD,adaptive,8.0,1e-06,random,rand5,150,5,1.5752063648954815
p52,1000,tr,Full FD,adaptive,8.0,1e-06,random,rand5,150,6,10.644497095164033
p52,1000,tr,Full FD,adaptive,8.0,1e-06,random,rand5,150,7,2.780056323551953
p52,1000,tr,Full FD,adaptive,8.0,1e-06,random,rand5,150,8,1.641318836720025
p52,1000,tr,Full FD,adaptive,8.0,1e-06,random,rand5,150,9,0.3012823029211028
p52,1000,tr,Full FD,adaptive,8.0,1e-06,random,rand5,150,10,0.03126613358212059
p52,1000,tr,Full FD,adaptive,8.0,1e-06,random,rand5,150,11,0.061078562597922666
p52,1000,tr,Full FD,adaptive,8.0,1e-06,random,rand5,150,12,0.014547341155699028
p52,1000,tr,Full FD,adaptive,8.0,1e-06,random,rand5,150,13,0.01822741158074807
p52,1000,tr,Full FD,adaptive,8.0,1e-06,random,rand5,150,14,0.006154280593593845
p52,1000,tr,Full FD,adaptive,8.0,1e-06,random,rand5,150,15,0.03278186926395915
p52,1000,tr,Full FD,adaptive,8.0,1e-06,random,rand5,150,16,0.003303670056475293
p52,1000,tr,Full FD,adaptive,8.0,1e-06,random,rand5,150,17,0.01155874082985452
p52,1000,tr,Full FD,adaptive,8.0,1e-06,random,rand5,150,18,0.0017222811636784447
p52,1000,tr,Full FD,adaptive,8.0,1e-06,random,rand5,150,19,0.0009709030128192671
p52,1000,tr,Full FD,adaptive,8.0,1e-06,random,rand5,150,20,0.0004678241400701281
p52,1000,tr,Full FD,adaptive,8.0,1e-06,random,rand5,150,21,0.0006877253091200362
p52,1000,tr,Full FD,adaptive,8.0,1e-06,random,rand5,150,22,0.0003021399438463398
p52,1000,tr,Full FD,adaptive,8.0,1e-06,random,rand5,150,23,0.00028829296435615943
p52,1000,tr,Full FD,adaptive,8.0,1e-06,random,rand5,150,24,0.0001691800290578769
p52,1000,tr,Full FD,adaptive,8.0,1e-06,random,rand5,150,25,8.881426189295344e-05
p52,1000,tr,Full FD,adaptive,8.0,1e-06,random,rand5,150,26,5.893508209914928e-05
p52,1000,tr,Full FD,adaptive,8.0,1e-06,random,rand5,150,27,0.00022972810683777336
p52,1000,tr,Full FD,adaptive,8.0,1e-06,random,rand5,150,28,0.0010824750941751864
p52,1000,tr,Full FD,adaptive,8.0,1e-06,random,rand5,150,29,0.0002178067607350913
p52,1000,tr,Full FD,adaptive,8.0,1e-06,random,rand5,150,30,9.660274701804312e-05
p52,1000,tr,Full FD,adaptive,8.0,1e-06,random,rand5,150,31,0.0005731765840212466
p52,1000,tr,Full FD,adaptive,8.0,1e-06,random,rand5,150,32,9.921567639275067e-05
p52,1000,tr,Full FD,adaptive,8.0,1e-06,random,rand5,150,33,2.010883237583025e-05
p52,1000,tr,Full FD,adaptive,8.0,1e-06,random,rand5,150,34,7.047733131969065e-06
p52,1000,tr,Full FD,adaptive,8.0,1e-06,random,rand5,150,35,2.232259585236204e-06
p52,1000,tr,Full FD,adaptive,8.0,1e-06,random,rand5,150,36,2.551383600908766e-06
p52,1000,tr,Full FD,adaptive,8.0,1e-06,random,rand5,150,37,3.328018635587707e-05
p52,1000,tr,Full FD,adaptive,8.0,1e-06,random,rand5,150,38,2.0948459845857952e-05
p52,1000,tr,Full FD,adaptive,8.0,1e-06,random,rand5,150,39,6.042661040778013e-06
p52,1000,tr,Full FD,adaptive,8.0,1e-06,random,rand5,150,40,1.378108499168689e-06
p52,1000,tr,Full FD,adaptive,8.0,1e-06,random,rand5,150,41,4.570911198587994e-07
p52,1000,tr,Full FD,adaptive,8.0,1e-06,random,rand5,150,42,9.647465929593216e-06
p52,1000,tr,Full FD,adaptive,8.0,1e-06,random,rand5,150,43,3.9965048075113165e-06
p52,1000,tr,Full FD,adaptive,8.0,1e-06,random,rand5,150,44,8.605497491481498e-07
p52,1000,tr,Full FD,adaptive,8.0,1e-06,random,rand5,150,45,1.4644060594607937e-07
p52,1000,tr,Full FD,adaptive,8.0,1e-06,random,rand5,150,46,4.463643689650778e-08
p52,1000,tr,Full FD,adaptive,8.0,1e-06,random,rand5,150,47,3.112767362972414e-08
p52,1000,tr,Full FD,adaptive,8.0,1e-06,random,rand5,150,48,4.0725049635279446e-07
p52,1000,tr,Full FD,adaptive,8.0,1e-06,random,rand5,150,49,4.1865443780269597e-07
p52,1000,tr,Full FD,adaptive,8.0,1e-06,random,rand5,150,50,1.3775837870533334e-07
p52,1000,tr,Full FD,adaptive,8.0,1e-06,random,rand5,150,51,4.1100712043211114e-08
p52,1000,tr,Full FD,adaptive,8.0,1e-06,random,rand5,150,52,2.2903340470202775e-08
p52,1000,tr,Full FD,adaptive,8.0,1e-06,random,rand5,150,53,5.313340059659273e-09
p52,1000,tr,Full FD,adaptive,12.0,1e-06,random,rand1,152,0,1.794075259878032e-08
p52,1000,tr,Full FD,adaptive,12.0,1e-06,random,rand1,152,1,5.5127336583030475e-08
p52,1000,tr,Full FD,adaptive,12.0,1e-06,random,rand1,152,2,3.0716518770072534e-08
p52,1000,tr,Full FD,adaptive,12.0,1e-06,random,rand1,152,3,5.356434129698626e-08
p52,1000,tr,Full FD,adaptive,12.0,1e-06,random,rand1,152,4,29.458678032242826
p52,1000,tr,Full FD,adaptive,12.0,1e-06,random,rand1,152,5,8.990258847372019
p52,1000,tr,Full FD,adaptive,12.0,1e-06,random,rand1,152,6,4.747257875311667
p52,1000,tr,Full FD,adaptive,12.0,1e-06,random,rand1,152,7,3.1059864397034447e-07
p52,1000,tr,Full FD,adaptive,12.0,1e-06,random,rand1,152,8,3.373255427515877e-08
p52,1000,tr,Full FD,adaptive,12.0,1e-06,random,rand1,152,9,5.248957248373295
p52,1000,tr,Full FD,adaptive,12.0,1e-06,random,rand1,152,10,10.477647311011125
p52,1000,tr,Full FD,adaptive,12.0,1e-06,random,rand1,152,11,4.364898694217394
p52,1000,tr,Full FD,adaptive,12.0,1e-06,random,rand1,152,12,3.2170985184493093
p52,1000,tr,Full FD,adaptive,12.0,1e-06,random,rand1,152,13,6.014179373726534e-08
p52,1000,tr,Full FD,adaptive,12.0,1e-06,random,rand1,152,14,1.2627223714050553e-07
p52,1000,tr,Full FD,adaptive,12.0,1e-06,random,rand1,152,15,1.8747584417242533
p52,1000,tr,Full FD,adaptive,12.0,1e-06,random,rand1,152,16,1.112226563075686
p52,1000,tr,Full FD,adaptive,12.0,1e-06,random,rand1,152,17,1.8361255584811137e-06
p52,1000,tr,Full FD,adaptive,12.0,1e-06,random,rand1,152,18,0.5218219032093526
p52,1000,tr,Full FD,adaptive,12.0,1e-06,random,rand1,152,19,0.2259559893667132
p52,1000,tr,Full FD,adaptive,12.0,1e-06,random,rand1,152,20,4.0632224676318465e-06
p52,1000,tr,Full FD,adaptive,12.0,1e-06,random,rand1,152,21,0.1131597429177764
p52,1000,tr,Full FD,adaptive,12.0,1e-06,random,rand1,152,22,0.05909676350279454
p52,1000,tr,Full FD,adaptive,12.0,1e-06,random,rand1,152,23,1.963898041834237e-06
p52,1000,tr,Full FD,adaptive,12.0,1e-06,random,rand1,152,24,3.8683578550433046e-07
p52,1000,tr,Full FD,adaptive,12.0,1e-06,random,rand1,152,25,0.05618503854206881
p52,1000,tr,Full FD,adaptive,12.0,1e-06,random,rand1,152,26,9.013543897349325e-06
p52,1000,tr,Full FD,adaptive,12.0,1e-06,random,rand1,152,27,0.042476334645233
p52,1000,tr,Full FD,adaptive,12.0,1e-06,random,rand1,152,28,9.768935598701568e-08
p52,1000,tr,Full FD,adaptive,12.0,1e-06,random,rand1,152,29,0.0390884198305883
p52,1000,tr,Full FD,adaptive,12.0,1e-06,random,rand1,152,30,0.031176365586121534
p52,1000,tr,Full FD,adaptive,12.0,1e-06,random,rand1,152,31,5.023616015944877e-07
p52,1000,tr,Full FD,adaptive,12.0,1e-06,random,rand1,152,32,1.6685483553548224e-07
p52,1000,tr,Full FD,adaptive,12.0,1e-06,random,rand1,152,33,0.01678286690117015
p52,1000,tr,Full FD,adaptive,12.0,1e-06,random,rand1,152,34,1.6803486998472695e-07
p52,1000,tr,Full FD,adaptive,12.0,1e-06,random,rand1,152,35,0.01643016877236335
p52,1000,tr,Full FD,adaptive,12.0,1e-06,random,rand1,152,36,0.01225258052038538
p52,1000,tr,Full FD,adaptive,12.0,1e-06,random,rand1,152,37,0.011545215996412294
p52,1000,tr,Full FD,adaptive,12.0,1e-06,random,rand1,152,38,2.8932604356407826e-06
p52,1000,tr,Full FD,adaptive,12.0,1e-06,random,rand1,152,39,4.2049012915756985e-07
p52,1000,tr,Full FD,adaptive,12.0,1e-06,random,rand1,152,40,0.009074587645291612
p52,1000,tr,Full FD,adaptive,12.0,1e-06,random,rand1,152,41,1.2453632992488072e-06
p52,1000,tr,Full FD,adaptive,12.0,1e-06,random,rand1,152,42,0.008291153370406068
p52,1000,tr,Full FD,adaptive,12.0,1e-06,random,rand1,152,43,0.006794678117686911
p52,1000,tr,Full FD,adaptive,12.0,1e-06,random,rand1,152,44,0.0036408953693286674
p52,1000,tr,Full FD,adaptive,12.0,1e-06,random,rand1,152,45,0.0035040238781557658
p52,1000,tr,Full FD,adaptive,12.0,1e-06,random,rand1,152,46,0.0027034099337536715
p52,1000,tr,Full FD,adaptive,12.0,1e-06,random,rand1,152,47,0.002511952979613144
p52,1000,tr,Full FD,adaptive,12.0,1e-06,random,rand1,152,48,0.0020293767882425366
p52,1000,tr,Full FD,adaptive,12.0,1e-06,random,rand1,152,49,4.87214517405373e-07
p52,1000,tr,Full FD,adaptive,12.0,1e-06,random,rand1,152,50,8.76640883032478e-07
p52,1000,tr,Full FD,adaptive,12.0,1e-06,random,rand1,152,51,0.0010993253861651376
p52,1000,tr,Full FD,adaptive,12.0,1e-06,random,rand1,152,52,0.0010792113254402568
p52,1000,tr,Full FD,adaptive,12.0,1e-06,random,rand1,152,53,5.410667010460086e-07
p52,1000,tr,Full FD,adaptive,12.0,1e-06,random,rand1,152,54,7.841810926854234e-06
p52,1000,tr,Full FD,adaptive,12.0,1e-06,random,rand1,152,55,0.0008043487283762837
p52,1000,tr,Full FD,adaptive,12.0,1e-06,random,rand1,152,56,0.0007610934171589879
p52,1000,tr,Full FD,adaptive,12.0,1e-06,random,rand1,152,57,1.0188039693590143e-06
p52,1000,tr,Full FD,adaptive,12.0,1e-06,random,rand1,152,58,0.0006019316015188461
p52,1000,tr,Full FD,adaptive,12.0,1e-06,random,rand1,152,59,1.2344494435964242e-07
p52,1000,tr,Full FD,adaptive,12.0,1e-06,random,rand1,152,60,2.663860742814126e-07
p52,1000,tr,Full FD,adaptive,12.0,1e-06,random,rand1,152,61,2.1330580493668052e-06
p52,1000,tr,Full FD,adaptive,12.0,1e-06,random,rand1,152,62,0.0005466066031048695
p52,1000,tr,Full FD,adaptive,12.0,1e-06,random,rand1,152,63,0.0004501520134451338
p52,1000,tr,Full FD,adaptive,12.0,1e-06,random,rand1,152,64,2.532176069383932e-07
p52,1000,tr,Full FD,adaptive,12.0,1e-06,random,rand1,152,65,1.2262482053071982e-06
p52,1000,tr,Full FD,adaptive,12.0,1e-06,random,rand1,152,66,0.00024027124351949538
p52,1000,tr,Full FD,adaptive,12.0,1e-06,random,rand1,152,67,0.00023179749230581008
p52,1000,tr,Full FD,adaptive,12.0,1e-06,random,rand1,152,68,5.516141411394859e-07
p52,1000,tr,Full FD,adaptive,12.0,1e-06,random,rand1,152,69,1.394560252409555e-06
p52,1000,tr,Full FD,adaptive,12.0,1e-06,random,rand1,152,70,0.00017711230634051827
p52,1000,tr,Full FD,adaptive,12.0,1e-06,random,rand1,152,71,0.00016520109819401145
p52,1000,tr,Full FD,adaptive,12.0,1e-06,random,rand1,152,72,8.378358622993566e-07
p52,1000,tr,Full FD,adaptive,12.0,1e-06,random,rand1,152,73,0.00013260330145448924
p52,1000,tr,Full FD,adaptive,12.0,1e-06,random,rand1,152,74,2.176346771508495e-07
p52,1000,tr,Full FD,adaptive,12.0,1e-06,random,rand1,152,75,7.195184458146201e-05
p52,1000,tr,Full FD,adaptive,12.0,1e-06,random,rand1,152,76,7.086557050185376e-05
p52,1000,tr,Full FD,adaptive,12.0,1e-06,random,rand1,152,77,1.6109785526249503e-06
p52,1000,tr,Full FD,adaptive,12.0,1e-06,random,rand1,152,78,5.147979748137636e-05
p52,1000,tr,Full FD,adaptive,12.0,1e-06,random,rand1,152,79,6.88888841471446e-06
p52,1000,tr,Full FD,adaptive,12.0,1e-06,random,rand1,152,80,3.745666732270198e-05
p52,1000,tr,Full FD,adaptive,12.0,1e-06,random,rand1,152,81,2.6553387008013426e-05
p52,1000,tr,Full FD,adaptive,12.0,1e-06,random,rand1,152,82,2.6200836591768408e-05
p52,1000,tr,Full FD,adaptive,12.0,1e-06,random,rand1,152,83,1.5571060410870896e-05
p52,1000,tr,Full FD,adaptive,12.0,1e-06,random,rand1,152,84,2.0423722626845194e-05
p52,1000,tr,Full FD,adaptive,12.0,1e-06,random,rand1,152,85,8.777792915402104e-07
p52,1000,tr,Full FD,adaptive,12.0,1e-06,random,rand1,152,86,1.7221350863479963e-06
p52,1000,tr,Full FD,adaptive,12.0,1e-06,random,rand1,152,87,3.530901814407252e-07
p52,1000,tr,Full FD,adaptive,12.0,1e-06,random,rand1,152,88,2.4626785571956057e-07
p52,1000,tr,Full FD,adaptive,12.0,1e-06,random,rand1,152,89,7.388753861215354e-06
p52,1000,tr,Full FD,adaptive,12.0,1e-06,random,rand1,152,90,6.62356181455432e-06
p52,1000,tr,Full FD,adaptive,12.0,1e-06,random,rand1,152,91,4.741526086291607e-06
p52,1000,tr,Full FD,adaptive,12.0,1e-06,random,rand1,152,92,4.750333132566838e-06
p52,1000,tr,Full FD,adaptive,12.0,1e-06,random,rand1,152,93,1.4220111770334575e-06
p52,1000,tr,Full FD,adaptive,12.0,1e-06,random,rand1,152,94,2.4350813711404055e-06
p52,1000,tr,Full FD,adaptive,12.0,1e-06,random,rand1,152,95,2.7563153889147313e-06
p52,1000,tr,Full FD,adaptive,12.0,1e-06,random,rand1,152,96,2.1028282591308417e-06
p52,1000,tr,Full FD,adaptive,12.0,1e-06,random,rand1,152,97,1.2524685235097984e-06
p52,1000,tr,Full FD,adaptive,12.0,1e-06,random,rand1,152,98,1.8862997081153939e-06
p52,1000,tr,Full FD,adaptive,12.0,1e-06,random,rand1,152,99,1.3899136023268368e-06
p52,1000,tr,Full FD,adaptive,12.0,1e-06,random,rand1,152,100,1.0760964732794935e-06
p52,1000,tr,Full FD,adaptive,12.0,1e-06,random,rand1,152,101,3.255133698117361e-07
p52,1000,tr,Full FD,adaptive,12.0,1e-06,random,rand1,152,102,2.6516638380045637e-06
p52,1000,tr,Full FD,adaptive,12.0,1e-06,random,rand1,152,103,3.824019970286147e-07
p52,1000,tr,Full FD,adaptive,12.0,1e-06,random,rand1,152,104,3.139355843621955e-07
p52,1000,tr,Full FD,adaptive,12.0,1e-06,random,rand1,152,105,1.1984539437951515e-07
p52,1000,tr,Full FD,adaptive,12.0,1e-06,random,rand1,152,106,1.0087989411759376e-07
p52,1000,tr,Full FD,adaptive,12.0,1e-06,random,rand1,152,107,5.074710468187551e-09
p52,1000,tr,Full FD,adaptive,12.0,1e-06,random,rand3,154,0,30.046827543040738
p52,1000,tr,Full FD,adaptive,12.0,1e-06,random,rand3,154,1,6.069414604428021
p52,1000,tr,Full FD,adaptive,12.0,1e-06,random,rand3,154,2,1.589172736671876e-06
p52,1000,tr,Full FD,adaptive,12.0,1e-06,random,rand3,154,3,1.4169530928790802e-07
p52,1000,tr,Full FD,adaptive,12.0,1e-06,random,rand3,154,4,14.082695273303564
p52,1000,tr,Full FD,adaptive,12.0,1e-06,random,rand3,154,5,3.8853656309727347
p52,1000,tr,Full FD,adaptive,12.0,1e-06,random,rand3,154,6,11.355810440387346
p52,1000,tr,Full FD,adaptive,12.0,1e-06,random,rand3,154,7,6.057451974482819
p52,1000,tr,Full FD,adaptive,12.0,1e-06,random,rand3,154,8,1.0114166339177888e-08
p52,1000,tr,Full FD,adaptive,12.0,1e-06,random,rand3,154,9,6.0091721379788676e-09
p52,1000,tr,Full FD,adaptive,12.0,1e-06,random,rand3,154,10,2.5944867025941163e-06
p52,1000,tr,Full FD,adaptive,12.0,1e-06,random,rand3,154,11,2.2543670781906488e-07
p52,1000,tr,Full FD,adaptive,12.0,1e-06,random,rand3,154,12,3.342910812326617
p52,1000,tr,Full FD,adaptive,12.0,1e-06,random,rand3,154,13,3.52757331221696e-08
p52,1000,tr,Full FD,adaptive,12.0,1e-06,random,rand3,154,14,1.8381299752436941
p52,1000,tr,Full FD,adaptive,12.0,1e-06,random,rand3,154,15,1.2010546853584787
p52,1000,tr,Full FD,adaptive,12.0,1e-06,random,rand3,154,16,0.5780552947735739
p52,1000,tr,Full FD,adaptive,12.0,1e-06,random,rand3,154,17,4.696853243682057e-07
p52,1000,tr,Full FD,adaptive,12.0,1e-06,random,rand3,154,18,0.2577979025845938
p52,1000,tr,Full FD,adaptive,12.0,1e-06,random,rand3,154,19,0.2352277221951061
p52,1000,tr,Full FD,adaptive,12.0,1e-06,random,rand3,154,20,0.19988529300255065
p52,1000,tr,Full FD,adaptive,12.0,1e-06,random,rand3,154,21,0.19768810241829846
p52,1000,tr,Full FD,adaptive,12.0,1e-06,random,rand3,154,22,0.14890233024349903
p52,1000,tr,Full FD,adaptive,12.0,1e-06,random,rand3,154,23,0.07844323046251608
p52,1000,tr,Full FD,adaptive,12.0,1e-06,random,rand3,154,24,6.028621040874293e-07
p52,1000,tr,Full FD,adaptive,12.0,1e-06,random,rand3,154,25,0.04031954494778742
p52,1000,tr,Full FD,adaptive,12.0,1e-06,random,rand3,154,26,9.717390412159424e-06
p52,1000,tr,Full FD,adaptive,12.0,1e-06,random,rand3,154,27,2.0231704866790285e-06
p52,1000,tr,Full FD,adaptive,12.0,1e-06,random,rand3,154,28,0.020077188732089662
p52,1000,tr,Full FD,adaptive,12.0,1e-06,random,rand3,154,29,6.537660652380636e-07
p52,1000,tr,Full FD,adaptive,12.0,1e-06,random,rand3,154,30,1.6292202238914308e-06
p52,1000,tr,Full FD,adaptive,12.0,1e-06,random,rand3,154,31,2.3304671720095744e-07
p52,1000,tr,Full FD,adaptive,12.0,1e-06,random,rand3,154,32,0.009886073562188057
p52,1000,tr,Full FD,adaptive,12.0,1e-06,random,rand3,154,33,0.004945936259509535
p52,1000,tr,Full FD,adaptive,12.0,1e-06,random,rand3,154,34,2.194498954538396e-07
p52,1000,tr,Full FD,adaptive,12.0,1e-06,random,rand3,154,35,0.0025888953404820327
p52,1000,tr,Full FD,adaptive,12.0,1e-06,random,rand3,154,36,1.029752712500418e-07
p52,1000,tr,Full FD,adaptive,12.0,1e-06,random,rand3,154,37,0.0024656201244851444
p52,1000,tr,Full FD,adaptive,12.0,1e-06,random,rand3,154,38,6.473877381072445e-07
p52,1000,tr,Full FD,adaptive,12.0,1e-06,random,rand3,154,39,5.212088957038796e-07
p52,1000,tr,Full FD,adaptive,12.0,1e-06,random,rand3,154,40,0.0018386563685112683
p52,1000,tr,Full FD,adaptive,12.0,1e-06,random,rand3,154,41,0.0017225342688913714
p52,1000,tr,Full FD,adaptive,12.0,1e-06,random,rand3,154,42,1.1895865261497245e-05
p52,1000,tr,Full FD,adaptive,12.0,1e-06,random,rand3,154,43,0.00135864717070705
p52,1000,tr,Full FD,adaptive,12.0,1e-06,random,rand3,154,44,4.7186457826999713e-07
p52,1000,tr,Full FD,adaptive,12.0,1e-06,random,rand3,154,45,0.0007422654938189361
p52,1000,tr,Full FD,adaptive,12.0,1e-06,random,rand3,154,46,0.0007392336263981009
p52,1000,tr,Full FD,adaptive,12.0,1e-06,random,rand3,154,47,0.000547430537625098
p52,1000,tr,Full FD,adaptive,12.0,1e-06,random,rand3,154,48,0.0005230195892219523
p52,1000,tr,Full FD,adaptive,12.0,1e-06,random,rand3,154,49,6.044940737836874e-07
p52,1000,tr,Full FD,adaptive,12.0,1e-06,random,rand3,154,50,0.0004080896487490004
p52,1000,tr,Full FD,adaptive,12.0,1e-06,random,rand3,154,51,0.00037705953532008867
p52,1000,tr,Full FD,adaptive,12.0,1e-06,random,rand3,154,52,1.485295828028454e-06
p52,1000,tr,Full FD,adaptive,12.0,1e-06,random,rand3,154,53,0.0003056581674131315
p52,1000,tr,Full FD,adaptive,12.0,1e-06,random,rand3,154,54,2.6029639337279764e-06
p52,1000,tr,Full FD,adaptive,12.0,1e-06,random,rand3,154,55,0.00016196263518692628
p52,1000,tr,Full FD,adaptive,12.0,1e-06,random,rand3,154,56,7.516692947067467e-08
p52,1000,tr,Full FD,adaptive,12.0,1e-06,random,rand3,154,57,1.9894832193625724e-07
p52,1000,tr,Full FD,adaptive,12.0,1e-06,random,rand3,154,58,0.00015787178936966097
p52,1000,tr,Full FD,adaptive,12.0,1e-06,random,rand3,154,59,0.00012005973843780443
p52,1000,tr,Full FD,adaptive,12.0,1e-06,random,rand3,154,60,0.00011298698875152876
p52,1000,tr,Full FD,adaptive,12.0,1e-06,random,rand3,154,61,5.689050144306853e-07
p52,1000,tr,Full FD,adaptive,12.0,1e-06,random,rand3,154,62,1.6799477549192603e-05
p52,1000,tr,Full FD,adaptive,12.0,1e-06,random,rand3,154,63,6.661420976548093e-05
p52,1000,tr,Full FD,adaptive,12.0,1e-06,random,rand3,154,64,5.930199353068191e-07
p52,1000,tr,Full FD,adaptive,12.0,1e-06,random,rand3,154,65,1.2012839568380952e-07
p52,1000,tr,Full FD,adaptive,12.0,1e-06,random,rand3,154,66,2.460116029750635e-07
p52,1000,tr,Full FD,adaptive,12.0,1e-06,random,rand3,154,67,6.21069957854544e-05
p52,1000,tr,Full FD,adaptive,12.0,1e-06,random,rand3,154,68,1.7516522869020755e-06
p52,1000,tr,Full FD,adaptive,12.0,1e-06,random,rand3,154,69,3.334032697524257e-07
p52,1000,tr,Full FD,adaptive,12.0,1e-06,random,rand3,154,70,1.2675110794309056e-06
p52,1000,tr,Full FD,adaptive,12.0,1e-06,random,rand3,154,71,4.372260384019782e-05
p52,1000,tr,Full FD,adaptive,12.0,1e-06,random,rand3,154,72,4.12857055005115e-05
p52,1000,tr,Full FD,adaptive,12.0,1e-06,random,rand3,154,73,2.3683953884889128e-06
p52,1000,tr,Full FD,adaptive,12.0,1e-06,random,rand3,154,74,4.0985998859094274e-06
p52,1000,tr,Full FD,adaptive,12.0,1e-06,random,rand3,154,75,2.4148102487608965e-05
p52,1000,tr,Full FD,adaptive,12.0,1e-06,random,rand3,154,76,2.3216412195668883e-05
p52,1000,tr,Full FD,adaptive,12.0,1e-06,random,rand3,154,77,1.3267714944113851e-06
p52,1000,tr,Full FD,adaptive,12.0,1e-06,random,rand3,154,78,1.6303130661620178e-05
p52,1000,tr,Full FD,adaptive,12.0,1e-06,random,rand3,154,79,1.537969083179174e-05
p52,1000,tr,Full FD,adaptive,12.0,1e-06,random,rand3,154,80,1.0711361882592183e-06
p52,1000,tr,Full FD,adaptive,12.0,1e-06,random,rand3,154,81,1.0808597020181316e-05
p52,1000,tr,Full FD,adaptive,12.0,1e-06,random,rand3,154,82,3.4904439642094106e-06
p52,1000,tr,Full FD,adaptive,12.0,1e-06,random,rand3,154,83,2.2334619221882313e-05
p52,1000,tr,Full FD,adaptive,12.0,1e-06,random,rand3,154,84,8.397143288082908e-06
p52,1000,tr,Full FD,adaptive,12.0,1e-06,random,rand3,154,85,1.7343198466461587e-06
p52,1000,tr,Full FD,adaptive,12.0,1e-06,random,rand3,154,86,1.5447055745675414e-06
p52,1000,tr,Full FD,adaptive,12.0,1e-06,random,rand3,154,87,9.432281539831002e-07
p52,1000,tr,Full FD,adaptive,12.0,1e-06,random,rand3,154,88,8.379533392595398e-07
p52,1000,tr,Full FD,adaptive,12.0,1e-06,random,rand3,154,89,5.742303130609923e-07
p52,1000,tr,Full FD,adaptive,12.0,1e-06,random,rand3,154,90,1.2622360305412217e-06
p52,1000,tr,Full FD,adaptive,12.0,1e-06,random,rand3,154,91,4.2632739476460357e-07
p52,1000,tr,Full FD,adaptive,12.0,1e-06,random,rand3,154,92,3.3044454476467945e-08
p52,1000,tr,Full FD,adaptive,12.0,1e-06,random,rand3,154,93,1.7049816368506204e-07
p52,1000,tr,Full FD,adaptive,12.0,1e-06,random,rand3,154,94,2.105538316687963e-07
p52,1000,tr,Full FD,adaptive,12.0,1e-06,random,rand3,154,95,1.0348271377049655e-08
p31,2,nm,Exact,,,1e-06,initial,xbar,1,0,0.470900901634593
p31,2,nm,Exact,,,1e-06,initial,xbar,1,1,0.26271676416667045
p31,2,nm,Exact,,,1e-06,initial,xbar,1,2,0.0978168253821347
p31,2,nm,Exact,,,1e-06,initial,xbar,1,3,0.011610231468507351
p31,2,nm,Exact,,,1e-06,initial,xbar,1,4,0.006240883446716302
p31,2,nm,Exact,,,1e-06,initial,xbar,1,5,0.0007238097157866849
p31,2,nm,Exact,,,1e-06,initial,xbar,1,6,0.0002928001033561358
p31,2,nm,Exact,,,1e-06,initial,xbar,1,7,4.6534560274093625e-05
p31,2,nm,Exact,,,1e-06,initial,xbar,1,8,1.301492530698928e-05
p31,2,nm,Exact,,,1e-06,initial,xbar,1,9,2.837482346838343e-06
p31,2,nm,Exact,,,1e-06,initial,xbar,1,10,5.472208587273022e-07
p31,2,nm,Exact,,,1e-06,initial,xbar,1,11,1.633836078930924e-07
p31,2,tr,Exact,,,1e-06,initial,xbar,1,0,0.42137255107187643
p31,2,tr,Exact,,,1e-06,initial,xbar,1,1,0.24689860839925046
p31,2,tr,Exact,,,1e-06,initial,xbar,1,2,0.16531732989792142
p31,2,tr,Exact,,,1e-06,initial,xbar,1,3,0.057418443658960754
p31,2,tr,Exact,,,1e-06,initial,xbar,1,4,0.00550541306888447
p31,2,tr,Exact,,,1e-06,initial,xbar,1,5,0.0020827701589425395
p31,2,tr,Exact,,,1e-06,initial,xbar,1,6,0.0002144835423051771
p31,2,tr,Exact,,,1e-06,initial,xbar,1,7,9.91047196853794e-05
p31,2,tr,Exact,,,1e-06,initial,xbar,1,8,1.3962530923627973e-05
p31,2,tr,Exact,,,1e-06,initial,xbar,1,9,4.493734785133478e-06
p31,2,tr,Exact,,,1e-06,initial,xbar,1,10,8.703486801909458e-07
p31,2,tr,Exact,,,1e-06,initial,xbar,1,11,1.931145566637091e-07
p31,2,nm,Exact,,,1e-06,random,rand1,2,0,0.7043527433898031
p31,2,nm,Exact,,,1e-06,random,rand1,2,1,0.39059435958206523
p31,2,nm,Exact,,,1e-06,random,rand1,2,2,0.1515308671253405
p31,2,nm,Exact,,,1e-06,random,rand1,2,3,0.038623386359907974
p31,2,nm,Exact,,,1e-06,random,rand1,2,4,0.0156913129416401
p31,2,nm,Exact,,,1e-06,random,rand1,2,5,0.001829782327211395
p31,2,nm,Exact,,,1e-06,random,rand1,2,6,0.0008159507194399484
p31,2,nm,Exact,,,1e-06,random,rand1,2,7,7.254089968859219e-05
p31,2,nm,Exact,,,1e-06,random,rand1,2,8,4.214437916045436e-05
p31,2,nm,Exact,,,1e-06,random,rand1,2,9,3.605458878106757e-06
p31,2,nm,Exact,,,1e-06,random,rand1,2,10,2.080041734596566e-06
p31,2,nm,Exact,,,1e-06,random,rand1,2,11,2.261811940260205e-07
p31,2,nm,Exact,,,1e-06,random,rand1,2,12,9.81376565913146e-08
p31,2,tr,Exact,,,1e-06,random,rand1,2,0,0.5631275463740221
p31,2,tr,Exact,,,1e-06,random,rand1,2,1,0.37727354410065383
p31,2,tr,Exact,,,1e-06,random,rand1,2,2,0.20610806053128866
p31,2,tr,Exact,,,1e-06,random,rand1,2,3,0.10056291410891174
p31,2,tr,Exact,,,1e-06,random,rand1,2,4,0.06991402987900688
p31,2,tr,Exact,,,1e-06,random,rand1,2,5,0.016969489659773504
p31,2,tr,Exact,,,1e-06,random,rand1,2,6,0.0017109983263831868
p31,2,tr,Exact,,,1e-06,random,rand1,2,7,0.002306381036577258
p31,2,tr,Exact,,,1e-06,random,rand1,2,8,0.0001914677327668098
p31,2,tr,Exact,,,1e-06,random,rand1,2,9,0.00011896163058699019
p31,2,tr,Exact,,,1e-06,random,rand1,2,10,1.1388521025066046e-05
p31,2,tr,Exact,,,1e-06,random,rand1,2,11,5.729158772905071e-06
p31,2,tr,Exact,,,1e-06,random,rand1,2,12,7.413933750290041e-07
p31,2,tr,Exact,,,1e-06,random,rand1,2,13,2.6326360740984674e-07
p31,2,nm,Exact,,,1e-06,random,rand2,3,0,0.4167317584346049
p31,2,nm,Exact,,,1e-06,random,rand2,3,1,0.17340377454882228
p31,2,nm,Exact,,,1e-06,random,rand2,3,2,0.046035438793967765
p31,2,nm,Exact,,,1e-06,random,rand2,3,3,0.017450784651207904
p31,2,nm,Exact,,,1e-06,random,rand2,3,4,0.0022986496868147356
p31,2,nm,Exact,,,1e-06,random,rand2,3,5,0.0009149953214451877
p31,2,nm,Exact,,,1e-06,random,rand2,3,6,8.871261013040563e-05
p31,2,nm,Exact,,,1e-06,random,rand2,3,7,4.802391340491565e-05
p31,2,nm,Exact,,,1e-06,random,rand2,3,8,3.999122336465105e-06
p31,2,nm,Exact,,,1e-06,random,rand2,3,9,2.406852660753911e-06
p31,2,nm,Exact,,,1e-06,random,rand2,3,10,2.364615612803247e-07
p31,2,nm,Exact,,,1e-06,random,rand2,3,11,1.1539737157089184e-07
p31,2,tr,Exact,,,1e-06,random,rand2,3,0,0.3958415229745818
p31,2,tr,Exact,,,1e-06,random,rand2,3,1,0.13352815513380725
p31,2,tr,Exact,,,1e-06,random,rand2,3,2,0.0722733161154192
p31,2,tr,Exact,,,1e-06,random,rand2,3,3,0.0058374876318742054
p31,2,tr,Exact,,,1e-06,random,rand2,3,4,0.0028314879851429366
p31,2,tr,Exact,,,1e-06,random,rand2,3,5,0.00044043489715613727
p31,2,tr,Exact,,,1e-06,random,rand2,3,6,0.000125742651936464
p31,2,tr,Exact,,,1e-06,random,rand2,3,7,2.6976876435959473e-05
p31,2,tr,Exact,,,1e-06,random,rand2,3,8,5.305053743344149e-06
p31,2,tr,Exact,,,1e-06,random,rand2,3,9,1.5576565404141742e-06
p31,2,tr,Exact,,,1e-06,random,rand2,3,10,2.1127101182364986e-07
p31,2,nm,Exact,,,1e-06,random,rand3,4,0,0.6407030963083822
p31,2,nm,Exact,,,1e-06,random,rand3,4,1,0.19545248338837573
p31,2,nm,Exact,,,1e-06,random,rand3,4,2,0.12102242108782009
p31,2,nm,Exact,,,1e-06,random,rand3,4,3,0.030107515895494076
p31,2,nm,Exact,,,1e-06,random,rand3,4,4,0.0041891207179727465
p31,2,nm,Exact,,,1e-06,random,rand3,4,5,0.0018200903972250527
p31,2,nm,Exact,,,1e-06,random,rand3,4,6,0.00016840883743364358
p31,2,nm,Exact,,,1e-06,random,rand3,4,7,9.433678581923097e-05
p31,2,nm,Exact,,,1e-06,random,rand3,4,8,7.911286603283447e-06
p31,2,nm,Exact,,,1e-06,random,rand3,4,9,4.69667689095577e-06
p31,2,nm,Exact,,,1e-06,random,rand3,4,10,4.819942307040777e-07
p31,2,nm,Exact,,,1e-06,random,rand3,4,11,2.2359518621043226e-07
p31,2,tr,Exact,,,1e-06,random,rand3,4,0,0.33401857128727125
p31,2,tr,Exact,,,1e-06,random,rand3,4,1,0.11527815058956564
p31,2,tr,Exact,,,1e-06,random,rand3,4,2,0.21341868303217487
p31,2,tr,Exact,,,1e-06,random,rand3,4,3,0.04946854952044206
p31,2,tr,Exact,,,1e-06,random,rand3,4,4,0.012799909117842349
p31,2,tr,Exact,,,1e-06,random,rand3,4,5,0.0012451722790915865
p31,2,tr,Exact,,,1e-06,random,rand3,4,6,0.001623077481635158
p31,2,tr,Exact,,,1e-06,random,rand3,4,7,0.00013474605435382766
p31,2,tr,Exact,,,1e-06,random,rand3,4,8,7.801146046383012e-05
p31,2,tr,Exact,,,1e-06,random,rand3,4,9,7.561248692519417e-06
p31,2,tr,Exact,,,1e-06,random,rand3,4,10,3.7489223578697914e-06
p31,2,tr,Exact,,,1e-06,random,rand3,4,11,4.92561526374933e-07
p31,2,tr,Exact,,,1e-06,random,rand3,4,12,1.7186751777219413e-07
p31,2,nm,Exact,,,1e-06,random,rand4,5,0,0.6610146034970651
p31,2,nm,Exact,,,1e-06,random,rand4,5,1,0.36432551366306376
p31,2,nm,Exact,,,1e-06,random,rand4,5,2,0.13263876529906016
p31,2,nm,Exact,,,1e-06,random,rand4,5,3,0.04375558875186916
p31,2,nm,Exact,,,1e-06,random,rand4,5,4,0.010396414873382031
p31,2,nm,Exact,,,1e-06,random,rand4,5,5,0.0022244313230938696
p31,2,nm,Exact,,,1e-06,random,rand4,5,6,0.0005884933091136322
p31,2,nm,Exact,,,1e-06,random,rand4,5,7,8.92397961924481e-05
p31,2,nm,Exact,,,1e-06,random,rand4,5,8,3.282023673026323e-05
p31,2,nm,Exact,,,1e-06,random,rand4,5,9,3.4739958903167325e-06
p31,2,nm,Exact,,,1e-06,random,rand4,5,10,1.7417761364696387e-06
p31,2,nm,Exact,,,1e-06,random,rand4,5,11,1.465940159239516e-07
p31,2,tr,Exact,,,1e-06,random,rand4,5,0,0.6596660033358799
p31,2,tr,Exact,,,1e-06,random,rand4,5,1,0.3385062127052104
p31,2,tr,Exact,,,1e-06,random,rand4,5,2,0.1010521353646345
p31,2,tr,Exact,,,1e-06,random,rand4,5,3,0.062121697052956386
p31,2,tr,Exact,,,1e-06,random,rand4,5,4,0.006685760434946654
p31,2,tr,Exact,,,1e-06,random,rand4,5,5,0.003582079064701138
p31,2,tr,Exact,,,1e-06,random,rand4,5,6,0.0005874533683419319
p31,2,tr,Exact,,,1e-06,random,rand4,5,7,0.00015732749676986086
p31,2,tr,Exact,,,1e-06,random,rand4,5,8,3.563656187549055e-05
p31,2,tr,Exact,,,1e-06,random,rand4,5,9,6.571278351288278e-06
p31,2,tr,Exact,,,1e-06,random,rand4,5,10,2.038496190955424e-06
p31,2,tr,Exact,,,1e-06,random,rand4,5,11,2.5953353249729923e-07
p31,2,tr,Exact,,,1e-06,random,rand4,5,12,1.1089426205522226e-07
p31,2,nm,Exact,,,1e-06,random,rand5,6,0,0.5608727056243333
p31,2,nm,Exact,,,1e-06,random,rand5,6,1,0.3860169033355279
p31,2,nm,Exact,,,1e-06,random,rand5,6,2,0.20892262462629074
p31,2,nm,Exact,,,1e-06,random,rand5,6,3,0.06799001190459183
p31,2,nm,Exact,,,1e-06,random,rand5,6,4,0.007189308302133525
p31,2,nm,Exact,,,1e-06,random,rand5,6,5,0.004263441910112171
p31,2,nm,Exact,,,1e-06,random,rand5,6,6,0.0003790102273622725
p31,2,nm,Exact,,,1e-06,random,rand5,6,7,0.00020767448888215967
p31,2,nm,Exact,,,1e-06,random,rand5,6,8,2.4377653521206732e-05
p31,2,nm,Exact,,,1e-06,random,rand5,6,9,9.684074924253768e-06
p31,2,nm,Exact,,,1e-06,random,rand5,6,10,1.5658516938049664e-06
p31,2,nm,Exact,,,1e-06,random,rand5,6,11,4.294759968368733e-07
p31,2,nm,Exact,,,1e-06,random,rand5,6,12,9.516911977968809e-08
p31,2,tr,Exact,,,1e-06,random,rand5,6,0,0.5057937608468802
p31,2,tr,Exact,,,1e-06,random,rand5,6,1,0.47575012933228045
p31,2,tr,Exact,,,1e-06,random,rand5,6,2,0.26317301481425714
p31,2,tr,Exact,,,1e-06,random,rand5,6,3,0.0522181975422496
p31,2,tr,Exact,,,1e-06,random,rand5,6,4,0.03295372890502098
p31,2,tr,Exact,,,1e-06,random,rand5,6,5,0.006155679652258085
p31,2,tr,Exact,,,1e-06,random,rand5,6,6,0.0013343426210755168
p31,2,tr,Exact,,,1e-06,random,rand5,6,7,0.0003681213503310264
p31,2,tr,Exact,,,1e-06,random,rand5,6,8,5.406386467816262e-05
p31,2,tr,Exact,,,1e-06,random,rand5,6,9,2.0385983239588607e-05
p31,2,tr,Exact,,,1e-06,random,rand5,6,10,2.102915484239774e-06
p31,2,tr,Exact,,,1e-06,random,rand5,6,11,1.0780796430744926e-06
p31,2,tr,Exact,,,1e-06,random,rand5,6,12,8.995984479321725e-08
p31,2,nm,Mixed FD,scalar,4.0,1e-06,initial,xbar,7,0,0.48045689726033264
p31,2,nm,Mixed FD,scalar,4.0,1e-06,initial,xbar,7,1,0.265457823365061
p31,2,nm,Mixed FD,scalar,4.0,1e-06,initial,xbar,7,2,0.0939757099886989
p31,2,nm,Mixed FD,scalar,4.0,1e-06,initial,xbar,7,3,0.014580613989004532
p31,2,nm,Mixed FD,scalar,4.0,1e-06,initial,xbar,7,4,0.006472998785229549
p31,2,nm,Mixed FD,scalar,4.0,1e-06,initial,xbar,7,5,0.000820579670951181
p31,2,nm,Mixed FD,scalar,4.0,1e-06,initial,xbar,7,6,0.00038059363585242744
p31,2,nm,Mixed FD,scalar,4.0,1e-06,initial,xbar,7,7,4.8324344879078305e-05
p31,2,nm,Mixed FD,scalar,4.0,1e-06,initial,xbar,7,8,2.23564119991037e-05
p31,2,nm,Mixed FD,scalar,4.0,1e-06,initial,xbar,7,9,2.8400954404091805e-06
p31,2,nm,Mixed FD,scalar,4.0,1e-06,initial,xbar,7,10,1.3132361053959983e-06
p31,2,nm,Mixed FD,scalar,4.0,1e-06,initial,xbar,7,11,1.6693759026941876e-07
p31,2,tr,Mixed FD,scalar,4.0,1e-06,initial,xbar,7,0,0.43517936659856193
p31,2,tr,Mixed FD,scalar,4.0,1e-06,initial,xbar,7,1,0.23213713115347975
p31,2,tr,Mixed FD,scalar,4.0,1e-06,initial,xbar,7,2,0.17734226881214998
p31,2,tr,Mixed FD,scalar,4.0,1e-06,initial,xbar,7,3,0.05559273419543743
p31,2,tr,Mixed FD,scalar,4.0,1e-06,initial,xbar,7,4,0.007702505772438447
p31,2,tr,Mixed FD,scalar,4.0,1e-06,initial,xbar,7,5,0.0060626846447201605
p31,2,tr,Mixed FD,scalar,4.0,1e-06,initial,xbar,7,6,0.0007469814842421691
p31,2,tr,Mixed FD,scalar,4.0,1e-06,initial,xbar,7,7,0.00045135530423656586
p31,2,tr,Mixed FD,scalar,4.0,1e-06,initial,xbar,7,8,5.558821612792541e-05
p31,2,tr,Mixed FD,scalar,4.0,1e-06,initial,xbar,7,9,2.8294718444932497e-05
p31,2,tr,Mixed FD,scalar,4.0,1e-06,initial,xbar,7,10,3.4843415036912925e-06
p31,2,tr,Mixed FD,scalar,4.0,1e-06,initial,xbar,7,11,1.6985705263730313e-06
p31,2,tr,Mixed FD,scalar,4.0,1e-06,initial,xbar,7,12,2.091682446951148e-07
p31,2,nm,Mixed FD,scalar,4.0,1e-06,random,rand1,8,0,0.6848751339775205
p31,2,nm,Mixed FD,scalar,4.0,1e-06,random,rand1,8,1,0.3829876267182799
p31,2,nm,Mixed FD,scalar,4.0,1e-06,random,rand1,8,2,0.15593671943978657
p31,2,nm,Mixed FD,scalar,4.0,1e-06,random,rand1,8,3,0.0333393817509072
p31,2,nm,Mixed FD,scalar,4.0,1e-06,random,rand1,8,4,0.012754440760918535
p31,2,nm,Mixed FD,scalar,4.0,1e-06,random,rand1,8,5,0.0018969196456226898
p31,2,nm,Mixed FD,scalar,4.0,1e-06,random,rand1,8,6,0.0007447098292247359
p31,2,nm,Mixed FD,scalar,4.0,1e-06,random,rand1,8,7,0.00011132448080017264
p31,2,nm,Mixed FD,scalar,4.0,1e-06,random,rand1,8,8,4.375800981662023e-05
p31,2,nm,Mixed FD,scalar,4.0,1e-06,random,rand1,8,9,6.547220554411732e-06
p31,2,nm,Mixed FD,scalar,4.0,1e-06,random,rand1,8,10,2.5697133550453086e-06
p31,2,nm,Mixed FD,scalar,4.0,1e-06,random,rand1,8,11,3.850118169856298e-07
p31,2,nm,Mixed FD,scalar,4.0,1e-06,random,rand1,8,12,1.509125056628639e-07
p31,2,tr,Mixed FD,scalar,4.0,1e-06,random,rand1,8,0,0.5590688542819059
p31,2,tr,Mixed FD,scalar,4.0,1e-06,random,rand1,8,1,0.369540986291818
p31,2,tr,Mixed FD,scalar,4.0,1e-06,random,rand1,8,2,0.23012101025810364
p31,2,tr,Mixed FD,scalar,4.0,1e-06,random,rand1,8,3,0.09390040090945084
p31,2,tr,Mixed FD,scalar,4.0,1e-06,random,rand1,8,4,0.07231378325000865
p31,2,tr,Mixed FD,scalar,4.0,1e-06,random,rand1,8,5,0.009383160541191616
p31,2,tr,Mixed FD,scalar,4.0,1e-06,random,rand1,8,6,0.0036486052075129284
p31,2,tr,Mixed FD,scalar,4.0,1e-06,random,rand1,8,7,0.000450919870121815
p31,2,tr,Mixed FD,scalar,4.0,1e-06,random,rand1,8,8,0.00010457953531743815
p31,2,tr,Mixed FD,scalar,4.0,1e-06,random,rand1,8,9,1.2882965214818532e-05
p31,2,tr,Mixed FD,scalar,4.0,1e-06,random,rand1,8,10,5.3490466204897435e-06
p31,2,tr,Mixed FD,scalar,4.0,1e-06,random,rand1,8,11,6.587118198236379e-07
p31,2,tr,Mixed FD,scalar,4.0,1e-06,random,rand1,8,12,3.051015820129599e-07
p31,2,tr,Mixed FD,scalar,4.0,1e-06,random,rand1,8,13,3.850953798673898e-08
p31,2,nm,Mixed FD,scalar,4.0,1e-06,random,rand2,9,0,0.3992470204248568
p31,2,nm,Mixed FD,scalar,4.0,1e-06,random,rand2,9,1,0.16756675417487998
p31,2,nm,Mixed FD,scalar,4.0,1e-06,random,rand2,9,2,0.03595775810318159
p31,2,nm,Mixed FD,scalar,4.0,1e-06,random,rand2,9,3,0.014113141892146982
p31,2,nm,Mixed FD,scalar,4.0,1e-06,random,rand2,9,4,0.0019550065809533033
p31,2,nm,Mixed FD,scalar,4.0,1e-06,random,rand2,9,5,0.0008268905205933762
p31,2,nm,Mixed FD,scalar,4.0,1e-06,random,rand2,9,6,0.00011496696697140331
p31,2,nm,Mixed FD,scalar,4.0,1e-06,random,rand2,9,7,4.858393395364184e-05
p31,2,nm,Mixed FD,scalar,4.0,1e-06,random,rand2,9,8,6.7598435965242755e-06
p31,2,nm,Mixed FD,scalar,4.0,1e-06,random,rand2,9,9,2.8533870382393294e-06
p31,2,nm,Mixed FD,scalar,4.0,1e-06,random,rand2,9,10,3.974753943557408e-07
p31,2,nm,Mixed FD,scalar,4.0,1e-06,random,rand2,9,11,1.6758615720110155e-07
p31,2,tr,Mixed FD,scalar,4.0,1e-06,random,rand2,9,0,0.3957138737875691
p31,2,tr,Mixed FD,scalar,4.0,1e-06,random,rand2,9,1,0.13196042165434618
p31,2,tr,Mixed FD,scalar,4.0,1e-06,random,rand2,9,2,0.07290237452235332
p31,2,tr,Mixed FD,scalar,4.0,1e-06,random,rand2,9,3,0.007217159806949175
p31,2,tr,Mixed FD,scalar,4.0,1e-06,random,rand2,9,4,0.0009201121750729577
p31,2,tr,Mixed FD,scalar,4.0,1e-06,random,rand2,9,5,0.0008987265422279042
p31,2,tr,Mixed FD,scalar,4.0,1e-06,random,rand2,9,6,0.00011085287779738415
p31,2,tr,Mixed FD,scalar,4.0,1e-06,random,rand2,9,7,6.896317545115219e-05
p31,2,tr,Mixed FD,scalar,4.0,1e-06,random,rand2,9,8,8.493566476165156e-06
p31,2,tr,Mixed FD,scalar,4.0,1e-06,random,rand2,9,9,4.384421570411637e-06
p31,2,tr,Mixed FD,scalar,4.0,1e-06,random,rand2,9,10,5.399197182620302e-07
p31,2,tr,Mixed FD,scalar,4.0,1e-06,random,rand2,9,11,2.641161164897852e-07
p31,2,tr,Mixed FD,scalar,4.0,1e-06,random,rand2,9,12,3.157040611231419e-08
p31,2,nm,Mixed FD,scalar,4.0,1e-06,random,rand3,10,0,0.7537781005207124
p31,2,nm,Mixed FD,scalar,4.0,1e-06,random,rand3,10,1,0.3151336346673304
p31,2,nm,Mixed FD,scalar,4.0,1e-06,random,rand3,10,2,0.1652504265409315
p31,2,nm,Mixed FD,scalar,4.0,1e-06,random,rand3,10,3,0.04285791362432576
p31,2,nm,Mixed FD,scalar,4.0,1e-06,random,rand3,10,4,0.008577994086119206
p31,2,nm,Mixed FD,scalar,4.0,1e-06,random,rand3,10,5,0.0027223346806181116
p31,2,nm,Mixed FD,scalar,4.0,1e-06,random,rand3,10,6,0.0005155205665826983
p31,2,nm,Mixed FD,scalar,4.0,1e-06,random,rand3,10,7,0.0001593153885359487
p31,2,nm,Mixed FD,scalar,4.0,1e-06,random,rand3,10,8,3.0273356515526966e-05
p31,2,nm,Mixed FD,scalar,4.0,1e-06,random,rand3,10,9,9.355814958647393e-06
p31,2,nm,Mixed FD,scalar,4.0,1e-06,random,rand3,10,10,1.780427197861687e-06
p31,2,nm,Mixed FD,scalar,4.0,1e-06,random,rand3,10,11,5.493046554428569e-07
p31,2,nm,Mixed FD,scalar,4.0,1e-06,random,rand3,10,12,1.0470067165327537e-07
p31,2,tr,Mixed FD,scalar,4.0,1e-06,random,rand3,10,0,0.3381364903581484
p31,2,tr,Mixed FD,scalar,4.0,1e-06,random,rand3,10,1,0.11926611172480357
p31,2,tr,Mixed FD,scalar,4.0,1e-06,random,rand3,10,2,0.22812666388732233
p31,2,tr,Mixed FD,scalar,4.0,1e-06,random,rand3,10,3,0.03978820770683303
p31,2,tr,Mixed FD,scalar,4.0,1e-06,random,rand3,10,4,0.055021492600078506
p31,2,tr,Mixed FD,scalar,4.0,1e-06,random,rand3,10,5,0.0073644729430757325
p31,2,tr,Mixed FD,scalar,4.0,1e-06,random,rand3,10,6,0.004344874426706756
p31,2,tr,Mixed FD,scalar,4.0,1e-06,random,rand3,10,7,0.00043872094693903866
p31,2,tr,Mixed FD,scalar,4.0,1e-06,random,rand3,10,8,0.00026687550700885674
p31,2,tr,Mixed FD,scalar,4.0,1e-06,random,rand3,10,9,3.286800658122115e-05
p31,2,tr,Mixed FD,scalar,4.0,1e-06,random,rand3,10,10,1.680488591019476e-05
p31,2,tr,Mixed FD,scalar,4.0,1e-06,random,rand3,10,11,2.0694329296787897e-06
p31,2,tr,Mixed FD,scalar,4.0,1e-06,random,rand3,10,12,1.0098514504039849e-06
p31,2,tr,Mixed FD,scalar,4.0,1e-06,random,rand3,10,13,1.210183854213539e-07
p31,2,nm,Mixed FD,scalar,4.0,1e-06,random,rand4,11,0,0.7543096289258117
p31,2,nm,Mixed FD,scalar,4.0,1e-06,random,rand4,11,1,0.41258231510732407
p31,2,nm,Mixed FD,scalar,4.0,1e-06,random,rand4,11,2,0.1811292394369257
p31,2,nm,Mixed FD,scalar,4.0,1e-06,random,rand4,11,3,0.037850986100613916
p31,2,nm,Mixed FD,scalar,4.0,1e-06,random,rand4,11,4,0.014965565319487244
p31,2,nm,Mixed FD,scalar,4.0,1e-06,random,rand4,11,5,0.0019533009548688583
p31,2,nm,Mixed FD,scalar,4.0,1e-06,random,rand4,11,6,0.0008974457948219086
p31,2,nm,Mixed FD,scalar,4.0,1e-06,random,rand4,11,7,0.00011541282005260786
p31,2,nm,Mixed FD,scalar,4.0,1e-06,random,rand4,11,8,5.2684317142984264e-05
p31,2,nm,Mixed FD,scalar,4.0,1e-06,random,rand4,11,9,6.773933731989749e-06
p31,2,nm,Mixed FD,scalar,4.0,1e-06,random,rand4,11,10,3.0958204340632415e-06
p31,2,nm,Mixed FD,scalar,4.0,1e-06,random,rand4,11,11,3.9774197997340094e-07
p31,2,nm,Mixed FD,scalar,4.0,1e-06,random,rand4,11,12,1.8190491469366624e-07
p31,2,tr,Mixed FD,scalar,4.0,1e-06,random,rand4,11,0,0.660387297809167
p31,2,tr,Mixed FD,scalar,4.0,1e-06,random,rand4,11,1,0.33763945595350325
p31,2,tr,Mixed FD,scalar,4.0,1e-06,random,rand4,11,2,0.09934243287024078
p31,2,tr,Mixed FD,scalar,4.0,1e-06,random,rand4,11,3,0.06425774654797392
p31,2,tr,Mixed FD,scalar,4.0,1e-06,random,rand4,11,4,0.014491253883048704
p31,2,tr,Mixed FD,scalar,4.0,1e-06,random,rand4,11,5,0.0027363346015497063
p31,2,tr,Mixed FD,scalar,4.0,1e-06,random,rand4,11,6,0.000337080706203781
p31,2,tr,Mixed FD,scalar,4.0,1e-06,random,rand4,11,7,0.00012785115130852482
p31,2,tr,Mixed FD,scalar,4.0,1e-06,random,rand4,11,8,1.5744924529105044e-05
p31,2,tr,Mixed FD,scalar,4.0,1e-06,random,rand4,11,9,7.1546110996815225e-06
p31,2,tr,Mixed FD,scalar,4.0,1e-06,random,rand4,11,10,8.810448245303847e-07
p31,2,tr,Mixed FD,scalar,4.0,1e-06,random,rand4,11,11,4.1695151302638886e-07
p31,2,tr,Mixed FD,scalar,4.0,1e-06,random,rand4,11,12,5.1550084933534654e-08
p31,2,nm,Mixed FD,scalar,4.0,1e-06,random,rand5,12,0,0.5780679979697061
p31,2,nm,Mixed FD,scalar,4.0,1e-06,random,rand5,12,1,0.38799502205317526
p31,2,nm,Mixed FD,scalar,4.0,1e-06,random,rand5,12,2,0.2038350210338325
p31,2,nm,Mixed FD,scalar,4.0,1e-06,random,rand5,12,3,0.05929890033398769
p31,2,nm,Mixed FD,scalar,4.0,1e-06,random,rand5,12,4,0.010702322467053247
p31,2,nm,Mixed FD,scalar,4.0,1e-06,random,rand5,12,5,0.0038933013123972696
p31,2,nm,Mixed FD,scalar,4.0,1e-06,random,rand5,12,6,0.0006394130171045817
p31,2,nm,Mixed FD,scalar,4.0,1e-06,random,rand5,12,7,0.00022782996234783502
p31,2,nm,Mixed FD,scalar,4.0,1e-06,random,rand5,12,8,3.755487993319071e-05
p31,2,nm,Mixed FD,scalar,4.0,1e-06,random,rand5,12,9,1.3381446511264008e-05
p31,2,nm,Mixed FD,scalar,4.0,1e-06,random,rand5,12,10,2.2087128409294053e-06
p31,2,nm,Mixed FD,scalar,4.0,1e-06,random,rand5,12,11,7.857664026395558e-07
p31,2,nm,Mixed FD,scalar,4.0,1e-06,random,rand5,12,12,1.298906592834115e-07
p31,2,tr,Mixed FD,scalar,4.0,1e-06,random,rand5,12,0,0.5140125982060002
p31,2,tr,Mixed FD,scalar,4.0,1e-06,random,rand5,12,1,0.48252987400557884
p31,2,tr,Mixed FD,scalar,4.0,1e-06,random,rand5,12,2,0.25492820035647934
p31,2,tr,Mixed FD,scalar,4.0,1e-06,random,rand5,12,3,0.05220698290927694
p31,2,tr,Mixed FD,scalar,4.0,1e-06,random,rand5,12,4,0.033204274613908104
p31,2,tr,Mixed FD,scalar,4.0,1e-06,random,rand5,12,5,0.00412775600056475
p31,2,tr,Mixed FD,scalar,4.0,1e-06,random,rand5,12,6,9.55941973626032e-05
p31,2,tr,Mixed FD,scalar,4.0,1e-06,random,rand5,12,7,1.1776619826113717e-05
p31,2,tr,Mixed FD,scalar,4.0,1e-06,random,rand5,12,8,6.400853513517269e-06
p31,2,tr,Mixed FD,scalar,4.0,1e-06,random,rand5,12,9,7.882486227810039e-07
p31,2,tr,Mixed FD,scalar,4.0,1e-06,random,rand5,12,10,3.911342547977519e-07
p31,2,tr,Mixed FD,scalar,4.0,1e-06,random,rand5,12,11,4.60427465804744e-08
p31,2,nm,Mixed FD,scalar,8.0,1e-06,initial,xbar,13,0,0.4804110376181664
p31,2,nm,Mixed FD,scalar,8.0,1e-06,initial,xbar,13,1,0.26544297781013565
p31,2,nm,Mixed FD,scalar,8.0,1e-06,initial,xbar,13,2,0.09400281675839438
p31,2,nm,Mixed FD,scalar,8.0,1e-06,initial,xbar,13,3,0.014579815458262589
p31,2,nm,Mixed FD,scalar,8.0,1e-06,initial,xbar,13,4,0.006474096112462384
p31,2,nm,Mixed FD,scalar,8.0,1e-06,initial,xbar,13,5,0.0008196025731410882
p31,2,nm,Mixed FD,scalar,8.0,1e-06,initial,xbar,13,6,0.00038059345764128867
p31,2,nm,Mixed FD,scalar,8.0,1e-06,initial,xbar,13,7,4.822851911894349e-05
p31,2,nm,Mixed FD,scalar,8.0,1e-06,initial,xbar,13,8,2.235181773205984e-05
p31,2,nm,Mixed FD,scalar,8.0,1e-06,initial,xbar,13,9,2.832090190151348e-06
p31,2,nm,Mixed FD,scalar,8.0,1e-06,initial,xbar,13,10,1.3127041745826154e-06
p31,2,nm,Mixed FD,scalar,8.0,1e-06,initial,xbar,13,11,1.6632743258343884e-07
p31,2,tr,Mixed FD,scalar,8.0,1e-06,initial,xbar,13,0,0.43514276222047965
p31,2,tr,Mixed FD,scalar,8.0,1e-06,initial,xbar,13,1,0.2321372090709995
p31,2,tr,Mixed FD,scalar,8.0,1e-06,initial,xbar,13,2,0.17732706232521556
p31,2,tr,Mixed FD,scalar,8.0,1e-06,initial,xbar,13,3,0.055610149555382765
p31,2,tr,Mixed FD,scalar,8.0,1e-06,initial,xbar,13,4,0.007704339404842387
p31,2,tr,Mixed FD,scalar,8.0,1e-06,initial,xbar,13,5,0.006048256059241775
p31,2,tr,Mixed FD,scalar,8.0,1e-06,initial,xbar,13,6,0.0007451159304521343
p31,2,tr,Mixed FD,scalar,8.0,1e-06,initial,xbar,13,7,0.0004483010369276369
p31,2,tr,Mixed FD,scalar,8.0,1e-06,initial,xbar,13,8,5.5207440150110344e-05
p31,2,tr,Mixed FD,scalar,8.0,1e-06,initial,xbar,13,9,2.7954086846090016e-05
p31,2,tr,Mixed FD,scalar,8.0,1e-06,initial,xbar,13,10,3.4421383900002268e-06
p31,2,tr,Mixed FD,scalar,8.0,1e-06,initial,xbar,13,11,1.6683950366622986e-06
p31,2,tr,Mixed FD,scalar,8.0,1e-06,initial,xbar,13,12,2.0208953708631734e-07
p31,2,nm,Mixed FD,scalar,8.0,1e-06,random,rand1,14,0,0.6848250846717429
p31,2,nm,Mixed FD,scalar,8.0,1e-06,random,rand1,14,1,0.3829686693896573
p31,2,nm,Mixed FD,scalar,8.0,1e-06,random,rand1,14,2,0.15595466985560752
p31,2,nm,Mixed FD,scalar,8.0,1e-06,random,rand1,14,3,0.03333507099872627
p31,2,nm,Mixed FD,scalar,8.0,1e-06,random,rand1,14,4,0.01275957751859346
p31,2,nm,Mixed FD,scalar,8.0,1e-06,random,rand1,14,5,0.001892939653898606
p31,2,nm,Mixed FD,scalar,8.0,1e-06,random,rand1,14,6,0.0007450585258229739
p31,2,nm,Mixed FD,scalar,8.0,1e-06,random,rand1,14,7,0.00011095469524973991
p31,2,nm,Mixed FD,scalar,8.0,1e-06,random,rand1,14,8,4.377957262192361e-05
p31,2,nm,Mixed FD,scalar,8.0,1e-06,random,rand1,14,9,6.516939298316766e-06
p31,2,nm,Mixed FD,scalar,8.0,1e-06,random,rand1,14,10,2.5710601380037137e-06
p31,2,nm,Mixed FD,scalar,8.0,1e-06,random,rand1,14,11,3.827321236509341e-07
p31,2,nm,Mixed FD,scalar,8.0,1e-06,random,rand1,14,12,1.5099647239310635e-07
p31,2,tr,Mixed FD,scalar,8.0,1e-06,random,rand1,14,0,0.5590428125294824
p31,2,tr,Mixed FD,scalar,8.0,1e-06,random,rand1,14,1,0.369508304637316
p31,2,tr,Mixed FD,scalar,8.0,1e-06,random,rand1,14,2,0.2301473359445886
p31,2,tr,Mixed FD,scalar,8.0,1e-06,random,rand1,14,3,0.09389383170067143
p31,2,tr,Mixed FD,scalar,8.0,1e-06,random,rand1,14,4,0.07231086420052904
p31,2,tr,Mixed FD,scalar,8.0,1e-06,random,rand1,14,5,0.009385528026287403
p31,2,tr,Mixed FD,scalar,8.0,1e-06,random,rand1,14,6,0.003659408928736462
p31,2,tr,Mixed FD,scalar,8.0,1e-06,random,rand1,14,7,0.00045224957264650254
p31,2,tr,Mixed FD,scalar,8.0,1e-06,random,rand1,14,8,0.00010415900959217312
p31,2,tr,Mixed FD,scalar,8.0,1e-06,random,rand1,14,9,1.2830656682151344e-05
p31,2,tr,Mixed FD,scalar,8.0,1e-06,random,rand1,14,10,5.287396698050407e-06
p31,2,tr,Mixed FD,scalar,8.0,1e-06,random,rand1,14,11,6.510786897529298e-07
p31,2,tr,Mixed FD,scalar,8.0,1e-06,random,rand1,14,12,2.995980071650558e-07
p31,2,tr,Mixed FD,scalar,8.0,1e-06,random,rand1,14,13,3.818765306736064e-08
p31,2,nm,Mixed FD,scalar,8.0,1e-06,random,rand2,15,0,0.39922051130189845
p31,2,nm,Mixed FD,scalar,8.0,1e-06,random,rand2,15,1,0.16756567665067446
p31,2,nm,Mixed FD,scalar,8.0,1e-06,random,rand2,15,2,0.035953709668570775
p31,2,nm,Mixed FD,scalar,8.0,1e-06,random,rand2,15,3,0.014114215538263478
p31,2,nm,Mixed FD,scalar,8.0,1e-06,random,rand2,15,4,0.0019513743080707207
p31,2,nm,Mixed FD,scalar,8.0,1e-06,random,rand2,15,5,0.0008269355328966111
p31,2,nm,Mixed FD,scalar,8.0,1e-06,random,rand2,15,6,0.00011462582916695264
p31,2,nm,Mixed FD,scalar,8.0,1e-06,random,rand2,15,7,4.85835876474834e-05
p31,2,nm,Mixed FD,scalar,8.0,1e-06,random,rand2,15,8,6.731700001190631e-06
p31,2,nm,Mixed FD,scalar,8.0,1e-06,random,rand2,15,9,2.853212368425846e-06
p31,2,nm,Mixed FD,scalar,8.0,1e-06,random,rand2,15,10,3.95347741786845e-07
p31,2,nm,Mixed FD,scalar,8.0,1e-06,random,rand2,15,11,1.6756697729499702e-07
p31,2,tr,Mixed FD,scalar,8.0,1e-06,random,rand2,15,0,0.3956902272651949
p31,2,tr,Mixed FD,scalar,8.0,1e-06,random,rand2,15,1,0.13196808526430429
p31,2,tr,Mixed FD,scalar,8.0,1e-06,random,rand2,15,2,0.07287833811394837
p31,2,tr,Mixed FD,scalar,8.0,1e-06,random,rand2,15,3,0.007237884357596833
p31,2,tr,Mixed FD,scalar,8.0,1e-06,random,rand2,15,4,0.0009214258416002886
p31,2,tr,Mixed FD,scalar,8.0,1e-06,random,rand2,15,5,0.0008891147155164744
p31,2,tr,Mixed FD,scalar,8.0,1e-06,random,rand2,15,6,0.0001096460077744957
p31,2,tr,Mixed FD,scalar,8.0,1e-06,random,rand2,15,7,6.761133757270009e-05
p31,2,tr,Mixed FD,scalar,8.0,1e-06,random,rand2,15,8,8.326312412647423e-06
p31,2,tr,Mixed FD,scalar,8.0,1e-06,random,rand2,15,9,4.269573794533727e-06
p31,2,tr,Mixed FD,scalar,8.0,1e-06,random,rand2,15,10,5.257370996135104e-07
p31,2,tr,Mixed FD,scalar,8.0,1e-06,random,rand2,15,11,2.556250214183174e-07
p31,2,tr,Mixed FD,scalar,8.0,1e-06,random,rand2,15,12,3.0863514960404e-08
p31,2,nm,Mixed FD,scalar,8.0,1e-06,random,rand3,16,0,0.7530327719252187
p31,2,nm,Mixed FD,scalar,8.0,1e-06,random,rand3,16,1,0.31479402359086467
p31,2,nm,Mixed FD,scalar,8.0,1e-06,random,rand3,16,2,0.16494892548815937
p31,2,nm,Mixed FD,scalar,8.0,1e-06,random,rand3,16,3,0.04272364743899421
p31,2,nm,Mixed FD,scalar,8.0,1e-06,random,rand3,16,4,0.008561378332562548
p31,2,nm,Mixed FD,scalar,8.0,1e-06,random,rand3,16,5,0.0027141031748648286
p31,2,nm,Mixed FD,scalar,8.0,1e-06,random,rand3,16,6,0.0005138322997449186
p31,2,nm,Mixed FD,scalar,8.0,1e-06,random,rand3,16,7,0.00015887603607053
p31,2,nm,Mixed FD,scalar,8.0,1e-06,random,rand3,16,8,3.013455502276682e-05
p31,2,nm,Mixed FD,scalar,8.0,1e-06,random,rand3,16,9,9.332511193385082e-06
p31,2,nm,Mixed FD,scalar,8.0,1e-06,random,rand3,16,10,1.769922751749476e-06
p31,2,nm,Mixed FD,scalar,8.0,1e-06,random,rand3,16,11,5.480841453055113e-07
p31,2,nm,Mixed FD,scalar,8.0,1e-06,random,rand3,16,12,1.0394559076205296e-07
p31,2,tr,Mixed FD,scalar,8.0,1e-06,random,rand3,16,0,0.33811174083124657
p31,2,tr,Mixed FD,scalar,8.0,1e-06,random,rand3,16,1,0.11926712010259681
p31,2,tr,Mixed FD,scalar,8.0,1e-06,random,rand3,16,2,0.22803470008104273
p31,2,tr,Mixed FD,scalar,8.0,1e-06,random,rand3,16,3,0.039731991509516694
p31,2,tr,Mixed FD,scalar,8.0,1e-06,random,rand3,16,4,0.05495833884439038
p31,2,tr,Mixed FD,scalar,8.0,1e-06,random,rand3,16,5,0.007354459542103222
p31,2,tr,Mixed FD,scalar,8.0,1e-06,random,rand3,16,6,0.004325805269790317
p31,2,tr,Mixed FD,scalar,8.0,1e-06,random,rand3,16,7,0.00044052073756378714
p31,2,tr,Mixed FD,scalar,8.0,1e-06,random,rand3,16,8,0.00026535737007528566
p31,2,tr,Mixed FD,scalar,8.0,1e-06,random,rand3,16,9,3.267809899858438e-05
p31,2,tr,Mixed FD,scalar,8.0,1e-06,random,rand3,16,10,1.659212359468811e-05
p31,2,tr,Mixed FD,scalar,8.0,1e-06,random,rand3,16,11,2.043079196022082e-06
p31,2,tr,Mixed FD,scalar,8.0,1e-06,random,rand3,16,12,9.908795035691869e-07
p31,2,tr,Mixed FD,scalar,8.0,1e-06,random,rand3,16,13,1.1994934546749685e-07
p31,2,nm,Mixed FD,scalar,8.0,1e-06,random,rand4,17,0,0.7542235755967438
p31,2,nm,Mixed FD,scalar,8.0,1e-06,random,rand4,17,1,0.41251811870243715
p31,2,nm,Mixed FD,scalar,8.0,1e-06,random,rand4,17,2,0.1811066593249488
p31,2,nm,Mixed FD,scalar,8.0,1e-06,random,rand4,17,3,0.037857557760684175
p31,2,nm,Mixed FD,scalar,8.0,1e-06,random,rand4,17,4,0.014959012125038595
p31,2,nm,Mixed FD,scalar,8.0,1e-06,random,rand4,17,5,0.0019544570487622557
p31,2,nm,Mixed FD,scalar,8.0,1e-06,random,rand4,17,6,0.0008966246236568848
p31,2,nm,Mixed FD,scalar,8.0,1e-06,random,rand4,17,7,0.00011550581271009222
p31,2,nm,Mixed FD,scalar,8.0,1e-06,random,rand4,17,8,5.2609459536643835e-05
p31,2,nm,Mixed FD,scalar,8.0,1e-06,random,rand4,17,9,6.781048406054284e-06
p31,2,nm,Mixed FD,scalar,8.0,1e-06,random,rand4,17,10,3.089880115391692e-06
p31,2,nm,Mixed FD,scalar,8.0,1e-06,random,rand4,17,11,3.9825392508661744e-07
p31,2,nm,Mixed FD,scalar,8.0,1e-06,random,rand4,17,12,1.8146548443201108e-07
p31,2,tr,Mixed FD,scalar,8.0,1e-06,random,rand4,17,0,0.6603578271986155
p31,2,tr,Mixed FD,scalar,8.0,1e-06,random,rand4,17,1,0.3376353766635672
p31,2,tr,Mixed FD,scalar,8.0,1e-06,random,rand4,17,2,0.09935915382008437
p31,2,tr,Mixed FD,scalar,8.0,1e-06,random,rand4,17,3,0.06427793847537601
p31,2,tr,Mixed FD,scalar,8.0,1e-06,random,rand4,17,4,0.014467464437322637
p31,2,tr,Mixed FD,scalar,8.0,1e-06,random,rand4,17,5,0.0027302751499245314
p31,2,tr,Mixed FD,scalar,8.0,1e-06,random,rand4,17,6,0.00033631539810228666
p31,2,tr,Mixed FD,scalar,8.0,1e-06,random,rand4,17,7,0.0001274109026838178
p31,2,tr,Mixed FD,scalar,8.0,1e-06,random,rand4,17,8,1.568973447549701e-05
p31,2,tr,Mixed FD,scalar,8.0,1e-06,random,rand4,17,9,7.0922469524172625e-06
p31,2,tr,Mixed FD,scalar,8.0,1e-06,random,rand4,17,10,8.733054119895215e-07
p31,2,tr,Mixed FD,scalar,8.0,1e-06,random,rand4,17,11,4.1087167904277207e-07
p31,2,tr,Mixed FD,scalar,8.0,1e-06,random,rand4,17,12,5.127899908622159e-08
p31,2,nm,Mixed FD,scalar,8.0,1e-06,random,rand5,18,0,0.5780312997779443
p31,2,nm,Mixed FD,scalar,8.0,1e-06,random,rand5,18,1,0.387969633268587
p31,2,nm,Mixed FD,scalar,8.0,1e-06,random,rand5,18,2,0.203839782754231
p31,2,nm,Mixed FD,scalar,8.0,1e-06,random,rand5,18,3,0.05933583496914855
p31,2,nm,Mixed FD,scalar,8.0,1e-06,random,rand5,18,4,0.010692775329699696
p31,2,nm,Mixed FD,scalar,8.0,1e-06,random,rand5,18,5,0.003896738829676153
p31,2,nm,Mixed FD,scalar,8.0,1e-06,random,rand5,18,6,0.0006378205705964771
p31,2,nm,Mixed FD,scalar,8.0,1e-06,random,rand5,18,7,0.0002280635267420874
p31,2,nm,Mixed FD,scalar,8.0,1e-06,random,rand5,18,8,3.741164200902775e-05
p31,2,nm,Mixed FD,scalar,8.0,1e-06,random,rand5,18,9,1.339690825587607e-05
p31,2,nm,Mixed FD,scalar,8.0,1e-06,random,rand5,18,10,2.1973143085983148e-06
p31,2,nm,Mixed FD,scalar,8.0,1e-06,random,rand5,18,11,7.867791146833826e-07
p31,2,nm,Mixed FD,scalar,8.0,1e-06,random,rand5,18,12,1.2904589578635947e-07
p31,2,tr,Mixed FD,scalar,8.0,1e-06,random,rand5,18,0,0.5139876002064985
p31,2,tr,Mixed FD,scalar,8.0,1e-06,random,rand5,18,1,0.4824853082778105
p31,2,tr,Mixed FD,scalar,8.0,1e-06,random,rand5,18,2,0.25493004628163873
p31,2,tr,Mixed FD,scalar,8.0,1e-06,random,rand5,18,3,0.05222609375755253
p31,2,tr,Mixed FD,scalar,8.0,1e-06,random,rand5,18,4,0.03323354393069181
p31,2,tr,Mixed FD,scalar,8.0,1e-06,random,rand5,18,5,0.0041319134526591845
p31,2,tr,Mixed FD,scalar,8.0,1e-06,random,rand5,18,6,0.00010269780926565751
p31,2,tr,Mixed FD,scalar,8.0,1e-06,random,rand5,18,7,1.2650086007659075e-05
p31,2,tr,Mixed FD,scalar,8.0,1e-06,random,rand5,18,8,6.804199715995116e-06
p31,2,tr,Mixed FD,scalar,8.0,1e-06,random,rand5,18,9,8.378523226666806e-07
p31,2,tr,Mixed FD,scalar,8.0,1e-06,random,rand5,18,10,4.1282214133571743e-07
p31,2,tr,Mixed FD,scalar,8.0,1e-06,random,rand5,18,11,4.914867164327961e-08
p31,2,nm,Mixed FD,scalar,12.0,1e-06,initial,xbar,19,0,0.48040825199319825
p31,2,nm,Mixed FD,scalar,12.0,1e-06,initial,xbar,19,1,0.2654301641084824
p31,2,nm,Mixed FD,scalar,12.0,1e-06,initial,xbar,19,2,0.09400911787416175
p31,2,nm,Mixed FD,scalar,12.0,1e-06,initial,xbar,19,3,0.014579896858343867
p31,2,nm,Mixed FD,scalar,12.0,1e-06,initial,xbar,19,4,0.006475145752297558
p31,2,nm,Mixed FD,scalar,12.0,1e-06,initial,xbar,19,5,0.0008198254440199194
p31,2,nm,Mixed FD,scalar,12.0,1e-06,initial,xbar,19,6,0.0003806659111825079
p31,2,nm,Mixed FD,scalar,12.0,1e-06,initial,xbar,19,7,4.8249101691252355e-05
p31,2,nm,Mixed FD,scalar,12.0,1e-06,initial,xbar,19,8,2.2357489691767922e-05
p31,2,nm,Mixed FD,scalar,12.0,1e-06,initial,xbar,19,9,2.833832138373402e-06
p31,2,nm,Mixed FD,scalar,12.0,1e-06,initial,xbar,19,10,1.3131155259962622e-06
p31,2,nm,Mixed FD,scalar,12.0,1e-06,initial,xbar,19,11,1.6647482339226785e-07
p31,2,tr,Mixed FD,scalar,12.0,1e-06,initial,xbar,19,0,0.43513797246926844
p31,2,tr,Mixed FD,scalar,12.0,1e-06,initial,xbar,19,1,0.23215428575956154
p31,2,tr,Mixed FD,scalar,12.0,1e-06,initial,xbar,19,2,0.17732441804344815
p31,2,tr,Mixed FD,scalar,12.0,1e-06,initial,xbar,19,3,0.055605510400241434
p31,2,tr,Mixed FD,scalar,12.0,1e-06,initial,xbar,19,4,0.007704474985441405
p31,2,tr,Mixed FD,scalar,12.0,1e-06,initial,xbar,19,5,0.006048959807093609
p31,2,tr,Mixed FD,scalar,12.0,1e-06,initial,xbar,19,6,0.00074524744648928
p31,2,tr,Mixed FD,scalar,12.0,1e-06,initial,xbar,19,7,0.000448550026403952
p31,2,tr,Mixed FD,scalar,12.0,1e-06,initial,xbar,19,8,5.5234825135604015e-05
p31,2,tr,Mixed FD,scalar,12.0,1e-06,initial,xbar,19,9,2.799885108421422e-05
p31,2,tr,Mixed FD,scalar,12.0,1e-06,initial,xbar,19,10,3.447879657547247e-06
p31,2,tr,Mixed FD,scalar,12.0,1e-06,initial,xbar,19,11,1.6724062336684152e-06
p31,2,tr,Mixed FD,scalar,12.0,1e-06,initial,xbar,19,12,2.019770210984003e-07
p31,2,nm,Mixed FD,scalar,12.0,1e-06,random,rand1,20,0,0.6848703525804427
p31,2,nm,Mixed FD,scalar,12.0,1e-06,random,rand1,20,1,0.3829518745346079
p31,2,nm,Mixed FD,scalar,12.0,1e-06,random,rand1,20,2,0.1559137452516717
p31,2,nm,Mixed FD,scalar,12.0,1e-06,random,rand1,20,3,0.033320212344471446
p31,2,nm,Mixed FD,scalar,12.0,1e-06,random,rand1,20,4,0.012758842344491783
p31,2,nm,Mixed FD,scalar,12.0,1e-06,random,rand1,20,5,0.0018918432120948144
p31,2,nm,Mixed FD,scalar,12.0,1e-06,random,rand1,20,6,0.0007450543218429154
p31,2,nm,Mixed FD,scalar,12.0,1e-06,random,rand1,20,7,0.00011091646598709954
p31,2,nm,Mixed FD,scalar,12.0,1e-06,random,rand1,20,8,4.37689665736726e-05
p31,2,nm,Mixed FD,scalar,12.0,1e-06,random,rand1,20,9,6.517079846459495e-06
p31,2,nm,Mixed FD,scalar,12.0,1e-06,random,rand1,20,10,2.5703790389433715e-06
p31,2,nm,Mixed FD,scalar,12.0,1e-06,random,rand1,20,11,3.827725535392874e-07
p31,2,nm,Mixed FD,scalar,12.0,1e-06,random,rand1,20,12,1.5093436067569912e-07
p31,2,tr,Mixed FD,scalar,12.0,1e-06,random,rand1,20,0,0.5590681833263579
p31,2,tr,Mixed FD,scalar,12.0,1e-06,random,rand1,20,1,0.36950400391665456
p31,2,tr,Mixed FD,scalar,12.0,1e-06,random,rand1,20,2,0.2301550793102001
p31,2,tr,Mixed FD,scalar,12.0,1e-06,random,rand1,20,3,0.09388912323867117
p31,2,tr,Mixed FD,scalar,12.0,1e-06,random,rand1,20,4,0.07229623870617312
p31,2,tr,Mixed FD,scalar,12.0,1e-06,random,rand1,20,5,0.00938489440688837
p31,2,tr,Mixed FD,scalar,12.0,1e-06,random,rand1,20,6,0.0036576785316698073
p31,2,tr,Mixed FD,scalar,12.0,1e-06,random,rand1,20,7,0.000451997416765311
p31,2,tr,Mixed FD,scalar,12.0,1e-06,random,rand1,20,8,0.00010425076043838144
p31,2,tr,Mixed FD,scalar,12.0,1e-06,random,rand1,20,9,1.2842678238000522e-05
p31,2,tr,Mixed FD,scalar,12.0,1e-06,random,rand1,20,10,5.297433917892208e-06
p31,2,tr,Mixed FD,scalar,12.0,1e-06,random,rand1,20,11,6.523287824496589e-07
p31,2,tr,Mixed FD,scalar,12.0,1e-06,random,rand1,20,12,3.0021996114979904e-07
p31,2,tr,Mixed FD,scalar,12.0,1e-06,random,rand1,20,13,3.824673536210762e-08
p31,2,nm,Mixed FD,scalar,12.0,1e-06,random,rand2,21,0,0.39915214148009576
p31,2,nm,Mixed FD,scalar,12.0,1e-06,random,rand2,21,1,0.16763753942614298
p31,2,nm,Mixed FD,scalar,12.0,1e-06,random,rand2,21,2,0.03597613304840314
p31,2,nm,Mixed FD,scalar,12.0,1e-06,random,rand2,21,3,0.01412386650213223
p31,2,nm,Mixed FD,scalar,12.0,1e-06,random,rand2,21,4,0.0019526251661842666
p31,2,nm,Mixed FD,scalar,12.0,1e-06,random,rand2,21,5,0.0008276371601924266
p31,2,nm,Mixed FD,scalar,12.0,1e-06,random,rand2,21,6,0.00011471324478306888
p31,2,nm,Mixed FD,scalar,12.0,1e-06,random,rand2,21,7,4.862597238666607e-05
p31,2,nm,Mixed FD,scalar,12.0,1e-06,random,rand2,21,8,6.737476128409364e-06
p31,2,nm,Mixed FD,scalar,12.0,1e-06,random,rand2,21,9,2.856398592695038e-06
p31,2,nm,Mixed FD,scalar,12.0,1e-06,random,rand2,21,10,3.957598574841423e-07
p31,2,nm,Mixed FD,scalar,12.0,1e-06,random,rand2,21,11,1.6778225175442622e-07
p31,2,tr,Mixed FD,scalar,12.0,1e-06,random,rand2,21,0,0.39564371133030957
p31,2,tr,Mixed FD,scalar,12.0,1e-06,random,rand2,21,1,0.13199679227858666
p31,2,tr,Mixed FD,scalar,12.0,1e-06,random,rand2,21,2,0.07287221377000828
p31,2,tr,Mixed FD,scalar,12.0,1e-06,random,rand2,21,3,0.007244965887760053
p31,2,tr,Mixed FD,scalar,12.0,1e-06,random,rand2,21,4,0.000921239262497145
p31,2,tr,Mixed FD,scalar,12.0,1e-06,random,rand2,21,5,0.0008802273122660723
p31,2,tr,Mixed FD,scalar,12.0,1e-06,random,rand2,21,6,0.00010855370845243894
p31,2,tr,Mixed FD,scalar,12.0,1e-06,random,rand2,21,7,6.661730660809199e-05
p31,2,tr,Mixed FD,scalar,12.0,1e-06,random,rand2,21,8,8.20557372546841e-06
p31,2,tr,Mixed FD,scalar,12.0,1e-06,random,rand2,21,9,4.202065849814283e-06
p31,2,tr,Mixed FD,scalar,12.0,1e-06,random,rand2,21,10,5.174460761195236e-07
p31,2,tr,Mixed FD,scalar,12.0,1e-06,random,rand2,21,11,2.515541223453298e-07
p31,2,tr,Mixed FD,scalar,12.0,1e-06,random,rand2,21,12,3.033923564638441e-08
p31,2,nm,Mixed FD,scalar,12.0,1e-06,random,rand3,22,0,0.7532678227404793
p31,2,nm,Mixed FD,scalar,12.0,1e-06,random,rand3,22,1,0.3148754923793191
p31,2,nm,Mixed FD,scalar,12.0,1e-06,random,rand3,22,2,0.16504965180805387
p31,2,nm,Mixed FD,scalar,12.0,1e-06,random,rand3,22,3,0.042782293286937244
p31,2,nm,Mixed FD,scalar,12.0,1e-06,random,rand3,22,4,0.008563384725016995
p31,2,nm,Mixed FD,scalar,12.0,1e-06,random,rand3,22,5,0.00271823821541065
p31,2,nm,Mixed FD,scalar,12.0,1e-06,random,rand3,22,6,0.0005139627428031738
p31,2,nm,Mixed FD,scalar,12.0,1e-06,random,rand3,22,7,0.00015911787641076326
p31,2,nm,Mixed FD,scalar,12.0,1e-06,random,rand3,22,8,3.015149038647546e-05
p31,2,nm,Mixed FD,scalar,12.0,1e-06,random,rand3,22,9,9.345710402442946e-06
p31,2,nm,Mixed FD,scalar,12.0,1e-06,random,rand3,22,10,1.771440143182587e-06
p31,2,nm,Mixed FD,scalar,12.0,1e-06,random,rand3,22,11,5.488143501608991e-07
p31,2,nm,Mixed FD,scalar,12.0,1e-06,random,rand3,22,12,1.0405992284781888e-07
p31,2,tr,Mixed FD,scalar,12.0,1e-06,random,rand3,22,0,0.3381287333769879
p31,2,tr,Mixed FD,scalar,12.0,1e-06,random,rand3,22,1,0.1192591714821182
p31,2,tr,Mixed FD,scalar,12.0,1e-06,random,rand3,22,2,0.2280305069287136
p31,2,tr,Mixed FD,scalar,12.0,1e-06,random,rand3,22,3,0.03973167985484652
p31,2,tr,Mixed FD,scalar,12.0,1e-06,random,rand3,22,4,0.054956697071949674
p31,2,tr,Mixed FD,scalar,12.0,1e-06,random,rand3,22,5,0.007354698249083744
p31,2,tr,Mixed FD,scalar,12.0,1e-06,random,rand3,22,6,0.004326819914819415
p31,2,tr,Mixed FD,scalar,12.0,1e-06,random,rand3,22,7,0.0004400853379039153
p31,2,tr,Mixed FD,scalar,12.0,1e-06,random,rand3,22,8,0.0002654660231798457
p31,2,tr,Mixed FD,scalar,12.0,1e-06,random,rand3,22,9,3.269476987976009e-05
p31,2,tr,Mixed FD,scalar,12.0,1e-06,random,rand3,22,10,1.6608744585844598e-05
p31,2,tr,Mixed FD,scalar,12.0,1e-06,random,rand3,22,11,2.0454845277220554e-06
p31,2,tr,Mixed FD,scalar,12.0,1e-06,random,rand3,22,12,9.930636228809293e-07
p31,2,tr,Mixed FD,scalar,12.0,1e-06,random,rand3,22,13,1.19816849043236e-07
p31,2,nm,Mixed FD,scalar,12.0,1e-06,random,rand4,23,0,0.7540577945855572
p31,2,nm,Mixed FD,scalar,12.0,1e-06,random,rand4,23,1,0.41263044403681626
p31,2,nm,Mixed FD,scalar,12.0,1e-06,random,rand4,23,2,0.18109032176386852
p31,2,nm,Mixed FD,scalar,12.0,1e-06,random,rand4,23,3,0.03784229406839881
p31,2,nm,Mixed FD,scalar,12.0,1e-06,random,rand4,23,4,0.014955217229862542
p31,2,nm,Mixed FD,scalar,12.0,1e-06,random,rand4,23,5,0.001952815259534909
p31,2,nm,Mixed FD,scalar,12.0,1e-06,random,rand4,23,6,0.0008964238198479132
p31,2,nm,Mixed FD,scalar,12.0,1e-06,random,rand4,23,7,0.00011542592073819352
p31,2,nm,Mixed FD,scalar,12.0,1e-06,random,rand4,23,8,5.261003955092109e-05
p31,2,nm,Mixed FD,scalar,12.0,1e-06,random,rand4,23,9,6.77690706488466e-06
p31,2,nm,Mixed FD,scalar,12.0,1e-06,random,rand4,23,10,3.0898795370370844e-06
p31,2,nm,Mixed FD,scalar,12.0,1e-06,random,rand4,23,11,3.980178866492622e-07
p31,2,nm,Mixed FD,scalar,12.0,1e-06,random,rand4,23,12,1.814789746623249e-07
p31,2,tr,Mixed FD,scalar,12.0,1e-06,random,rand4,23,0,0.6602176219824522
p31,2,tr,Mixed FD,scalar,12.0,1e-06,random,rand4,23,1,0.33777900739449124
p31,2,tr,Mixed FD,scalar,12.0,1e-06,random,rand4,23,2,0.09935804278621435
p31,2,tr,Mixed FD,scalar,12.0,1e-06,random,rand4,23,3,0.06427039374270273
p31,2,tr,Mixed FD,scalar,12.0,1e-06,random,rand4,23,4,0.01447511662932971
p31,2,tr,Mixed FD,scalar,12.0,1e-06,random,rand4,23,5,0.0027361851719607693
p31,2,tr,Mixed FD,scalar,12.0,1e-06,random,rand4,23,6,0.0003370825195193496
p31,2,tr,Mixed FD,scalar,12.0,1e-06,random,rand4,23,7,0.00012754511284123677
p31,2,tr,Mixed FD,scalar,12.0,1e-06,random,rand4,23,8,1.570529380011102e-05
p31,2,tr,Mixed FD,scalar,12.0,1e-06,random,rand4,23,9,7.102970479856125e-06
p31,2,tr,Mixed FD,scalar,12.0,1e-06,random,rand4,23,10,8.747583675235229e-07
p31,2,tr,Mixed FD,scalar,12.0,1e-06,random,rand4,23,11,4.116241520365528e-07
p31,2,tr,Mixed FD,scalar,12.0,1e-06,random,rand4,23,12,5.129984291396677e-08
p31,2,nm,Mixed FD,scalar,12.0,1e-06,random,rand5,24,0,0.5780248936501683
p31,2,nm,Mixed FD,scalar,12.0,1e-06,random,rand5,24,1,0.38793400744511136
p31,2,nm,Mixed FD,scalar,12.0,1e-06,random,rand5,24,2,0.20388351484500955
p31,2,nm,Mixed FD,scalar,12.0,1e-06,random,rand5,24,3,0.05932106630025745
p31,2,nm,Mixed FD,scalar,12.0,1e-06,random,rand5,24,4,0.01068949943995698
p31,2,nm,Mixed FD,scalar,12.0,1e-06,random,rand5,24,5,0.003895798803376651
p31,2,nm,Mixed FD,scalar,12.0,1e-06,random,rand5,24,6,0.0006378068347317306
p31,2,nm,Mixed FD,scalar,12.0,1e-06,random,rand5,24,7,0.00022800739638544933
p31,2,nm,Mixed FD,scalar,12.0,1e-06,random,rand5,24,8,3.7412503672288854e-05
p31,2,nm,Mixed FD,scalar,12.0,1e-06,random,rand5,24,9,1.339656335410978e-05
p31,2,nm,Mixed FD,scalar,12.0,1e-06,random,rand5,24,10,2.1977939183151756e-06
p31,2,nm,Mixed FD,scalar,12.0,1e-06,random,rand5,24,11,7.867088042272485e-07
p31,2,nm,Mixed FD,scalar,12.0,1e-06,random,rand5,24,12,1.290724679956489e-07
p31,2,tr,Mixed FD,scalar,12.0,1e-06,random,rand5,24,0,0.5139796764722364
p31,2,tr,Mixed FD,scalar,12.0,1e-06,random,rand5,24,1,0.4824922371730575
p31,2,tr,Mixed FD,scalar,12.0,1e-06,random,rand5,24,2,0.25492189106913654
p31,2,tr,Mixed FD,scalar,12.0,1e-06,random,rand5,24,3,0.0522296882228671
p31,2,tr,Mixed FD,scalar,12.0,1e-06,random,rand5,24,4,0.033239215826997535
p31,2,tr,Mixed FD,scalar,12.0,1e-06,random,rand5,24,5,0.004132690149135294
p31,2,tr,Mixed FD,scalar,12.0,1e-06,random,rand5,24,6,0.00010139571638066983
p31,2,tr,Mixed FD,scalar,12.0,1e-06,random,rand5,24,7,1.2490791750340407e-05
p31,2,tr,Mixed FD,scalar,12.0,1e-06,random,rand5,24,8,6.722892850445089e-06
p31,2,tr,Mixed FD,scalar,12.0,1e-06,random,rand5,24,9,8.279981640724559e-07
p31,2,tr,Mixed FD,scalar,12.0,1e-06,random,rand5,24,10,4.082343678345689e-07
p31,2,tr,Mixed FD,scalar,12.0,1e-06,random,rand5,24,11,4.842160063737255e-08
p31,2,nm,Mixed FD,adaptive,4.0,1e-06,initial,xbar,25,0,0.48045689726033264
p31,2,nm,Mixed FD,adaptive,4.0,1e-06,initial,xbar,25,1,0.2654444984816964
p31,2,nm,Mixed FD,adaptive,4.0,1e-06,initial,xbar,25,2,0.09397540563227233
p31,2,nm,Mixed FD,adaptive,4.0,1e-06,initial,xbar,25,3,0.014578034814452906
p31,2,nm,Mixed FD,adaptive,4.0,1e-06,initial,xbar,25,4,0.006472448458401104
p31,2,nm,Mixed FD,adaptive,4.0,1e-06,initial,xbar,25,5,0.0008199384628029599
p31,2,nm,Mixed FD,adaptive,4.0,1e-06,initial,xbar,25,6,0.0003805214275418748
p31,2,nm,Mixed FD,adaptive,4.0,1e-06,initial,xbar,25,7,4.826402764795874e-05
p31,2,nm,Mixed FD,adaptive,4.0,1e-06,initial,xbar,25,8,2.2349536700281757e-05
p31,2,nm,Mixed FD,adaptive,4.0,1e-06,initial,xbar,25,9,2.8351602878286227e-06
p31,2,nm,Mixed FD,adaptive,4.0,1e-06,initial,xbar,25,10,1.3126816612211535e-06
p31,2,nm,Mixed FD,adaptive,4.0,1e-06,initial,xbar,25,11,1.6656547675514363e-07
p31,2,tr,Mixed FD,adaptive,4.0,1e-06,initial,xbar,25,0,0.43517936659856193
p31,2,tr,Mixed FD,adaptive,4.0,1e-06,initial,xbar,25,1,0.23213354016020787
p31,2,tr,Mixed FD,adaptive,4.0,1e-06,initial,xbar,25,2,0.1773316277754245
p31,2,tr,Mixed FD,adaptive,4.0,1e-06,initial,xbar,25,3,0.05559697087471742
p31,2,tr,Mixed FD,adaptive,4.0,1e-06,initial,xbar,25,4,0.007702575232611064
p31,2,tr,Mixed FD,adaptive,4.0,1e-06,initial,xbar,25,5,0.0060549669022162056
p31,2,tr,Mixed FD,adaptive,4.0,1e-06,initial,xbar,25,6,0.000745964814115698
p31,2,tr,Mixed FD,adaptive,4.0,1e-06,initial,xbar,25,7,0.0004496655405190874
p31,2,tr,Mixed FD,adaptive,4.0,1e-06,initial,xbar,25,8,5.537629682046537e-05
p31,2,tr,Mixed FD,adaptive,4.0,1e-06,initial,xbar,25,9,2.810259291159631e-05
p31,2,tr,Mixed FD,adaptive,4.0,1e-06,initial,xbar,25,10,3.4604624443161215e-06
p31,2,tr,Mixed FD,adaptive,4.0,1e-06,initial,xbar,25,11,1.6813413450792254e-06
p31,2,tr,Mixed FD,adaptive,4.0,1e-06,initial,xbar,25,12,2.0283221424576267e-07
p31,2,nm,Mixed FD,adaptive,4.0,1e-06,random,rand1,26,0,0.6848933545198911
p31,2,nm,Mixed FD,adaptive,4.0,1e-06,random,rand1,26,1,0.3829735734009357
p31,2,nm,Mixed FD,adaptive,4.0,1e-06,random,rand1,26,2,0.15592326597801315
p31,2,nm,Mixed FD,adaptive,4.0,1e-06,random,rand1,26,3,0.033332838031603786
p31,2,nm,Mixed FD,adaptive,4.0,1e-06,random,rand1,26,4,0.012754046171709462
p31,2,nm,Mixed FD,adaptive,4.0,1e-06,random,rand1,26,5,0.0018947384285469156
p31,2,nm,Mixed FD,adaptive,4.0,1e-06,random,rand1,26,6,0.0007447049513834752
p31,2,nm,Mixed FD,adaptive,4.0,1e-06,random,rand1,26,7,0.00011111616224206466
p31,2,nm,Mixed FD,adaptive,4.0,1e-06,random,rand1,26,8,4.375840997237923e-05
p31,2,nm,Mixed FD,adaptive,4.0,1e-06,random,rand1,26,9,6.53000050359616e-06
p31,2,nm,Mixed FD,adaptive,4.0,1e-06,random,rand1,26,10,2.569786429558689e-06
p31,2,nm,Mixed FD,adaptive,4.0,1e-06,random,rand1,26,11,3.8370816200525784e-07
p31,2,nm,Mixed FD,adaptive,4.0,1e-06,random,rand1,26,12,1.5091985339132337e-07
p31,2,tr,Mixed FD,adaptive,4.0,1e-06,random,rand1,26,0,0.5590844048116109
p31,2,tr,Mixed FD,adaptive,4.0,1e-06,random,rand1,26,1,0.3695426600757664
p31,2,tr,Mixed FD,adaptive,4.0,1e-06,random,rand1,26,2,0.2300991685662607
p31,2,tr,Mixed FD,adaptive,4.0,1e-06,random,rand1,26,3,0.09389618678419563
p31,2,tr,Mixed FD,adaptive,4.0,1e-06,random,rand1,26,4,0.07230920037411254
p31,2,tr,Mixed FD,adaptive,4.0,1e-06,random,rand1,26,5,0.009383815783607608
p31,2,tr,Mixed FD,adaptive,4.0,1e-06,random,rand1,26,6,0.003654065118765931
p31,2,tr,Mixed FD,adaptive,4.0,1e-06,random,rand1,26,7,0.0004515826728771479
p31,2,tr,Mixed FD,adaptive,4.0,1e-06,random,rand1,26,8,0.00010431549209227648
p31,2,tr,Mixed FD,adaptive,4.0,1e-06,random,rand1,26,9,1.2849883163398616e-05
p31,2,tr,Mixed FD,adaptive,4.0,1e-06,random,rand1,26,10,5.312289751965764e-06
p31,2,tr,Mixed FD,adaptive,4.0,1e-06,random,rand1,26,11,6.54148021562301e-07
p31,2,tr,Mixed FD,adaptive,4.0,1e-06,random,rand1,26,12,3.0184800240839474e-07
p31,2,tr,Mixed FD,adaptive,4.0,1e-06,random,rand1,26,13,3.83153022685725e-08
p31,2,nm,Mixed FD,adaptive,4.0,1e-06,random,rand2,27,0,0.3992489482254847
p31,2,nm,Mixed FD,adaptive,4.0,1e-06,random,rand2,27,1,0.16755692548968915
p31,2,nm,Mixed FD,adaptive,4.0,1e-06,random,rand2,27,2,0.03595299631253671
p31,2,nm,Mixed FD,adaptive,4.0,1e-06,random,rand2,27,3,0.014112030542916995
p31,2,nm,Mixed FD,adaptive,4.0,1e-06,random,rand2,27,4,0.0019530717964741438
p31,2,nm,Mixed FD,adaptive,4.0,1e-06,random,rand2,27,5,0.0008268036874481159
p31,2,nm,Mixed FD,adaptive,4.0,1e-06,random,rand2,27,6,0.00011477784597954175
p31,2,nm,Mixed FD,adaptive,4.0,1e-06,random,rand2,27,7,4.8577164842394284e-05
p31,2,nm,Mixed FD,adaptive,4.0,1e-06,random,rand2,27,8,6.744011083587022e-06
p31,2,nm,Mixed FD,adaptive,4.0,1e-06,random,rand2,27,9,2.8529028651608464e-06
p31,2,nm,Mixed FD,adaptive,4.0,1e-06,random,rand2,27,10,3.962682657040282e-07
p31,2,nm,Mixed FD,adaptive,4.0,1e-06,random,rand2,27,11,1.675527854558317e-07
p31,2,tr,Mixed FD,adaptive,4.0,1e-06,random,rand2,27,0,0.3957132870855877
p31,2,tr,Mixed FD,adaptive,4.0,1e-06,random,rand2,27,1,0.1319569193075074
p31,2,tr,Mixed FD,adaptive,4.0,1e-06,random,rand2,27,2,0.07289141177737041
p31,2,tr,Mixed FD,adaptive,4.0,1e-06,random,rand2,27,3,0.007225980485853026
p31,2,tr,Mixed FD,adaptive,4.0,1e-06,random,rand2,27,4,0.0009207694174648812
p31,2,tr,Mixed FD,adaptive,4.0,1e-06,random,rand2,27,5,0.0008956856298346398
p31,2,tr,Mixed FD,adaptive,4.0,1e-06,random,rand2,27,6,0.00011046531319781266
p31,2,tr,Mixed FD,adaptive,4.0,1e-06,random,rand2,27,7,6.84693471722571e-05
p31,2,tr,Mixed FD,adaptive,4.0,1e-06,random,rand2,27,8,8.432140290865157e-06
p31,2,tr,Mixed FD,adaptive,4.0,1e-06,random,rand2,27,9,4.33797077670973e-06
p31,2,tr,Mixed FD,adaptive,4.0,1e-06,random,rand2,27,10,5.341653080238576e-07
p31,2,tr,Mixed FD,adaptive,4.0,1e-06,random,rand2,27,11,2.604222485367427e-07
p31,2,tr,Mixed FD,adaptive,4.0,1e-06,random,rand2,27,12,3.130594874334322e-08
p31,2,nm,Mixed FD,adaptive,4.0,1e-06,random,rand3,28,0,0.7530751781987088
p31,2,nm,Mixed FD,adaptive,4.0,1e-06,random,rand3,28,1,0.3148404843974139
p31,2,nm,Mixed FD,adaptive,4.0,1e-06,random,rand3,28,2,0.16496387255736714
p31,2,nm,Mixed FD,adaptive,4.0,1e-06,random,rand3,28,3,0.04271384956695818
p31,2,nm,Mixed FD,adaptive,4.0,1e-06,random,rand3,28,4,0.008565691623005457
p31,2,nm,Mixed FD,adaptive,4.0,1e-06,random,rand3,28,5,0.0027130395849149316
p31,2,nm,Mixed FD,adaptive,4.0,1e-06,random,rand3,28,6,0.0005144041136540036
p31,2,nm,Mixed FD,adaptive,4.0,1e-06,random,rand3,28,7,0.00015879577442917347
p31,2,nm,Mixed FD,adaptive,4.0,1e-06,random,rand3,28,8,3.0184664111970136e-05
p31,2,nm,Mixed FD,adaptive,4.0,1e-06,random,rand3,28,9,9.326748776982262e-06
p31,2,nm,Mixed FD,adaptive,4.0,1e-06,random,rand3,28,10,1.773848572637464e-06
p31,2,nm,Mixed FD,adaptive,4.0,1e-06,random,rand3,28,11,5.476839434351179e-07
p31,2,nm,Mixed FD,adaptive,4.0,1e-06,random,rand3,28,12,1.0423383915307052e-07
p31,2,tr,Mixed FD,adaptive,4.0,1e-06,random,rand3,28,0,0.3381264096068627
p31,2,tr,Mixed FD,adaptive,4.0,1e-06,random,rand3,28,1,0.11926260392638385
p31,2,tr,Mixed FD,adaptive,4.0,1e-06,random,rand3,28,2,0.2280632587015746
p31,2,tr,Mixed FD,adaptive,4.0,1e-06,random,rand3,28,3,0.03975044450171254
p31,2,tr,Mixed FD,adaptive,4.0,1e-06,random,rand3,28,4,0.054979854877701954
p31,2,tr,Mixed FD,adaptive,4.0,1e-06,random,rand3,28,5,0.007357682453597585
p31,2,tr,Mixed FD,adaptive,4.0,1e-06,random,rand3,28,6,0.004333671208373235
p31,2,tr,Mixed FD,adaptive,4.0,1e-06,random,rand3,28,7,0.00043967808098768324
p31,2,tr,Mixed FD,adaptive,4.0,1e-06,random,rand3,28,8,0.00026597359300090876
p31,2,tr,Mixed FD,adaptive,4.0,1e-06,random,rand3,28,9,3.2754553230375016e-05
p31,2,tr,Mixed FD,adaptive,4.0,1e-06,random,rand3,28,10,1.6680405790450903e-05
p31,2,tr,Mixed FD,adaptive,4.0,1e-06,random,rand3,28,11,2.0539726616814697e-06
p31,2,tr,Mixed FD,adaptive,4.0,1e-06,random,rand3,28,12,9.987699318696004e-07
p31,2,tr,Mixed FD,adaptive,4.0,1e-06,random,rand3,28,13,1.203898205094714e-07
p31,2,nm,Mixed FD,adaptive,4.0,1e-06,random,rand4,29,0,0.7542080012664812
p31,2,nm,Mixed FD,adaptive,4.0,1e-06,random,rand4,29,1,0.4125147616807951
p31,2,nm,Mixed FD,adaptive,4.0,1e-06,random,rand4,29,2,0.1810617957143977
p31,2,nm,Mixed FD,adaptive,4.0,1e-06,random,rand4,29,3,0.03783309658719383
p31,2,nm,Mixed FD,adaptive,4.0,1e-06,random,rand4,29,4,0.01495851960912241
p31,2,nm,Mixed FD,adaptive,4.0,1e-06,random,rand4,29,5,0.0019525265893023057
p31,2,nm,Mixed FD,adaptive,4.0,1e-06,random,rand4,29,6,0.0008967279085522112
p31,2,nm,Mixed FD,adaptive,4.0,1e-06,random,rand4,29,7,0.0001153823273389998
p31,2,nm,Mixed FD,adaptive,4.0,1e-06,random,rand4,29,8,5.262687034843162e-05
p31,2,nm,Mixed FD,adaptive,4.0,1e-06,random,rand4,29,9,6.773086990723539e-06
p31,2,nm,Mixed FD,adaptive,4.0,1e-06,random,rand4,29,10,3.0915508669189588e-06
p31,2,nm,Mixed FD,adaptive,4.0,1e-06,random,rand4,29,11,3.977456566814705e-07
p31,2,nm,Mixed FD,adaptive,4.0,1e-06,random,rand4,29,12,1.816017184882764e-07
p31,2,tr,Mixed FD,adaptive,4.0,1e-06,random,rand4,29,0,0.6604030854913253
p31,2,tr,Mixed FD,adaptive,4.0,1e-06,random,rand4,29,1,0.3376275235428753
p31,2,tr,Mixed FD,adaptive,4.0,1e-06,random,rand4,29,2,0.09933622116389593
p31,2,tr,Mixed FD,adaptive,4.0,1e-06,random,rand4,29,3,0.06425590976080292
p31,2,tr,Mixed FD,adaptive,4.0,1e-06,random,rand4,29,4,0.014484802950074696
p31,2,tr,Mixed FD,adaptive,4.0,1e-06,random,rand4,29,5,0.002738060825839391
p31,2,tr,Mixed FD,adaptive,4.0,1e-06,random,rand4,29,6,0.0003372762729035854
p31,2,tr,Mixed FD,adaptive,4.0,1e-06,random,rand4,29,7,0.00012776018996164595
p31,2,tr,Mixed FD,adaptive,4.0,1e-06,random,rand4,29,8,1.57328418649283e-05
p31,2,tr,Mixed FD,adaptive,4.0,1e-06,random,rand4,29,9,7.1265840218539685e-06
p31,2,tr,Mixed FD,adaptive,4.0,1e-06,random,rand4,29,10,8.775408401825958e-07
p31,2,tr,Mixed FD,adaptive,4.0,1e-06,random,rand4,29,11,4.138781751942541e-07
p31,2,tr,Mixed FD,adaptive,4.0,1e-06,random,rand4,29,12,5.145099615180161e-08
p31,2,nm,Mixed FD,adaptive,4.0,1e-06,random,rand5,30,0,0.5780820970074025
p31,2,nm,Mixed FD,adaptive,4.0,1e-06,random,rand5,30,1,0.38798423828607964
p31,2,nm,Mixed FD,adaptive,4.0,1e-06,random,rand5,30,2,0.2038196182680477
p31,2,nm,Mixed FD,adaptive,4.0,1e-06,random,rand5,30,3,0.05930146439757331
p31,2,nm,Mixed FD,adaptive,4.0,1e-06,random,rand5,30,4,0.010696287933385893
p31,2,nm,Mixed FD,adaptive,4.0,1e-06,random,rand5,30,5,0.0038939403351303807
p31,2,nm,Mixed FD,adaptive,4.0,1e-06,random,rand5,30,6,0.0006384824167567755
p31,2,nm,Mixed FD,adaptive,4.0,1e-06,random,rand5,30,7,0.00022788578925854748
p31,2,nm,Mixed FD,adaptive,4.0,1e-06,random,rand5,30,8,3.747123543639021e-05
p31,2,nm,Mixed FD,adaptive,4.0,1e-06,random,rand5,30,9,1.3385751912096645e-05
p31,2,nm,Mixed FD,adaptive,4.0,1e-06,random,rand5,30,10,2.2020622613788993e-06
p31,2,nm,Mixed FD,adaptive,4.0,1e-06,random,rand5,30,11,7.860810696581833e-07
p31,2,nm,Mixed FD,adaptive,4.0,1e-06,random,rand5,30,12,1.2939794020097302e-07
p31,2,tr,Mixed FD,adaptive,4.0,1e-06,random,rand5,30,0,0.5140234232931589
p31,2,tr,Mixed FD,adaptive,4.0,1e-06,random,rand5,30,1,0.48252741586465914
p31,2,tr,Mixed FD,adaptive,4.0,1e-06,random,rand5,30,2,0.2549084973544782
p31,2,tr,Mixed FD,adaptive,4.0,1e-06,random,rand5,30,3,0.052204696716755365
p31,2,tr,Mixed FD,adaptive,4.0,1e-06,random,rand5,30,4,0.03320916892620562
p31,2,tr,Mixed FD,adaptive,4.0,1e-06,random,rand5,30,5,0.004128550228219111
p31,2,tr,Mixed FD,adaptive,4.0,1e-06,random,rand5,30,6,9.924844301593593e-05
p31,2,tr,Mixed FD,adaptive,4.0,1e-06,random,rand5,30,7,1.222569819576499e-05
p31,2,tr,Mixed FD,adaptive,4.0,1e-06,random,rand5,30,8,6.611982906769867e-06
p31,2,tr,Mixed FD,adaptive,4.0,1e-06,random,rand5,30,9,8.141944085656981e-07
p31,2,tr,Mixed FD,adaptive,4.0,1e-06,random,rand5,30,10,4.024868992920865e-07
p31,2,tr,Mixed FD,adaptive,4.0,1e-06,random,rand5,30,11,4.7674951634190676e-08
p31,2,nm,Mixed FD,adaptive,8.0,1e-06,initial,xbar,31,0,0.4804110376181664
p31,2,nm,Mixed FD,adaptive,8.0,1e-06,initial,xbar,31,1,0.2654429764274701
p31,2,nm,Mixed FD,adaptive,8.0,1e-06,initial,xbar,31,2,0.09400281580406382
p31,2,nm,Mixed FD,adaptive,8.0,1e-06,initial,xbar,31,3,0.01457981527424861
p31,2,nm,Mixed FD,adaptive,8.0,1e-06,initial,xbar,31,4,0.006474095939544047
p31,2,nm,Mixed FD,adaptive,8.0,1e-06,initial,xbar,31,5,0.0008196024824621126
p31,2,nm,Mixed FD,adaptive,8.0,1e-06,initial,xbar,31,6,0.00038059342755070483
p31,2,nm,Mixed FD,adaptive,8.0,1e-06,initial,xbar,31,7,4.822850946135014e-05
p31,2,nm,Mixed FD,adaptive,8.0,1e-06,initial,xbar,31,8,2.2351815823591987e-05
p31,2,nm,Mixed FD,adaptive,8.0,1e-06,initial,xbar,31,9,2.8320895312187316e-06
p31,2,nm,Mixed FD,adaptive,8.0,1e-06,initial,xbar,31,10,1.312704019468955e-06
p31,2,nm,Mixed FD,adaptive,8.0,1e-06,initial,xbar,31,11,1.6632738688427312e-07
p31,2,tr,Mixed FD,adaptive,8.0,1e-06,initial,xbar,31,0,0.43514276222047965
p31,2,tr,Mixed FD,adaptive,8.0,1e-06,initial,xbar,31,1,0.23213721194988815
p31,2,tr,Mixed FD,adaptive,8.0,1e-06,initial,xbar,31,2,0.1773270592805095
p31,2,tr,Mixed FD,adaptive,8.0,1e-06,initial,xbar,31,3,0.055610148127953084
p31,2,tr,Mixed FD,adaptive,8.0,1e-06,initial,xbar,31,4,0.007704339044270801
p31,2,tr,Mixed FD,adaptive,8.0,1e-06,initial,xbar,31,5,0.006048254296098359
p31,2,tr,Mixed FD,adaptive,8.0,1e-06,initial,xbar,31,6,0.0007451156888229984
p31,2,tr,Mixed FD,adaptive,8.0,1e-06,initial,xbar,31,7,0.0004483007449065693
p31,2,tr,Mixed FD,adaptive,8.0,1e-06,initial,xbar,31,8,5.520740440036057e-05
p31,2,tr,Mixed FD,adaptive,8.0,1e-06,initial,xbar,31,9,2.7954059951693306e-05
p31,2,tr,Mixed FD,adaptive,8.0,1e-06,initial,xbar,31,10,3.4421350781754443e-06
p31,2,tr,Mixed FD,adaptive,8.0,1e-06,initial,xbar,31,11,1.6683929592289288e-06
p31,2,tr,Mixed FD,adaptive,8.0,1e-06,initial,xbar,31,12,2.020893319208661e-07
p31,2,nm,Mixed FD,adaptive,8.0,1e-06,random,rand1,32,0,0.6848250852227628
p31,2,nm,Mixed FD,adaptive,8.0,1e-06,random,rand1,32,1,0.3829686665127116
p31,2,nm,Mixed FD,adaptive,8.0,1e-06,random,rand1,32,2,0.15595467269031243
p31,2,nm,Mixed FD,adaptive,8.0,1e-06,random,rand1,32,3,0.03333507251662658
p31,2,nm,Mixed FD,adaptive,8.0,1e-06,random,rand1,32,4,0.012759578003991232
p31,2,nm,Mixed FD,adaptive,8.0,1e-06,random,rand1,32,5,0.0018929395497438264
p31,2,nm,Mixed FD,adaptive,8.0,1e-06,random,rand1,32,6,0.0007450585379614161
p31,2,nm,Mixed FD,adaptive,8.0,1e-06,random,rand1,32,7,0.00011095468038649321
p31,2,nm,Mixed FD,adaptive,8.0,1e-06,random,rand1,32,8,4.377957380160767e-05
p31,2,nm,Mixed FD,adaptive,8.0,1e-06,random,rand1,32,9,6.5169376398705865e-06
p31,2,nm,Mixed FD,adaptive,8.0,1e-06,random,rand1,32,10,2.5710600844552348e-06
p31,2,nm,Mixed FD,adaptive,8.0,1e-06,random,rand1,32,11,3.827319831628743e-07
p31,2,nm,Mixed FD,adaptive,8.0,1e-06,random,rand1,32,12,1.50996473838134e-07
p31,2,tr,Mixed FD,adaptive,8.0,1e-06,random,rand1,32,0,0.5590428028170681
p31,2,tr,Mixed FD,adaptive,8.0,1e-06,random,rand1,32,1,0.3695082917722308
p31,2,tr,Mixed FD,adaptive,8.0,1e-06,random,rand1,32,2,0.23014735772088354
p31,2,tr,Mixed FD,adaptive,8.0,1e-06,random,rand1,32,3,0.09389383071575083
p31,2,tr,Mixed FD,adaptive,8.0,1e-06,random,rand1,32,4,0.07231086196106096
p31,2,tr,Mixed FD,adaptive,8.0,1e-06,random,rand1,32,5,0.009385528451757776
p31,2,tr,Mixed FD,adaptive,8.0,1e-06,random,rand1,32,6,0.003659408870575207
p31,2,tr,Mixed FD,adaptive,8.0,1e-06,random,rand1,32,7,0.00045224954795551077
p31,2,tr,Mixed FD,adaptive,8.0,1e-06,random,rand1,32,8,0.00010415894592548157
p31,2,tr,Mixed FD,adaptive,8.0,1e-06,random,rand1,32,9,1.2830648542752461e-05
p31,2,tr,Mixed FD,adaptive,8.0,1e-06,random,rand1,32,10,5.287388782049475e-06
p31,2,tr,Mixed FD,adaptive,8.0,1e-06,random,rand1,32,11,6.510777430766054e-07
p31,2,tr,Mixed FD,adaptive,8.0,1e-06,random,rand1,32,12,2.9959739679086014e-07
p31,2,tr,Mixed FD,adaptive,8.0,1e-06,random,rand1,32,13,3.818759865625564e-08
p31,2,nm,Mixed FD,adaptive,8.0,1e-06,random,rand2,33,0,0.39922051128096386
p31,2,nm,Mixed FD,adaptive,8.0,1e-06,random,rand2,33,1,0.16756567475366196
p31,2,nm,Mixed FD,adaptive,8.0,1e-06,random,rand2,33,2,0.03595370855229531
p31,2,nm,Mixed FD,adaptive,8.0,1e-06,random,rand2,33,3,0.014114215723691372
p31,2,nm,Mixed FD,adaptive,8.0,1e-06,random,rand2,33,4,0.0019513740677415759
p31,2,nm,Mixed FD,adaptive,8.0,1e-06,random,rand2,33,5,0.0008269355446576326
p31,2,nm,Mixed FD,adaptive,8.0,1e-06,random,rand2,33,6,0.00011462581335866908
p31,2,nm,Mixed FD,adaptive,8.0,1e-06,random,rand2,33,7,4.858358638967604e-05
p31,2,nm,Mixed FD,adaptive,8.0,1e-06,random,rand2,33,8,6.731698735136049e-06
p31,2,nm,Mixed FD,adaptive,8.0,1e-06,random,rand2,33,9,2.853212126657648e-06
p31,2,nm,Mixed FD,adaptive,8.0,1e-06,random,rand2,33,10,3.953476341813635e-07
p31,2,nm,Mixed FD,adaptive,8.0,1e-06,random,rand2,33,11,1.6756696884408376e-07
p31,2,tr,Mixed FD,adaptive,8.0,1e-06,random,rand2,33,0,0.39569022694880307
p31,2,tr,Mixed FD,adaptive,8.0,1e-06,random,rand2,33,1,0.13196808605276025
p31,2,tr,Mixed FD,adaptive,8.0,1e-06,random,rand2,33,2,0.07287833940761194
p31,2,tr,Mixed FD,adaptive,8.0,1e-06,random,rand2,33,3,0.007237883239760215
p31,2,tr,Mixed FD,adaptive,8.0,1e-06,random,rand2,33,4,0.0009214257071255385
p31,2,tr,Mixed FD,adaptive,8.0,1e-06,random,rand2,33,5,0.0008891149383038852
p31,2,tr,Mixed FD,adaptive,8.0,1e-06,random,rand2,33,6,0.0001096460337701735
p31,2,tr,Mixed FD,adaptive,8.0,1e-06,random,rand2,33,7,6.761135313458142e-05
p31,2,tr,Mixed FD,adaptive,8.0,1e-06,random,rand2,33,8,8.326313947405815e-06
p31,2,tr,Mixed FD,adaptive,8.0,1e-06,random,rand2,33,9,4.269574242173307e-06
p31,2,tr,Mixed FD,adaptive,8.0,1e-06,random,rand2,33,10,5.257371451356967e-07
p31,2,tr,Mixed FD,adaptive,8.0,1e-06,random,rand2,33,11,2.5562493769431833e-07
p31,2,tr,Mixed FD,adaptive,8.0,1e-06,random,rand2,33,12,3.086352973220082e-08
p31,2,nm,Mixed FD,adaptive,8.0,1e-06,random,rand3,34,0,0.7530336293494501
p31,2,nm,Mixed FD,adaptive,8.0,1e-06,random,rand3,34,1,0.3147943795670677
p31,2,nm,Mixed FD,adaptive,8.0,1e-06,random,rand3,34,2,0.16494926843036203
p31,2,nm,Mixed FD,adaptive,8.0,1e-06,random,rand3,34,3,0.0427238316171323
p31,2,nm,Mixed FD,adaptive,8.0,1e-06,random,rand3,34,4,0.008561386592369713
p31,2,nm,Mixed FD,adaptive,8.0,1e-06,random,rand3,34,5,0.0027141157781189495
p31,2,nm,Mixed FD,adaptive,8.0,1e-06,random,rand3,34,6,0.0005138326384688237
p31,2,nm,Mixed FD,adaptive,8.0,1e-06,random,rand3,34,7,0.0001588767848063523
p31,2,nm,Mixed FD,adaptive,8.0,1e-06,random,rand3,34,8,3.0134573380697065e-05
p31,2,nm,Mixed FD,adaptive,8.0,1e-06,random,rand3,34,9,9.332555560389611e-06
p31,2,nm,Mixed FD,adaptive,8.0,1e-06,random,rand3,34,10,1.769923671092182e-06
p31,2,nm,Mixed FD,adaptive,8.0,1e-06,random,rand3,34,11,5.48086747817268e-07
p31,2,nm,Mixed FD,adaptive,8.0,1e-06,random,rand3,34,12,1.0394563491610126e-07
p31,2,tr,Mixed FD,adaptive,8.0,1e-06,random,rand3,34,0,0.338111741442109
p31,2,tr,Mixed FD,adaptive,8.0,1e-06,random,rand3,34,1,0.1192671188050819
p31,2,tr,Mixed FD,adaptive,8.0,1e-06,random,rand3,34,2,0.228034689950872
p31,2,tr,Mixed FD,adaptive,8.0,1e-06,random,rand3,34,3,0.039731985907316025
p31,2,tr,Mixed FD,adaptive,8.0,1e-06,random,rand3,34,4,0.05495833266663661
p31,2,tr,Mixed FD,adaptive,8.0,1e-06,random,rand3,34,5,0.007354458480825187
p31,2,tr,Mixed FD,adaptive,8.0,1e-06,random,rand3,34,6,0.004325803904032541
p31,2,tr,Mixed FD,adaptive,8.0,1e-06,random,rand3,34,7,0.00044052089263746976
p31,2,tr,Mixed FD,adaptive,8.0,1e-06,random,rand3,34,8,0.00026535725880568004
p31,2,tr,Mixed FD,adaptive,8.0,1e-06,random,rand3,34,9,3.267808465783371e-05
p31,2,tr,Mixed FD,adaptive,8.0,1e-06,random,rand3,34,10,1.659210782750859e-05
p31,2,tr,Mixed FD,adaptive,8.0,1e-06,random,rand3,34,11,2.043077218861676e-06
p31,2,tr,Mixed FD,adaptive,8.0,1e-06,random,rand3,34,12,9.908781881348508e-07
p31,2,tr,Mixed FD,adaptive,8.0,1e-06,random,rand3,34,13,1.1994925725531608e-07
p31,2,nm,Mixed FD,adaptive,8.0,1e-06,random,rand4,35,0,0.7542235750917069
p31,2,nm,Mixed FD,adaptive,8.0,1e-06,random,rand4,35,1,0.41251810509360726
p31,2,nm,Mixed FD,adaptive,8.0,1e-06,random,rand4,35,2,0.18110665812382382
p31,2,nm,Mixed FD,adaptive,8.0,1e-06,random,rand4,35,3,0.03785755748073213
p31,2,nm,Mixed FD,adaptive,8.0,1e-06,random,rand4,35,4,0.014959011947920228
p31,2,nm,Mixed FD,adaptive,8.0,1e-06,random,rand4,35,5,0.0019544570441475955
p31,2,nm,Mixed FD,adaptive,8.0,1e-06,random,rand4,35,6,0.0008966245488067648
p31,2,nm,Mixed FD,adaptive,8.0,1e-06,random,rand4,35,7,0.00011550582013097501
p31,2,nm,Mixed FD,adaptive,8.0,1e-06,random,rand4,35,8,5.260945666285763e-05
p31,2,nm,Mixed FD,adaptive,8.0,1e-06,random,rand4,35,9,6.781048940322594e-06
p31,2,nm,Mixed FD,adaptive,8.0,1e-06,random,rand4,35,10,3.0898797312380596e-06
p31,2,nm,Mixed FD,adaptive,8.0,1e-06,random,rand4,35,11,3.9825395377894706e-07
p31,2,nm,Mixed FD,adaptive,8.0,1e-06,random,rand4,35,12,1.8146546354989133e-07
p31,2,tr,Mixed FD,adaptive,8.0,1e-06,random,rand4,35,0,0.6603578356604685
p31,2,tr,Mixed FD,adaptive,8.0,1e-06,random,rand4,35,1,0.3376353752941965
p31,2,tr,Mixed FD,adaptive,8.0,1e-06,random,rand4,35,2,0.09935914883005009
p31,2,tr,Mixed FD,adaptive,8.0,1e-06,random,rand4,35,3,0.06427793384608942
p31,2,tr,Mixed FD,adaptive,8.0,1e-06,random,rand4,35,4,0.014467466369923574
p31,2,tr,Mixed FD,adaptive,8.0,1e-06,random,rand4,35,5,0.002730277177397924
p31,2,tr,Mixed FD,adaptive,8.0,1e-06,random,rand4,35,6,0.0003363156462306532
p31,2,tr,Mixed FD,adaptive,8.0,1e-06,random,rand4,35,7,0.00012741095261917669
p31,2,tr,Mixed FD,adaptive,8.0,1e-06,random,rand4,35,8,1.5689740506190294e-05
p31,2,tr,Mixed FD,adaptive,8.0,1e-06,random,rand4,35,9,7.092248523102529e-06
p31,2,tr,Mixed FD,adaptive,8.0,1e-06,random,rand4,35,10,8.73305574118306e-07
p31,2,tr,Mixed FD,adaptive,8.0,1e-06,random,rand4,35,11,4.108716238244944e-07
p31,2,tr,Mixed FD,adaptive,8.0,1e-06,random,rand4,35,12,5.127902865131624e-08
p31,2,nm,Mixed FD,adaptive,8.0,1e-06,random,rand5,36,0,0.5780312889283131
p31,2,nm,Mixed FD,adaptive,8.0,1e-06,random,rand5,36,1,0.3879696340454889
p31,2,nm,Mixed FD,adaptive,8.0,1e-06,random,rand5,36,2,0.20383978345185083
p31,2,nm,Mixed FD,adaptive,8.0,1e-06,random,rand5,36,3,0.05933584249037445
p31,2,nm,Mixed FD,adaptive,8.0,1e-06,random,rand5,36,4,0.010692775487014094
p31,2,nm,Mixed FD,adaptive,8.0,1e-06,random,rand5,36,5,0.003896739128078569
p31,2,nm,Mixed FD,adaptive,8.0,1e-06,random,rand5,36,6,0.0006378205444734616
p31,2,nm,Mixed FD,adaptive,8.0,1e-06,random,rand5,36,7,0.0002280635491292863
p31,2,nm,Mixed FD,adaptive,8.0,1e-06,random,rand5,36,8,3.7411640099744264e-05
p31,2,nm,Mixed FD,adaptive,8.0,1e-06,random,rand5,36,9,1.339690918590497e-05
p31,2,nm,Mixed FD,adaptive,8.0,1e-06,random,rand5,36,10,2.197313814352508e-06
p31,2,nm,Mixed FD,adaptive,8.0,1e-06,random,rand5,36,11,7.867791966384686e-07
p31,2,nm,Mixed FD,adaptive,8.0,1e-06,random,rand5,36,12,1.290458540546015e-07
p31,2,tr,Mixed FD,adaptive,8.0,1e-06,random,rand5,36,0,0.5139875912926609
p31,2,tr,Mixed FD,adaptive,8.0,1e-06,random,rand5,36,1,0.48248530398803535
p31,2,tr,Mixed FD,adaptive,8.0,1e-06,random,rand5,36,2,0.2549300531181804
p31,2,tr,Mixed FD,adaptive,8.0,1e-06,random,rand5,36,3,0.052226097358415526
p31,2,tr,Mixed FD,adaptive,8.0,1e-06,random,rand5,36,4,0.03323354588566752
p31,2,tr,Mixed FD,adaptive,8.0,1e-06,random,rand5,36,5,0.004131913566751454
p31,2,tr,Mixed FD,adaptive,8.0,1e-06,random,rand5,36,6,0.00010269815041556432
p31,2,tr,Mixed FD,adaptive,8.0,1e-06,random,rand5,36,7,1.265012824195243e-05
p31,2,tr,Mixed FD,adaptive,8.0,1e-06,random,rand5,36,8,6.8042285216631315e-06
p31,2,tr,Mixed FD,adaptive,8.0,1e-06,random,rand5,36,9,8.378558663513102e-07
p31,2,tr,Mixed FD,adaptive,8.0,1e-06,random,rand5,36,10,4.1282393358503294e-07
p31,2,tr,Mixed FD,adaptive,8.0,1e-06,random,rand5,36,11,4.914889293028347e-08
p31,2,nm,Mixed FD,adaptive,12.0,1e-06,initial,xbar,37,0,0.48040825199319825
p31,2,nm,Mixed FD,adaptive,12.0,1e-06,initial,xbar,37,1,0.2654663386508076
p31,2,nm,Mixed FD,adaptive,12.0,1e-06,initial,xbar,37,2,0.0939679376082019
p31,2,nm,Mixed FD,adaptive,12.0,1e-06,initial,xbar,37,3,0.014576159411922992
p31,2,nm,Mixed FD,adaptive,12.0,1e-06,initial,xbar,37,4,0.006476010722815215
p31,2,nm,Mixed FD,adaptive,12.0,1e-06,initial,xbar,37,5,0.0008199319137612297
p31,2,nm,Mixed FD,adaptive,12.0,1e-06,initial,xbar,37,6,0.00038084056678888256
p31,2,nm,Mixed FD,adaptive,12.0,1e-06,initial,xbar,37,7,4.8270487684357386e-05
p31,2,nm,Mixed FD,adaptive,12.0,1e-06,initial,xbar,37,8,2.2361254919261076e-05
p31,2,nm,Mixed FD,adaptive,12.0,1e-06,initial,xbar,37,9,2.83286606882557e-06
p31,2,nm,Mixed FD,adaptive,12.0,1e-06,initial,xbar,37,10,1.3131065856074133e-06
p31,2,nm,Mixed FD,adaptive,12.0,1e-06,initial,xbar,37,11,1.663710232546119e-07
p31,2,tr,Mixed FD,adaptive,12.0,1e-06,initial,xbar,37,0,0.43513797246926844
p31,2,tr,Mixed FD,adaptive,12.0,1e-06,initial,xbar,37,1,0.23217707194399603
p31,2,tr,Mixed FD,adaptive,12.0,1e-06,initial,xbar,37,2,0.17730385728772732
p31,2,tr,Mixed FD,adaptive,12.0,1e-06,initial,xbar,37,3,0.05560241010989195
p31,2,tr,Mixed FD,adaptive,12.0,1e-06,initial,xbar,37,4,0.007699803819542335
p31,2,tr,Mixed FD,adaptive,12.0,1e-06,initial,xbar,37,5,0.0060491674770445135
p31,2,tr,Mixed FD,adaptive,12.0,1e-06,initial,xbar,37,6,0.0007450918959965791
p31,2,tr,Mixed FD,adaptive,12.0,1e-06,initial,xbar,37,7,0.00044884463361893114
p31,2,tr,Mixed FD,adaptive,12.0,1e-06,initial,xbar,37,8,5.528973921145108e-05
p31,2,tr,Mixed FD,adaptive,12.0,1e-06,initial,xbar,37,9,2.8024709824274575e-05
p31,2,tr,Mixed FD,adaptive,12.0,1e-06,initial,xbar,37,10,3.4501719848652433e-06
p31,2,tr,Mixed FD,adaptive,12.0,1e-06,initial,xbar,37,11,1.6731586465110464e-06
p31,2,tr,Mixed FD,adaptive,12.0,1e-06,initial,xbar,37,12,2.0230349023556014e-07
p31,2,nm,Mixed FD,adaptive,12.0,1e-06,random,rand1,38,0,0.6848373448670362
p31,2,nm,Mixed FD,adaptive,12.0,1e-06,random,rand1,38,1,0.3830405229599073
p31,2,nm,Mixed FD,adaptive,12.0,1e-06,random,rand1,38,2,0.15593052375405606
p31,2,nm,Mixed FD,adaptive,12.0,1e-06,random,rand1,38,3,0.03333931104992365
p31,2,nm,Mixed FD,adaptive,12.0,1e-06,random,rand1,38,4,0.012751222032133459
p31,2,nm,Mixed FD,adaptive,12.0,1e-06,random,rand1,38,5,0.0018957670261301877
p31,2,nm,Mixed FD,adaptive,12.0,1e-06,random,rand1,38,6,0.0007443222794843361
p31,2,nm,Mixed FD,adaptive,12.0,1e-06,random,rand1,38,7,0.00011108324236714052
p31,2,nm,Mixed FD,adaptive,12.0,1e-06,random,rand1,38,8,4.3734670274435434e-05
p31,2,nm,Mixed FD,adaptive,12.0,1e-06,random,rand1,38,9,6.5207062421813265e-06
p31,2,nm,Mixed FD,adaptive,12.0,1e-06,random,rand1,38,10,2.5674576730104842e-06
p31,2,nm,Mixed FD,adaptive,12.0,1e-06,random,rand1,38,11,3.8284359890557503e-07
p31,2,nm,Mixed FD,adaptive,12.0,1e-06,random,rand1,38,12,1.5082290912890816e-07
p31,2,tr,Mixed FD,adaptive,12.0,1e-06,random,rand1,38,0,0.559056155945698
p31,2,tr,Mixed FD,adaptive,12.0,1e-06,random,rand1,38,1,0.3694936909730912
p31,2,tr,Mixed FD,adaptive,12.0,1e-06,random,rand1,38,2,0.23014403362252273
p31,2,tr,Mixed FD,adaptive,12.0,1e-06,random,rand1,38,3,0.09389278836038806
p31,2,tr,Mixed FD,adaptive,12.0,1e-06,random,rand1,38,4,0.07231615613749
p31,2,tr,Mixed FD,adaptive,12.0,1e-06,random,rand1,38,5,0.009379901563748322
p31,2,tr,Mixed FD,adaptive,12.0,1e-06,random,rand1,38,6,0.0036546766332978342
p31,2,tr,Mixed FD,adaptive,12.0,1e-06,random,rand1,38,7,0.00045164983170685826
p31,2,tr,Mixed FD,adaptive,12.0,1e-06,random,rand1,38,8,0.0001044429356917198
p31,2,tr,Mixed FD,adaptive,12.0,1e-06,random,rand1,38,9,1.2863312727384923e-05
p31,2,tr,Mixed FD,adaptive,12.0,1e-06,random,rand1,38,10,5.307503530902678e-06
p31,2,tr,Mixed FD,adaptive,12.0,1e-06,random,rand1,38,11,6.534083485526914e-07
p31,2,tr,Mixed FD,adaptive,12.0,1e-06,random,rand1,38,12,3.008701170109935e-07
p31,2,tr,Mixed FD,adaptive,12.0,1e-06,random,rand1,38,13,3.8363212270175894e-08
p31,2,nm,Mixed FD,adaptive,12.0,1e-06,random,rand2,39,0,0.39918304623648615
p31,2,nm,Mixed FD,adaptive,12.0,1e-06,random,rand2,39,1,0.1676467964839264
p31,2,nm,Mixed FD,adaptive,12.0,1e-06,random,rand2,39,2,0.035962576024021774
p31,2,nm,Mixed FD,adaptive,12.0,1e-06,random,rand2,39,3,0.014105317010421194
p31,2,nm,Mixed FD,adaptive,12.0,1e-06,random,rand2,39,4,0.0019502201437337973
p31,2,nm,Mixed FD,adaptive,12.0,1e-06,random,rand2,39,5,0.000826132548401589
p31,2,nm,Mixed FD,adaptive,12.0,1e-06,random,rand2,39,6,0.00011455450413854999
p31,2,nm,Mixed FD,adaptive,12.0,1e-06,random,rand2,39,7,4.852514414258053e-05
p31,2,nm,Mixed FD,adaptive,12.0,1e-06,random,rand2,39,8,6.727128857443281e-06
p31,2,nm,Mixed FD,adaptive,12.0,1e-06,random,rand2,39,9,2.852044954621972e-06
p31,2,nm,Mixed FD,adaptive,12.0,1e-06,random,rand2,39,10,3.949044040445855e-07
p31,2,nm,Mixed FD,adaptive,12.0,1e-06,random,rand2,39,11,1.674646299371918e-07
p31,2,tr,Mixed FD,adaptive,12.0,1e-06,random,rand2,39,0,0.39568967836988717
p31,2,tr,Mixed FD,adaptive,12.0,1e-06,random,rand2,39,1,0.13197117898293464
p31,2,tr,Mixed FD,adaptive,12.0,1e-06,random,rand2,39,2,0.0728688065757603
p31,2,tr,Mixed FD,adaptive,12.0,1e-06,random,rand2,39,3,0.007249299855086387
p31,2,tr,Mixed FD,adaptive,12.0,1e-06,random,rand2,39,4,0.0009228498880810944
p31,2,tr,Mixed FD,adaptive,12.0,1e-06,random,rand2,39,5,0.0008918872019141355
p31,2,tr,Mixed FD,adaptive,12.0,1e-06,random,rand2,39,6,0.00010998742801263484
p31,2,tr,Mixed FD,adaptive,12.0,1e-06,random,rand2,39,7,6.792412819289001e-05
p31,2,tr,Mixed FD,adaptive,12.0,1e-06,random,rand2,39,8,8.364255501765683e-06
p31,2,tr,Mixed FD,adaptive,12.0,1e-06,random,rand2,39,9,4.294392755159478e-06
p31,2,tr,Mixed FD,adaptive,12.0,1e-06,random,rand2,39,10,5.289390276130766e-07
p31,2,tr,Mixed FD,adaptive,12.0,1e-06,random,rand2,39,11,2.573065488997744e-07
p31,2,tr,Mixed FD,adaptive,12.0,1e-06,random,rand2,39,12,3.114002555929448e-08
p31,2,nm,Mixed FD,adaptive,12.0,1e-06,random,rand3,40,0,0.7648418183017808
p31,2,nm,Mixed FD,adaptive,12.0,1e-06,random,rand3,40,1,0.319572007416958
p31,2,nm,Mixed FD,adaptive,12.0,1e-06,random,rand3,40,2,0.16961863037273617
p31,2,nm,Mixed FD,adaptive,12.0,1e-06,random,rand3,40,3,0.04532711895771389
p31,2,nm,Mixed FD,adaptive,12.0,1e-06,random,rand3,40,4,0.008679971148123472
p31,2,nm,Mixed FD,adaptive,12.0,1e-06,random,rand3,40,5,0.0028911182090711573
p31,2,nm,Mixed FD,adaptive,12.0,1e-06,random,rand3,40,6,0.0005200694107542087
p31,2,nm,Mixed FD,adaptive,12.0,1e-06,random,rand3,40,7,0.00016925197249805668
p31,2,nm,Mixed FD,adaptive,12.0,1e-06,random,rand3,40,8,3.0497722115926635e-05
p31,2,nm,Mixed FD,adaptive,12.0,1e-06,random,rand3,40,9,9.93897804871631e-06
p31,2,nm,Mixed FD,adaptive,12.0,1e-06,random,rand3,40,10,1.789655644362604e-06
p31,2,nm,Mixed FD,adaptive,12.0,1e-06,random,rand3,40,11,5.837021274795735e-07
p31,2,nm,Mixed FD,adaptive,12.0,1e-06,random,rand3,40,12,1.050434115875994e-07
p31,2,tr,Mixed FD,adaptive,12.0,1e-06,random,rand3,40,0,0.3381576625636664
p31,2,tr,Mixed FD,adaptive,12.0,1e-06,random,rand3,40,1,0.11925245965694409
p31,2,tr,Mixed FD,adaptive,12.0,1e-06,random,rand3,40,2,0.22806565629898512
p31,2,tr,Mixed FD,adaptive,12.0,1e-06,random,rand3,40,3,0.039750498907417976
p31,2,tr,Mixed FD,adaptive,12.0,1e-06,random,rand3,40,4,0.05497796617561363
p31,2,tr,Mixed FD,adaptive,12.0,1e-06,random,rand3,40,5,0.00736001908355272
p31,2,tr,Mixed FD,adaptive,12.0,1e-06,random,rand3,40,6,0.004326075468450322
p31,2,tr,Mixed FD,adaptive,12.0,1e-06,random,rand3,40,7,0.0004403024540606217
p31,2,tr,Mixed FD,adaptive,12.0,1e-06,random,rand3,40,8,0.00026563654451100484
p31,2,tr,Mixed FD,adaptive,12.0,1e-06,random,rand3,40,9,3.271845375013117e-05
p31,2,tr,Mixed FD,adaptive,12.0,1e-06,random,rand3,40,10,1.6619047528218494e-05
p31,2,tr,Mixed FD,adaptive,12.0,1e-06,random,rand3,40,11,2.0460353811764563e-06
p31,2,tr,Mixed FD,adaptive,12.0,1e-06,random,rand3,40,12,9.92567600681112e-07
p31,2,tr,Mixed FD,adaptive,12.0,1e-06,random,rand3,40,13,1.1999564216244338e-07
p31,2,nm,Mixed FD,adaptive,12.0,1e-06,random,rand4,41,0,0.7548014760894042
p31,2,nm,Mixed FD,adaptive,12.0,1e-06,random,rand4,41,1,0.41270773569310804
p31,2,nm,Mixed FD,adaptive,12.0,1e-06,random,rand4,41,2,0.18127732769155278
p31,2,nm,Mixed FD,adaptive,12.0,1e-06,random,rand4,41,3,0.037922625494933866
p31,2,nm,Mixed FD,adaptive,12.0,1e-06,random,rand4,41,4,0.014967873919747687
p31,2,nm,Mixed FD,adaptive,12.0,1e-06,random,rand4,41,5,0.0019605084979556152
p31,2,nm,Mixed FD,adaptive,12.0,1e-06,random,rand4,41,6,0.0008972561506175578
p31,2,nm,Mixed FD,adaptive,12.0,1e-06,random,rand4,41,7,0.0001159348622586688
p31,2,nm,Mixed FD,adaptive,12.0,1e-06,random,rand4,41,8,5.266608871700756e-05
p31,2,nm,Mixed FD,adaptive,12.0,1e-06,random,rand4,41,9,6.803893714108072e-06
p31,2,nm,Mixed FD,adaptive,12.0,1e-06,random,rand4,41,10,3.092232375520255e-06
p31,2,nm,Mixed FD,adaptive,12.0,1e-06,random,rand4,41,11,3.9957738482253355e-07
p31,2,nm,Mixed FD,adaptive,12.0,1e-06,random,rand4,41,12,1.815593032162894e-07
p31,2,tr,Mixed FD,adaptive,12.0,1e-06,random,rand4,41,0,0.6604514381960054
p31,2,tr,Mixed FD,adaptive,12.0,1e-06,random,rand4,41,1,0.33763737838747154
p31,2,tr,Mixed FD,adaptive,12.0,1e-06,random,rand4,41,2,0.09929227414534136
p31,2,tr,Mixed FD,adaptive,12.0,1e-06,random,rand4,41,3,0.06421755416924725
p31,2,tr,Mixed FD,adaptive,12.0,1e-06,random,rand4,41,4,0.014495961926604795
p31,2,tr,Mixed FD,adaptive,12.0,1e-06,random,rand4,41,5,0.0027560141094827195
p31,2,tr,Mixed FD,adaptive,12.0,1e-06,random,rand4,41,6,0.00033941983263459483
p31,2,tr,Mixed FD,adaptive,12.0,1e-06,random,rand4,41,7,0.00012804705633944434
p31,2,tr,Mixed FD,adaptive,12.0,1e-06,random,rand4,41,8,1.5771058196370576e-05
p31,2,tr,Mixed FD,adaptive,12.0,1e-06,random,rand4,41,9,7.123608437624753e-06
p31,2,tr,Mixed FD,adaptive,12.0,1e-06,random,rand4,41,10,8.769351729958869e-07
p31,2,tr,Mixed FD,adaptive,12.0,1e-06,random,rand4,41,11,4.127552549970789e-07
p31,2,tr,Mixed FD,adaptive,12.0,1e-06,random,rand4,41,12,5.164475459484682e-08
p31,2,nm,Mixed FD,adaptive,12.0,1e-06,random,rand5,42,0,0.5779802905606178
p31,2,nm,Mixed FD,adaptive,12.0,1e-06,random,rand5,42,1,0.3880273319249225
p31,2,nm,Mixed FD,adaptive,12.0,1e-06,random,rand5,42,2,0.2038441616781107
p31,2,nm,Mixed FD,adaptive,12.0,1e-06,random,rand5,42,3,0.05932772834150448
p31,2,nm,Mixed FD,adaptive,12.0,1e-06,random,rand5,42,4,0.010689341375519936
p31,2,nm,Mixed FD,adaptive,12.0,1e-06,random,rand5,42,5,0.003898199164091701
p31,2,nm,Mixed FD,adaptive,12.0,1e-06,random,rand5,42,6,0.0006379190587641433
p31,2,nm,Mixed FD,adaptive,12.0,1e-06,random,rand5,42,7,0.0002281049642445757
p31,2,nm,Mixed FD,adaptive,12.0,1e-06,random,rand5,42,8,3.7422241595407114e-05
p31,2,nm,Mixed FD,adaptive,12.0,1e-06,random,rand5,42,9,1.3393433296942585e-05
p31,2,nm,Mixed FD,adaptive,12.0,1e-06,random,rand5,42,10,2.197312618746078e-06
p31,2,nm,Mixed FD,adaptive,12.0,1e-06,random,rand5,42,11,7.86624379852098e-07
p31,2,nm,Mixed FD,adaptive,12.0,1e-06,random,rand5,42,12,1.2903077715669384e-07
p31,2,tr,Mixed FD,adaptive,12.0,1e-06,random,rand5,42,0,0.5139620812911248
p31,2,tr,Mixed FD,adaptive,12.0,1e-06,random,rand5,42,1,0.4825636627193626
p31,2,tr,Mixed FD,adaptive,12.0,1e-06,random,rand5,42,2,0.2549328517526737
p31,2,tr,Mixed FD,adaptive,12.0,1e-06,random,rand5,42,3,0.0521971873662572
p31,2,tr,Mixed FD,adaptive,12.0,1e-06,random,rand5,42,4,0.033204016011694114
p31,2,tr,Mixed FD,adaptive,12.0,1e-06,random,rand5,42,5,0.004129501486630785
p31,2,tr,Mixed FD,adaptive,12.0,1e-06,random,rand5,42,6,0.00010016392816202712
p31,2,tr,Mixed FD,adaptive,12.0,1e-06,random,rand5,42,7,1.2339671976298602e-05
p31,2,tr,Mixed FD,adaptive,12.0,1e-06,random,rand5,42,8,6.670821752126994e-06
p31,2,tr,Mixed FD,adaptive,12.0,1e-06,random,rand5,42,9,8.211431149562272e-07
p31,2,tr,Mixed FD,adaptive,12.0,1e-06,random,rand5,42,10,4.045606581781469e-07
p31,2,tr,Mixed FD,adaptive,12.0,1e-06,random,rand5,42,11,4.8419400401081814e-08
p31,2,nm,Full FD,scalar,4.0,1e-06,initial,xbar,43,0,0.48722356043692167
p31,2,nm,Full FD,scalar,4.0,1e-06,initial,xbar,43,1,0.24709745027800542
p31,2,nm,Full FD,scalar,4.0,1e-06,initial,xbar,43,2,0.07956791425718635
p31,2,nm,Full FD,scalar,4.0,1e-06,initial,xbar,43,3,0.008602697762248196
p31,2,nm,Full FD,scalar,4.0,1e-06,initial,xbar,43,4,9.603922210479358e-05
p31,2,tr,Full FD,scalar,4.0,1e-06,initial,xbar,43,0,0.4625668235701924
p31,2,tr,Full FD,scalar,4.0,1e-06,initial,xbar,43,1,0.21806333178912737
p31,2,tr,Full FD,scalar,4.0,1e-06,initial,xbar,43,2,0.14431578859817118
p31,2,tr,Full FD,scalar,4.0,1e-06,initial,xbar,43,3,0.029832293592579925
p31,2,tr,Full FD,scalar,4.0,1e-06,initial,xbar,43,4,0.001225492680320278
p31,2,tr,Full FD,scalar,4.0,1e-06,initial,xbar,43,5,1.7300584405620699e-06
p31,2,nm,Full FD,scalar,4.0,1e-06,random,rand1,44,0,0.6141279641711056
p31,2,nm,Full FD,scalar,4.0,1e-06,random,rand1,44,1,0.37485998026224365
p31,2,nm,Full FD,scalar,4.0,1e-06,random,rand1,44,2,0.17813341163030477
p31,2,nm,Full FD,scalar,4.0,1e-06,random,rand1,44,3,0.04590135189399899
p31,2,nm,Full FD,scalar,4.0,1e-06,random,rand1,44,4,0.0029765850026493125
p31,2,nm,Full FD,scalar,4.0,1e-06,random,rand1,44,5,1.1397354300067803e-05
p31,2,tr,Full FD,scalar,4.0,1e-06,random,rand1,44,0,0.5578625409964727
p31,2,tr,Full FD,scalar,4.0,1e-06,random,rand1,44,1,0.38437546613358436
p31,2,tr,Full FD,scalar,4.0,1e-06,random,rand1,44,2,0.2184687568335956
p31,2,tr,Full FD,scalar,4.0,1e-06,random,rand1,44,3,0.162339247440376
p31,2,tr,Full FD,scalar,4.0,1e-06,random,rand1,44,4,0.037466162156649066
p31,2,tr,Full FD,scalar,4.0,1e-06,random,rand1,44,5,0.001947109207894042
p31,2,tr,Full FD,scalar,4.0,1e-06,random,rand1,44,6,4.663779225799058e-06
p31,2,nm,Full FD,scalar,4.0,1e-06,random,rand2,45,0,0.44117362036919766
p31,2,nm,Full FD,scalar,4.0,1e-06,random,rand2,45,1,0.246631619243431
p31,2,nm,Full FD,scalar,4.0,1e-06,random,rand2,45,2,0.07959664434390853
p31,2,nm,Full FD,scalar,4.0,1e-06,random,rand2,45,3,0.008644977790995885
p31,2,nm,Full FD,scalar,4.0,1e-06,random,rand2,45,4,9.73663193093077e-05
p31,2,tr,Full FD,scalar,4.0,1e-06,random,rand2,45,0,0.40057873054331816
p31,2,tr,Full FD,scalar,4.0,1e-06,random,rand2,45,1,0.12038214907776808
p31,2,tr,Full FD,scalar,4.0,1e-06,random,rand2,45,2,0.10062840053189535
p31,2,tr,Full FD,scalar,4.0,1e-06,random,rand2,45,3,0.02052006169044231
p31,2,tr,Full FD,scalar,4.0,1e-06,random,rand2,45,4,0.02046027073237141
p31,2,tr,Full FD,scalar,4.0,1e-06,random,rand2,45,5,0.0005606084512431462
p31,2,tr,Full FD,scalar,4.0,1e-06,random,rand2,45,6,2.8221102253713206e-07
p31,2,nm,Full FD,scalar,4.0,1e-06,random,rand3,46,0,0.5330654817207355
p31,2,nm,Full FD,scalar,4.0,1e-06,random,rand3,46,1,0.2629702768493939
p31,2,nm,Full FD,scalar,4.0,1e-06,random,rand3,46,2,0.09330706762620095
p31,2,nm,Full FD,scalar,4.0,1e-06,random,rand3,46,3,0.012327734808770608
p31,2,nm,Full FD,scalar,4.0,1e-06,random,rand3,46,4,0.00020468886990739738
p31,2,tr,Full FD,scalar,4.0,1e-06,random,rand3,46,0,0.3435027115157394
p31,2,tr,Full FD,scalar,4.0,1e-06,random,rand3,46,1,0.09152415364184857
p31,2,tr,Full FD,scalar,4.0,1e-06,random,rand3,46,2,0.10762092652434349
p31,2,tr,Full FD,scalar,4.0,1e-06,random,rand3,46,3,0.014378235607589041
p31,2,tr,Full FD,scalar,4.0,1e-06,random,rand3,46,4,0.00027768691141032674
p31,2,nm,Full FD,scalar,4.0,1e-06,random,rand4,47,0,1.5008045982313918
p31,2,nm,Full FD,scalar,4.0,1e-06,random,rand4,47,1,0.7317255789818334
p31,2,nm,Full FD,scalar,4.0,1e-06,random,rand4,47,2,0.43783108375309443
p31,2,nm,Full FD,scalar,4.0,1e-06,random,rand4,47,3,0.21670771946557857
p31,2,nm,Full FD,scalar,4.0,1e-06,random,rand4,47,4,0.06425582735248128
p31,2,nm,Full FD,scalar,4.0,1e-06,random,rand4,47,5,0.005717862795274569
p31,2,nm,Full FD,scalar,4.0,1e-06,random,rand4,47,6,4.2550163075006994e-05
p31,2,tr,Full FD,scalar,4.0,1e-06,random,rand4,47,0,0.6669279743681651
p31,2,tr,Full FD,scalar,4.0,1e-06,random,rand4,47,1,0.31894187035918375
p31,2,tr,Full FD,scalar,4.0,1e-06,random,rand4,47,2,0.17500790372546568
p31,2,tr,Full FD,scalar,4.0,1e-06,random,rand4,47,3,0.04323797021286257
p31,2,tr,Full FD,scalar,4.0,1e-06,random,rand4,47,4,0.0025965467231068083
p31,2,tr,Full FD,scalar,4.0,1e-06,random,rand4,47,5,8.498045871667713e-06
p31,2,nm,Full FD,scalar,4.0,1e-06,random,rand5,48,0,0.6188831912918227
p31,2,nm,Full FD,scalar,4.0,1e-06,random,rand5,48,1,0.3605515046429789
p31,2,nm,Full FD,scalar,4.0,1e-06,random,rand5,48,2,0.16202704355300476
p31,2,nm,Full FD,scalar,4.0,1e-06,random,rand5,48,3,0.03712203072939539
p31,2,nm,Full FD,scalar,4.0,1e-06,random,rand5,48,4,0.0018970897965174193
p31,2,nm,Full FD,scalar,4.0,1e-06,random,rand5,48,5,4.38328881591703e-06
p31,2,tr,Full FD,scalar,4.0,1e-06,random,rand5,48,0,0.5151422232390251
p31,2,tr,Full FD,scalar,4.0,1e-06,random,rand5,48,1,0.4537478896024942
p31,2,tr,Full FD,scalar,4.0,1e-06,random,rand5,48,2,0.21406317027222088
p31,2,tr,Full FD,scalar,4.0,1e-06,random,rand5,48,3,0.08161582672758819
p31,2,tr,Full FD,scalar,4.0,1e-06,random,rand5,48,4,0.009614091953972939
p31,2,tr,Full FD,scalar,4.0,1e-06,random,rand5,48,5,0.00012477040660422074
p31,2,nm,Full FD,scalar,8.0,1e-06,initial,xbar,49,0,0.5642673623461796
p31,2,nm,Full FD,scalar,8.0,1e-06,initial,xbar,49,1,0.17858138784774968
p31,2,nm,Full FD,scalar,8.0,1e-06,initial,xbar,49,2,0.07210634517711606
p31,2,nm,Full FD,scalar,8.0,1e-06,initial,xbar,49,3,0.007619507553980772
p31,2,nm,Full FD,scalar,8.0,1e-06,initial,xbar,49,4,8.262339120191374e-05
p31,2,tr,Full FD,scalar,8.0,1e-06,initial,xbar,49,0,0.5312561057029183
p31,2,tr,Full FD,scalar,8.0,1e-06,initial,xbar,49,1,0.14312273472611223
p31,2,tr,Full FD,scalar,8.0,1e-06,initial,xbar,49,2,0.15885224806946915
p31,2,tr,Full FD,scalar,8.0,1e-06,initial,xbar,49,3,0.025902550756373707
p31,2,tr,Full FD,scalar,8.0,1e-06,initial,xbar,49,4,0.003424011253027153
p31,2,tr,Full FD,scalar,8.0,1e-06,initial,xbar,49,5,0.002075424387042117
p31,2,tr,Full FD,scalar,8.0,1e-06,initial,xbar,49,6,5.44935135996115e-06
p31,2,nm,Full FD,scalar,8.0,1e-06,random,rand1,50,0,0.44950650680841864
p31,2,nm,Full FD,scalar,8.0,1e-06,random,rand1,50,1,0.4622963644593823
p31,2,nm,Full FD,scalar,8.0,1e-06,random,rand1,50,2,0.27344994943008005
p31,2,nm,Full FD,scalar,8.0,1e-06,random,rand1,50,3,0.03910918349361015
p31,2,nm,Full FD,scalar,8.0,1e-06,random,rand1,50,4,0.0026867605869964574
p31,2,nm,Full FD,scalar,8.0,1e-06,random,rand1,50,5,9.257543208254317e-06
p31,2,tr,Full FD,scalar,8.0,1e-06,random,rand1,50,0,0.4343099852232947
p31,2,tr,Full FD,scalar,8.0,1e-06,random,rand1,50,1,0.37237736356927903
p31,2,tr,Full FD,scalar,8.0,1e-06,random,rand1,50,2,0.3738765203253359
p31,2,tr,Full FD,scalar,8.0,1e-06,random,rand1,50,3,0.08139673218159196
p31,2,tr,Full FD,scalar,8.0,1e-06,random,rand1,50,4,0.09200902720894656
p31,2,tr,Full FD,scalar,8.0,1e-06,random,rand1,50,5,0.012809030936191568
p31,2,tr,Full FD,scalar,8.0,1e-06,random,rand1,50,6,0.00016569048351977554
p31,2,nm,Full FD,scalar,8.0,1e-06,random,rand2,51,0,0.3895603701544962
p31,2,nm,Full FD,scalar,8.0,1e-06,random,rand2,51,1,0.2087978503911226
p31,2,nm,Full FD,scalar,8.0,1e-06,random,rand2,51,2,0.03836184277948956
p31,2,nm,Full FD,scalar,8.0,1e-06,random,rand2,51,3,0.00283068182030775
p31,2,nm,Full FD,scalar,8.0,1e-06,random,rand2,51,4,1.0062977256832818e-05
p31,2,tr,Full FD,scalar,8.0,1e-06,random,rand2,51,0,0.3862314003601287
p31,2,tr,Full FD,scalar,8.0,1e-06,random,rand2,51,1,0.12896640315795152
p31,2,tr,Full FD,scalar,8.0,1e-06,random,rand2,51,2,0.11032150232042472
p31,2,tr,Full FD,scalar,8.0,1e-06,random,rand2,51,3,0.014804165550395692
p31,2,tr,Full FD,scalar,8.0,1e-06,random,rand2,51,4,0.015700289491200763
p31,2,tr,Full FD,scalar,8.0,1e-06,random,rand2,51,5,0.000359816176727054
p31,2,tr,Full FD,scalar,8.0,1e-06,random,rand2,51,6,1.9406054853110105e-07
p31,2,nm,Full FD,scalar,8.0,1e-06,random,rand3,52,0,0.6776835991212168
p31,2,nm,Full FD,scalar,8.0,1e-06,random,rand3,52,1,0.3928366242683703
p31,2,nm,Full FD,scalar,8.0,1e-06,random,rand3,52,2,0.1329863873277675
p31,2,nm,Full FD,scalar,8.0,1e-06,random,rand3,52,3,0.01890717997922518
p31,2,nm,Full FD,scalar,8.0,1e-06,random,rand3,52,4,0.0004728823394555941
p31,2,nm,Full FD,scalar,8.0,1e-06,random,rand3,52,5,2.9480772876930147e-07
p31,2,tr,Full FD,scalar,8.0,1e-06,random,rand3,52,0,0.32197234642447037
p31,2,tr,Full FD,scalar,8.0,1e-06,random,rand3,52,1,0.10672692261901251
p31,2,tr,Full FD,scalar,8.0,1e-06,random,rand3,52,2,0.11215855780069892
p31,2,tr,Full FD,scalar,8.0,1e-06,random,rand3,52,3,0.0170860404880871
p31,2,tr,Full FD,scalar,8.0,1e-06,random,rand3,52,4,0.0004225587285048817
p31,2,tr,Full FD,scalar,8.0,1e-06,random,rand3,52,5,2.28977580832342e-07
p31,2,nm,Full FD,scalar,8.0,1e-06,random,rand4,53,0,1.30652703830156
p31,2,nm,Full FD,scalar,8.0,1e-06,random,rand4,53,1,1.0853217565324653
p31,2,nm,Full FD,scalar,8.0,1e-06,random,rand4,53,2,0.3228307721113364
p31,2,nm,Full FD,scalar,8.0,1e-06,random,rand4,53,3,0.1044589374202319
p31,2,nm,Full FD,scalar,8.0,1e-06,random,rand4,53,4,0.011348486984885501
p31,2,nm,Full FD,scalar,8.0,1e-06,random,rand4,53,5,0.0001304680651018322
p31,2,tr,Full FD,scalar,8.0,1e-06,random,rand4,53,0,0.36150726164219477
p31,2,tr,Full FD,scalar,8.0,1e-06,random,rand4,53,1,0.6235159140531916
p31,2,tr,Full FD,scalar,8.0,1e-06,random,rand4,53,2,0.17219733295641654
p31,2,tr,Full FD,scalar,8.0,1e-06,random,rand4,53,3,0.04976696492212827
p31,2,tr,Full FD,scalar,8.0,1e-06,random,rand4,53,4,0.003462869749077429
p31,2,tr,Full FD,scalar,8.0,1e-06,random,rand4,53,5,1.5433259630602685e-05
p31,2,nm,Full FD,scalar,8.0,1e-06,random,rand5,54,0,0.46640721733450385
p31,2,nm,Full FD,scalar,8.0,1e-06,random,rand5,54,1,0.552837959762517
p31,2,nm,Full FD,scalar,8.0,1e-06,random,rand5,54,2,0.1343612467410067
p31,2,nm,Full FD,scalar,8.0,1e-06,random,rand5,54,3,0.02689474040963722
p31,2,nm,Full FD,scalar,8.0,1e-06,random,rand5,54,4,0.0011916979749412061
p31,2,nm,Full FD,scalar,8.0,1e-06,random,rand5,54,5,1.592486957550799e-06
p31,2,tr,Full FD,scalar,8.0,1e-06,random,rand5,54,0,0.3969840372714576
p31,2,tr,Full FD,scalar,8.0,1e-06,random,rand5,54,1,0.41152087015286304
p31,2,tr,Full FD,scalar,8.0,1e-06,random,rand5,54,2,0.2625886207883825
p31,2,tr,Full FD,scalar,8.0,1e-06,random,rand5,54,3,0.1674731118127463
p31,2,tr,Full FD,scalar,8.0,1e-06,random,rand5,54,4,0.045074524328194664
p31,2,tr,Full FD,scalar,8.0,1e-06,random,rand5,54,5,0.0031348113191532216
p31,2,tr,Full FD,scalar,8.0,1e-06,random,rand5,54,6,1.3020530749630938e-05
p31,2,nm,Full FD,scalar,12.0,1e-06,random,rand1,56,0,0.24047292953968277
p31,2,nm,Full FD,scalar,12.0,1e-06,random,rand1,56,1,0.06613788539155888
p31,2,nm,Full FD,scalar,12.0,1e-06,random,rand1,56,2,0.020825402112205637
p31,2,nm,Full FD,scalar,12.0,1e-06,random,rand1,56,3,0.7135833913802567
p31,2,nm,Full FD,scalar,12.0,1e-06,random,rand1,56,4,1.6983666302842255e-08
p31,2,nm,Full FD,scalar,12.0,1e-06,random,rand1,56,5,1.620629639035634e-08
p31,2,nm,Full FD,scalar,12.0,1e-06,random,rand1,56,6,1.144767016046435e-08
p31,2,nm,Full FD,scalar,12.0,1e-06,random,rand1,56,7,0.3265478486605242
p31,2,nm,Full FD,scalar,12.0,1e-06,random,rand1,56,8,0.2761733234133546
p31,2,nm,Full FD,scalar,12.0,1e-06,random,rand1,56,9,0.32072811389617945
p31,2,nm,Full FD,scalar,12.0,1e-06,random,rand1,56,10,0.16743685159056906
p31,2,nm,Full FD,scalar,12.0,1e-06,random,rand1,56,11,0.007815619668875801
p31,2,nm,Full FD,scalar,12.0,1e-06,random,rand1,56,12,0.005928534613866991
p31,2,nm,Full FD,scalar,12.0,1e-06,random,rand1,56,13,0.005624389859132933
p31,2,nm,Full FD,scalar,12.0,1e-06,random,rand1,56,14,0.002482732566034726
p31,2,nm,Full FD,scalar,12.0,1e-06,random,rand1,56,15,2.3482835178035684e-07
p31,2,nm,Full FD,scalar,12.0,1e-06,random,rand1,56,16,2.388874113691314e-06
p31,2,nm,Full FD,scalar,12.0,1e-06,random,rand1,56,17,3.552081714745004e-08
p31,2,nm,Full FD,scalar,12.0,1e-06,random,rand1,56,18,3.569785959669056e-08
p31,2,nm,Full FD,scalar,12.0,1e-06,random,rand1,56,19,6.158272741116049e-08
p31,2,nm,Full FD,scalar,12.0,1e-06,random,rand1,56,20,9.758845535835602e-07
p31,2,nm,Full FD,scalar,12.0,1e-06,random,rand2,57,0,0.5134422587109629
p31,2,nm,Full FD,scalar,12.0,1e-06,random,rand2,57,1,0.1708672331265896
p31,2,nm,Full FD,scalar,12.0,1e-06,random,rand2,57,2,0.15686678541679872
p31,2,nm,Full FD,scalar,12.0,1e-06,random,rand2,57,3,0.005184109437300189
p31,2,nm,Full FD,scalar,12.0,1e-06,random,rand2,57,4,0.006543192936401197
p31,2,nm,Full FD,scalar,12.0,1e-06,random,rand2,57,5,0.0024925917525725886
p31,2,nm,Full FD,scalar,12.0,1e-06,random,rand2,57,6,7.879247132771204e-06
p31,2,nm,Full FD,scalar,12.0,1e-06,random,rand2,57,7,0.004087882770371666
p31,2,nm,Full FD,scalar,12.0,1e-06,random,rand2,57,8,0.00282557237126146
p31,2,nm,Full FD,scalar,12.0,1e-06,random,rand2,57,9,0.0007225341568912789
p31,2,nm,Full FD,scalar,12.0,1e-06,random,rand2,57,10,0.0026729624539635305
p31,2,nm,Full FD,scalar,12.0,1e-06,random,rand2,57,11,6.021621611558653e-08
p31,2,nm,Full FD,scalar,12.0,1e-06,random,rand2,57,12,0.0011315469923611737
p31,2,nm,Full FD,scalar,12.0,1e-06,random,rand2,57,13,0.00154910148597187
p31,2,nm,Full FD,scalar,12.0,1e-06,random,rand2,57,14,3.7440989377247534e-08
p31,2,nm,Full FD,scalar,12.0,1e-06,random,rand2,57,15,5.887282911246912e-08
p31,2,nm,Full FD,scalar,12.0,1e-06,random,rand2,57,16,3.4438494832423375e-08
p31,2,nm,Full FD,scalar,12.0,1e-06,random,rand2,57,17,1.7973999996540363e-08
p31,2,nm,Full FD,scalar,12.0,1e-06,random,rand2,57,18,1.301503754695615e-07
p31,2,nm,Full FD,scalar,12.0,1e-06,random,rand2,57,19,5.27153903761882e-07
p31,2,nm,Full FD,scalar,12.0,1e-06,random,rand2,57,20,4.827079581657953e-08
p31,2,nm,Full FD,scalar,12.0,1e-06,random,rand2,57,21,1.8987038934224933e-07
p31,2,nm,Full FD,scalar,12.0,1e-06,random,rand2,57,22,3.124120700791985e-08
p31,2,nm,Full FD,scalar,12.0,1e-06,random,rand2,57,23,3.819156726115452e-08
p31,2,nm,Full FD,scalar,12.0,1e-06,random,rand2,57,24,3.219933851995686e-08
p31,2,nm,Full FD,scalar,12.0,1e-06,random,rand2,57,25,2.9667267041461458e-08
p31,2,tr,Full FD,scalar,12.0,1e-06,random,rand2,57,0,0.5134422587109629
p31,2,tr,Full FD,scalar,12.0,1e-06,random,rand2,57,1,0.1855704119852216
p31,2,tr,Full FD,scalar,12.0,1e-06,random,rand2,57,2,0.14018756018952222
p31,2,tr,Full FD,scalar,12.0,1e-06,random,rand2,57,3,0.10569466923710986
p31,2,tr,Full FD,scalar,12.0,1e-06,random,rand2,57,4,0.04600665011075239
p31,2,tr,Full FD,scalar,12.0,1e-06,random,rand2,57,5,5.0656106780304884e-08
p31,2,tr,Full FD,scalar,12.0,1e-06,random,rand2,57,6,0.003301617193456244
p31,2,tr,Full FD,scalar,12.0,1e-06,random,rand2,57,7,0.010222096965751154
p31,2,tr,Full FD,scalar,12.0,1e-06,random,rand2,57,8,0.008721001474141902
p31,2,tr,Full FD,scalar,12.0,1e-06,random,rand2,57,9,0.003864707830272361
p31,2,tr,Full FD,scalar,12.0,1e-06,random,rand2,57,10,0.0007835974008201691
p31,2,tr,Full FD,scalar,12.0,1e-06,random,rand2,57,11,3.727027185293915e-07
p31,2,tr,Full FD,scalar,12.0,1e-06,random,rand2,57,12,1.761097287552999e-07
p31,2,tr,Full FD,scalar,12.0,1e-06,random,rand2,57,13,8.853375867662804e-08
p31,2,nm,Full FD,scalar,12.0,1e-06,random,rand3,58,0,6.732936820833148e-08
p31,2,nm,Full FD,scalar,12.0,1e-06,random,rand3,58,1,2.1358655208144945
p31,2,nm,Full FD,scalar,12.0,1e-06,random,rand3,58,2,0.3737516574716305
p31,2,nm,Full FD,scalar,12.0,1e-06,random,rand3,58,3,0.07032009023746184
p31,2,nm,Full FD,scalar,12.0,1e-06,random,rand3,58,4,0.001091516677688709
p31,2,nm,Full FD,scalar,12.0,1e-06,random,rand3,58,5,0.0015132061348333383
p31,2,nm,Full FD,scalar,12.0,1e-06,random,rand3,58,6,0.001857603756192352
p31,2,nm,Full FD,scalar,12.0,1e-06,random,rand3,58,7,1.6248069413121457e-08
p31,2,nm,Full FD,scalar,12.0,1e-06,random,rand3,58,8,2.77195238954664e-06
p31,2,tr,Full FD,scalar,12.0,1e-06,random,rand3,58,0,0.7165466382066611
p31,2,tr,Full FD,scalar,12.0,1e-06,random,rand3,58,1,0.41882728943671144
p31,2,tr,Full FD,scalar,12.0,1e-06,random,rand3,58,2,8.731655146833006e-08
p31,2,tr,Full FD,scalar,12.0,1e-06,random,rand3,58,3,0.17935767360609425
p31,2,tr,Full FD,scalar,12.0,1e-06,random,rand3,58,4,3.655235489863706e-08
p31,2,tr,Full FD,scalar,12.0,1e-06,random,rand3,58,5,3.655234883050448e-08
p31,2,tr,Full FD,scalar,12.0,1e-06,random,rand3,58,6,3.6278727402495736e-08
p31,2,tr,Full FD,scalar,12.0,1e-06,random,rand3,58,7,0.15333403478983385
p31,2,tr,Full FD,scalar,12.0,1e-06,random,rand3,58,8,0.1262643907573521
p31,2,tr,Full FD,scalar,12.0,1e-06,random,rand3,58,9,0.08902883864109115
p31,2,tr,Full FD,scalar,12.0,1e-06,random,rand3,58,10,0.04866729497456518
p31,2,tr,Full FD,scalar,12.0,1e-06,random,rand3,58,11,0.005805237838728136
p31,2,tr,Full FD,scalar,12.0,1e-06,random,rand3,58,12,3.738182427879852e-08
p31,2,tr,Full FD,scalar,12.0,1e-06,random,rand3,58,13,0.007530783786840295
p31,2,tr,Full FD,scalar,12.0,1e-06,random,rand3,58,14,3.863280762466076e-08
p31,2,tr,Full FD,scalar,12.0,1e-06,random,rand3,58,15,2.6089287499046566e-05
p31,2,nm,Full FD,scalar,12.0,1e-06,random,rand4,59,0,3.8515673568707474
p31,2,nm,Full FD,scalar,12.0,1e-06,random,rand4,59,1,1.6084197704998373e-08
p31,2,nm,Full FD,scalar,12.0,1e-06,random,rand4,59,2,1.0197404493748532
p31,2,nm,Full FD,scalar,12.0,1e-06,random,rand4,59,3,3.139006931666764e-07
p31,2,nm,Full FD,scalar,12.0,1e-06,random,rand4,59,4,0.38442690411038855
p31,2,nm,Full FD,scalar,12.0,1e-06,random,rand4,59,5,0.47182837984780635
p31,2,nm,Full FD,scalar,12.0,1e-06,random,rand4,59,6,0.41870310717512843
p31,2,nm,Full FD,scalar,12.0,1e-06,random,rand4,59,7,0.2613022970893313
p31,2,nm,Full FD,scalar,12.0,1e-06,random,rand4,59,8,0.03155147319433935
p31,2,nm,Full FD,scalar,12.0,1e-06,random,rand4,59,9,0.0009119388971812641
p31,2,nm,Full FD,scalar,12.0,1e-06,random,rand4,59,10,0.00045012141489368754
p31,2,nm,Full FD,scalar,12.0,1e-06,random,rand4,59,11,7.183361331188134e-05
p31,2,tr,Full FD,scalar,12.0,1e-06,random,rand4,59,0,3.8515673568707474
p31,2,tr,Full FD,scalar,12.0,1e-06,random,rand4,59,1,3.3262015291670735
p31,2,tr,Full FD,scalar,12.0,1e-06,random,rand4,59,2,2.906353111773983
p31,2,tr,Full FD,scalar,12.0,1e-06,random,rand4,59,3,0.2211993250534048
p31,2,tr,Full FD,scalar,12.0,1e-06,random,rand4,59,4,2.6717166620444233e-08
p31,2,tr,Full FD,scalar,12.0,1e-06,random,rand4,59,5,0.3453441996925592
p31,2,tr,Full FD,scalar,12.0,1e-06,random,rand4,59,6,0.2482013859624204
p31,2,tr,Full FD,scalar,12.0,1e-06,random,rand4,59,7,0.15734898252381702
p31,2,tr,Full FD,scalar,12.0,1e-06,random,rand4,59,8,0.05028598489679308
p31,2,tr,Full FD,scalar,12.0,1e-06,random,rand4,59,9,0.09790305451853423
p31,2,tr,Full FD,scalar,12.0,1e-06,random,rand4,59,10,0.004376673338963353
p31,2,tr,Full FD,scalar,12.0,1e-06,random,rand4,59,11,0.0021964843155875455
p31,2,tr,Full FD,scalar,12.0,1e-06,random,rand4,59,12,0.0007778543742598043
p31,2,tr,Full FD,scalar,12.0,1e-06,random,rand4,59,13,0.0006713103877615321
p31,2,tr,Full FD,scalar,12.0,1e-06,random,rand4,59,14,0.0005348998834654261
p31,2,tr,Full FD,scalar,12.0,1e-06,random,rand4,59,15,0.0004269643831715332
p31,2,tr,Full FD,scalar,12.0,1e-06,random,rand4,59,16,0.000341067359823176
p31,2,tr,Full FD,scalar,12.0,1e-06,random,rand4,59,17,0.00015151700909470458
p31,2,tr,Full FD,scalar,12.0,1e-06,random,rand4,59,18,1.0349273586478083e-05
p31,2,tr,Full FD,scalar,12.0,1e-06,random,rand4,59,19,3.469717201186454e-06
p31,2,tr,Full FD,scalar,12.0,1e-06,random,rand4,59,20,1.0653104963783785e-06
p31,2,nm,Full FD,scalar,12.0,1e-06,random,rand5,60,0,0.014099099499726228
p31,2,nm,Full FD,scalar,12.0,1e-06,random,rand5,60,1,0.012897309467911677
p31,2,nm,Full FD,scalar,12.0,1e-06,random,rand5,60,2,2.0015224548141597
p31,2,nm,Full FD,scalar,12.0,1e-06,random,rand5,60,3,1.2571767719602791e-08
p31,2,nm,Full FD,scalar,12.0,1e-06,random,rand5,60,4,4.6464973303241283e-08
p31,2,nm,Full FD,scalar,12.0,1e-06,random,rand5,60,5,4.646073672708395e-08
p31,2,nm,Full FD,scalar,12.0,1e-06,random,rand5,60,6,4.645937567723731e-08
p31,2,nm,Full FD,scalar,12.0,1e-06,random,rand5,60,7,1.835087392152182
p31,2,nm,Full FD,scalar,12.0,1e-06,random,rand5,60,8,0.8745376403435005
p31,2,nm,Full FD,scalar,12.0,1e-06,random,rand5,60,9,0.0900284850353867
p31,2,nm,Full FD,scalar,12.0,1e-06,random,rand5,60,10,0.28877459118999826
p31,2,nm,Full FD,scalar,12.0,1e-06,random,rand5,60,11,0.27312591162528455
p31,2,nm,Full FD,scalar,12.0,1e-06,random,rand5,60,12,0.1842244985070313
p31,2,nm,Full FD,scalar,12.0,1e-06,random,rand5,60,13,0.0020627782316532703
p31,2,nm,Full FD,scalar,12.0,1e-06,random,rand5,60,14,3.9901469940470874e-08
p31,2,nm,Full FD,scalar,12.0,1e-06,random,rand5,60,15,0.014258468835075937
p31,2,nm,Full FD,scalar,12.0,1e-06,random,rand5,60,16,7.935227802170448e-08
p31,2,nm,Full FD,scalar,12.0,1e-06,random,rand5,60,17,0.007932988832554562
p31,2,nm,Full FD,scalar,12.0,1e-06,random,rand5,60,18,0.005896096715606721
p31,2,nm,Full FD,scalar,12.0,1e-06,random,rand5,60,19,0.009931919516866878
p31,2,nm,Full FD,scalar,12.0,1e-06,random,rand5,60,20,8.235776393626424e-08
p31,2,nm,Full FD,scalar,12.0,1e-06,random,rand5,60,21,0.003193870989532841
p31,2,nm,Full FD,scalar,12.0,1e-06,random,rand5,60,22,3.902469973326748e-08
p31,2,nm,Full FD,scalar,12.0,1e-06,random,rand5,60,23,4.45812562939754e-06
p31,2,nm,Full FD,adaptive,4.0,1e-06,initial,xbar,61,0,0.48722356119980825
p31,2,nm,Full FD,adaptive,4.0,1e-06,initial,xbar,61,1,0.24708476518584355
p31,2,nm,Full FD,adaptive,4.0,1e-06,initial,xbar,61,2,0.0795696611203705
p31,2,nm,Full FD,adaptive,4.0,1e-06,initial,xbar,61,3,0.008612205790066205
p31,2,nm,Full FD,adaptive,4.0,1e-06,initial,xbar,61,4,9.746063926334443e-05
p31,2,tr,Full FD,adaptive,4.0,1e-06,initial,xbar,61,0,0.4625668242949564
p31,2,tr,Full FD,adaptive,4.0,1e-06,initial,xbar,61,1,0.2180567506574277
p31,2,tr,Full FD,adaptive,4.0,1e-06,initial,xbar,61,2,0.1443080318326212
p31,2,tr,Full FD,adaptive,4.0,1e-06,initial,xbar,61,3,0.029840575867293252
p31,2,tr,Full FD,adaptive,4.0,1e-06,initial,xbar,61,4,0.001230077024995835
p31,2,tr,Full FD,adaptive,4.0,1e-06,initial,xbar,61,5,1.917056331525334e-06
p31,2,nm,Full FD,adaptive,4.0,1e-06,random,rand1,62,0,0.6141473846379953
p31,2,nm,Full FD,adaptive,4.0,1e-06,random,rand1,62,1,0.3748476341169039
p31,2,nm,Full FD,adaptive,4.0,1e-06,random,rand1,62,2,0.17811782430276663
p31,2,nm,Full FD,adaptive,4.0,1e-06,random,rand1,62,3,0.04590389376234613
p31,2,nm,Full FD,adaptive,4.0,1e-06,random,rand1,62,4,0.0029824751499338375
p31,2,nm,Full FD,adaptive,4.0,1e-06,random,rand1,62,5,1.1853935241774429e-05
p31,2,tr,Full FD,adaptive,4.0,1e-06,random,rand1,62,0,0.5578774614163308
p31,2,tr,Full FD,adaptive,4.0,1e-06,random,rand1,62,1,0.38438087050125824
p31,2,tr,Full FD,adaptive,4.0,1e-06,random,rand1,62,2,0.21844989099260365
p31,2,tr,Full FD,adaptive,4.0,1e-06,random,rand1,62,3,0.16232627136205005
p31,2,tr,Full FD,adaptive,4.0,1e-06,random,rand1,62,4,0.03747141359425278
p31,2,tr,Full FD,adaptive,4.0,1e-06,random,rand1,62,5,0.001952374156912644
p31,2,tr,Full FD,adaptive,4.0,1e-06,random,rand1,62,6,4.961107274366366e-06
p31,2,nm,Full FD,adaptive,4.0,1e-06,random,rand2,63,0,0.44115079963582676
p31,2,nm,Full FD,adaptive,4.0,1e-06,random,rand2,63,1,0.24659547979056698
p31,2,nm,Full FD,adaptive,4.0,1e-06,random,rand2,63,2,0.07958515295597841
p31,2,nm,Full FD,adaptive,4.0,1e-06,random,rand2,63,3,0.008651592564752264
p31,2,nm,Full FD,adaptive,4.0,1e-06,random,rand2,63,4,9.87226375894794e-05
p31,2,tr,Full FD,adaptive,4.0,1e-06,random,rand2,63,0,0.40057742394517487
p31,2,tr,Full FD,adaptive,4.0,1e-06,random,rand2,63,1,0.12037958294162523
p31,2,tr,Full FD,adaptive,4.0,1e-06,random,rand2,63,2,0.10062784532828987
p31,2,tr,Full FD,adaptive,4.0,1e-06,random,rand2,63,3,0.020515484775971763
p31,2,tr,Full FD,adaptive,4.0,1e-06,random,rand2,63,4,0.020457434596662154
p31,2,tr,Full FD,adaptive,4.0,1e-06,random,rand2,63,5,0.0005632330247914567
p31,2,tr,Full FD,adaptive,4.0,1e-06,random,rand2,63,6,3.6528902377421714e-07
p31,2,nm,Full FD,adaptive,4.0,1e-06,random,rand3,64,0,0.5327305743976036
p31,2,nm,Full FD,adaptive,4.0,1e-06,random,rand3,64,1,0.26279787641803226
p31,2,nm,Full FD,adaptive,4.0,1e-06,random,rand3,64,2,0.09322456921263172
p31,2,nm,Full FD,adaptive,4.0,1e-06,random,rand3,64,3,0.012317428687626381
p31,2,nm,Full FD,adaptive,4.0,1e-06,random,rand3,64,4,0.000206029767942359
p31,2,tr,Full FD,adaptive,4.0,1e-06,random,rand3,64,0,0.34349147822628495
p31,2,tr,Full FD,adaptive,4.0,1e-06,random,rand3,64,1,0.09152402499182256
p31,2,tr,Full FD,adaptive,4.0,1e-06,random,rand3,64,2,0.10760408925445317
p31,2,tr,Full FD,adaptive,4.0,1e-06,random,rand3,64,3,0.014357068294673769
p31,2,tr,Full FD,adaptive,4.0,1e-06,random,rand3,64,4,0.0002788145593843819
p31,2,nm,Full FD,adaptive,4.0,1e-06,random,rand4,65,0,1.5003889936473336
p31,2,nm,Full FD,adaptive,4.0,1e-06,random,rand4,65,1,0.7315913142480664
p31,2,nm,Full FD,adaptive,4.0,1e-06,random,rand4,65,2,0.43769543283362106
p31,2,nm,Full FD,adaptive,4.0,1e-06,random,rand4,65,3,0.21659215951337407
p31,2,nm,Full FD,adaptive,4.0,1e-06,random,rand4,65,4,0.06420027273181753
p31,2,nm,Full FD,adaptive,4.0,1e-06,random,rand4,65,5,0.005715421833929141
p31,2,nm,Full FD,adaptive,4.0,1e-06,random,rand4,65,6,4.33116623892198e-05
p31,2,tr,Full FD,adaptive,4.0,1e-06,random,rand4,65,0,0.6669430614909457
p31,2,tr,Full FD,adaptive,4.0,1e-06,random,rand4,65,1,0.3189295507440818
p31,2,tr,Full FD,adaptive,4.0,1e-06,random,rand4,65,2,0.17499437737297438
p31,2,tr,Full FD,adaptive,4.0,1e-06,random,rand4,65,3,0.043242683753624014
p31,2,tr,Full FD,adaptive,4.0,1e-06,random,rand4,65,4,0.002602483871802293
p31,2,tr,Full FD,adaptive,4.0,1e-06,random,rand4,65,5,8.899166323655026e-06
p31,2,nm,Full FD,adaptive,4.0,1e-06,random,rand5,66,0,0.6188972136668917
p31,2,nm,Full FD,adaptive,4.0,1e-06,random,rand5,66,1,0.3605382508330821
p31,2,nm,Full FD,adaptive,4.0,1e-06,random,rand5,66,2,0.16201481444159269
p31,2,nm,Full FD,adaptive,4.0,1e-06,random,rand5,66,3,0.03712823739620012
p31,2,nm,Full FD,adaptive,4.0,1e-06,random,rand5,66,4,0.0019025032320085023
p31,2,nm,Full FD,adaptive,4.0,1e-06,random,rand5,66,5,4.677204042537155e-06
p31,2,tr,Full FD,adaptive,4.0,1e-06,random,rand5,66,0,0.5151534002349611
p31,2,tr,Full FD,adaptive,4.0,1e-06,random,rand5,66,1,0.45374446795981677
p31,2,tr,Full FD,adaptive,4.0,1e-06,random,rand5,66,2,0.21405947250834223
p31,2,tr,Full FD,adaptive,4.0,1e-06,random,rand5,66,3,0.08160092401861915
p31,2,tr,Full FD,adaptive,4.0,1e-06,random,rand5,66,4,0.009619034218233602
p31,2,tr,Full FD,adaptive,4.0,1e-06,random,rand5,66,5,0.0001262147747514446
p31,2,nm,Full FD,adaptive,8.0,1e-06,initial,xbar,67,0,0.664892868712327
p31,2,nm,Full FD,adaptive,8.0,1e-06,initial,xbar,67,1,0.1300470006808014
p31,2,nm,Full FD,adaptive,8.0,1e-06,initial,xbar,67,2,0.02812873729618967
p31,2,nm,Full FD,adaptive,8.0,1e-06,initial,xbar,67,3,0.001711416521709093
p31,2,nm,Full FD,adaptive,8.0,1e-06,initial,xbar,67,4,4.389018051118294e-06
p31,2,tr,Full FD,adaptive,8.0,1e-06,initial,xbar,67,0,0.6374089884174097
p31,2,tr,Full FD,adaptive,8.0,1e-06,initial,xbar,67,1,0.12181305226901361
p31,2,tr,Full FD,adaptive,8.0,1e-06,initial,xbar,67,2,0.160451205367653
p31,2,tr,Full FD,adaptive,8.0,1e-06,initial,xbar,67,3,0.01764698587488768
p31,2,tr,Full FD,adaptive,8.0,1e-06,initial,xbar,67,4,0.02001883822885027
p31,2,tr,Full FD,adaptive,8.0,1e-06,initial,xbar,67,5,0.001086541659910765
p31,2,tr,Full FD,adaptive,8.0,1e-06,initial,xbar,67,6,3.7066441268066168e-06
p31,2,nm,Full FD,adaptive,8.0,1e-06,random,rand1,68,0,0.46972538830089794
p31,2,nm,Full FD,adaptive,8.0,1e-06,random,rand1,68,1,0.39605676461160433
p31,2,nm,Full FD,adaptive,8.0,1e-06,random,rand1,68,2,0.19830469073388168
p31,2,nm,Full FD,adaptive,8.0,1e-06,random,rand1,68,3,0.11214523086583725
p31,2,nm,Full FD,adaptive,8.0,1e-06,random,rand1,68,4,0.06349346436456754
p31,2,nm,Full FD,adaptive,8.0,1e-06,random,rand1,68,5,0.009915874931118318
p31,2,nm,Full FD,adaptive,8.0,1e-06,random,rand1,68,6,0.00029099850512624985
p31,2,nm,Full FD,adaptive,8.0,1e-06,random,rand1,68,7,1.1499811815004675e-07
p31,2,tr,Full FD,adaptive,8.0,1e-06,random,rand1,68,0,0.45199837018848815
p31,2,tr,Full FD,adaptive,8.0,1e-06,random,rand1,68,1,0.29205045831731924
p31,2,tr,Full FD,adaptive,8.0,1e-06,random,rand1,68,2,0.25903619709907666
p31,2,tr,Full FD,adaptive,8.0,1e-06,random,rand1,68,3,0.1664057172691666
p31,2,tr,Full FD,adaptive,8.0,1e-06,random,rand1,68,4,0.1369980759887714
p31,2,tr,Full FD,adaptive,8.0,1e-06,random,rand1,68,5,0.009464457821100305
p31,2,tr,Full FD,adaptive,8.0,1e-06,random,rand1,68,6,0.0059538568567777455
p31,2,tr,Full FD,adaptive,8.0,1e-06,random,rand1,68,7,3.7607978936309735e-05
p31,2,nm,Full FD,adaptive,8.0,1e-06,random,rand2,69,0,0.3086875047071698
p31,2,nm,Full FD,adaptive,8.0,1e-06,random,rand2,69,1,0.22287707167249782
p31,2,nm,Full FD,adaptive,8.0,1e-06,random,rand2,69,2,0.11620694118003425
p31,2,nm,Full FD,adaptive,8.0,1e-06,random,rand2,69,3,0.043164668570770004
p31,2,nm,Full FD,adaptive,8.0,1e-06,random,rand2,69,4,0.003100748933394244
p31,2,nm,Full FD,adaptive,8.0,1e-06,random,rand2,69,5,2.4665565065880407e-05
p31,2,tr,Full FD,adaptive,8.0,1e-06,random,rand2,69,0,0.6698294546310133
p31,2,tr,Full FD,adaptive,8.0,1e-06,random,rand2,69,1,0.17878135906530268
p31,2,tr,Full FD,adaptive,8.0,1e-06,random,rand2,69,2,0.028196830048551304
p31,2,tr,Full FD,adaptive,8.0,1e-06,random,rand2,69,3,0.030333464894631634
p31,2,tr,Full FD,adaptive,8.0,1e-06,random,rand2,69,4,0.0007870533839036902
p31,2,tr,Full FD,adaptive,8.0,1e-06,random,rand2,69,5,1.247268406521881e-06
p31,2,nm,Full FD,adaptive,8.0,1e-06,random,rand3,70,0,0.020722095089570042
p31,2,nm,Full FD,adaptive,8.0,1e-06,random,rand3,70,1,0.4300439771103528
p31,2,nm,Full FD,adaptive,8.0,1e-06,random,rand3,70,2,0.22580078983503776
p31,2,nm,Full FD,adaptive,8.0,1e-06,random,rand3,70,3,0.20524051545136393
p31,2,nm,Full FD,adaptive,8.0,1e-06,random,rand3,70,4,0.0718976171066626
p31,2,nm,Full FD,adaptive,8.0,1e-06,random,rand3,70,5,0.011137840491643704
p31,2,nm,Full FD,adaptive,8.0,1e-06,random,rand3,70,6,0.00019723456718689558
p31,2,nm,Full FD,adaptive,8.0,1e-06,random,rand3,70,7,1.2307461838191842e-07
p31,2,tr,Full FD,adaptive,8.0,1e-06,random,rand3,70,0,0.7165666766735268
p31,2,tr,Full FD,adaptive,8.0,1e-06,random,rand3,70,1,0.3841318937380135
p31,2,tr,Full FD,adaptive,8.0,1e-06,random,rand3,70,2,0.06257487193348754
p31,2,tr,Full FD,adaptive,8.0,1e-06,random,rand3,70,3,0.08414746188047262
p31,2,tr,Full FD,adaptive,8.0,1e-06,random,rand3,70,4,0.25281903188175947
p31,2,tr,Full FD,adaptive,8.0,1e-06,random,rand3,70,5,0.0584428948590224
p31,2,tr,Full FD,adaptive,8.0,1e-06,random,rand3,70,6,0.04808388059811565
p31,2,tr,Full FD,adaptive,8.0,1e-06,random,rand3,70,7,0.004720345515132323
p31,2,tr,Full FD,adaptive,8.0,1e-06,random,rand3,70,8,6.3113099294378414e-06
p31,2,nm,Full FD,adaptive,8.0,1e-06,random,rand4,71,0,1.6614561895542035
p31,2,nm,Full FD,adaptive,8.0,1e-06,random,rand4,71,1,0.5147611817719123
p31,2,nm,Full FD,adaptive,8.0,1e-06,random,rand4,71,2,0.3893963405429568
p31,2,nm,Full FD,adaptive,8.0,1e-06,random,rand4,71,3,0.22437176929880112
p31,2,nm,Full FD,adaptive,8.0,1e-06,random,rand4,71,4,0.055755652357572315
p31,2,nm,Full FD,adaptive,8.0,1e-06,random,rand4,71,5,0.009237745162665798
p31,2,nm,Full FD,adaptive,8.0,1e-06,random,rand4,71,6,0.00011246394491109925
p31,2,tr,Full FD,adaptive,8.0,1e-06,random,rand4,71,0,1.661456189554204
p31,2,tr,Full FD,adaptive,8.0,1e-06,random,rand4,71,1,1.1386094659529766
p31,2,tr,Full FD,adaptive,8.0,1e-06,random,rand4,71,2,0.29992094928381097
p31,2,tr,Full FD,adaptive,8.0,1e-06,random,rand4,71,3,0.024348568207895604
p31,2,tr,Full FD,adaptive,8.0,1e-06,random,rand4,71,4,0.02237360732183171
p31,2,tr,Full FD,adaptive,8.0,1e-06,random,rand4,71,5,0.001205267095200324
p31,2,tr,Full FD,adaptive,8.0,1e-06,random,rand4,71,6,2.3566175675815033e-06
p31,2,nm,Full FD,adaptive,8.0,1e-06,random,rand5,72,0,0.8972019747693774
p31,2,nm,Full FD,adaptive,8.0,1e-06,random,rand5,72,1,0.8169239878213668
p31,2,nm,Full FD,adaptive,8.0,1e-06,random,rand5,72,2,0.042914572279237666
p31,2,nm,Full FD,adaptive,8.0,1e-06,random,rand5,72,3,0.0391603989182699
p31,2,nm,Full FD,adaptive,8.0,1e-06,random,rand5,72,4,0.09473580652376115
p31,2,nm,Full FD,adaptive,8.0,1e-06,random,rand5,72,5,0.01051012827765261
p31,2,nm,Full FD,adaptive,8.0,1e-06,random,rand5,72,6,0.016122028128586784
p31,2,nm,Full FD,adaptive,8.0,1e-06,random,rand5,72,7,0.029232760401657544
p31,2,nm,Full FD,adaptive,8.0,1e-06,random,rand5,72,8,0.38975185891319275
p31,2,nm,Full FD,adaptive,8.0,1e-06,random,rand5,72,9,0.12865477065223024
p31,2,nm,Full FD,adaptive,8.0,1e-06,random,rand5,72,10,0.04958562634582148
p31,2,nm,Full FD,adaptive,8.0,1e-06,random,rand5,72,11,0.006629473521476296
p31,2,nm,Full FD,adaptive,8.0,1e-06,random,rand5,72,12,9.231019697268467e-05
p31,2,tr,Full FD,adaptive,8.0,1e-06,random,rand5,72,0,0.5592209817119335
p31,2,tr,Full FD,adaptive,8.0,1e-06,random,rand5,72,1,0.45193709022428047
p31,2,tr,Full FD,adaptive,8.0,1e-06,random,rand5,72,2,0.20615413102020758
p31,2,tr,Full FD,adaptive,8.0,1e-06,random,rand5,72,3,0.0416561798874989
p31,2,tr,Full FD,adaptive,8.0,1e-06,random,rand5,72,4,0.04324969550278917
p31,2,tr,Full FD,adaptive,8.0,1e-06,random,rand5,72,5,0.006980255470755297
p31,2,tr,Full FD,adaptive,8.0,1e-06,random,rand5,72,6,0.0050142326479537935
p31,2,tr,Full FD,adaptive,8.0,1e-06,random,rand5,72,7,2.597269041900749e-05
p31,2,nm,Full FD,adaptive,12.0,1e-06,initial,xbar,73,0,5.668301745919599e-08
p31,2,nm,Full FD,adaptive,12.0,1e-06,initial,xbar,73,1,0.4022392197585811
p31,2,nm,Full FD,adaptive,12.0,1e-06,initial,xbar,73,2,1.137284463829542
p31,2,nm,Full FD,adaptive,12.0,1e-06,initial,xbar,73,3,9.84132531186667e-11
p31,2,nm,Full FD,adaptive,12.0,1e-06,initial,xbar,73,4,1.5145620532387844e-09
p31,2,nm,Full FD,adaptive,12.0,1e-06,initial,xbar,73,5,1.5143801412223578e-09
p31,2,nm,Full FD,adaptive,12.0,1e-06,initial,xbar,73,6,1.9362328698812954e-10
p31,2,nm,Full FD,adaptive,12.0,1e-06,initial,xbar,73,7,9.841093164131083e-11
p31,2,nm,Full FD,adaptive,12.0,1e-06,initial,xbar,73,8,9.526319459280209e-10
p31,2,nm,Full FD,adaptive,12.0,1e-06,initial,xbar,73,9,0.1993005887401275
p31,2,nm,Full FD,adaptive,12.0,1e-06,initial,xbar,73,10,0.06819209478575
p31,2,nm,Full FD,adaptive,12.0,1e-06,initial,xbar,73,11,0.4926234729759752
p31,2,nm,Full FD,adaptive,12.0,1e-06,initial,xbar,73,12,5.0083153447390756e-09
p31,2,nm,Full FD,adaptive,12.0,1e-06,initial,xbar,73,13,1.0716775591172647e-08
p31,2,nm,Full FD,adaptive,12.0,1e-06,initial,xbar,73,14,0.10052028188501407
p31,2,nm,Full FD,adaptive,12.0,1e-06,initial,xbar,73,15,0.2561760356068759
p31,2,nm,Full FD,adaptive,12.0,1e-06,initial,xbar,73,16,0.0033134267665074083
p31,2,nm,Full FD,adaptive,12.0,1e-06,initial,xbar,73,17,9.732098353863707e-06
p31,2,nm,Full FD,adaptive,12.0,1e-06,initial,xbar,73,18,0.027433398234941408
p31,2,nm,Full FD,adaptive,12.0,1e-06,initial,xbar,73,19,0.024257584735467196
p31,2,nm,Full FD,adaptive,12.0,1e-06,initial,xbar,73,20,1.7270862075090356e-08
p31,2,nm,Full FD,adaptive,12.0,1e-06,initial,xbar,73,21,0.01318977445621266
p31,2,nm,Full FD,adaptive,12.0,1e-06,initial,xbar,73,22,0.002292280020615448
p31,2,nm,Full FD,adaptive,12.0,1e-06,initial,xbar,73,23,2.668041456266676e-09
p31,2,nm,Full FD,adaptive,12.0,1e-06,initial,xbar,73,24,5.801922883306371e-09
p31,2,nm,Full FD,adaptive,12.0,1e-06,initial,xbar,73,25,7.9402425771306e-06
p31,2,nm,Full FD,adaptive,12.0,1e-06,random,rand1,74,0,0.18265891299906925
p31,2,nm,Full FD,adaptive,12.0,1e-06,random,rand1,74,1,0.010353833043094562
p31,2,nm,Full FD,adaptive,12.0,1e-06,random,rand1,74,2,0.0026474838685751905
p31,2,nm,Full FD,adaptive,12.0,1e-06,random,rand1,74,3,1.2930510199621084
p31,2,nm,Full FD,adaptive,12.0,1e-06,random,rand1,74,4,0.6663728838641304
p31,2,nm,Full FD,adaptive,12.0,1e-06,random,rand1,74,5,1.1236070534658265
p31,2,nm,Full FD,adaptive,12.0,1e-06,random,rand1,74,6,0.13548788476770032
p31,2,nm,Full FD,adaptive,12.0,1e-06,random,rand1,74,7,2.5702009698011574e-09
p31,2,nm,Full FD,adaptive,12.0,1e-06,random,rand1,74,8,2.5703973759443165e-09
p31,2,nm,Full FD,adaptive,12.0,1e-06,random,rand1,74,9,2.5705215379335884e-09
p31,2,nm,Full FD,adaptive,12.0,1e-06,random,rand1,74,10,2.5706558309392124e-09
p31,2,nm,Full FD,adaptive,12.0,1e-06,random,rand1,74,11,3.7614744335846e-09
p31,2,nm,Full FD,adaptive,12.0,1e-06,random,rand1,74,12,8.300724079153239e-08
p31,2,nm,Full FD,adaptive,12.0,1e-06,random,rand1,74,13,2.5212611489410988e-09
p31,2,nm,Full FD,adaptive,12.0,1e-06,random,rand1,74,14,3.137655078166562e-08
p31,2,nm,Full FD,adaptive,12.0,1e-06,random,rand1,74,15,1.2713492383932847e-09
p31,2,nm,Full FD,adaptive,12.0,1e-06,random,rand1,74,16,1.3114772919875256e-09
p31,2,nm,Full FD,adaptive,12.0,1e-06,random,rand1,74,17,0.07168153193896021
p31,2,nm,Full FD,adaptive,12.0,1e-06,random,rand1,74,18,0.15342416489948327
p31,2,nm,Full FD,adaptive,12.0,1e-06,random,rand1,74,19,0.059372817612855726
p31,2,nm,Full FD,adaptive,12.0,1e-06,random,rand1,74,20,0.00012316469686758104
p31,2,nm,Full FD,adaptive,12.0,1e-06,random,rand1,74,21,0.012951138057004836
p31,2,nm,Full FD,adaptive,12.0,1e-06,random,rand1,74,22,0.00023652842022696833
p31,2,nm,Full FD,adaptive,12.0,1e-06,random,rand1,74,23,0.00014128422563022908
p31,2,nm,Full FD,adaptive,12.0,1e-06,random,rand1,74,24,1.9811112253667197e-08
p31,2,nm,Full FD,adaptive,12.0,1e-06,random,rand1,74,25,1.751333144685417e-05
p31,2,tr,Full FD,adaptive,12.0,1e-06,random,rand1,74,0,2.756167669473983e-08
p31,2,tr,Full FD,adaptive,12.0,1e-06,random,rand1,74,1,1.2978389656127565
p31,2,tr,Full FD,adaptive,12.0,1e-06,random,rand1,74,2,1.625218596348806e-08
p31,2,tr,Full FD,adaptive,12.0,1e-06,random,rand1,74,3,1.2612058447575611
p31,2,tr,Full FD,adaptive,12.0,1e-06,random,rand1,74,4,0.5605585642166047
p31,2,tr,Full FD,adaptive,12.0,1e-06,random,rand1,74,5,0.296616319392454
p31,2,tr,Full FD,adaptive,12.0,1e-06,random,rand1,74,6,1.309347224573713e-09
p31,2,tr,Full FD,adaptive,12.0,1e-06,random,rand1,74,7,0.5965275196353426
p31,2,tr,Full FD,adaptive,12.0,1e-06,random,rand1,74,8,0.08096173434129932
p31,2,tr,Full FD,adaptive,12.0,1e-06,random,rand1,74,9,1.0938496487063077e-08
p31,2,tr,Full FD,adaptive,12.0,1e-06,random,rand1,74,10,0.13278674149968067
p31,2,tr,Full FD,adaptive,12.0,1e-06,random,rand1,74,11,0.12457904545514596
p31,2,tr,Full FD,adaptive,12.0,1e-06,random,rand1,74,12,0.05763955994937676
p31,2,tr,Full FD,adaptive,12.0,1e-06,random,rand1,74,13,0.012560794273824184
p31,2,tr,Full FD,adaptive,12.0,1e-06,random,rand1,74,14,7.183935942999623e-09
p31,2,tr,Full FD,adaptive,12.0,1e-06,random,rand1,74,15,0.02317119918705179
p31,2,tr,Full FD,adaptive,12.0,1e-06,random,rand1,74,16,0.0008709884503569922
p31,2,tr,Full FD,adaptive,12.0,1e-06,random,rand1,74,17,0.0004739281506428586
p31,2,tr,Full FD,adaptive,12.0,1e-06,random,rand1,74,18,8.10749774219934e-09
p31,2,tr,Full FD,adaptive,12.0,1e-06,random,rand1,74,19,8.107524911671718e-09
p31,2,tr,Full FD,adaptive,12.0,1e-06,random,rand1,74,20,0.00016769566707463664
p31,2,nm,Full FD,adaptive,12.0,1e-06,random,rand2,75,0,1.0304464247445693
p31,2,nm,Full FD,adaptive,12.0,1e-06,random,rand2,75,1,0.3524036448958549
p31,2,nm,Full FD,adaptive,12.0,1e-06,random,rand2,75,2,0.2383581725509001
p31,2,nm,Full FD,adaptive,12.0,1e-06,random,rand2,75,3,0.13314628220958738
p31,2,nm,Full FD,adaptive,12.0,1e-06,random,rand2,75,4,0.04876617525842042
p31,2,nm,Full FD,adaptive,12.0,1e-06,random,rand2,75,5,0.3031609987431441
p31,2,nm,Full FD,adaptive,12.0,1e-06,random,rand2,75,6,0.06469790465120927
p31,2,nm,Full FD,adaptive,12.0,1e-06,random,rand2,75,7,2.6714200076776016e-09
p31,2,nm,Full FD,adaptive,12.0,1e-06,random,rand2,75,8,0.02518879781438193
p31,2,nm,Full FD,adaptive,12.0,1e-06,random,rand2,75,9,0.14729904759212112
p31,2,nm,Full FD,adaptive,12.0,1e-06,random,rand2,75,10,0.10277553342904458
p31,2,nm,Full FD,adaptive,12.0,1e-06,random,rand2,75,11,0.022048841495427747
p31,2,nm,Full FD,adaptive,12.0,1e-06,random,rand2,75,12,0.015346475610957653
p31,2,nm,Full FD,adaptive,12.0,1e-06,random,rand2,75,13,4.905503226364249e-06
p31,2,nm,Full FD,adaptive,12.0,1e-06,random,rand2,75,14,0.000725643971209445
p31,2,nm,Full FD,adaptive,12.0,1e-06,random,rand2,75,15,0.0004152171047902232
p31,2,nm,Full FD,adaptive,12.0,1e-06,random,rand2,75,16,9.343178036638945e-05
p31,2,nm,Full FD,adaptive,12.0,1e-06,random,rand2,75,17,2.432032986941808e-05
p31,2,nm,Full FD,adaptive,12.0,1e-06,random,rand2,75,18,5.523100368183986e-09
p31,2,nm,Full FD,adaptive,12.0,1e-06,random,rand2,75,19,5.5229155319345405e-09
p31,2,nm,Full FD,adaptive,12.0,1e-06,random,rand2,75,20,5.5215763468020606e-09
p31,2,nm,Full FD,adaptive,12.0,1e-06,random,rand2,75,21,6.897565071584454e-05
p31,2,tr,Full FD,adaptive,12.0,1e-06,random,rand2,75,0,1.0304464247445693
p31,2,tr,Full FD,adaptive,12.0,1e-06,random,rand2,75,1,0.49144475281253047
p31,2,tr,Full FD,adaptive,12.0,1e-06,random,rand2,75,2,0.15096977297281947
p31,2,tr,Full FD,adaptive,12.0,1e-06,random,rand2,75,3,0.06999448100039753
p31,2,tr,Full FD,adaptive,12.0,1e-06,random,rand2,75,4,5.613551431366217e-09
p31,2,tr,Full FD,adaptive,12.0,1e-06,random,rand2,75,5,0.07154845153024493
p31,2,tr,Full FD,adaptive,12.0,1e-06,random,rand2,75,6,0.008468514112614048
p31,2,tr,Full FD,adaptive,12.0,1e-06,random,rand2,75,7,0.003884769641991766
p31,2,tr,Full FD,adaptive,12.0,1e-06,random,rand2,75,8,0.0005534664291557862
p31,2,tr,Full FD,adaptive,12.0,1e-06,random,rand2,75,9,6.8664440684765226e-09
p31,2,tr,Full FD,adaptive,12.0,1e-06,random,rand2,75,10,0.00038333582614434467
p31,2,tr,Full FD,adaptive,12.0,1e-06,random,rand2,75,11,0.0002562264100782353
p31,2,tr,Full FD,adaptive,12.0,1e-06,random,rand2,75,12,1.629978432505211e-07
p31,2,tr,Full FD,adaptive,12.0,1e-06,random,rand2,75,13,4.0484860341570215e-08
p31,2,tr,Full FD,adaptive,12.0,1e-06,random,rand2,75,14,8.999480372640809e-09
p31,2,tr,Full FD,adaptive,12.0,1e-06,random,rand2,75,15,4.171078053714584e-08
p31,2,nm,Full FD,adaptive,12.0,1e-06,random,rand3,76,0,0.5300784923472716
p31,2,nm,Full FD,adaptive,12.0,1e-06,random,rand3,76,1,0.39550941261361605
p31,2,nm,Full FD,adaptive,12.0,1e-06,random,rand3,76,2,0.026135381747038174
p31,2,nm,Full FD,adaptive,12.0,1e-06,random,rand3,76,3,0.06402510360045932
p31,2,nm,Full FD,adaptive,12.0,1e-06,random,rand3,76,4,0.008304943542681242
p31,2,nm,Full FD,adaptive,12.0,1e-06,random,rand3,76,5,0.00457867345616792
p31,2,nm,Full FD,adaptive,12.0,1e-06,random,rand3,76,6,7.417796399028833e-09
p31,2,nm,Full FD,adaptive,12.0,1e-06,random,rand3,76,7,4.759675114405875e-09
p31,2,nm,Full FD,adaptive,12.0,1e-06,random,rand3,76,8,7.417808403628988e-09
p31,2,nm,Full FD,adaptive,12.0,1e-06,random,rand3,76,9,4.734579934779103e-05
p31,2,nm,Full FD,adaptive,12.0,1e-06,random,rand3,76,10,1.144813391397024e-08
p31,2,nm,Full FD,adaptive,12.0,1e-06,random,rand3,76,11,9.662930019505256e-05
p31,2,nm,Full FD,adaptive,12.0,1e-06,random,rand3,76,12,2.1361812884517834e-05
p31,2,nm,Full FD,adaptive,12.0,1e-06,random,rand3,76,13,3.4870403875609408e-09
p31,2,nm,Full FD,adaptive,12.0,1e-06,random,rand3,76,14,8.092193637413286e-09
p31,2,nm,Full FD,adaptive,12.0,1e-06,random,rand3,76,15,8.092002549383164e-09
p31,2,nm,Full FD,adaptive,12.0,1e-06,random,rand3,76,16,4.410512185321551e-05
p31,2,nm,Full FD,adaptive,12.0,1e-06,random,rand3,76,17,2.5380002522242626e-05
p31,2,nm,Full FD,adaptive,12.0,1e-06,random,rand3,76,18,3.6469548764360654e-09
p31,2,nm,Full FD,adaptive,12.0,1e-06,random,rand3,76,19,4.04661061238474e-09
p31,2,nm,Full FD,adaptive,12.0,1e-06,random,rand3,76,20,2.5872376456707247e-05
p31,2,tr,Full FD,adaptive,12.0,1e-06,random,rand3,76,0,0.7166634994922345
p31,2,tr,Full FD,adaptive,12.0,1e-06,random,rand3,76,1,1.794474475916234e-08
p31,2,tr,Full FD,adaptive,12.0,1e-06,random,rand3,76,2,0.41905918343516774
p31,2,tr,Full FD,adaptive,12.0,1e-06,random,rand3,76,3,0.17950461545381904
p31,2,tr,Full FD,adaptive,12.0,1e-06,random,rand3,76,4,0.068012030209435
p31,2,tr,Full FD,adaptive,12.0,1e-06,random,rand3,76,5,0.03252511690679736
p31,2,tr,Full FD,adaptive,12.0,1e-06,random,rand3,76,6,0.07667343240205594
p31,2,tr,Full FD,adaptive,12.0,1e-06,random,rand3,76,7,0.0545104293857725
p31,2,tr,Full FD,adaptive,12.0,1e-06,random,rand3,76,8,0.04100479628193682
p31,2,tr,Full FD,adaptive,12.0,1e-06,random,rand3,76,9,0.03159963627530952
p31,2,tr,Full FD,adaptive,12.0,1e-06,random,rand3,76,10,0.024761201028265494
p31,2,tr,Full FD,adaptive,12.0,1e-06,random,rand3,76,11,0.019562632943090012
p31,2,tr,Full FD,adaptive,12.0,1e-06,random,rand3,76,12,0.015544252790217355
p31,2,tr,Full FD,adaptive,12.0,1e-06,random,rand3,76,13,0.006871083573925888
p31,2,tr,Full FD,adaptive,12.0,1e-06,random,rand3,76,14,0.0008841050242547761
p31,2,tr,Full FD,adaptive,12.0,1e-06,random,rand3,76,15,8.333785916771798e-06
p31,2,tr,Full FD,adaptive,12.0,1e-06,random,rand3,76,16,5.526454016674121e-09
p31,2,tr,Full FD,adaptive,12.0,1e-06,random,rand3,76,17,0.00012434053115991064
p31,2,tr,Full FD,adaptive,12.0,1e-06,random,rand3,76,18,8.098132454295154e-09
p31,2,tr,Full FD,adaptive,12.0,1e-06,random,rand3,76,19,0.0001369853495448462
p31,2,tr,Full FD,adaptive,12.0,1e-06,random,rand3,76,20,0.00011591595562808963
p31,2,tr,Full FD,adaptive,12.0,1e-06,random,rand3,76,21,9.237033227727752e-05
p31,2,tr,Full FD,adaptive,12.0,1e-06,random,rand3,76,22,7.373461270276916e-05
p31,2,tr,Full FD,adaptive,12.0,1e-06,random,rand3,76,23,3.785333738709461e-07
p31,2,tr,Full FD,adaptive,12.0,1e-06,random,rand3,76,24,3.506457603321045e-05
p31,2,tr,Full FD,adaptive,12.0,1e-06,random,rand3,76,25,2.9111755409704522e-05
p31,2,tr,Full FD,adaptive,12.0,1e-06,random,rand4,77,0,3.5045520093683772e-09
p31,2,tr,Full FD,adaptive,12.0,1e-06,random,rand4,77,1,3.8508029080039106
p31,2,tr,Full FD,adaptive,12.0,1e-06,random,rand4,77,2,9.620146392976795e-07
p31,2,tr,Full FD,adaptive,12.0,1e-06,random,rand4,77,3,2.5385490697831723
p31,2,tr,Full FD,adaptive,12.0,1e-06,random,rand4,77,4,3.1535583190757746
p31,2,tr,Full FD,adaptive,12.0,1e-06,random,rand4,77,5,3.133859032211706e-08
p31,2,tr,Full FD,adaptive,12.0,1e-06,random,rand4,77,6,1.0833944972165632
p31,2,tr,Full FD,adaptive,12.0,1e-06,random,rand4,77,7,0.8728411669328546
p31,2,tr,Full FD,adaptive,12.0,1e-06,random,rand4,77,8,0.8154921589077695
p31,2,tr,Full FD,adaptive,12.0,1e-06,random,rand4,77,9,0.6226071487750163
p31,2,tr,Full FD,adaptive,12.0,1e-06,random,rand4,77,10,0.3198184754727823
p31,2,tr,Full FD,adaptive,12.0,1e-06,random,rand4,77,11,2.9562001848149776e-09
p31,2,tr,Full FD,adaptive,12.0,1e-06,random,rand4,77,12,1.4065409057996688e-10
p31,2,tr,Full FD,adaptive,12.0,1e-06,random,rand4,77,13,0.36489644287266604
p31,2,tr,Full FD,adaptive,12.0,1e-06,random,rand4,77,14,2.0358428182019397e-09
p31,2,tr,Full FD,adaptive,12.0,1e-06,random,rand4,77,15,8.136510916861707e-08
p31,2,tr,Full FD,adaptive,12.0,1e-06,random,rand4,77,16,5.679237145617371e-09
p31,2,tr,Full FD,adaptive,12.0,1e-06,random,rand4,77,17,0.2346927183107974
p31,2,tr,Full FD,adaptive,12.0,1e-06,random,rand4,77,18,0.12528989740508106
p31,2,tr,Full FD,adaptive,12.0,1e-06,random,rand4,77,19,0.046934384013945375
p31,2,tr,Full FD,adaptive,12.0,1e-06,random,rand4,77,20,0.07502902526620057
p31,2,tr,Full FD,adaptive,12.0,1e-06,random,rand4,77,21,0.009870317291571236
p31,2,tr,Full FD,adaptive,12.0,1e-06,random,rand4,77,22,0.006909670509166245
p31,2,tr,Full FD,adaptive,12.0,1e-06,random,rand4,77,23,3.62997320939939e-08
p31,2,tr,Full FD,adaptive,12.0,1e-06,random,rand4,77,24,0.005193212919075073
p31,2,tr,Full FD,adaptive,12.0,1e-06,random,rand4,77,25,0.004043503078787049
p31,2,tr,Full FD,adaptive,12.0,1e-06,random,rand4,77,26,0.0031973054917087992
p31,2,tr,Full FD,adaptive,12.0,1e-06,random,rand4,77,27,0.0017230932199748757
p31,2,tr,Full FD,adaptive,12.0,1e-06,random,rand4,77,28,0.000729795052243328
p31,2,tr,Full FD,adaptive,12.0,1e-06,random,rand4,77,29,4.143215322987166e-07
p31,2,tr,Full FD,adaptive,12.0,1e-06,random,rand4,77,30,2.5335349638379603e-07
p31,2,tr,Full FD,adaptive,12.0,1e-06,random,rand4,77,31,1.862661819117017e-07
p31,2,tr,Full FD,adaptive,12.0,1e-06,random,rand4,77,32,1.1906588800519509e-08
p31,2,tr,Full FD,adaptive,12.0,1e-06,random,rand4,77,33,1.165298363267888e-08
p31,2,tr,Full FD,adaptive,12.0,1e-06,random,rand4,77,34,1.1610380901265916e-07
p31,2,tr,Full FD,adaptive,12.0,1e-06,random,rand4,77,35,5.1616768418271166e-08
p31,2,nm,Full FD,adaptive,12.0,1e-06,random,rand5,78,0,0.014068585762935681
p31,2,nm,Full FD,adaptive,12.0,1e-06,random,rand5,78,1,0.007243628900793738
p31,2,nm,Full FD,adaptive,12.0,1e-06,random,rand5,78,2,1.8891449636068753
p31,2,nm,Full FD,adaptive,12.0,1e-06,random,rand5,78,3,0.6456584461997621
p31,2,nm,Full FD,adaptive,12.0,1e-06,random,rand5,78,4,1.0826433052609575e-09
p31,2,nm,Full FD,adaptive,12.0,1e-06,random,rand5,78,5,1.0822246788975268e-09
p31,2,nm,Full FD,adaptive,12.0,1e-06,random,rand5,78,6,0.4535827195348264
p31,2,nm,Full FD,adaptive,12.0,1e-06,random,rand5,78,7,0.09265373717583118
p31,2,nm,Full FD,adaptive,12.0,1e-06,random,rand5,78,8,0.02061363856085375
p31,2,nm,Full FD,adaptive,12.0,1e-06,random,rand5,78,9,6.380142661149852e-05
p31,2,nm,Full FD,adaptive,12.0,1e-06,random,rand5,78,10,0.25493752722525076
p31,2,nm,Full FD,adaptive,12.0,1e-06,random,rand5,78,11,0.026990350844636662
p31,2,nm,Full FD,adaptive,12.0,1e-06,random,rand5,78,12,0.0016622079213562799
p31,2,nm,Full FD,adaptive,12.0,1e-06,random,rand5,78,13,0.028259632896695662
p31,2,nm,Full FD,adaptive,12.0,1e-06,random,rand5,78,14,0.0016150182522948783
p31,2,nm,Full FD,adaptive,12.0,1e-06,random,rand5,78,15,2.9509815580619503e-06
p31,2,nm,Full FD,adaptive,12.0,1e-06,random,rand5,78,16,8.134305794200837e-09
p31,2,nm,Full FD,adaptive,12.0,1e-06,random,rand5,78,17,6.620603781337973e-09
p31,2,nm,Full FD,adaptive,12.0,1e-06,random,rand5,78,18,8.125063834885224e-09
p31,2,nm,Full FD,adaptive,12.0,1e-06,random,rand5,78,19,8.119843933857451e-09
p31,2,nm,Full FD,adaptive,12.0,1e-06,random,rand5,78,20,2.753408574837588e-06
p31,2,tr,Full FD,adaptive,12.0,1e-06,random,rand5,78,0,1.5322827154997098
p31,2,tr,Full FD,adaptive,12.0,1e-06,random,rand5,78,1,1.961184055358557e-08
p31,2,tr,Full FD,adaptive,12.0,1e-06,random,rand5,78,2,1.5256884059490217
p31,2,tr,Full FD,adaptive,12.0,1e-06,random,rand5,78,3,4.4214583654034315e-09
p31,2,tr,Full FD,adaptive,12.0,1e-06,random,rand5,78,4,2.0498461320297405
p31,2,tr,Full FD,adaptive,12.0,1e-06,random,rand5,78,5,8.449435250936e-09
p31,2,tr,Full FD,adaptive,12.0,1e-06,random,rand5,78,6,1.8769298656233682
p31,2,tr,Full FD,adaptive,12.0,1e-06,random,rand5,78,7,0.3326911263755975
p31,2,tr,Full FD,adaptive,12.0,1e-06,random,rand5,78,8,0.022861583149117876
p31,2,tr,Full FD,adaptive,12.0,1e-06,random,rand5,78,9,0.010942138445539368
p31,2,tr,Full FD,adaptive,12.0,1e-06,random,rand5,78,10,0.012813219663968626
p31,2,tr,Full FD,adaptive,12.0,1e-06,random,rand5,78,11,0.0039733323959936315
p31,2,tr,Full FD,adaptive,12.0,1e-06,random,rand5,78,12,0.013325359058403619
p31,2,tr,Full FD,adaptive,12.0,1e-06,random,rand5,78,13,0.06934283901980616
p31,2,tr,Full FD,adaptive,12.0,1e-06,random,rand5,78,14,0.03693805702341166
p31,2,tr,Full FD,adaptive,12.0,1e-06,random,rand5,78,15,0.17352792731615113
p31,2,tr,Full FD,adaptive,12.0,1e-06,random,rand5,78,16,1.8377787673703562e-09
p31,2,tr,Full FD,adaptive,12.0,1e-06,random,rand5,78,17,1.8371100418428505e-09
p31,2,tr,Full FD,adaptive,12.0,1e-06,random,rand5,78,18,1.8378730694851688e-09
p31,2,tr,Full FD,adaptive,12.0,1e-06,random,rand5,78,19,1.837873076380573e-09
p31,2,tr,Full FD,adaptive,12.0,1e-06,random,rand5,78,20,1.8370226333088493e-09
p31,2,tr,Full FD,adaptive,12.0,1e-06,random,rand5,78,21,1.8379601598589082e-09
p31,2,tr,Full FD,adaptive,12.0,1e-06,random,rand5,78,22,1.8378729654118165e-09
p31,2,tr,Full FD,adaptive,12.0,1e-06,random,rand5,78,23,1.8377785523282524e-09
p31,2,tr,Full FD,adaptive,12.0,1e-06,random,rand5,78,24,1.8379600488900108e-09
p31,2,tr,Full FD,adaptive,12.0,1e-06,random,rand5,78,25,0.16897547492593812
p31,2,tr,Full FD,adaptive,12.0,1e-06,random,rand5,78,26,0.093997023933319
p31,2,tr,Full FD,adaptive,12.0,1e-06,random,rand5,78,27,2.1897232943408384e-09
p31,2,tr,Full FD,adaptive,12.0,1e-06,random,rand5,78,28,0.28209781695084757
p31,2,tr,Full FD,adaptive,12.0,1e-06,random,rand5,78,29,0.141972830182024
p31,2,tr,Full FD,adaptive,12.0,1e-06,random,rand5,78,30,0.06224946062583308
p31,2,tr,Full FD,adaptive,12.0,1e-06,random,rand5,78,31,0.013370879586046349
p31,2,tr,Full FD,adaptive,12.0,1e-06,random,rand5,78,32,0.004570188807894066
p31,2,tr,Full FD,adaptive,12.0,1e-06,random,rand5,78,33,1.85152668820206e-07
p31,2,tr,Full FD,adaptive,12.0,1e-06,random,rand5,78,34,0.0014361831371530432
p31,2,tr,Full FD,adaptive,12.0,1e-06,random,rand5,78,35,0.00045466747440613565
p31,2,tr,Full FD,adaptive,12.0,1e-06,random,rand5,78,36,0.00025874785579421683
p31,2,tr,Full FD,adaptive,12.0,1e-06,random,rand5,78,37,0.000163020099197282
p31,2,tr,Full FD,adaptive,12.0,1e-06,random,rand5,78,38,3.029660041116945e-07
p31,2,tr,Full FD,adaptive,12.0,1e-06,random,rand5,78,39,5.239471915350259e-05
p31,2,tr,Full FD,adaptive,12.0,1e-06,random,rand5,78,40,2.821284683490547e-05
p31,2,tr,Full FD,adaptive,12.0,1e-06,random,rand5,78,41,5.423886807369767e-06
p31,1000,nm,Exact,,,1e-06,initial,xbar,79,0,6.335198195432472
p31,1000,nm,Exact,,,1e-06,initial,xbar,79,1,2.50425759942666
p31,1000,nm,Exact,,,1e-06,initial,xbar,79,2,0.440366388838684
p31,1000,nm,Exact,,,1e-06,initial,xbar,79,3,0.024021541952962196
p31,1000,nm,Exact,,,1e-06,initial,xbar,79,4,0.0066160502624162554
p31,1000,nm,Exact,,,1e-06,initial,xbar,79,5,0.0023591705514859644
p31,1000,nm,Exact,,,1e-06,initial,xbar,79,6,0.0007400337835448015
p31,1000,nm,Exact,,,1e-06,initial,xbar,79,7,0.00030733508336171315
p31,1000,nm,Exact,,,1e-06,initial,xbar,79,8,9.647421293339509e-05
p31,1000,nm,Exact,,,1e-06,initial,xbar,79,9,4.06178569387569e-05
p31,1000,nm,Exact,,,1e-06,initial,xbar,79,10,1.3686128748426275e-05
p31,1000,nm,Exact,,,1e-06,initial,xbar,79,11,5.401763284627875e-06
p31,1000,nm,Exact,,,1e-06,initial,xbar,79,12,2.0083286072326173e-06
p31,1000,nm,Exact,,,1e-06,initial,xbar,79,13,7.312317676016625e-07
p31,1000,nm,Exact,,,1e-06,initial,xbar,79,14,2.946053733928736e-07
p31,1000,nm,Exact,,,1e-06,initial,xbar,79,15,1.024625461368639e-07
p31,1000,tr,Exact,,,1e-06,initial,xbar,79,0,6.003550692656336
p31,1000,tr,Exact,,,1e-06,initial,xbar,79,1,2.671240023522564
p31,1000,tr,Exact,,,1e-06,initial,xbar,79,2,0.29595146725775373
p31,1000,tr,Exact,,,1e-06,initial,xbar,79,3,0.5663041960823175
p31,1000,tr,Exact,,,1e-06,initial,xbar,79,4,0.11255280327043755
p31,1000,tr,Exact,,,1e-06,initial,xbar,79,5,0.042681527594436316
p31,1000,tr,Exact,,,1e-06,initial,xbar,79,6,0.021307418186494335
p31,1000,tr,Exact,,,1e-06,initial,xbar,79,7,0.011043873619128737
p31,1000,tr,Exact,,,1e-06,initial,xbar,79,8,0.007870054869689872
p31,1000,tr,Exact,,,1e-06,initial,xbar,79,9,0.0013704855311336608
p31,1000,tr,Exact,,,1e-06,initial,xbar,79,10,0.0006948807535303944
p31,1000,tr,Exact,,,1e-06,initial,xbar,79,11,0.00019048651218050755
p31,1000,tr,Exact,,,1e-06,initial,xbar,79,12,6.796305893033075e-05
p31,1000,tr,Exact,,,1e-06,initial,xbar,79,13,2.4830978445982938e-05
p31,1000,tr,Exact,,,1e-06,initial,xbar,79,14,9.208751674406492e-06
p31,1000,tr,Exact,,,1e-06,initial,xbar,79,15,3.425670466935349e-06
p31,1000,tr,Exact,,,1e-06,initial,xbar,79,16,1.290917308544343e-06
p31,1000,tr,Exact,,,1e-06,initial,xbar,79,17,4.855010332142151e-07
p31,1000,tr,Exact,,,1e-06,initial,xbar,79,18,1.8375330342595146e-07
p31,1000,tr,Exact,,,1e-06,initial,xbar,79,19,6.929513650376935e-08
p31,1000,nm,Exact,,,1e-06,random,rand1,80,0,15.668715100427137
p31,1000,nm,Exact,,,1e-06,random,rand1,80,1,8.404552260301095
p31,1000,nm,Exact,,,1e-06,random,rand1,80,2,6.877627070348058
p31,1000,nm,Exact,,,1e-06,random,rand1,80,3,3.5495673392474743
p31,1000,nm,Exact,,,1e-06,random,rand1,80,4,1.537882835504866
p31,1000,nm,Exact,,,1e-06,random,rand1,80,5,0.6616120298075112
p31,1000,nm,Exact,,,1e-06,random,rand1,80,6,0.2621202415834241
p31,1000,nm,Exact,,,1e-06,random,rand1,80,7,0.08783561568697995
p31,1000,nm,Exact,,,1e-06,random,rand1,80,8,0.028846210632262597
p31,1000,nm,Exact,,,1e-06,random,rand1,80,9,0.010421749296943672
p31,1000,nm,Exact,,,1e-06,random,rand1,80,10,0.003889817831650622
p31,1000,nm,Exact,,,1e-06,random,rand1,80,11,0.0014649261958747492
p31,1000,nm,Exact,,,1e-06,random,rand1,80,12,0.0005551346910479487
p31,1000,nm,Exact,,,1e-06,random,rand1,80,13,0.0002114430269080502
p31,1000,nm,Exact,,,1e-06,random,rand1,80,14,8.081126832953845e-05
p31,1000,nm,Exact,,,1e-06,random,rand1,80,15,3.098158957190715e-05
p31,1000,nm,Exact,,,1e-06,random,rand1,80,16,1.1900846412721549e-05
p31,1000,nm,Exact,,,1e-06,random,rand1,80,17,4.580984835688176e-06
p31,1000,nm,Exact,,,1e-06,random,rand1,80,18,1.7657611393716256e-06
p31,1000,nm,Exact,,,1e-06,random,rand1,80,19,6.815520988648554e-07
p31,1000,nm,Exact,,,1e-06,random,rand1,80,20,2.6337106828142984e-07
p31,1000,tr,Exact,,,1e-06,random,rand1,80,0,10.429276302626842
p31,1000,tr,Exact,,,1e-06,random,rand1,80,1,7.164664579413734
p31,1000,tr,Exact,,,1e-06,random,rand1,80,2,5.115524596460916
p31,1000,tr,Exact,,,1e-06,random,rand1,80,3,2.747373628634228
p31,1000,tr,Exact,,,1e-06,random,rand1,80,4,1.4785134584967454
p31,1000,tr,Exact,,,1e-06,random,rand1,80,5,0.7984116851687253
p31,1000,tr,Exact,,,1e-06,random,rand1,80,6,0.43551918750318586
p31,1000,tr,Exact,,,1e-06,random,rand1,80,7,0.23081466312184837
p31,1000,tr,Exact,,,1e-06,random,rand1,80,8,0.12072137189096514
p31,1000,tr,Exact,,,1e-06,random,rand1,80,9,0.0618487000412441
p31,1000,tr,Exact,,,1e-06,random,rand1,80,10,0.0320337154329941
p31,1000,tr,Exact,,,1e-06,random,rand1,80,11,0.016393893520536353
p31,1000,tr,Exact,,,1e-06,random,rand1,80,12,0.008451122180585493
p31,1000,tr,Exact,,,1e-06,random,rand1,80,13,0.006580834362245267
p31,1000,tr,Exact,,,1e-06,random,rand1,80,14,0.0012096038583604
p31,1000,tr,Exact,,,1e-06,random,rand1,80,15,0.0004079530663360682
p31,1000,tr,Exact,,,1e-06,random,rand1,80,16,0.0001239947014504438
p31,1000,tr,Exact,,,1e-06,random,rand1,80,17,4.162252453772243e-05
p31,1000,tr,Exact,,,1e-06,random,rand1,80,18,1.4518521502019832e-05
p31,1000,tr,Exact,,,1e-06,random,rand1,80,19,5.102672001498801e-06
p31,1000,tr,Exact,,,1e-06,random,rand1,80,20,1.8222227646741735e-06
p31,1000,tr,Exact,,,1e-06,random,rand1,80,21,6.57833242354523e-07
p31,1000,tr,Exact,,,1e-06,random,rand1,80,22,2.3892672251226695e-07
p31,1000,tr,Exact,,,1e-06,random,rand1,80,23,8.73070341924985e-08
p31,1000,nm,Exact,,,1e-06,random,rand2,81,0,15.972196385123443
p31,1000,nm,Exact,,,1e-06,random,rand2,81,1,8.129140384670638
p31,1000,nm,Exact,,,1e-06,random,rand2,81,2,5.673902649363351
p31,1000,nm,Exact,,,1e-06,random,rand2,81,3,2.616760980849107
p31,1000,nm,Exact,,,1e-06,random,rand2,81,4,1.0117125603072545
p31,1000,nm,Exact,,,1e-06,random,rand2,81,5,0.36268378564378356
p31,1000,nm,Exact,,,1e-06,random,rand2,81,6,0.11802687977076322
p31,1000,nm,Exact,,,1e-06,random,rand2,81,7,0.04022201843413067
p31,1000,nm,Exact,,,1e-06,random,rand2,81,8,0.014676454601240375
p31,1000,nm,Exact,,,1e-06,random,rand2,81,9,0.005477035007898221
p31,1000,nm,Exact,,,1e-06,random,rand2,81,10,0.0020609786636649904
p31,1000,nm,Exact,,,1e-06,random,rand2,81,11,0.0007801771725000606
p31,1000,nm,Exact,,,1e-06,random,rand2,81,12,0.00029672852113845125
p31,1000,nm,Exact,,,1e-06,random,rand2,81,13,0.00011323483784116038
p31,1000,nm,Exact,,,1e-06,random,rand2,81,14,4.333949690282043e-05
p31,1000,nm,Exact,,,1e-06,random,rand2,81,15,1.662203494224164e-05
p31,1000,nm,Exact,,,1e-06,random,rand2,81,16,6.387548535757361e-06
p31,1000,nm,Exact,,,1e-06,random,rand2,81,17,2.4583044684743642e-06
p31,1000,nm,Exact,,,1e-06,random,rand2,81,18,9.473560516835464e-07
p31,1000,nm,Exact,,,1e-06,random,rand2,81,19,3.6550793884025253e-07
p31,1000,tr,Exact,,,1e-06,random,rand2,81,0,10.167661502759822
p31,1000,tr,Exact,,,1e-06,random,rand2,81,1,7.227553609449455
p31,1000,tr,Exact,,,1e-06,random,rand2,81,2,5.180427538504786
p31,1000,tr,Exact,,,1e-06,random,rand2,81,3,2.796299573101282
p31,1000,tr,Exact,,,1e-06,random,rand2,81,4,1.4967078725084686
p31,1000,tr,Exact,,,1e-06,random,rand2,81,5,0.8333230690298239
p31,1000,tr,Exact,,,1e-06,random,rand2,81,6,0.47261406589211297
p31,1000,tr,Exact,,,1e-06,random,rand2,81,7,0.2560159099621475
p31,1000,tr,Exact,,,1e-06,random,rand2,81,8,0.13605139507666061
p31,1000,tr,Exact,,,1e-06,random,rand2,81,9,0.0702132626093483
p31,1000,tr,Exact,,,1e-06,random,rand2,81,10,0.036258325386537574
p31,1000,tr,Exact,,,1e-06,random,rand2,81,11,0.018514735450095188
p31,1000,tr,Exact,,,1e-06,random,rand2,81,12,0.009543881660026529
p31,1000,tr,Exact,,,1e-06,random,rand2,81,13,0.0073441906732814085
p31,1000,tr,Exact,,,1e-06,random,rand2,81,14,0.0014286068493999985
p31,1000,tr,Exact,,,1e-06,random,rand2,81,15,0.00046244963967215837
p31,1000,tr,Exact,,,1e-06,random,rand2,81,16,0.00014252686023045357
p31,1000,tr,Exact,,,1e-06,random,rand2,81,17,4.757804583256408e-05
p31,1000,tr,Exact,,,1e-06,random,rand2,81,18,1.6484040756198424e-05
p31,1000,tr,Exact,,,1e-06,random,rand2,81,19,5.767665360282481e-06
p31,1000,tr,Exact,,,1e-06,random,rand2,81,20,2.0461390283137252e-06
p31,1000,tr,Exact,,,1e-06,random,rand2,81,21,7.349648460858402e-07
p31,1000,tr,Exact,,,1e-06,random,rand2,81,22,2.659041639628826e-07
p31,1000,tr,Exact,,,1e-06,random,rand2,81,23,9.655196731553024e-08
p31,1000,nm,Exact,,,1e-06,random,rand3,82,0,16.73914897475078
p31,1000,nm,Exact,,,1e-06,random,rand3,82,1,11.18875280618644
p31,1000,nm,Exact,,,1e-06,random,rand3,82,2,6.065614641365197
p31,1000,nm,Exact,,,1e-06,random,rand3,82,3,3.020102172935681
p31,1000,nm,Exact,,,1e-06,random,rand3,82,4,1.379666808241124
p31,1000,nm,Exact,,,1e-06,random,rand3,82,5,0.6206948439960787
p31,1000,nm,Exact,,,1e-06,random,rand3,82,6,0.23421356096956022
p31,1000,nm,Exact,,,1e-06,random,rand3,82,7,0.07483561934438682
p31,1000,nm,Exact,,,1e-06,random,rand3,82,8,0.025181487713202257
p31,1000,nm,Exact,,,1e-06,random,rand3,82,9,0.00919056343291612
p31,1000,nm,Exact,,,1e-06,random,rand3,82,10,0.0034273043332378604
p31,1000,nm,Exact,,,1e-06,random,rand3,82,11,0.001287952816910975
p31,1000,nm,Exact,,,1e-06,random,rand3,82,12,0.0004869761202902661
p31,1000,nm,Exact,,,1e-06,random,rand3,82,13,0.00018500349877409496
p31,1000,nm,Exact,,,1e-06,random,rand3,82,14,7.05481394391465e-05
p31,1000,nm,Exact,,,1e-06,random,rand3,82,15,2.6975539184347264e-05
p31,1000,nm,Exact,,,1e-06,random,rand3,82,16,1.034101640895758e-05
p31,1000,nm,Exact,,,1e-06,random,rand3,82,17,3.970934166447435e-06
p31,1000,nm,Exact,,,1e-06,random,rand3,82,18,1.5277803564260842e-06
p31,1000,nm,Exact,,,1e-06,random,rand3,82,19,5.884752830837749e-07
p31,1000,nm,Exact,,,1e-06,random,rand3,82,20,2.269974621746068e-07
p31,1000,tr,Exact,,,1e-06,random,rand3,82,0,10.668484324222572
p31,1000,tr,Exact,,,1e-06,random,rand3,82,1,7.007906585889148
p31,1000,tr,Exact,,,1e-06,random,rand3,82,2,5.095604161719214
p31,1000,tr,Exact,,,1e-06,random,rand3,82,3,2.695722067784397
p31,1000,tr,Exact,,,1e-06,random,rand3,82,4,1.4380125712698497
p31,1000,tr,Exact,,,1e-06,random,rand3,82,5,0.8176262956323153
p31,1000,tr,Exact,,,1e-06,random,rand3,82,6,0.47171591632001325
p31,1000,tr,Exact,,,1e-06,random,rand3,82,7,0.2532517026720312
p31,1000,tr,Exact,,,1e-06,random,rand3,82,8,0.13290380968351126
p31,1000,tr,Exact,,,1e-06,random,rand3,82,9,0.06814362625808752
p31,1000,tr,Exact,,,1e-06,random,rand3,82,10,0.03491697432607994
p31,1000,tr,Exact,,,1e-06,random,rand3,82,11,0.0177730467755163
p31,1000,tr,Exact,,,1e-06,random,rand3,82,12,0.009144803545885375
p31,1000,tr,Exact,,,1e-06,random,rand3,82,13,0.007010603995116031
p31,1000,tr,Exact,,,1e-06,random,rand3,82,14,0.0013700383971691713
p31,1000,tr,Exact,,,1e-06,random,rand3,82,15,0.0004528205572511107
p31,1000,tr,Exact,,,1e-06,random,rand3,82,16,0.00013792741545276758
p31,1000,tr,Exact,,,1e-06,random,rand3,82,17,4.5956431318014716e-05
p31,1000,tr,Exact,,,1e-06,random,rand3,82,18,1.588402443208483e-05
p31,1000,tr,Exact,,,1e-06,random,rand3,82,19,5.54756508545409e-06
p31,1000,tr,Exact,,,1e-06,random,rand3,82,20,1.9698452670603635e-06
p31,1000,tr,Exact,,,1e-06,random,rand3,82,21,7.071139521797796e-07
p31,1000,tr,Exact,,,1e-06,random,rand3,82,22,2.558072402023097e-07
p31,1000,tr,Exact,,,1e-06,random,rand3,82,23,9.273385170408722e-08
p31,1000,nm,Exact,,,1e-06,random,rand4,83,0,16.709417875821877
p31,1000,nm,Exact,,,1e-06,random,rand4,83,1,8.195588299973549
p31,1000,nm,Exact,,,1e-06,random,rand4,83,2,5.959503155968692
p31,1000,nm,Exact,,,1e-06,random,rand4,83,3,2.7368681647037807
p31,1000,nm,Exact,,,1e-06,random,rand4,83,4,1.0542567933376783
p31,1000,nm,Exact,,,1e-06,random,rand4,83,5,0.38728840656963626
p31,1000,nm,Exact,,,1e-06,random,rand4,83,6,0.12913799260264136
p31,1000,nm,Exact,,,1e-06,random,rand4,83,7,0.04314310134068213
p31,1000,nm,Exact,,,1e-06,random,rand4,83,8,0.01560347275553702
p31,1000,nm,Exact,,,1e-06,random,rand4,83,9,0.005805065818629421
p31,1000,nm,Exact,,,1e-06,random,rand4,83,10,0.0021833358130773613
p31,1000,nm,Exact,,,1e-06,random,rand4,83,11,0.00082667200224593
p31,1000,nm,Exact,,,1e-06,random,rand4,83,12,0.0003144679401733898
p31,1000,nm,Exact,,,1e-06,random,rand4,83,13,0.00012009913714977242
p31,1000,nm,Exact,,,1e-06,random,rand4,83,14,4.604391513462664e-05
p31,1000,nm,Exact,,,1e-06,random,rand4,83,15,1.7655676830839414e-05
p31,1000,nm,Exact,,,1e-06,random,rand4,83,16,6.806567187922503e-06
p31,1000,nm,Exact,,,1e-06,random,rand4,83,17,2.617293446028213e-06
p31,1000,nm,Exact,,,1e-06,random,rand4,83,18,1.0118309549204953e-06
p31,1000,nm,Exact,,,1e-06,random,rand4,83,19,3.905121496841741e-07
p31,1000,tr,Exact,,,1e-06,random,rand4,83,0,10.642974555345
p31,1000,tr,Exact,,,1e-06,random,rand4,83,1,7.213663653438453
p31,1000,tr,Exact,,,1e-06,random,rand4,83,2,5.126134535213224
p31,1000,tr,Exact,,,1e-06,random,rand4,83,3,2.796127833283894
p31,1000,tr,Exact,,,1e-06,random,rand4,83,4,2.2940316599841073
p31,1000,tr,Exact,,,1e-06,random,rand4,83,5,0.8055674076823874
p31,1000,tr,Exact,,,1e-06,random,rand4,83,6,0.39144193656785187
p31,1000,tr,Exact,,,1e-06,random,rand4,83,7,0.19966061680960343
p31,1000,tr,Exact,,,1e-06,random,rand4,83,8,0.09895032226210149
p31,1000,tr,Exact,,,1e-06,random,rand4,83,9,0.0501396743318217
p31,1000,tr,Exact,,,1e-06,random,rand4,83,10,0.02489292031911741
p31,1000,tr,Exact,,,1e-06,random,rand4,83,11,0.012728455208656647
p31,1000,tr,Exact,,,1e-06,random,rand4,83,12,0.00935198952786249
p31,1000,tr,Exact,,,1e-06,random,rand4,83,13,0.0020278502001454994
p31,1000,tr,Exact,,,1e-06,random,rand4,83,14,0.0006671888689149385
p31,1000,tr,Exact,,,1e-06,random,rand4,83,15,0.0002528996363177559
p31,1000,tr,Exact,,,1e-06,random,rand4,83,16,8.444503165126189e-05
p31,1000,tr,Exact,,,1e-06,random,rand4,83,17,2.9477556322419097e-05
p31,1000,tr,Exact,,,1e-06,random,rand4,83,18,1.0616670125958837e-05
p31,1000,tr,Exact,,,1e-06,random,rand4,83,19,3.8911538654687836e-06
p31,1000,tr,Exact,,,1e-06,random,rand4,83,20,1.4393768404419922e-06
p31,1000,tr,Exact,,,1e-06,random,rand4,83,21,5.360590200414473e-07
p31,1000,tr,Exact,,,1e-06,random,rand4,83,22,2.0091196505859183e-07
p31,1000,tr,Exact,,,1e-06,random,rand4,83,23,7.537059102029826e-08
p31,1000,nm,Exact,,,1e-06,random,rand5,84,0,11.863511966539622
p31,1000,nm,Exact,,,1e-06,random,rand5,84,1,11.181453654081034
p31,1000,nm,Exact,,,1e-06,random,rand5,84,2,6.164786076159248
p31,1000,nm,Exact,,,1e-06,random,rand5,84,3,2.967589593156468
p31,1000,nm,Exact,,,1e-06,random,rand5,84,4,1.2040841784992453
p31,1000,nm,Exact,,,1e-06,random,rand5,84,5,0.5049287421028187
p31,1000,nm,Exact,,,1e-06,random,rand5,84,6,0.17885211716256574
p31,1000,nm,Exact,,,1e-06,random,rand5,84,7,0.05716792747757802
p31,1000,nm,Exact,,,1e-06,random,rand5,84,8,0.020062333455414718
p31,1000,nm,Exact,,,1e-06,random,rand5,84,9,0.007409790772294912
p31,1000,nm,Exact,,,1e-06,random,rand5,84,10,0.002770882137492023
p31,1000,nm,Exact,,,1e-06,random,rand5,84,11,0.0010432947292076918
p31,1000,nm,Exact,,,1e-06,random,rand5,84,12,0.00039492147043142267
p31,1000,nm,Exact,,,1e-06,random,rand5,84,13,0.00015013031790517023
p31,1000,nm,Exact,,,1e-06,random,rand5,84,14,5.725682052535448e-05
p31,1000,nm,Exact,,,1e-06,random,rand5,84,15,2.189245714823918e-05
p31,1000,nm,Exact,,,1e-06,random,rand5,84,16,8.389076859747422e-06
p31,1000,nm,Exact,,,1e-06,random,rand5,84,17,3.220266041305519e-06
p31,1000,nm,Exact,,,1e-06,random,rand5,84,18,1.238141989941236e-06
p31,1000,nm,Exact,,,1e-06,random,rand5,84,19,4.766577864391622e-07
p31,1000,nm,Exact,,,1e-06,random,rand5,84,20,1.8373026688593238e-07
p31,1000,tr,Exact,,,1e-06,random,rand5,84,0,10.053188307087959
p31,1000,tr,Exact,,,1e-06,random,rand5,84,1,6.851239331267562
p31,1000,tr,Exact,,,1e-06,random,rand5,84,2,5.001080828010726
p31,1000,tr,Exact,,,1e-06,random,rand5,84,3,2.6077010054189196
p31,1000,tr,Exact,,,1e-06,random,rand5,84,4,1.4332693838150097
p31,1000,tr,Exact,,,1e-06,random,rand5,84,5,0.816127439020455
p31,1000,tr,Exact,,,1e-06,random,rand5,84,6,0.45897423122098735
p31,1000,tr,Exact,,,1e-06,random,rand5,84,7,0.24444373373024203
p31,1000,tr,Exact,,,1e-06,random,rand5,84,8,0.12817687638279787
p31,1000,tr,Exact,,,1e-06,random,rand5,84,9,0.06577558571780859
p31,1000,tr,Exact,,,1e-06,random,rand5,84,10,0.033936731654970916
p31,1000,tr,Exact,,,1e-06,random,rand5,84,11,0.017361249421427024
p31,1000,tr,Exact,,,1e-06,random,rand5,84,12,0.008959139609563562
p31,1000,tr,Exact,,,1e-06,random,rand5,84,13,0.006973980251327294
p31,1000,tr,Exact,,,1e-06,random,rand5,84,14,0.0012920742858008227
p31,1000,tr,Exact,,,1e-06,random,rand5,84,15,0.00042232233551369136
p31,1000,tr,Exact,,,1e-06,random,rand5,84,16,0.00012678090275777815
p31,1000,tr,Exact,,,1e-06,random,rand5,84,17,4.192275697105652e-05
p31,1000,tr,Exact,,,1e-06,random,rand5,84,18,1.4426428291189376e-05
p31,1000,tr,Exact,,,1e-06,random,rand5,84,19,5.012389109978835e-06
p31,1000,tr,Exact,,,1e-06,random,rand5,84,20,1.7726081395754377e-06
p31,1000,tr,Exact,,,1e-06,random,rand5,84,21,6.335127077333392e-07
p31,1000,tr,Exact,,,1e-06,random,rand5,84,22,2.2841478000364462e-07
p31,1000,tr,Exact,,,1e-06,random,rand5,84,23,8.289266021312887e-08
p31,1000,nm,Mixed FD,scalar,4.0,1e-06,initial,xbar,85,0,6.3368750376355205
p31,1000,nm,Mixed FD,scalar,4.0,1e-06,initial,xbar,85,1,2.5046089799139737
p31,1000,nm,Mixed FD,scalar,4.0,1e-06,initial,xbar,85,2,0.43885745601791076
p31,1000,nm,Mixed FD,scalar,4.0,1e-06,initial,xbar,85,3,0.02289858047312584
p31,1000,nm,Mixed FD,scalar,4.0,1e-06,initial,xbar,85,4,0.007601629188234428
p31,1000,nm,Mixed FD,scalar,4.0,1e-06,initial,xbar,85,5,0.0024423304362612814
p31,1000,nm,Mixed FD,scalar,4.0,1e-06,initial,xbar,85,6,0.001042308095199499
p31,1000,nm,Mixed FD,scalar,4.0,1e-06,initial,xbar,85,7,0.00036325999030638496
p31,1000,nm,Mixed FD,scalar,4.0,1e-06,initial,xbar,85,8,0.00015544063692237464
p31,1000,nm,Mixed FD,scalar,4.0,1e-06,initial,xbar,85,9,5.629192216442517e-05
p31,1000,nm,Mixed FD,scalar,4.0,1e-06,initial,xbar,85,10,2.411705428887661e-05
p31,1000,nm,Mixed FD,scalar,4.0,1e-06,initial,xbar,85,11,8.94446578623971e-06
p31,1000,nm,Mixed FD,scalar,4.0,1e-06,initial,xbar,85,12,3.830089429133387e-06
p31,1000,nm,Mixed FD,scalar,4.0,1e-06,initial,xbar,85,13,1.4436206632649082e-06
p31,1000,nm,Mixed FD,scalar,4.0,1e-06,initial,xbar,85,14,6.175851884414694e-07
p31,1000,nm,Mixed FD,scalar,4.0,1e-06,initial,xbar,85,15,2.3553749566448337e-07
p31,1000,tr,Mixed FD,scalar,4.0,1e-06,initial,xbar,85,0,6.014066410627554
p31,1000,tr,Mixed FD,scalar,4.0,1e-06,initial,xbar,85,1,2.6670475564088916
p31,1000,tr,Mixed FD,scalar,4.0,1e-06,initial,xbar,85,2,0.29935807256094293
p31,1000,tr,Mixed FD,scalar,4.0,1e-06,initial,xbar,85,3,0.555807225513465
p31,1000,tr,Mixed FD,scalar,4.0,1e-06,initial,xbar,85,4,0.11985430537650509
p31,1000,tr,Mixed FD,scalar,4.0,1e-06,initial,xbar,85,5,0.05118219528114424
p31,1000,tr,Mixed FD,scalar,4.0,1e-06,initial,xbar,85,6,0.02658036682350438
p31,1000,tr,Mixed FD,scalar,4.0,1e-06,initial,xbar,85,7,0.014175632601616495
p31,1000,tr,Mixed FD,scalar,4.0,1e-06,initial,xbar,85,8,0.00723261916329251
p31,1000,tr,Mixed FD,scalar,4.0,1e-06,initial,xbar,85,9,0.005696155614219876
p31,1000,tr,Mixed FD,scalar,4.0,1e-06,initial,xbar,85,10,0.0010563976847040716
p31,1000,tr,Mixed FD,scalar,4.0,1e-06,initial,xbar,85,11,0.0004903714911593379
p31,1000,tr,Mixed FD,scalar,4.0,1e-06,initial,xbar,85,12,0.00013900264134916675
p31,1000,tr,Mixed FD,scalar,4.0,1e-06,initial,xbar,85,13,5.2762165551425684e-05
p31,1000,tr,Mixed FD,scalar,4.0,1e-06,initial,xbar,85,14,1.979537077307366e-05
p31,1000,tr,Mixed FD,scalar,4.0,1e-06,initial,xbar,85,15,7.517653408136545e-06
p31,1000,tr,Mixed FD,scalar,4.0,1e-06,initial,xbar,85,16,2.9002290884835726e-06
p31,1000,tr,Mixed FD,scalar,4.0,1e-06,initial,xbar,85,17,1.128578589815739e-06
p31,1000,tr,Mixed FD,scalar,4.0,1e-06,initial,xbar,85,18,4.3846049081894105e-07
p31,1000,tr,Mixed FD,scalar,4.0,1e-06,initial,xbar,85,19,1.7231208091142615e-07
p31,1000,tr,Mixed FD,scalar,4.0,1e-06,initial,xbar,85,20,6.79557797233829e-08
p31,1000,nm,Mixed FD,scalar,4.0,1e-06,random,rand1,86,0,14.77513514328455
p31,1000,nm,Mixed FD,scalar,4.0,1e-06,random,rand1,86,1,7.883019611371741
p31,1000,nm,Mixed FD,scalar,4.0,1e-06,random,rand1,86,2,5.383768165726942
p31,1000,nm,Mixed FD,scalar,4.0,1e-06,random,rand1,86,3,2.347692623406509
p31,1000,nm,Mixed FD,scalar,4.0,1e-06,random,rand1,86,4,0.7492206751956904
p31,1000,nm,Mixed FD,scalar,4.0,1e-06,random,rand1,86,5,0.22923714405330475
p31,1000,nm,Mixed FD,scalar,4.0,1e-06,random,rand1,86,6,0.07963240374796497
p31,1000,nm,Mixed FD,scalar,4.0,1e-06,random,rand1,86,7,0.03055311752872218
p31,1000,nm,Mixed FD,scalar,4.0,1e-06,random,rand1,86,8,0.012045130925763285
p31,1000,nm,Mixed FD,scalar,4.0,1e-06,random,rand1,86,9,0.004802157280722617
p31,1000,nm,Mixed FD,scalar,4.0,1e-06,random,rand1,86,10,0.0019245202030985277
p31,1000,nm,Mixed FD,scalar,4.0,1e-06,random,rand1,86,11,0.0007762450938185436
p31,1000,nm,Mixed FD,scalar,4.0,1e-06,random,rand1,86,12,0.0003139765769213821
p31,1000,nm,Mixed FD,scalar,4.0,1e-06,random,rand1,86,13,0.00012751920983873963
p31,1000,nm,Mixed FD,scalar,4.0,1e-06,random,rand1,86,14,5.187473460295382e-05
p31,1000,nm,Mixed FD,scalar,4.0,1e-06,random,rand1,86,15,2.116592483702408e-05
p31,1000,nm,Mixed FD,scalar,4.0,1e-06,random,rand1,86,16,8.644667086335334e-06
p31,1000,nm,Mixed FD,scalar,4.0,1e-06,random,rand1,86,17,3.538946467282045e-06
p31,1000,nm,Mixed FD,scalar,4.0,1e-06,random,rand1,86,18,1.4496416551633226e-06
p31,1000,nm,Mixed FD,scalar,4.0,1e-06,random,rand1,86,19,5.949448355333004e-07
p31,1000,tr,Mixed FD,scalar,4.0,1e-06,random,rand1,86,0,10.468617308440932
p31,1000,tr,Mixed FD,scalar,4.0,1e-06,random,rand1,86,1,7.243076439008088
p31,1000,tr,Mixed FD,scalar,4.0,1e-06,random,rand1,86,2,5.240054916419472
p31,1000,tr,Mixed FD,scalar,4.0,1e-06,random,rand1,86,3,2.797753271185631
p31,1000,tr,Mixed FD,scalar,4.0,1e-06,random,rand1,86,4,1.5018149390257909
p31,1000,tr,Mixed FD,scalar,4.0,1e-06,random,rand1,86,5,0.8247785978593191
p31,1000,tr,Mixed FD,scalar,4.0,1e-06,random,rand1,86,6,0.4567943137072908
p31,1000,tr,Mixed FD,scalar,4.0,1e-06,random,rand1,86,7,0.24681362566274653
p31,1000,tr,Mixed FD,scalar,4.0,1e-06,random,rand1,86,8,0.13291924196950014
p31,1000,tr,Mixed FD,scalar,4.0,1e-06,random,rand1,86,9,0.06988775989102683
p31,1000,tr,Mixed FD,scalar,4.0,1e-06,random,rand1,86,10,0.03725026781750933
p31,1000,tr,Mixed FD,scalar,4.0,1e-06,random,rand1,86,11,0.019556458042858688
p31,1000,tr,Mixed FD,scalar,4.0,1e-06,random,rand1,86,12,0.010381984135658044
p31,1000,tr,Mixed FD,scalar,4.0,1e-06,random,rand1,86,13,0.008276634399039164
p31,1000,tr,Mixed FD,scalar,4.0,1e-06,random,rand1,86,14,0.0014732916933194798
p31,1000,tr,Mixed FD,scalar,4.0,1e-06,random,rand1,86,15,0.0007688572442341735
p31,1000,tr,Mixed FD,scalar,4.0,1e-06,random,rand1,86,16,0.00021221913238688063
p31,1000,tr,Mixed FD,scalar,4.0,1e-06,random,rand1,86,17,7.113991928727071e-05
p31,1000,tr,Mixed FD,scalar,4.0,1e-06,random,rand1,86,18,2.554654216524945e-05
p31,1000,tr,Mixed FD,scalar,4.0,1e-06,random,rand1,86,19,9.308299758586467e-06
p31,1000,tr,Mixed FD,scalar,4.0,1e-06,random,rand1,86,20,3.4705838996809645e-06
p31,1000,tr,Mixed FD,scalar,4.0,1e-06,random,rand1,86,21,1.3090358988476804e-06
p31,1000,tr,Mixed FD,scalar,4.0,1e-06,random,rand1,86,22,4.989695177222104e-07
p31,1000,tr,Mixed FD,scalar,4.0,1e-06,random,rand1,86,23,1.9165000243499362e-07
p31,1000,tr,Mixed FD,scalar,4.0,1e-06,random,rand1,86,24,7.381801983452616e-08
p31,1000,nm,Mixed FD,scalar,4.0,1e-06,random,rand2,87,0,14.926751949175449
p31,1000,nm,Mixed FD,scalar,4.0,1e-06,random,rand2,87,1,8.03065054069345
p31,1000,nm,Mixed FD,scalar,4.0,1e-06,random,rand2,87,2,5.479520849743055
p31,1000,nm,Mixed FD,scalar,4.0,1e-06,random,rand2,87,3,2.442481910898256
p31,1000,nm,Mixed FD,scalar,4.0,1e-06,random,rand2,87,4,0.8361649190959692
p31,1000,nm,Mixed FD,scalar,4.0,1e-06,random,rand2,87,5,0.26831548477807987
p31,1000,nm,Mixed FD,scalar,4.0,1e-06,random,rand2,87,6,0.09066334248036509
p31,1000,nm,Mixed FD,scalar,4.0,1e-06,random,rand2,87,7,0.034114123952318734
p31,1000,nm,Mixed FD,scalar,4.0,1e-06,random,rand2,87,8,0.013381448040241557
p31,1000,nm,Mixed FD,scalar,4.0,1e-06,random,rand2,87,9,0.0053172824167316245
p31,1000,nm,Mixed FD,scalar,4.0,1e-06,random,rand2,87,10,0.0021291383319330787
p31,1000,nm,Mixed FD,scalar,4.0,1e-06,random,rand2,87,11,0.000857814366654224
p31,1000,nm,Mixed FD,scalar,4.0,1e-06,random,rand2,87,12,0.00034706112447058793
p31,1000,nm,Mixed FD,scalar,4.0,1e-06,random,rand2,87,13,0.00014090719061252664
p31,1000,nm,Mixed FD,scalar,4.0,1e-06,random,rand2,87,14,5.7349722438192394e-05
p31,1000,nm,Mixed FD,scalar,4.0,1e-06,random,rand2,87,15,2.339445356030811e-05
p31,1000,nm,Mixed FD,scalar,4.0,1e-06,random,rand2,87,16,9.558793174622225e-06
p31,1000,nm,Mixed FD,scalar,4.0,1e-06,random,rand2,87,17,3.911834888535063e-06
p31,1000,nm,Mixed FD,scalar,4.0,1e-06,random,rand2,87,18,1.6027384322994704e-06
p31,1000,nm,Mixed FD,scalar,4.0,1e-06,random,rand2,87,19,6.574312809816584e-07
p31,1000,tr,Mixed FD,scalar,4.0,1e-06,random,rand2,87,0,10.21376698695527
p31,1000,tr,Mixed FD,scalar,4.0,1e-06,random,rand2,87,1,7.28866800693906
p31,1000,tr,Mixed FD,scalar,4.0,1e-06,random,rand2,87,2,5.306129008750083
p31,1000,tr,Mixed FD,scalar,4.0,1e-06,random,rand2,87,3,2.8488961998321756
p31,1000,tr,Mixed FD,scalar,4.0,1e-06,random,rand2,87,4,1.523330437367725
p31,1000,tr,Mixed FD,scalar,4.0,1e-06,random,rand2,87,5,0.8582977816822486
p31,1000,tr,Mixed FD,scalar,4.0,1e-06,random,rand2,87,6,0.4944329801624103
p31,1000,tr,Mixed FD,scalar,4.0,1e-06,random,rand2,87,7,0.2741756364056829
p31,1000,tr,Mixed FD,scalar,4.0,1e-06,random,rand2,87,8,0.14987252309315147
p31,1000,tr,Mixed FD,scalar,4.0,1e-06,random,rand2,87,9,0.07939173821932086
p31,1000,tr,Mixed FD,scalar,4.0,1e-06,random,rand2,87,10,0.04215790816374035
p31,1000,tr,Mixed FD,scalar,4.0,1e-06,random,rand2,87,11,0.022084287298832377
p31,1000,tr,Mixed FD,scalar,4.0,1e-06,random,rand2,87,12,0.011693556529640386
p31,1000,tr,Mixed FD,scalar,4.0,1e-06,random,rand2,87,13,0.0061435241518298985
p31,1000,tr,Mixed FD,scalar,4.0,1e-06,random,rand2,87,14,0.004910484000103356
p31,1000,tr,Mixed FD,scalar,4.0,1e-06,random,rand2,87,15,0.0009844346459877014
p31,1000,tr,Mixed FD,scalar,4.0,1e-06,random,rand2,87,16,0.00033813924583092105
p31,1000,tr,Mixed FD,scalar,4.0,1e-06,random,rand2,87,17,0.00011014434141741491
p31,1000,tr,Mixed FD,scalar,4.0,1e-06,random,rand2,87,18,3.860788762065368e-05
p31,1000,tr,Mixed FD,scalar,4.0,1e-06,random,rand2,87,19,1.3986928743250974e-05
p31,1000,tr,Mixed FD,scalar,4.0,1e-06,random,rand2,87,20,5.119054203840373e-06
p31,1000,tr,Mixed FD,scalar,4.0,1e-06,random,rand2,87,21,1.903400047666943e-06
p31,1000,tr,Mixed FD,scalar,4.0,1e-06,random,rand2,87,22,7.152136351506086e-07
p31,1000,tr,Mixed FD,scalar,4.0,1e-06,random,rand2,87,23,2.710914926034955e-07
p31,1000,tr,Mixed FD,scalar,4.0,1e-06,random,rand2,87,24,1.0305313316234536e-07
p31,1000,tr,Mixed FD,scalar,4.0,1e-06,random,rand2,87,25,4.005310638258518e-08
p31,1000,nm,Mixed FD,scalar,4.0,1e-06,random,rand3,88,0,15.686346344063404
p31,1000,nm,Mixed FD,scalar,4.0,1e-06,random,rand3,88,1,7.411206542621562
p31,1000,nm,Mixed FD,scalar,4.0,1e-06,random,rand3,88,2,7.751018566464621
p31,1000,nm,Mixed FD,scalar,4.0,1e-06,random,rand3,88,3,4.178686701476835
p31,1000,nm,Mixed FD,scalar,4.0,1e-06,random,rand3,88,4,1.8335505279331832
p31,1000,nm,Mixed FD,scalar,4.0,1e-06,random,rand3,88,5,0.8080229691657549
p31,1000,nm,Mixed FD,scalar,4.0,1e-06,random,rand3,88,6,0.35650365344463664
p31,1000,nm,Mixed FD,scalar,4.0,1e-06,random,rand3,88,7,0.12798599399923538
p31,1000,nm,Mixed FD,scalar,4.0,1e-06,random,rand3,88,8,0.040383803595249686
p31,1000,nm,Mixed FD,scalar,4.0,1e-06,random,rand3,88,9,0.014825186764260043
p31,1000,nm,Mixed FD,scalar,4.0,1e-06,random,rand3,88,10,0.005795250074099662
p31,1000,nm,Mixed FD,scalar,4.0,1e-06,random,rand3,88,11,0.0022937147279749126
p31,1000,nm,Mixed FD,scalar,4.0,1e-06,random,rand3,88,12,0.0009151377832579408
p31,1000,nm,Mixed FD,scalar,4.0,1e-06,random,rand3,88,13,0.00036757101846974805
p31,1000,nm,Mixed FD,scalar,4.0,1e-06,random,rand3,88,14,0.00014832793553622373
p31,1000,nm,Mixed FD,scalar,4.0,1e-06,random,rand3,88,15,6.007830746241199e-05
p31,1000,nm,Mixed FD,scalar,4.0,1e-06,random,rand3,88,16,2.440090238414599e-05
p31,1000,nm,Mixed FD,scalar,4.0,1e-06,random,rand3,88,17,9.93552924208784e-06
p31,1000,nm,Mixed FD,scalar,4.0,1e-06,random,rand3,88,18,4.05288403279318e-06
p31,1000,nm,Mixed FD,scalar,4.0,1e-06,random,rand3,88,19,1.656319046280749e-06
p31,1000,nm,Mixed FD,scalar,4.0,1e-06,random,rand3,88,20,6.777495569645095e-07
p31,1000,nm,Mixed FD,scalar,4.0,1e-06,random,rand3,88,21,2.7773086643136916e-07
p31,1000,tr,Mixed FD,scalar,4.0,1e-06,random,rand3,88,0,10.711683168202022
p31,1000,tr,Mixed FD,scalar,4.0,1e-06,random,rand3,88,1,7.060403016292346
p31,1000,tr,Mixed FD,scalar,4.0,1e-06,random,rand3,88,2,5.209504323825053
p31,1000,tr,Mixed FD,scalar,4.0,1e-06,random,rand3,88,3,2.738419648944432
p31,1000,tr,Mixed FD,scalar,4.0,1e-06,random,rand3,88,4,1.4606430905404835
p31,1000,tr,Mixed FD,scalar,4.0,1e-06,random,rand3,88,5,0.8404504478595125
p31,1000,tr,Mixed FD,scalar,4.0,1e-06,random,rand3,88,6,0.49219969933110785
p31,1000,tr,Mixed FD,scalar,4.0,1e-06,random,rand3,88,7,0.2709840955811045
p31,1000,tr,Mixed FD,scalar,4.0,1e-06,random,rand3,88,8,0.14626760592435553
p31,1000,tr,Mixed FD,scalar,4.0,1e-06,random,rand3,88,9,0.07699049280697576
p31,1000,tr,Mixed FD,scalar,4.0,1e-06,random,rand3,88,10,0.040592414435295175
p31,1000,tr,Mixed FD,scalar,4.0,1e-06,random,rand3,88,11,0.02120466918241404
p31,1000,tr,Mixed FD,scalar,4.0,1e-06,random,rand3,88,12,0.011206266585285318
p31,1000,tr,Mixed FD,scalar,4.0,1e-06,random,rand3,88,13,0.008781177591774781
p31,1000,tr,Mixed FD,scalar,4.0,1e-06,random,rand3,88,14,0.0016454450148505502
p31,1000,tr,Mixed FD,scalar,4.0,1e-06,random,rand3,88,15,0.000872999709372406
p31,1000,tr,Mixed FD,scalar,4.0,1e-06,random,rand3,88,16,0.0002443952421189363
p31,1000,tr,Mixed FD,scalar,4.0,1e-06,random,rand3,88,17,8.15068404618114e-05
p31,1000,tr,Mixed FD,scalar,4.0,1e-06,random,rand3,88,18,2.8919588133443204e-05
p31,1000,tr,Mixed FD,scalar,4.0,1e-06,random,rand3,88,19,1.0468036997740472e-05
p31,1000,tr,Mixed FD,scalar,4.0,1e-06,random,rand3,88,20,3.87025535491212e-06
p31,1000,tr,Mixed FD,scalar,4.0,1e-06,random,rand3,88,21,1.4498496715011332e-06
p31,1000,tr,Mixed FD,scalar,4.0,1e-06,random,rand3,88,22,5.492692193138933e-07
p31,1000,tr,Mixed FD,scalar,4.0,1e-06,random,rand3,88,23,2.0989639188595914e-07
p31,1000,tr,Mixed FD,scalar,4.0,1e-06,random,rand3,88,24,8.035150353609315e-08
p31,1000,nm,Mixed FD,scalar,4.0,1e-06,random,rand4,89,0,15.635744500463371
p31,1000,nm,Mixed FD,scalar,4.0,1e-06,random,rand4,89,1,8.110184009615796
p31,1000,nm,Mixed FD,scalar,4.0,1e-06,random,rand4,89,2,5.631266363408444
p31,1000,nm,Mixed FD,scalar,4.0,1e-06,random,rand4,89,3,2.520542270706586
p31,1000,nm,Mixed FD,scalar,4.0,1e-06,random,rand4,89,4,0.8499557605421209
p31,1000,nm,Mixed FD,scalar,4.0,1e-06,random,rand4,89,5,0.2742047351073635
p31,1000,nm,Mixed FD,scalar,4.0,1e-06,random,rand4,89,6,0.09365077497862848
p31,1000,nm,Mixed FD,scalar,4.0,1e-06,random,rand4,89,7,0.03512941728692542
p31,1000,nm,Mixed FD,scalar,4.0,1e-06,random,rand4,89,8,0.013797890903859042
p31,1000,nm,Mixed FD,scalar,4.0,1e-06,random,rand4,89,9,0.005490338549667762
p31,1000,nm,Mixed FD,scalar,4.0,1e-06,random,rand4,89,10,0.002200750742594042
p31,1000,nm,Mixed FD,scalar,4.0,1e-06,random,rand4,89,11,0.0008863660183606266
p31,1000,nm,Mixed FD,scalar,4.0,1e-06,random,rand4,89,12,0.000358821935461332
p31,1000,nm,Mixed FD,scalar,4.0,1e-06,random,rand4,89,13,0.00014552322328907145
p31,1000,nm,Mixed FD,scalar,4.0,1e-06,random,rand4,89,14,5.926375600938545e-05
p31,1000,nm,Mixed FD,scalar,4.0,1e-06,random,rand4,89,15,2.41402798784642e-05
p31,1000,nm,Mixed FD,scalar,4.0,1e-06,random,rand4,89,16,9.871311407780426e-06
p31,1000,nm,Mixed FD,scalar,4.0,1e-06,random,rand4,89,17,4.033163235122137e-06
p31,1000,nm,Mixed FD,scalar,4.0,1e-06,random,rand4,89,18,1.6541442085859772e-06
p31,1000,nm,Mixed FD,scalar,4.0,1e-06,random,rand4,89,19,6.773412864924253e-07
p31,1000,tr,Mixed FD,scalar,4.0,1e-06,random,rand4,89,0,10.679215128973267
p31,1000,tr,Mixed FD,scalar,4.0,1e-06,random,rand4,89,1,7.272299112262866
p31,1000,tr,Mixed FD,scalar,4.0,1e-06,random,rand4,89,2,5.2459253075137715
p31,1000,tr,Mixed FD,scalar,4.0,1e-06,random,rand4,89,3,2.837187806179804
p31,1000,tr,Mixed FD,scalar,4.0,1e-06,random,rand4,89,4,1.5209774401687455
p31,1000,tr,Mixed FD,scalar,4.0,1e-06,random,rand4,89,5,0.8925851937801191
p31,1000,tr,Mixed FD,scalar,4.0,1e-06,random,rand4,89,6,0.5376184964292646
p31,1000,tr,Mixed FD,scalar,4.0,1e-06,random,rand4,89,7,0.3071253128434343
p31,1000,tr,Mixed FD,scalar,4.0,1e-06,random,rand4,89,8,0.17047062554094675
p31,1000,tr,Mixed FD,scalar,4.0,1e-06,random,rand4,89,9,0.0915012135701742
p31,1000,tr,Mixed FD,scalar,4.0,1e-06,random,rand4,89,10,0.04889769832891844
p31,1000,tr,Mixed FD,scalar,4.0,1e-06,random,rand4,89,11,0.025785710414503924
p31,1000,tr,Mixed FD,scalar,4.0,1e-06,random,rand4,89,12,0.013700653255560689
p31,1000,tr,Mixed FD,scalar,4.0,1e-06,random,rand4,89,13,0.007232741021501404
p31,1000,tr,Mixed FD,scalar,4.0,1e-06,random,rand4,89,14,0.005872403689622873
p31,1000,tr,Mixed FD,scalar,4.0,1e-06,random,rand4,89,15,0.0011293628762491183
p31,1000,tr,Mixed FD,scalar,4.0,1e-06,random,rand4,89,16,0.00036932918718518787
p31,1000,tr,Mixed FD,scalar,4.0,1e-06,random,rand4,89,17,0.00014018433237412165
p31,1000,tr,Mixed FD,scalar,4.0,1e-06,random,rand4,89,18,4.691436529614555e-05
p31,1000,tr,Mixed FD,scalar,4.0,1e-06,random,rand4,89,19,1.675385116978507e-05
p31,1000,tr,Mixed FD,scalar,4.0,1e-06,random,rand4,89,20,6.078092980443412e-06
p31,1000,tr,Mixed FD,scalar,4.0,1e-06,random,rand4,89,21,2.243611495868702e-06
p31,1000,tr,Mixed FD,scalar,4.0,1e-06,random,rand4,89,22,8.373439742737883e-07
p31,1000,tr,Mixed FD,scalar,4.0,1e-06,random,rand4,89,23,3.1573025025075186e-07
p31,1000,tr,Mixed FD,scalar,4.0,1e-06,random,rand4,89,24,1.1996100716120514e-07
p31,1000,tr,Mixed FD,scalar,4.0,1e-06,random,rand4,89,25,4.5018981715522736e-08
p31,1000,nm,Mixed FD,scalar,4.0,1e-06,random,rand5,90,0,17.53607009123177
p31,1000,nm,Mixed FD,scalar,4.0,1e-06,random,rand5,90,1,9.602892482241069
p31,1000,nm,Mixed FD,scalar,4.0,1e-06,random,rand5,90,2,5.769250846303755
p31,1000,nm,Mixed FD,scalar,4.0,1e-06,random,rand5,90,3,2.815347626778746
p31,1000,nm,Mixed FD,scalar,4.0,1e-06,random,rand5,90,4,1.2241131272763357
p31,1000,nm,Mixed FD,scalar,4.0,1e-06,random,rand5,90,5,0.5196533998020262
p31,1000,nm,Mixed FD,scalar,4.0,1e-06,random,rand5,90,6,0.18526670456513264
p31,1000,nm,Mixed FD,scalar,4.0,1e-06,random,rand5,90,7,0.05958130095954449
p31,1000,nm,Mixed FD,scalar,4.0,1e-06,random,rand5,90,8,0.021844958533763
p31,1000,nm,Mixed FD,scalar,4.0,1e-06,random,rand5,90,9,0.008515221101021033
p31,1000,nm,Mixed FD,scalar,4.0,1e-06,random,rand5,90,10,0.003366612384204454
p31,1000,nm,Mixed FD,scalar,4.0,1e-06,random,rand5,90,11,0.0013420952703176508
p31,1000,nm,Mixed FD,scalar,4.0,1e-06,random,rand5,90,12,0.0005386682876576146
p31,1000,nm,Mixed FD,scalar,4.0,1e-06,random,rand5,90,13,0.00021725249660577132
p31,1000,nm,Mixed FD,scalar,4.0,1e-06,random,rand5,90,14,8.79514249346264e-05
p31,1000,nm,Mixed FD,scalar,4.0,1e-06,random,rand5,90,15,3.571103282419885e-05
p31,1000,nm,Mixed FD,scalar,4.0,1e-06,random,rand5,90,16,1.453592978242517e-05
p31,1000,nm,Mixed FD,scalar,4.0,1e-06,random,rand5,90,17,5.928846043611179e-06
p31,1000,nm,Mixed FD,scalar,4.0,1e-06,random,rand5,90,18,2.4225172538129046e-06
p31,1000,nm,Mixed FD,scalar,4.0,1e-06,random,rand5,90,19,9.913261143973233e-07
p31,1000,nm,Mixed FD,scalar,4.0,1e-06,random,rand5,90,20,4.062028098217486e-07
p31,1000,tr,Mixed FD,scalar,4.0,1e-06,random,rand5,90,0,10.098335980915728
p31,1000,tr,Mixed FD,scalar,4.0,1e-06,random,rand5,90,1,6.90842354542971
p31,1000,tr,Mixed FD,scalar,4.0,1e-06,random,rand5,90,2,5.121335629395605
p31,1000,tr,Mixed FD,scalar,4.0,1e-06,random,rand5,90,3,2.6501543821774387
p31,1000,tr,Mixed FD,scalar,4.0,1e-06,random,rand5,90,4,1.4553558292738358
p31,1000,tr,Mixed FD,scalar,4.0,1e-06,random,rand5,90,5,0.8420751861250315
p31,1000,tr,Mixed FD,scalar,4.0,1e-06,random,rand5,90,6,0.4846447166462524
p31,1000,tr,Mixed FD,scalar,4.0,1e-06,random,rand5,90,7,0.26483981942651036
p31,1000,tr,Mixed FD,scalar,4.0,1e-06,random,rand5,90,8,0.14278760370889462
p31,1000,tr,Mixed FD,scalar,4.0,1e-06,random,rand5,90,9,0.07525261680177874
p31,1000,tr,Mixed FD,scalar,4.0,1e-06,random,rand5,90,10,0.03990095969745189
p31,1000,tr,Mixed FD,scalar,4.0,1e-06,random,rand5,90,11,0.0209545160955478
p31,1000,tr,Mixed FD,scalar,4.0,1e-06,random,rand5,90,12,0.011106651655425964
p31,1000,tr,Mixed FD,scalar,4.0,1e-06,random,rand5,90,13,0.008865376739698392
p31,1000,tr,Mixed FD,scalar,4.0,1e-06,random,rand5,90,14,0.001572040050463493
p31,1000,tr,Mixed FD,scalar,4.0,1e-06,random,rand5,90,15,0.000821955439212125
p31,1000,tr,Mixed FD,scalar,4.0,1e-06,random,rand5,90,16,0.0002254362786809895
p31,1000,tr,Mixed FD,scalar,4.0,1e-06,random,rand5,90,17,7.42375113155338e-05
p31,1000,tr,Mixed FD,scalar,4.0,1e-06,random,rand5,90,18,2.6167793809719138e-05
p31,1000,tr,Mixed FD,scalar,4.0,1e-06,random,rand5,90,19,9.420589823508734e-06
p31,1000,tr,Mixed FD,scalar,4.0,1e-06,random,rand5,90,20,3.468215786880988e-06
p31,1000,tr,Mixed FD,scalar,4.0,1e-06,random,rand5,90,21,1.2939208658090287e-06
p31,1000,tr,Mixed FD,scalar,4.0,1e-06,random,rand5,90,22,4.884832240394425e-07
p31,1000,tr,Mixed FD,scalar,4.0,1e-06,random,rand5,90,23,1.8609697132615258e-07
p31,1000,tr,Mixed FD,scalar,4.0,1e-06,random,rand5,90,24,7.120452469457008e-08
p31,1000,nm,Mixed FD,scalar,8.0,1e-06,initial,xbar,91,0,6.3357374165716225
p31,1000,nm,Mixed FD,scalar,8.0,1e-06,initial,xbar,91,1,2.504756421347751
p31,1000,nm,Mixed FD,scalar,8.0,1e-06,initial,xbar,91,2,0.439632213318117
p31,1000,nm,Mixed FD,scalar,8.0,1e-06,initial,xbar,91,3,0.02301637910081879
p31,1000,nm,Mixed FD,scalar,8.0,1e-06,initial,xbar,91,4,0.007601467955510469
p31,1000,nm,Mixed FD,scalar,8.0,1e-06,initial,xbar,91,5,0.002442152500087118
p31,1000,nm,Mixed FD,scalar,8.0,1e-06,initial,xbar,91,6,0.001041881634976021
p31,1000,nm,Mixed FD,scalar,8.0,1e-06,initial,xbar,91,7,0.0003631196980258509
p31,1000,nm,Mixed FD,scalar,8.0,1e-06,initial,xbar,91,8,0.00015532968065973707
p31,1000,nm,Mixed FD,scalar,8.0,1e-06,initial,xbar,91,9,5.625304092157884e-05
p31,1000,nm,Mixed FD,scalar,8.0,1e-06,initial,xbar,91,10,2.409254039760393e-05
p31,1000,nm,Mixed FD,scalar,8.0,1e-06,initial,xbar,91,11,8.935567680380473e-06
p31,1000,nm,Mixed FD,scalar,8.0,1e-06,initial,xbar,91,12,3.8250386191523484e-06
p31,1000,nm,Mixed FD,scalar,8.0,1e-06,initial,xbar,91,13,1.4417439447108454e-06
p31,1000,nm,Mixed FD,scalar,8.0,1e-06,initial,xbar,91,14,6.165830113681064e-07
p31,1000,nm,Mixed FD,scalar,8.0,1e-06,initial,xbar,91,15,2.3515898020097032e-07
p31,1000,tr,Mixed FD,scalar,8.0,1e-06,initial,xbar,91,0,6.013047367282013
p31,1000,tr,Mixed FD,scalar,8.0,1e-06,initial,xbar,91,1,2.667158056742196
p31,1000,tr,Mixed FD,scalar,8.0,1e-06,initial,xbar,91,2,0.29936349531407164
p31,1000,tr,Mixed FD,scalar,8.0,1e-06,initial,xbar,91,3,0.5563949040682683
p31,1000,tr,Mixed FD,scalar,8.0,1e-06,initial,xbar,91,4,0.1197761536430681
p31,1000,tr,Mixed FD,scalar,8.0,1e-06,initial,xbar,91,5,0.05115636285917437
p31,1000,tr,Mixed FD,scalar,8.0,1e-06,initial,xbar,91,6,0.026569702278977685
p31,1000,tr,Mixed FD,scalar,8.0,1e-06,initial,xbar,91,7,0.014169038769034262
p31,1000,tr,Mixed FD,scalar,8.0,1e-06,initial,xbar,91,8,0.007229691985969496
p31,1000,tr,Mixed FD,scalar,8.0,1e-06,initial,xbar,91,9,0.005693320582866922
p31,1000,tr,Mixed FD,scalar,8.0,1e-06,initial,xbar,91,10,0.0010555481686653463
p31,1000,tr,Mixed FD,scalar,8.0,1e-06,initial,xbar,91,11,0.0004904354765562409
p31,1000,tr,Mixed FD,scalar,8.0,1e-06,initial,xbar,91,12,0.00013884337708565552
p31,1000,tr,Mixed FD,scalar,8.0,1e-06,initial,xbar,91,13,5.269833542960115e-05
p31,1000,tr,Mixed FD,scalar,8.0,1e-06,initial,xbar,91,14,1.9767754106235335e-05
p31,1000,tr,Mixed FD,scalar,8.0,1e-06,initial,xbar,91,15,7.5058223481307035e-06
p31,1000,tr,Mixed FD,scalar,8.0,1e-06,initial,xbar,91,16,2.895192708469653e-06
p31,1000,tr,Mixed FD,scalar,8.0,1e-06,initial,xbar,91,17,1.1264499628722056e-06
p31,1000,tr,Mixed FD,scalar,8.0,1e-06,initial,xbar,91,18,4.375637453281705e-07
p31,1000,tr,Mixed FD,scalar,8.0,1e-06,initial,xbar,91,19,1.7193221482718778e-07
p31,1000,tr,Mixed FD,scalar,8.0,1e-06,initial,xbar,91,20,6.779604093766271e-08
p31,1000,nm,Mixed FD,scalar,8.0,1e-06,random,rand1,92,0,14.776172302680369
p31,1000,nm,Mixed FD,scalar,8.0,1e-06,random,rand1,92,1,7.88228130198165
p31,1000,nm,Mixed FD,scalar,8.0,1e-06,random,rand1,92,2,5.383320130287127
p31,1000,nm,Mixed FD,scalar,8.0,1e-06,random,rand1,92,3,2.3479986639368398
p31,1000,nm,Mixed FD,scalar,8.0,1e-06,random,rand1,92,4,0.749609294860067
p31,1000,nm,Mixed FD,scalar,8.0,1e-06,random,rand1,92,5,0.22931981049651085
p31,1000,nm,Mixed FD,scalar,8.0,1e-06,random,rand1,92,6,0.07962467827978141
p31,1000,nm,Mixed FD,scalar,8.0,1e-06,random,rand1,92,7,0.030540246413143676
p31,1000,nm,Mixed FD,scalar,8.0,1e-06,random,rand1,92,8,0.012037519084570084
p31,1000,nm,Mixed FD,scalar,8.0,1e-06,random,rand1,92,9,0.00479818153012025
p31,1000,nm,Mixed FD,scalar,8.0,1e-06,random,rand1,92,10,0.001922568842190876
p31,1000,nm,Mixed FD,scalar,8.0,1e-06,random,rand1,92,11,0.0007753098036394672
p31,1000,nm,Mixed FD,scalar,8.0,1e-06,random,rand1,92,12,0.0003135412402906124
p31,1000,nm,Mixed FD,scalar,8.0,1e-06,random,rand1,92,13,0.00012731851425061628
p31,1000,nm,Mixed FD,scalar,8.0,1e-06,random,rand1,92,14,5.178377646907815e-05
p31,1000,nm,Mixed FD,scalar,8.0,1e-06,random,rand1,92,15,2.1124879360465253e-05
p31,1000,nm,Mixed FD,scalar,8.0,1e-06,random,rand1,92,16,8.626358856953017e-06
p31,1000,nm,Mixed FD,scalar,8.0,1e-06,random,rand1,92,17,3.530796995088228e-06
p31,1000,nm,Mixed FD,scalar,8.0,1e-06,random,rand1,92,18,1.446045099097399e-06
p31,1000,nm,Mixed FD,scalar,8.0,1e-06,random,rand1,92,19,5.933590823436014e-07
p31,1000,tr,Mixed FD,scalar,8.0,1e-06,random,rand1,92,0,10.468177347567995
p31,1000,tr,Mixed FD,scalar,8.0,1e-06,random,rand1,92,1,7.24273806218103
p31,1000,tr,Mixed FD,scalar,8.0,1e-06,random,rand1,92,2,5.23967180264657
p31,1000,tr,Mixed FD,scalar,8.0,1e-06,random,rand1,92,3,2.797656489023399
p31,1000,tr,Mixed FD,scalar,8.0,1e-06,random,rand1,92,4,1.501749170085704
p31,1000,tr,Mixed FD,scalar,8.0,1e-06,random,rand1,92,5,0.8247161719472774
p31,1000,tr,Mixed FD,scalar,8.0,1e-06,random,rand1,92,6,0.4567556735830079
p31,1000,tr,Mixed FD,scalar,8.0,1e-06,random,rand1,92,7,0.2467939076113338
p31,1000,tr,Mixed FD,scalar,8.0,1e-06,random,rand1,92,8,0.13290650779722604
p31,1000,tr,Mixed FD,scalar,8.0,1e-06,random,rand1,92,9,0.06988150884639152
p31,1000,tr,Mixed FD,scalar,8.0,1e-06,random,rand1,92,10,0.03724644380033551
p31,1000,tr,Mixed FD,scalar,8.0,1e-06,random,rand1,92,11,0.019554613701793892
p31,1000,tr,Mixed FD,scalar,8.0,1e-06,random,rand1,92,12,0.010380844828440866
p31,1000,tr,Mixed FD,scalar,8.0,1e-06,random,rand1,92,13,0.008274650504427175
p31,1000,tr,Mixed FD,scalar,8.0,1e-06,random,rand1,92,14,0.0014728095563505568
p31,1000,tr,Mixed FD,scalar,8.0,1e-06,random,rand1,92,15,0.0007686509003505552
p31,1000,tr,Mixed FD,scalar,8.0,1e-06,random,rand1,92,16,0.0002120602569934706
p31,1000,tr,Mixed FD,scalar,8.0,1e-06,random,rand1,92,17,7.107300105853575e-05
p31,1000,tr,Mixed FD,scalar,8.0,1e-06,random,rand1,92,18,2.5518400128974264e-05
p31,1000,tr,Mixed FD,scalar,8.0,1e-06,random,rand1,92,19,9.296544124482747e-06
p31,1000,tr,Mixed FD,scalar,8.0,1e-06,random,rand1,92,20,3.465610301870686e-06
p31,1000,tr,Mixed FD,scalar,8.0,1e-06,random,rand1,92,21,1.3069481149793602e-06
p31,1000,tr,Mixed FD,scalar,8.0,1e-06,random,rand1,92,22,4.980879900317381e-07
p31,1000,tr,Mixed FD,scalar,8.0,1e-06,random,rand1,92,23,1.912803645560602e-07
p31,1000,tr,Mixed FD,scalar,8.0,1e-06,random,rand1,92,24,7.366306662858572e-08
p31,1000,nm,Mixed FD,scalar,8.0,1e-06,random,rand2,93,0,14.927964318986431
p31,1000,nm,Mixed FD,scalar,8.0,1e-06,random,rand2,93,1,8.02991854190384
p31,1000,nm,Mixed FD,scalar,8.0,1e-06,random,rand2,93,2,5.479146166607729
p31,1000,nm,Mixed FD,scalar,8.0,1e-06,random,rand2,93,3,2.442786758383651
p31,1000,nm,Mixed FD,scalar,8.0,1e-06,random,rand2,93,4,0.8365637214569234
p31,1000,nm,Mixed FD,scalar,8.0,1e-06,random,rand2,93,5,0.26844154327465336
p31,1000,nm,Mixed FD,scalar,8.0,1e-06,random,rand2,93,6,0.09066914003795629
p31,1000,nm,Mixed FD,scalar,8.0,1e-06,random,rand2,93,7,0.03410337260081047
p31,1000,nm,Mixed FD,scalar,8.0,1e-06,random,rand2,93,8,0.013374053422353042
p31,1000,nm,Mixed FD,scalar,8.0,1e-06,random,rand2,93,9,0.0053132943120596885
p31,1000,nm,Mixed FD,scalar,8.0,1e-06,random,rand2,93,10,0.002127129474979373
p31,1000,nm,Mixed FD,scalar,8.0,1e-06,random,rand2,93,11,0.0008568442358844752
p31,1000,nm,Mixed FD,scalar,8.0,1e-06,random,rand2,93,12,0.0003466038275173563
p31,1000,nm,Mixed FD,scalar,8.0,1e-06,random,rand2,93,13,0.0001406957846326386
p31,1000,nm,Mixed FD,scalar,8.0,1e-06,random,rand2,93,14,5.725315348750366e-05
p31,1000,nm,Mixed FD,scalar,8.0,1e-06,random,rand2,93,15,2.3350822478294234e-05
p31,1000,nm,Mixed FD,scalar,8.0,1e-06,random,rand2,93,16,9.539224556114244e-06
p31,1000,nm,Mixed FD,scalar,8.0,1e-06,random,rand2,93,17,3.90311998307734e-06
p31,1000,nm,Mixed FD,scalar,8.0,1e-06,random,rand2,93,18,1.5988769192975153e-06
p31,1000,nm,Mixed FD,scalar,8.0,1e-06,random,rand2,93,19,6.55728611402858e-07
p31,1000,tr,Mixed FD,scalar,8.0,1e-06,random,rand2,93,0,10.213331565899544
p31,1000,tr,Mixed FD,scalar,8.0,1e-06,random,rand2,93,1,7.288363925643002
p31,1000,tr,Mixed FD,scalar,8.0,1e-06,random,rand2,93,2,5.305731137682581
p31,1000,tr,Mixed FD,scalar,8.0,1e-06,random,rand2,93,3,2.8488129343523756
p31,1000,tr,Mixed FD,scalar,8.0,1e-06,random,rand2,93,4,1.5232575877350234
p31,1000,tr,Mixed FD,scalar,8.0,1e-06,random,rand2,93,5,0.8582295548858756
p31,1000,tr,Mixed FD,scalar,8.0,1e-06,random,rand2,93,6,0.49438947011952583
p31,1000,tr,Mixed FD,scalar,8.0,1e-06,random,rand2,93,7,0.2741499715905359
p31,1000,tr,Mixed FD,scalar,8.0,1e-06,random,rand2,93,8,0.14985651656013227
p31,1000,tr,Mixed FD,scalar,8.0,1e-06,random,rand2,93,9,0.07938324825829121
p31,1000,tr,Mixed FD,scalar,8.0,1e-06,random,rand2,93,10,0.04215297078788404
p31,1000,tr,Mixed FD,scalar,8.0,1e-06,random,rand2,93,11,0.022081773839690347
p31,1000,tr,Mixed FD,scalar,8.0,1e-06,random,rand2,93,12,0.01169209920879427
p31,1000,tr,Mixed FD,scalar,8.0,1e-06,random,rand2,93,13,0.006142796058950784
p31,1000,tr,Mixed FD,scalar,8.0,1e-06,random,rand2,93,14,0.0049091542166310774
p31,1000,tr,Mixed FD,scalar,8.0,1e-06,random,rand2,93,15,0.0009841744028025515
p31,1000,tr,Mixed FD,scalar,8.0,1e-06,random,rand2,93,16,0.0003379499855229495
p31,1000,tr,Mixed FD,scalar,8.0,1e-06,random,rand2,93,17,0.0001100532028603066
p31,1000,tr,Mixed FD,scalar,8.0,1e-06,random,rand2,93,18,3.856923192023132e-05
p31,1000,tr,Mixed FD,scalar,8.0,1e-06,random,rand2,93,19,1.3970677006480981e-05
p31,1000,tr,Mixed FD,scalar,8.0,1e-06,random,rand2,93,20,5.112231419525062e-06
p31,1000,tr,Mixed FD,scalar,8.0,1e-06,random,rand2,93,21,1.9005407304641995e-06
p31,1000,tr,Mixed FD,scalar,8.0,1e-06,random,rand2,93,22,7.140168792144784e-07
p31,1000,tr,Mixed FD,scalar,8.0,1e-06,random,rand2,93,23,2.7059103480535843e-07
p31,1000,tr,Mixed FD,scalar,8.0,1e-06,random,rand2,93,24,1.0284573221647961e-07
p31,1000,tr,Mixed FD,scalar,8.0,1e-06,random,rand2,93,25,3.865244891159794e-08
p31,1000,nm,Mixed FD,scalar,8.0,1e-06,random,rand3,94,0,15.687824542787832
p31,1000,nm,Mixed FD,scalar,8.0,1e-06,random,rand3,94,1,7.356766435168453
p31,1000,nm,Mixed FD,scalar,8.0,1e-06,random,rand3,94,2,7.744517065349472
p31,1000,nm,Mixed FD,scalar,8.0,1e-06,random,rand3,94,3,4.173555521500553
p31,1000,nm,Mixed FD,scalar,8.0,1e-06,random,rand3,94,4,1.8286192824829448
p31,1000,nm,Mixed FD,scalar,8.0,1e-06,random,rand3,94,5,0.8027711689693299
p31,1000,nm,Mixed FD,scalar,8.0,1e-06,random,rand3,94,6,0.35188497214446385
p31,1000,nm,Mixed FD,scalar,8.0,1e-06,random,rand3,94,7,0.12546463742162053
p31,1000,nm,Mixed FD,scalar,8.0,1e-06,random,rand3,94,8,0.03972322339835923
p31,1000,nm,Mixed FD,scalar,8.0,1e-06,random,rand3,94,9,0.01462795981774103
p31,1000,nm,Mixed FD,scalar,8.0,1e-06,random,rand3,94,10,0.005720118645162723
p31,1000,nm,Mixed FD,scalar,8.0,1e-06,random,rand3,94,11,0.0022640128448050897
p31,1000,nm,Mixed FD,scalar,8.0,1e-06,random,rand3,94,12,0.0009032674579055605
p31,1000,nm,Mixed FD,scalar,8.0,1e-06,random,rand3,94,13,0.00036277179178994195
p31,1000,nm,Mixed FD,scalar,8.0,1e-06,random,rand3,94,14,0.0001463719773102354
p31,1000,nm,Mixed FD,scalar,8.0,1e-06,random,rand3,94,15,5.927696755576022e-05
p31,1000,nm,Mixed FD,scalar,8.0,1e-06,random,rand3,94,16,2.4071324402757763e-05
p31,1000,nm,Mixed FD,scalar,8.0,1e-06,random,rand3,94,17,9.799586392147525e-06
p31,1000,nm,Mixed FD,scalar,8.0,1e-06,random,rand3,94,18,3.996677811614758e-06
p31,1000,nm,Mixed FD,scalar,8.0,1e-06,random,rand3,94,19,1.6330403730236872e-06
p31,1000,nm,Mixed FD,scalar,8.0,1e-06,random,rand3,94,20,6.680931664947219e-07
p31,1000,nm,Mixed FD,scalar,8.0,1e-06,random,rand3,94,21,2.737209567046976e-07
p31,1000,tr,Mixed FD,scalar,8.0,1e-06,random,rand3,94,0,10.711228654381738
p31,1000,tr,Mixed FD,scalar,8.0,1e-06,random,rand3,94,1,7.060134584488545
p31,1000,tr,Mixed FD,scalar,8.0,1e-06,random,rand3,94,2,5.2090986989048895
p31,1000,tr,Mixed FD,scalar,8.0,1e-06,random,rand3,94,3,2.7383460546628564
p31,1000,tr,Mixed FD,scalar,8.0,1e-06,random,rand3,94,4,1.460584476041994
p31,1000,tr,Mixed FD,scalar,8.0,1e-06,random,rand3,94,5,0.8403933837798331
p31,1000,tr,Mixed FD,scalar,8.0,1e-06,random,rand3,94,6,0.4921638265739136
p31,1000,tr,Mixed FD,scalar,8.0,1e-06,random,rand3,94,7,0.27096203779970085
p31,1000,tr,Mixed FD,scalar,8.0,1e-06,random,rand3,94,8,0.14625447742085998
p31,1000,tr,Mixed FD,scalar,8.0,1e-06,random,rand3,94,9,0.07698353742021137
p31,1000,tr,Mixed FD,scalar,8.0,1e-06,random,rand3,94,10,0.040588367813884876
p31,1000,tr,Mixed FD,scalar,8.0,1e-06,random,rand3,94,11,0.021202599745609865
p31,1000,tr,Mixed FD,scalar,8.0,1e-06,random,rand3,94,12,0.011205073390564858
p31,1000,tr,Mixed FD,scalar,8.0,1e-06,random,rand3,94,13,0.008779123539777738
p31,1000,tr,Mixed FD,scalar,8.0,1e-06,random,rand3,94,14,0.00164495546671318
p31,1000,tr,Mixed FD,scalar,8.0,1e-06,random,rand3,94,15,0.0008727439183536069
p31,1000,tr,Mixed FD,scalar,8.0,1e-06,random,rand3,94,16,0.00024420746536575155
p31,1000,tr,Mixed FD,scalar,8.0,1e-06,random,rand3,94,17,8.142704059600534e-05
p31,1000,tr,Mixed FD,scalar,8.0,1e-06,random,rand3,94,18,2.8886366562439556e-05
p31,1000,tr,Mixed FD,scalar,8.0,1e-06,random,rand3,94,19,1.0454070086286115e-05
p31,1000,tr,Mixed FD,scalar,8.0,1e-06,random,rand3,94,20,3.864380160339826e-06
p31,1000,tr,Mixed FD,scalar,8.0,1e-06,random,rand3,94,21,1.4473773690977034e-06
p31,1000,tr,Mixed FD,scalar,8.0,1e-06,random,rand3,94,22,5.482291122781205e-07
p31,1000,tr,Mixed FD,scalar,8.0,1e-06,random,rand3,94,23,2.0945915136739868e-07
p31,1000,tr,Mixed FD,scalar,8.0,1e-06,random,rand3,94,24,8.016962342514981e-08
p31,1000,nm,Mixed FD,scalar,8.0,1e-06,random,rand4,95,0,15.637132976055048
p31,1000,nm,Mixed FD,scalar,8.0,1e-06,random,rand4,95,1,8.109486854728303
p31,1000,nm,Mixed FD,scalar,8.0,1e-06,random,rand4,95,2,5.630931711440345
p31,1000,nm,Mixed FD,scalar,8.0,1e-06,random,rand4,95,3,2.520861504463526
p31,1000,nm,Mixed FD,scalar,8.0,1e-06,random,rand4,95,4,0.8503622619632852
p31,1000,nm,Mixed FD,scalar,8.0,1e-06,random,rand4,95,5,0.27431134816673564
p31,1000,nm,Mixed FD,scalar,8.0,1e-06,random,rand4,95,6,0.09365469257455857
p31,1000,nm,Mixed FD,scalar,8.0,1e-06,random,rand4,95,7,0.035116811691107586
p31,1000,nm,Mixed FD,scalar,8.0,1e-06,random,rand4,95,8,0.013789646387493444
p31,1000,nm,Mixed FD,scalar,8.0,1e-06,random,rand4,95,9,0.005485914124310753
p31,1000,nm,Mixed FD,scalar,8.0,1e-06,random,rand4,95,10,0.0021985639967149104
p31,1000,nm,Mixed FD,scalar,8.0,1e-06,random,rand4,95,11,0.0008853105253211932
p31,1000,nm,Mixed FD,scalar,8.0,1e-06,random,rand4,95,12,0.0003583292379652571
p31,1000,nm,Mixed FD,scalar,8.0,1e-06,random,rand4,95,13,0.00014529553800995707
p31,1000,nm,Mixed FD,scalar,8.0,1e-06,random,rand4,95,14,5.916039670189016e-05
p31,1000,nm,Mixed FD,scalar,8.0,1e-06,random,rand4,95,15,2.4093622147998675e-05
p31,1000,nm,Mixed FD,scalar,8.0,1e-06,random,rand4,95,16,9.850472944519467e-06
p31,1000,nm,Mixed FD,scalar,8.0,1e-06,random,rand4,95,17,4.023894839891245e-06
p31,1000,nm,Mixed FD,scalar,8.0,1e-06,random,rand4,95,18,1.650049084323261e-06
p31,1000,nm,Mixed FD,scalar,8.0,1e-06,random,rand4,95,19,6.755384795382522e-07
p31,1000,tr,Mixed FD,scalar,8.0,1e-06,random,rand4,95,0,10.678763214403936
p31,1000,tr,Mixed FD,scalar,8.0,1e-06,random,rand4,95,1,7.272022635623953
p31,1000,tr,Mixed FD,scalar,8.0,1e-06,random,rand4,95,2,5.245528489323276
p31,1000,tr,Mixed FD,scalar,8.0,1e-06,random,rand4,95,3,2.8371143323296124
p31,1000,tr,Mixed FD,scalar,8.0,1e-06,random,rand4,95,4,1.5209219211183576
p31,1000,tr,Mixed FD,scalar,8.0,1e-06,random,rand4,95,5,0.8925180550314818
p31,1000,tr,Mixed FD,scalar,8.0,1e-06,random,rand4,95,6,0.5375768832364425
p31,1000,tr,Mixed FD,scalar,8.0,1e-06,random,rand4,95,7,0.3070971595516717
p31,1000,tr,Mixed FD,scalar,8.0,1e-06,random,rand4,95,8,0.17045362421639385
p31,1000,tr,Mixed FD,scalar,8.0,1e-06,random,rand4,95,9,0.09149152819259426
p31,1000,tr,Mixed FD,scalar,8.0,1e-06,random,rand4,95,10,0.04889224961222175
p31,1000,tr,Mixed FD,scalar,8.0,1e-06,random,rand4,95,11,0.0257827997739502
p31,1000,tr,Mixed FD,scalar,8.0,1e-06,random,rand4,95,12,0.013699024416457973
p31,1000,tr,Mixed FD,scalar,8.0,1e-06,random,rand4,95,13,0.007231888053156699
p31,1000,tr,Mixed FD,scalar,8.0,1e-06,random,rand4,95,14,0.005870789754685537
p31,1000,tr,Mixed FD,scalar,8.0,1e-06,random,rand4,95,15,0.0011290768255841344
p31,1000,tr,Mixed FD,scalar,8.0,1e-06,random,rand4,95,16,0.00036911984982023794
p31,1000,tr,Mixed FD,scalar,8.0,1e-06,random,rand4,95,17,0.00014009294225480716
p31,1000,tr,Mixed FD,scalar,8.0,1e-06,random,rand4,95,18,4.687112118866622e-05
p31,1000,tr,Mixed FD,scalar,8.0,1e-06,random,rand4,95,19,1.6735616676423158e-05
p31,1000,tr,Mixed FD,scalar,8.0,1e-06,random,rand4,95,20,6.070453629925432e-06
p31,1000,tr,Mixed FD,scalar,8.0,1e-06,random,rand4,95,21,2.240434920146292e-06
p31,1000,tr,Mixed FD,scalar,8.0,1e-06,random,rand4,95,22,8.360265457451442e-07
p31,1000,tr,Mixed FD,scalar,8.0,1e-06,random,rand4,95,23,3.151830742348831e-07
p31,1000,tr,Mixed FD,scalar,8.0,1e-06,random,rand4,95,24,1.1973422644384032e-07
p31,1000,tr,Mixed FD,scalar,8.0,1e-06,random,rand4,95,25,4.492722058069905e-08
p31,1000,nm,Mixed FD,scalar,8.0,1e-06,random,rand5,96,0,17.538986010396545
p31,1000,nm,Mixed FD,scalar,8.0,1e-06,random,rand5,96,1,9.601094463843257
p31,1000,nm,Mixed FD,scalar,8.0,1e-06,random,rand5,96,2,5.768801328433714
p31,1000,nm,Mixed FD,scalar,8.0,1e-06,random,rand5,96,3,2.8155680960389726
p31,1000,nm,Mixed FD,scalar,8.0,1e-06,random,rand5,96,4,1.2244529137206466
p31,1000,nm,Mixed FD,scalar,8.0,1e-06,random,rand5,96,5,0.5199416750415821
p31,1000,nm,Mixed FD,scalar,8.0,1e-06,random,rand5,96,6,0.18544332872967115
p31,1000,nm,Mixed FD,scalar,8.0,1e-06,random,rand5,96,7,0.059617282068379025
p31,1000,nm,Mixed FD,scalar,8.0,1e-06,random,rand5,96,8,0.02184552469172975
p31,1000,nm,Mixed FD,scalar,8.0,1e-06,random,rand5,96,9,0.008512983709059662
p31,1000,nm,Mixed FD,scalar,8.0,1e-06,random,rand5,96,10,0.0033649980611283976
p31,1000,nm,Mixed FD,scalar,8.0,1e-06,random,rand5,96,11,0.001341174198242997
p31,1000,nm,Mixed FD,scalar,8.0,1e-06,random,rand5,96,12,0.0005381908121491383
p31,1000,nm,Mixed FD,scalar,8.0,1e-06,random,rand5,96,13,0.00021701782151785243
p31,1000,nm,Mixed FD,scalar,8.0,1e-06,random,rand5,96,14,8.783970410698358e-05
p31,1000,nm,Mixed FD,scalar,8.0,1e-06,random,rand5,96,15,3.565896305459118e-05
p31,1000,nm,Mixed FD,scalar,8.0,1e-06,random,rand5,96,16,1.451202976372576e-05
p31,1000,nm,Mixed FD,scalar,8.0,1e-06,random,rand5,96,17,5.918000468532273e-06
p31,1000,nm,Mixed FD,scalar,8.0,1e-06,random,rand5,96,18,2.417639840081291e-06
p31,1000,nm,Mixed FD,scalar,8.0,1e-06,random,rand5,96,19,9.8914817624223e-07
p31,1000,nm,Mixed FD,scalar,8.0,1e-06,random,rand5,96,20,4.052360640504611e-07
p31,1000,tr,Mixed FD,scalar,8.0,1e-06,random,rand5,96,0,10.09789735911676
p31,1000,tr,Mixed FD,scalar,8.0,1e-06,random,rand5,96,1,6.908150582364712
p31,1000,tr,Mixed FD,scalar,8.0,1e-06,random,rand5,96,2,5.1209340225217295
p31,1000,tr,Mixed FD,scalar,8.0,1e-06,random,rand5,96,3,2.650055493547085
p31,1000,tr,Mixed FD,scalar,8.0,1e-06,random,rand5,96,4,1.4552840380846306
p31,1000,tr,Mixed FD,scalar,8.0,1e-06,random,rand5,96,5,0.8420143301210694
p31,1000,tr,Mixed FD,scalar,8.0,1e-06,random,rand5,96,6,0.4846073504900389
p31,1000,tr,Mixed FD,scalar,8.0,1e-06,random,rand5,96,7,0.2648179310001659
p31,1000,tr,Mixed FD,scalar,8.0,1e-06,random,rand5,96,8,0.14277528355019925
p31,1000,tr,Mixed FD,scalar,8.0,1e-06,random,rand5,96,9,0.07524610602900847
p31,1000,tr,Mixed FD,scalar,8.0,1e-06,random,rand5,96,10,0.039897302033952066
p31,1000,tr,Mixed FD,scalar,8.0,1e-06,random,rand5,96,11,0.020952610787996876
p31,1000,tr,Mixed FD,scalar,8.0,1e-06,random,rand5,96,12,0.011105560174008012
p31,1000,tr,Mixed FD,scalar,8.0,1e-06,random,rand5,96,13,0.008863249381967002
p31,1000,tr,Mixed FD,scalar,8.0,1e-06,random,rand5,96,14,0.0015715776132898848
p31,1000,tr,Mixed FD,scalar,8.0,1e-06,random,rand5,96,15,0.0008217021264021306
p31,1000,tr,Mixed FD,scalar,8.0,1e-06,random,rand5,96,16,0.0002252603345624892
p31,1000,tr,Mixed FD,scalar,8.0,1e-06,random,rand5,96,17,7.4165275487713e-05
p31,1000,tr,Mixed FD,scalar,8.0,1e-06,random,rand5,96,18,2.613825654195404e-05
p31,1000,tr,Mixed FD,scalar,8.0,1e-06,random,rand5,96,19,9.408298520278543e-06
p31,1000,tr,Mixed FD,scalar,8.0,1e-06,random,rand5,96,20,3.4630833236118887e-06
p31,1000,tr,Mixed FD,scalar,8.0,1e-06,random,rand5,96,21,1.2917695469524072e-06
p31,1000,tr,Mixed FD,scalar,8.0,1e-06,random,rand5,96,22,4.875798308660458e-07
p31,1000,tr,Mixed FD,scalar,8.0,1e-06,random,rand5,96,23,1.8571912096100712e-07
p31,1000,tr,Mixed FD,scalar,8.0,1e-06,random,rand5,96,24,7.1046359160259e-08
p31,1000,nm,Mixed FD,scalar,12.0,1e-06,initial,xbar,97,0,6.336295458992376
p31,1000,nm,Mixed FD,scalar,12.0,1e-06,initial,xbar,97,1,2.5040471372887207
p31,1000,nm,Mixed FD,scalar,12.0,1e-06,initial,xbar,97,2,0.43975016616900847
p31,1000,nm,Mixed FD,scalar,12.0,1e-06,initial,xbar,97,3,0.02302831605441721
p31,1000,nm,Mixed FD,scalar,12.0,1e-06,initial,xbar,97,4,0.00759960040648547
p31,1000,nm,Mixed FD,scalar,12.0,1e-06,initial,xbar,97,5,0.0024411735676728168
p31,1000,nm,Mixed FD,scalar,12.0,1e-06,initial,xbar,97,6,0.001041468643994786
p31,1000,nm,Mixed FD,scalar,12.0,1e-06,initial,xbar,97,7,0.00036299318837610246
p31,1000,nm,Mixed FD,scalar,12.0,1e-06,initial,xbar,97,8,0.00015529458921084932
p31,1000,nm,Mixed FD,scalar,12.0,1e-06,initial,xbar,97,9,5.624238473739014e-05
p31,1000,nm,Mixed FD,scalar,12.0,1e-06,initial,xbar,97,10,2.40897241530073e-05
p31,1000,nm,Mixed FD,scalar,12.0,1e-06,initial,xbar,97,11,8.933697257005745e-06
p31,1000,nm,Mixed FD,scalar,12.0,1e-06,initial,xbar,97,12,3.824520695678701e-06
p31,1000,nm,Mixed FD,scalar,12.0,1e-06,initial,xbar,97,13,1.4414082758216024e-06
p31,1000,nm,Mixed FD,scalar,12.0,1e-06,initial,xbar,97,14,6.164712574729736e-07
p31,1000,nm,Mixed FD,scalar,12.0,1e-06,initial,xbar,97,15,2.351169705735445e-07
p31,1000,tr,Mixed FD,scalar,12.0,1e-06,initial,xbar,97,0,6.0135304796600675
p31,1000,tr,Mixed FD,scalar,12.0,1e-06,initial,xbar,97,1,2.666981859567793
p31,1000,tr,Mixed FD,scalar,12.0,1e-06,initial,xbar,97,2,0.29933999989718896
p31,1000,tr,Mixed FD,scalar,12.0,1e-06,initial,xbar,97,3,0.5561550644317913
p31,1000,tr,Mixed FD,scalar,12.0,1e-06,initial,xbar,97,4,0.1198142649652227
p31,1000,tr,Mixed FD,scalar,12.0,1e-06,initial,xbar,97,5,0.05117498730203937
p31,1000,tr,Mixed FD,scalar,12.0,1e-06,initial,xbar,97,6,0.026577765793067264
p31,1000,tr,Mixed FD,scalar,12.0,1e-06,initial,xbar,97,7,0.014172218656575877
p31,1000,tr,Mixed FD,scalar,12.0,1e-06,initial,xbar,97,8,0.007232597358226858
p31,1000,tr,Mixed FD,scalar,12.0,1e-06,initial,xbar,97,9,0.005694391805007515
p31,1000,tr,Mixed FD,scalar,12.0,1e-06,initial,xbar,97,10,0.0010560074066994333
p31,1000,tr,Mixed FD,scalar,12.0,1e-06,initial,xbar,97,11,0.0004906848814854833
p31,1000,tr,Mixed FD,scalar,12.0,1e-06,initial,xbar,97,12,0.00013890530789614016
p31,1000,tr,Mixed FD,scalar,12.0,1e-06,initial,xbar,97,13,5.271936716952997e-05
p31,1000,tr,Mixed FD,scalar,12.0,1e-06,initial,xbar,97,14,1.9776170339023467e-05
p31,1000,tr,Mixed FD,scalar,12.0,1e-06,initial,xbar,97,15,7.509160087929797e-06
p31,1000,tr,Mixed FD,scalar,12.0,1e-06,initial,xbar,97,16,2.8964361461645026e-06
p31,1000,tr,Mixed FD,scalar,12.0,1e-06,initial,xbar,97,17,1.1270146154508898e-06
p31,1000,tr,Mixed FD,scalar,12.0,1e-06,initial,xbar,97,18,4.3776505225169466e-07
p31,1000,tr,Mixed FD,scalar,12.0,1e-06,initial,xbar,97,19,1.7200036643057836e-07
p31,1000,tr,Mixed FD,scalar,12.0,1e-06,initial,xbar,97,20,6.782726357066267e-08
p31,1000,nm,Mixed FD,scalar,12.0,1e-06,random,rand1,98,0,14.777196241958242
p31,1000,nm,Mixed FD,scalar,12.0,1e-06,random,rand1,98,1,7.8820939273444255
p31,1000,nm,Mixed FD,scalar,12.0,1e-06,random,rand1,98,2,5.383521287491762
p31,1000,nm,Mixed FD,scalar,12.0,1e-06,random,rand1,98,3,2.3485211981273597
p31,1000,nm,Mixed FD,scalar,12.0,1e-06,random,rand1,98,4,0.7498422719365129
p31,1000,nm,Mixed FD,scalar,12.0,1e-06,random,rand1,98,5,0.22940359761371548
p31,1000,nm,Mixed FD,scalar,12.0,1e-06,random,rand1,98,6,0.07965233432155473
p31,1000,nm,Mixed FD,scalar,12.0,1e-06,random,rand1,98,7,0.030551434799716157
p31,1000,nm,Mixed FD,scalar,12.0,1e-06,random,rand1,98,8,0.012042221819764203
p31,1000,nm,Mixed FD,scalar,12.0,1e-06,random,rand1,98,9,0.004800178522156344
p31,1000,nm,Mixed FD,scalar,12.0,1e-06,random,rand1,98,10,0.0019234098974841606
p31,1000,nm,Mixed FD,scalar,12.0,1e-06,random,rand1,98,11,0.0007756464145343273
p31,1000,nm,Mixed FD,scalar,12.0,1e-06,random,rand1,98,12,0.0003136814141007304
p31,1000,nm,Mixed FD,scalar,12.0,1e-06,random,rand1,98,13,0.00012737560355390148
p31,1000,nm,Mixed FD,scalar,12.0,1e-06,random,rand1,98,14,5.180881848870007e-05
p31,1000,nm,Mixed FD,scalar,12.0,1e-06,random,rand1,98,15,2.1135536500378042e-05
p31,1000,nm,Mixed FD,scalar,12.0,1e-06,random,rand1,98,16,8.630828444736221e-06
p31,1000,nm,Mixed FD,scalar,12.0,1e-06,random,rand1,98,17,3.5326502866008707e-06
p31,1000,nm,Mixed FD,scalar,12.0,1e-06,random,rand1,98,18,1.4468645293704334e-06
p31,1000,nm,Mixed FD,scalar,12.0,1e-06,random,rand1,98,19,5.937031665951138e-07
p31,1000,tr,Mixed FD,scalar,12.0,1e-06,random,rand1,98,0,10.467287477524419
p31,1000,tr,Mixed FD,scalar,12.0,1e-06,random,rand1,98,1,7.242676032383035
p31,1000,tr,Mixed FD,scalar,12.0,1e-06,random,rand1,98,2,5.239820379260816
p31,1000,tr,Mixed FD,scalar,12.0,1e-06,random,rand1,98,3,2.79792292536778
p31,1000,tr,Mixed FD,scalar,12.0,1e-06,random,rand1,98,4,1.5018618974713223
p31,1000,tr,Mixed FD,scalar,12.0,1e-06,random,rand1,98,5,0.8247730393871329
p31,1000,tr,Mixed FD,scalar,12.0,1e-06,random,rand1,98,6,0.45678969577761375
p31,1000,tr,Mixed FD,scalar,12.0,1e-06,random,rand1,98,7,0.24680509064143324
p31,1000,tr,Mixed FD,scalar,12.0,1e-06,random,rand1,98,8,0.13291543294598654
p31,1000,tr,Mixed FD,scalar,12.0,1e-06,random,rand1,98,9,0.06988516803168159
p31,1000,tr,Mixed FD,scalar,12.0,1e-06,random,rand1,98,10,0.03724930926067689
p31,1000,tr,Mixed FD,scalar,12.0,1e-06,random,rand1,98,11,0.019555767943027262
p31,1000,tr,Mixed FD,scalar,12.0,1e-06,random,rand1,98,12,0.010381628407416571
p31,1000,tr,Mixed FD,scalar,12.0,1e-06,random,rand1,98,13,0.008275292267903333
p31,1000,tr,Mixed FD,scalar,12.0,1e-06,random,rand1,98,14,0.001472940034593883
p31,1000,tr,Mixed FD,scalar,12.0,1e-06,random,rand1,98,15,0.0007687282635300849
p31,1000,tr,Mixed FD,scalar,12.0,1e-06,random,rand1,98,16,0.00021208941370580274
p31,1000,tr,Mixed FD,scalar,12.0,1e-06,random,rand1,98,17,7.108574958046774e-05
p31,1000,tr,Mixed FD,scalar,12.0,1e-06,random,rand1,98,18,2.552363070670742e-05
p31,1000,tr,Mixed FD,scalar,12.0,1e-06,random,rand1,98,19,9.298654376894554e-06
p31,1000,tr,Mixed FD,scalar,12.0,1e-06,random,rand1,98,20,3.466472675823136e-06
p31,1000,tr,Mixed FD,scalar,12.0,1e-06,random,rand1,98,21,1.307298938690795e-06
p31,1000,tr,Mixed FD,scalar,12.0,1e-06,random,rand1,98,22,4.982289143285586e-07
p31,1000,tr,Mixed FD,scalar,12.0,1e-06,random,rand1,98,23,1.9133798917925234e-07
p31,1000,tr,Mixed FD,scalar,12.0,1e-06,random,rand1,98,24,7.368797078936598e-08
p31,1000,nm,Mixed FD,scalar,12.0,1e-06,random,rand2,99,0,14.924746426968465
p31,1000,nm,Mixed FD,scalar,12.0,1e-06,random,rand2,99,1,8.029512715815265
p31,1000,nm,Mixed FD,scalar,12.0,1e-06,random,rand2,99,2,5.478740060361729
p31,1000,nm,Mixed FD,scalar,12.0,1e-06,random,rand2,99,3,2.4426460588055563
p31,1000,nm,Mixed FD,scalar,12.0,1e-06,random,rand2,99,4,0.836313975994257
p31,1000,nm,Mixed FD,scalar,12.0,1e-06,random,rand2,99,5,0.26826464789904914
p31,1000,nm,Mixed FD,scalar,12.0,1e-06,random,rand2,99,6,0.0906228694926947
p31,1000,nm,Mixed FD,scalar,12.0,1e-06,random,rand2,99,7,0.03409133747357178
p31,1000,nm,Mixed FD,scalar,12.0,1e-06,random,rand2,99,8,0.013370045913908068
p31,1000,nm,Mixed FD,scalar,12.0,1e-06,random,rand2,99,9,0.005311904007763739
p31,1000,nm,Mixed FD,scalar,12.0,1e-06,random,rand2,99,10,0.002126613356876787
p31,1000,nm,Mixed FD,scalar,12.0,1e-06,random,rand2,99,11,0.0008566514884770778
p31,1000,nm,Mixed FD,scalar,12.0,1e-06,random,rand2,99,12,0.00034653567181066133
p31,1000,nm,Mixed FD,scalar,12.0,1e-06,random,rand2,99,13,0.00014067041132075588
p31,1000,nm,Mixed FD,scalar,12.0,1e-06,random,rand2,99,14,5.724460857659947e-05
p31,1000,nm,Mixed FD,scalar,12.0,1e-06,random,rand2,99,15,2.334863850022618e-05
p31,1000,nm,Mixed FD,scalar,12.0,1e-06,random,rand2,99,16,9.53878204632198e-06
p31,1000,nm,Mixed FD,scalar,12.0,1e-06,random,rand2,99,17,3.903055880309259e-06
p31,1000,nm,Mixed FD,scalar,12.0,1e-06,random,rand2,99,18,1.598908157899225e-06
p31,1000,nm,Mixed FD,scalar,12.0,1e-06,random,rand2,99,19,6.557495911826977e-07
p31,1000,tr,Mixed FD,scalar,12.0,1e-06,random,rand2,99,0,10.212503240835314
p31,1000,tr,Mixed FD,scalar,12.0,1e-06,random,rand2,99,1,7.288403042787229
p31,1000,tr,Mixed FD,scalar,12.0,1e-06,random,rand2,99,2,5.305818493242105
p31,1000,tr,Mixed FD,scalar,12.0,1e-06,random,rand2,99,3,2.8490169684861044
p31,1000,tr,Mixed FD,scalar,12.0,1e-06,random,rand2,99,4,1.5233650808515766
p31,1000,tr,Mixed FD,scalar,12.0,1e-06,random,rand2,99,5,0.8582832036522934
p31,1000,tr,Mixed FD,scalar,12.0,1e-06,random,rand2,99,6,0.4944173453400724
p31,1000,tr,Mixed FD,scalar,12.0,1e-06,random,rand2,99,7,0.27416808498435685
p31,1000,tr,Mixed FD,scalar,12.0,1e-06,random,rand2,99,8,0.14986646571843007
p31,1000,tr,Mixed FD,scalar,12.0,1e-06,random,rand2,99,9,0.07938790203012595
p31,1000,tr,Mixed FD,scalar,12.0,1e-06,random,rand2,99,10,0.04215675171747924
p31,1000,tr,Mixed FD,scalar,12.0,1e-06,random,rand2,99,11,0.022083477513072644
p31,1000,tr,Mixed FD,scalar,12.0,1e-06,random,rand2,99,12,0.011692900042807356
p31,1000,tr,Mixed FD,scalar,12.0,1e-06,random,rand2,99,13,0.006143264343142979
p31,1000,tr,Mixed FD,scalar,12.0,1e-06,random,rand2,99,14,0.004909541614280238
p31,1000,tr,Mixed FD,scalar,12.0,1e-06,random,rand2,99,15,0.0009842382351452738
p31,1000,tr,Mixed FD,scalar,12.0,1e-06,random,rand2,99,16,0.00033798907992751314
p31,1000,tr,Mixed FD,scalar,12.0,1e-06,random,rand2,99,17,0.00011006921961763809
p31,1000,tr,Mixed FD,scalar,12.0,1e-06,random,rand2,99,18,3.857587803315408e-05
p31,1000,tr,Mixed FD,scalar,12.0,1e-06,random,rand2,99,19,1.3973330188100814e-05
p31,1000,tr,Mixed FD,scalar,12.0,1e-06,random,rand2,99,20,5.113273728607238e-06
p31,1000,tr,Mixed FD,scalar,12.0,1e-06,random,rand2,99,21,1.9009608937266183e-06
p31,1000,tr,Mixed FD,scalar,12.0,1e-06,random,rand2,99,22,7.141835494405821e-07
p31,1000,tr,Mixed FD,scalar,12.0,1e-06,random,rand2,99,23,2.7065541651850107e-07
p31,1000,tr,Mixed FD,scalar,12.0,1e-06,random,rand2,99,24,1.028716753812921e-07
p31,1000,tr,Mixed FD,scalar,12.0,1e-06,random,rand2,99,25,3.8662793243215363e-08
p31,1000,nm,Mixed FD,scalar,12.0,1e-06,random,rand3,100,0,15.684661490380478
p31,1000,nm,Mixed FD,scalar,12.0,1e-06,random,rand3,100,1,7.347770843134375
p31,1000,nm,Mixed FD,scalar,12.0,1e-06,random,rand3,100,2,7.742521409556516
p31,1000,nm,Mixed FD,scalar,12.0,1e-06,random,rand3,100,3,4.172443138727241
p31,1000,nm,Mixed FD,scalar,12.0,1e-06,random,rand3,100,4,1.827653361018876
p31,1000,nm,Mixed FD,scalar,12.0,1e-06,random,rand3,100,5,0.8018417953040164
p31,1000,nm,Mixed FD,scalar,12.0,1e-06,random,rand3,100,6,0.35119086902608665
p31,1000,nm,Mixed FD,scalar,12.0,1e-06,random,rand3,100,7,0.12506991077000992
p31,1000,nm,Mixed FD,scalar,12.0,1e-06,random,rand3,100,8,0.039623204238588665
p31,1000,nm,Mixed FD,scalar,12.0,1e-06,random,rand3,100,9,0.014599481181189198
p31,1000,nm,Mixed FD,scalar,12.0,1e-06,random,rand3,100,10,0.005709568735923867
p31,1000,nm,Mixed FD,scalar,12.0,1e-06,random,rand3,100,11,0.002259863188228972
p31,1000,nm,Mixed FD,scalar,12.0,1e-06,random,rand3,100,12,0.0009016209871971499
p31,1000,nm,Mixed FD,scalar,12.0,1e-06,random,rand3,100,13,0.0003621116204269258
p31,1000,nm,Mixed FD,scalar,12.0,1e-06,random,rand3,100,14,0.00014611757285003344
p31,1000,nm,Mixed FD,scalar,12.0,1e-06,random,rand3,100,15,5.9175878023401945e-05
p31,1000,nm,Mixed FD,scalar,12.0,1e-06,random,rand3,100,16,2.402934689576516e-05
p31,1000,nm,Mixed FD,scalar,12.0,1e-06,random,rand3,100,17,9.782801513544936e-06
p31,1000,nm,Mixed FD,scalar,12.0,1e-06,random,rand3,100,18,3.989843713684964e-06
p31,1000,nm,Mixed FD,scalar,12.0,1e-06,random,rand3,100,19,1.6302033599572907e-06
p31,1000,nm,Mixed FD,scalar,12.0,1e-06,random,rand3,100,20,6.669346250949892e-07
p31,1000,nm,Mixed FD,scalar,12.0,1e-06,random,rand3,100,21,2.7325939659506927e-07
p31,1000,tr,Mixed FD,scalar,12.0,1e-06,random,rand3,100,0,10.710362545244095
p31,1000,tr,Mixed FD,scalar,12.0,1e-06,random,rand3,100,1,7.060123463315368
p31,1000,tr,Mixed FD,scalar,12.0,1e-06,random,rand3,100,2,5.2092037835551395
p31,1000,tr,Mixed FD,scalar,12.0,1e-06,random,rand3,100,3,2.738648269805541
p31,1000,tr,Mixed FD,scalar,12.0,1e-06,random,rand3,100,4,1.4606810848726144
p31,1000,tr,Mixed FD,scalar,12.0,1e-06,random,rand3,100,5,0.8404384523558888
p31,1000,tr,Mixed FD,scalar,12.0,1e-06,random,rand3,100,6,0.49218987173916473
p31,1000,tr,Mixed FD,scalar,12.0,1e-06,random,rand3,100,7,0.27097463694620366
p31,1000,tr,Mixed FD,scalar,12.0,1e-06,random,rand3,100,8,0.146263597070047
p31,1000,tr,Mixed FD,scalar,12.0,1e-06,random,rand3,100,9,0.07698778485880102
p31,1000,tr,Mixed FD,scalar,12.0,1e-06,random,rand3,100,10,0.04059119570511154
p31,1000,tr,Mixed FD,scalar,12.0,1e-06,random,rand3,100,11,0.02120390508241186
p31,1000,tr,Mixed FD,scalar,12.0,1e-06,random,rand3,100,12,0.011205755607189298
p31,1000,tr,Mixed FD,scalar,12.0,1e-06,random,rand3,100,13,0.008779556969818013
p31,1000,tr,Mixed FD,scalar,12.0,1e-06,random,rand3,100,14,0.0016450937221623968
p31,1000,tr,Mixed FD,scalar,12.0,1e-06,random,rand3,100,15,0.0008728282740229417
p31,1000,tr,Mixed FD,scalar,12.0,1e-06,random,rand3,100,16,0.00024424029702804767
p31,1000,tr,Mixed FD,scalar,12.0,1e-06,random,rand3,100,17,8.144066723483918e-05
p31,1000,tr,Mixed FD,scalar,12.0,1e-06,random,rand3,100,18,2.889163712361627e-05
p31,1000,tr,Mixed FD,scalar,12.0,1e-06,random,rand3,100,19,1.0456334386129593e-05
p31,1000,tr,Mixed FD,scalar,12.0,1e-06,random,rand3,100,20,3.8653457357449406e-06
p31,1000,tr,Mixed FD,scalar,12.0,1e-06,random,rand3,100,21,1.4477673705844156e-06
p31,1000,tr,Mixed FD,scalar,12.0,1e-06,random,rand3,100,22,5.483918565619026e-07
p31,1000,tr,Mixed FD,scalar,12.0,1e-06,random,rand3,100,23,2.095267152957443e-07
p31,1000,tr,Mixed FD,scalar,12.0,1e-06,random,rand3,100,24,8.019802900273601e-08
p31,1000,nm,Mixed FD,scalar,12.0,1e-06,random,rand4,101,0,15.65306006066869
p31,1000,nm,Mixed FD,scalar,12.0,1e-06,random,rand4,101,1,8.11215738049186
p31,1000,nm,Mixed FD,scalar,12.0,1e-06,random,rand4,101,2,5.633533633363156
p31,1000,nm,Mixed FD,scalar,12.0,1e-06,random,rand4,101,3,2.52367371506633
p31,1000,nm,Mixed FD,scalar,12.0,1e-06,random,rand4,101,4,0.8522560759612462
p31,1000,nm,Mixed FD,scalar,12.0,1e-06,random,rand4,101,5,0.27500268192688254
p31,1000,nm,Mixed FD,scalar,12.0,1e-06,random,rand4,101,6,0.09384986696700481
p31,1000,nm,Mixed FD,scalar,12.0,1e-06,random,rand4,101,7,0.035178920021254924
p31,1000,nm,Mixed FD,scalar,12.0,1e-06,random,rand4,101,8,0.013813048396853067
p31,1000,nm,Mixed FD,scalar,12.0,1e-06,random,rand4,101,9,0.005495184394685544
p31,1000,nm,Mixed FD,scalar,12.0,1e-06,random,rand4,101,10,0.00220223751220828
p31,1000,nm,Mixed FD,scalar,12.0,1e-06,random,rand4,101,11,0.000886774315411708
p31,1000,nm,Mixed FD,scalar,12.0,1e-06,random,rand4,101,12,0.000358915011893057
p31,1000,nm,Mixed FD,scalar,12.0,1e-06,random,rand4,101,13,0.00014553361474760757
p31,1000,nm,Mixed FD,scalar,12.0,1e-06,random,rand4,101,14,5.925801877206614e-05
p31,1000,nm,Mixed FD,scalar,12.0,1e-06,random,rand4,101,15,2.4133831714508667e-05
p31,1000,nm,Mixed FD,scalar,12.0,1e-06,random,rand4,101,16,9.867072097362115e-06
p31,1000,nm,Mixed FD,scalar,12.0,1e-06,random,rand4,101,17,4.030748653512668e-06
p31,1000,nm,Mixed FD,scalar,12.0,1e-06,random,rand4,101,18,1.6529164581666068e-06
p31,1000,nm,Mixed FD,scalar,12.0,1e-06,random,rand4,101,19,6.767178960565236e-07
p31,1000,tr,Mixed FD,scalar,12.0,1e-06,random,rand4,101,0,10.678004539766217
p31,1000,tr,Mixed FD,scalar,12.0,1e-06,random,rand4,101,1,7.2720356577967165
p31,1000,tr,Mixed FD,scalar,12.0,1e-06,random,rand4,101,2,5.245573308149126
p31,1000,tr,Mixed FD,scalar,12.0,1e-06,random,rand4,101,3,2.83737855829993
p31,1000,tr,Mixed FD,scalar,12.0,1e-06,random,rand4,101,4,1.521020321146393
p31,1000,tr,Mixed FD,scalar,12.0,1e-06,random,rand4,101,5,0.8925676993559014
p31,1000,tr,Mixed FD,scalar,12.0,1e-06,random,rand4,101,6,0.5375914631908236
p31,1000,tr,Mixed FD,scalar,12.0,1e-06,random,rand4,101,7,0.30710918766783796
p31,1000,tr,Mixed FD,scalar,12.0,1e-06,random,rand4,101,8,0.17046081888690115
p31,1000,tr,Mixed FD,scalar,12.0,1e-06,random,rand4,101,9,0.09149539272619468
p31,1000,tr,Mixed FD,scalar,12.0,1e-06,random,rand4,101,10,0.048893311076125455
p31,1000,tr,Mixed FD,scalar,12.0,1e-06,random,rand4,101,11,0.02578342848362397
p31,1000,tr,Mixed FD,scalar,12.0,1e-06,random,rand4,101,12,0.01369922268064347
p31,1000,tr,Mixed FD,scalar,12.0,1e-06,random,rand4,101,13,0.007232281914494798
p31,1000,tr,Mixed FD,scalar,12.0,1e-06,random,rand4,101,14,0.005870938802012606
p31,1000,tr,Mixed FD,scalar,12.0,1e-06,random,rand4,101,15,0.0011291577694628836
p31,1000,tr,Mixed FD,scalar,12.0,1e-06,random,rand4,101,16,0.0003691503629371526
p31,1000,tr,Mixed FD,scalar,12.0,1e-06,random,rand4,101,17,0.00014010921478579226
p31,1000,tr,Mixed FD,scalar,12.0,1e-06,random,rand4,101,18,4.68780212775666e-05
p31,1000,tr,Mixed FD,scalar,12.0,1e-06,random,rand4,101,19,1.6738507239939238e-05
p31,1000,tr,Mixed FD,scalar,12.0,1e-06,random,rand4,101,20,6.071563976210683e-06
p31,1000,tr,Mixed FD,scalar,12.0,1e-06,random,rand4,101,21,2.2408932045094136e-06
p31,1000,tr,Mixed FD,scalar,12.0,1e-06,random,rand4,101,22,8.362149916729383e-07
p31,1000,tr,Mixed FD,scalar,12.0,1e-06,random,rand4,101,23,3.1526212168552663e-07
p31,1000,tr,Mixed FD,scalar,12.0,1e-06,random,rand4,101,24,1.1976558110903583e-07
p31,1000,tr,Mixed FD,scalar,12.0,1e-06,random,rand4,101,25,4.4940724408314876e-08
p31,1000,nm,Mixed FD,scalar,12.0,1e-06,random,rand5,102,0,17.53068872731859
p31,1000,nm,Mixed FD,scalar,12.0,1e-06,random,rand5,102,1,9.599432184875639
p31,1000,nm,Mixed FD,scalar,12.0,1e-06,random,rand5,102,2,5.767767785828915
p31,1000,nm,Mixed FD,scalar,12.0,1e-06,random,rand5,102,3,2.8144849720082648
p31,1000,nm,Mixed FD,scalar,12.0,1e-06,random,rand5,102,4,1.223445139632848
p31,1000,nm,Mixed FD,scalar,12.0,1e-06,random,rand5,102,5,0.5192863098460472
p31,1000,nm,Mixed FD,scalar,12.0,1e-06,random,rand5,102,6,0.1851297973183678
p31,1000,nm,Mixed FD,scalar,12.0,1e-06,random,rand5,102,7,0.05953263574913212
p31,1000,nm,Mixed FD,scalar,12.0,1e-06,random,rand5,102,8,0.021819583272665175
p31,1000,nm,Mixed FD,scalar,12.0,1e-06,random,rand5,102,9,0.00850368660968834
p31,1000,nm,Mixed FD,scalar,12.0,1e-06,random,rand5,102,10,0.0033614252656913495
p31,1000,nm,Mixed FD,scalar,12.0,1e-06,random,rand5,102,11,0.0013397964220733516
p31,1000,nm,Mixed FD,scalar,12.0,1e-06,random,rand5,102,12,0.0005376480303315135
p31,1000,nm,Mixed FD,scalar,12.0,1e-06,random,rand5,102,13,0.0002168069231577169
p31,1000,nm,Mixed FD,scalar,12.0,1e-06,random,rand5,102,14,8.775828721978127e-05
p31,1000,nm,Mixed FD,scalar,12.0,1e-06,random,rand5,102,15,3.562631185451389e-05
p31,1000,nm,Mixed FD,scalar,12.0,1e-06,random,rand5,102,16,1.4499104840819743e-05
p31,1000,nm,Mixed FD,scalar,12.0,1e-06,random,rand5,102,17,5.9128867004710945e-06
p31,1000,nm,Mixed FD,scalar,12.0,1e-06,random,rand5,102,18,2.4155438648325113e-06
p31,1000,nm,Mixed FD,scalar,12.0,1e-06,random,rand5,102,19,9.88276200709206e-07
p31,1000,nm,Mixed FD,scalar,12.0,1e-06,random,rand5,102,20,4.0489660244538833e-07
p31,1000,tr,Mixed FD,scalar,12.0,1e-06,random,rand5,102,0,10.097063561510373
p31,1000,tr,Mixed FD,scalar,12.0,1e-06,random,rand5,102,1,6.908227412680347
p31,1000,tr,Mixed FD,scalar,12.0,1e-06,random,rand5,102,2,5.121014547984535
p31,1000,tr,Mixed FD,scalar,12.0,1e-06,random,rand5,102,3,2.6502962584922036
p31,1000,tr,Mixed FD,scalar,12.0,1e-06,random,rand5,102,4,1.4553925036307422
p31,1000,tr,Mixed FD,scalar,12.0,1e-06,random,rand5,102,5,0.8420478905454788
p31,1000,tr,Mixed FD,scalar,12.0,1e-06,random,rand5,102,6,0.48463189145740015
p31,1000,tr,Mixed FD,scalar,12.0,1e-06,random,rand5,102,7,0.264828611619127
p31,1000,tr,Mixed FD,scalar,12.0,1e-06,random,rand5,102,8,0.14278275679004473
p31,1000,tr,Mixed FD,scalar,12.0,1e-06,random,rand5,102,9,0.075248634486223
p31,1000,tr,Mixed FD,scalar,12.0,1e-06,random,rand5,102,10,0.039899113762947636
p31,1000,tr,Mixed FD,scalar,12.0,1e-06,random,rand5,102,11,0.02095345757695562
p31,1000,tr,Mixed FD,scalar,12.0,1e-06,random,rand5,102,12,0.011106142740278501
p31,1000,tr,Mixed FD,scalar,12.0,1e-06,random,rand5,102,13,0.008863532402984839
p31,1000,tr,Mixed FD,scalar,12.0,1e-06,random,rand5,102,14,0.0015716816439576085
p31,1000,tr,Mixed FD,scalar,12.0,1e-06,random,rand5,102,15,0.0008217753805499445
p31,1000,tr,Mixed FD,scalar,12.0,1e-06,random,rand5,102,16,0.00022529104401493123
p31,1000,tr,Mixed FD,scalar,12.0,1e-06,random,rand5,102,17,7.417551961396235e-05
p31,1000,tr,Mixed FD,scalar,12.0,1e-06,random,rand5,102,18,2.614295643197027e-05
p31,1000,tr,Mixed FD,scalar,12.0,1e-06,random,rand5,102,19,9.410339407298709e-06
p31,1000,tr,Mixed FD,scalar,12.0,1e-06,random,rand5,102,20,3.463927734890894e-06
p31,1000,tr,Mixed FD,scalar,12.0,1e-06,random,rand5,102,21,1.2921259145725067e-06
p31,1000,tr,Mixed FD,scalar,12.0,1e-06,random,rand5,102,22,4.877226291674019e-07
p31,1000,tr,Mixed FD,scalar,12.0,1e-06,random,rand5,102,23,1.8577996264243763e-07
p31,1000,tr,Mixed FD,scalar,12.0,1e-06,random,rand5,102,24,7.107103173745888e-08
p31,1000,nm,Mixed FD,adaptive,4.0,1e-06,initial,xbar,103,0,6.3368750376355205
p31,1000,nm,Mixed FD,adaptive,4.0,1e-06,initial,xbar,103,1,2.5044714320102663
p31,1000,nm,Mixed FD,adaptive,4.0,1e-06,initial,xbar,103,2,0.43894368107293985
p31,1000,nm,Mixed FD,adaptive,4.0,1e-06,initial,xbar,103,3,0.022925428563984513
p31,1000,nm,Mixed FD,adaptive,4.0,1e-06,initial,xbar,103,4,0.00760057465602833
p31,1000,nm,Mixed FD,adaptive,4.0,1e-06,initial,xbar,103,5,0.002441949921293028
p31,1000,nm,Mixed FD,adaptive,4.0,1e-06,initial,xbar,103,6,0.0010420164710194348
p31,1000,nm,Mixed FD,adaptive,4.0,1e-06,initial,xbar,103,7,0.0003631615212741053
p31,1000,nm,Mixed FD,adaptive,4.0,1e-06,initial,xbar,103,8,0.0001553799216215271
p31,1000,nm,Mixed FD,adaptive,4.0,1e-06,initial,xbar,103,9,5.6270532124059376e-05
p31,1000,nm,Mixed FD,adaptive,4.0,1e-06,initial,xbar,103,10,2.4105051961290912e-05
p31,1000,nm,Mixed FD,adaptive,4.0,1e-06,initial,xbar,103,11,8.940115950525339e-06
p31,1000,nm,Mixed FD,adaptive,4.0,1e-06,initial,xbar,103,12,3.827782747922024e-06
p31,1000,nm,Mixed FD,adaptive,4.0,1e-06,initial,xbar,103,13,1.4427673662286421e-06
p31,1000,nm,Mixed FD,adaptive,4.0,1e-06,initial,xbar,103,14,6.171494235362989e-07
p31,1000,nm,Mixed FD,adaptive,4.0,1e-06,initial,xbar,103,15,2.3537381475904355e-07
p31,1000,tr,Mixed FD,adaptive,4.0,1e-06,initial,xbar,103,0,6.014066410627554
p31,1000,tr,Mixed FD,adaptive,4.0,1e-06,initial,xbar,103,1,2.6669165234065693
p31,1000,tr,Mixed FD,adaptive,4.0,1e-06,initial,xbar,103,2,0.29935607069325726
p31,1000,tr,Mixed FD,adaptive,4.0,1e-06,initial,xbar,103,3,0.5558834021927047
p31,1000,tr,Mixed FD,adaptive,4.0,1e-06,initial,xbar,103,4,0.11984534615366711
p31,1000,tr,Mixed FD,adaptive,4.0,1e-06,initial,xbar,103,5,0.05118147910838783
p31,1000,tr,Mixed FD,adaptive,4.0,1e-06,initial,xbar,103,6,0.026580055952451234
p31,1000,tr,Mixed FD,adaptive,4.0,1e-06,initial,xbar,103,7,0.014175380905858478
p31,1000,tr,Mixed FD,adaptive,4.0,1e-06,initial,xbar,103,8,0.007232548453107854
p31,1000,tr,Mixed FD,adaptive,4.0,1e-06,initial,xbar,103,9,0.0056958759165720825
p31,1000,tr,Mixed FD,adaptive,4.0,1e-06,initial,xbar,103,10,0.0010562772186520646
p31,1000,tr,Mixed FD,adaptive,4.0,1e-06,initial,xbar,103,11,0.0004904561784120645
p31,1000,tr,Mixed FD,adaptive,4.0,1e-06,initial,xbar,103,12,0.00013897555510705595
p31,1000,tr,Mixed FD,adaptive,4.0,1e-06,initial,xbar,103,13,5.275210736671103e-05
p31,1000,tr,Mixed FD,adaptive,4.0,1e-06,initial,xbar,103,14,1.979076701800927e-05
p31,1000,tr,Mixed FD,adaptive,4.0,1e-06,initial,xbar,103,15,7.515574153784169e-06
p31,1000,tr,Mixed FD,adaptive,4.0,1e-06,initial,xbar,103,16,2.8992970050326548e-06
p31,1000,tr,Mixed FD,adaptive,4.0,1e-06,initial,xbar,103,17,1.1281741042823175e-06
p31,1000,tr,Mixed FD,adaptive,4.0,1e-06,initial,xbar,103,18,4.38284049722963e-07
p31,1000,tr,Mixed FD,adaptive,4.0,1e-06,initial,xbar,103,19,1.7223511058035511e-07
p31,1000,tr,Mixed FD,adaptive,4.0,1e-06,initial,xbar,103,20,6.792296456179354e-08
p31,1000,nm,Mixed FD,adaptive,4.0,1e-06,random,rand1,104,0,14.77638234288221
p31,1000,nm,Mixed FD,adaptive,4.0,1e-06,random,rand1,104,1,7.882837008510897
p31,1000,nm,Mixed FD,adaptive,4.0,1e-06,random,rand1,104,2,5.383721804504625
p31,1000,nm,Mixed FD,adaptive,4.0,1e-06,random,rand1,104,3,2.347595866813569
p31,1000,nm,Mixed FD,adaptive,4.0,1e-06,random,rand1,104,4,0.7492590458662642
p31,1000,nm,Mixed FD,adaptive,4.0,1e-06,random,rand1,104,5,0.22925166149865098
p31,1000,nm,Mixed FD,adaptive,4.0,1e-06,random,rand1,104,6,0.07962813773874955
p31,1000,nm,Mixed FD,adaptive,4.0,1e-06,random,rand1,104,7,0.030548721369704164
p31,1000,nm,Mixed FD,adaptive,4.0,1e-06,random,rand1,104,8,0.012042690781901559
p31,1000,nm,Mixed FD,adaptive,4.0,1e-06,random,rand1,104,9,0.004800910668824817
p31,1000,nm,Mixed FD,adaptive,4.0,1e-06,random,rand1,104,10,0.0019239179205896263
p31,1000,nm,Mixed FD,adaptive,4.0,1e-06,random,rand1,104,11,0.0007759584555049841
p31,1000,nm,Mixed FD,adaptive,4.0,1e-06,random,rand1,104,12,0.00031384409838814195
p31,1000,nm,Mixed FD,adaptive,4.0,1e-06,random,rand1,104,13,0.00012745832328167956
p31,1000,nm,Mixed FD,adaptive,4.0,1e-06,random,rand1,104,14,5.184725013197985e-05
p31,1000,nm,Mixed FD,adaptive,4.0,1e-06,random,rand1,104,15,2.1153542374724657e-05
p31,1000,nm,Mixed FD,adaptive,4.0,1e-06,random,rand1,104,16,8.639158325134222e-06
p31,1000,nm,Mixed FD,adaptive,4.0,1e-06,random,rand1,104,17,3.5364967610999744e-06
p31,1000,nm,Mixed FD,adaptive,4.0,1e-06,random,rand1,104,18,1.4485625625259955e-06
p31,1000,nm,Mixed FD,adaptive,4.0,1e-06,random,rand1,104,19,5.944693629713994e-07
p31,1000,tr,Mixed FD,adaptive,4.0,1e-06,random,rand1,104,0,10.468916690287902
p31,1000,tr,Mixed FD,adaptive,4.0,1e-06,random,rand1,104,1,7.243012512760115
p31,1000,tr,Mixed FD,adaptive,4.0,1e-06,random,rand1,104,2,5.239881452469288
p31,1000,tr,Mixed FD,adaptive,4.0,1e-06,random,rand1,104,3,2.7976139772410717
p31,1000,tr,Mixed FD,adaptive,4.0,1e-06,random,rand1,104,4,1.501744496397799
p31,1000,tr,Mixed FD,adaptive,4.0,1e-06,random,rand1,104,5,0.8247374657861979
p31,1000,tr,Mixed FD,adaptive,4.0,1e-06,random,rand1,104,6,0.4567738940158269
p31,1000,tr,Mixed FD,adaptive,4.0,1e-06,random,rand1,104,7,0.24680352153396998
p31,1000,tr,Mixed FD,adaptive,4.0,1e-06,random,rand1,104,8,0.13291357341632384
p31,1000,tr,Mixed FD,adaptive,4.0,1e-06,random,rand1,104,9,0.06988490559172134
p31,1000,tr,Mixed FD,adaptive,4.0,1e-06,random,rand1,104,10,0.037248639058786795
p31,1000,tr,Mixed FD,adaptive,4.0,1e-06,random,rand1,104,11,0.019555651605852313
p31,1000,tr,Mixed FD,adaptive,4.0,1e-06,random,rand1,104,12,0.010381519710591513
p31,1000,tr,Mixed FD,adaptive,4.0,1e-06,random,rand1,104,13,0.008275931857517724
p31,1000,tr,Mixed FD,adaptive,4.0,1e-06,random,rand1,104,14,0.0014731373592720323
p31,1000,tr,Mixed FD,adaptive,4.0,1e-06,random,rand1,104,15,0.0007687872134232961
p31,1000,tr,Mixed FD,adaptive,4.0,1e-06,random,rand1,104,16,0.00021217040698663856
p31,1000,tr,Mixed FD,adaptive,4.0,1e-06,random,rand1,104,17,7.111970265653583e-05
p31,1000,tr,Mixed FD,adaptive,4.0,1e-06,random,rand1,104,18,2.5538110852161816e-05
p31,1000,tr,Mixed FD,adaptive,4.0,1e-06,random,rand1,104,19,9.304796727797082e-06
p31,1000,tr,Mixed FD,adaptive,4.0,1e-06,random,rand1,104,20,3.469105531967032e-06
p31,1000,tr,Mixed FD,adaptive,4.0,1e-06,random,rand1,104,21,1.3084162279327164e-06
p31,1000,tr,Mixed FD,adaptive,4.0,1e-06,random,rand1,104,22,4.987079406442321e-07
p31,1000,tr,Mixed FD,adaptive,4.0,1e-06,random,rand1,104,23,1.9154032161803963e-07
p31,1000,tr,Mixed FD,adaptive,4.0,1e-06,random,rand1,104,24,7.377205152418967e-08
p31,1000,nm,Mixed FD,adaptive,4.0,1e-06,random,rand2,105,0,14.928162495320374
p31,1000,nm,Mixed FD,adaptive,4.0,1e-06,random,rand2,105,1,8.03048290802046
p31,1000,nm,Mixed FD,adaptive,4.0,1e-06,random,rand2,105,2,5.479567047778606
p31,1000,nm,Mixed FD,adaptive,4.0,1e-06,random,rand2,105,3,2.4424424731942422
p31,1000,nm,Mixed FD,adaptive,4.0,1e-06,random,rand2,105,4,0.8362504922536302
p31,1000,nm,Mixed FD,adaptive,4.0,1e-06,random,rand2,105,5,0.26835753224848674
p31,1000,nm,Mixed FD,adaptive,4.0,1e-06,random,rand2,105,6,0.09066638211345801
p31,1000,nm,Mixed FD,adaptive,4.0,1e-06,random,rand2,105,7,0.0341113949888941
p31,1000,nm,Mixed FD,adaptive,4.0,1e-06,random,rand2,105,8,0.01337943800322114
p31,1000,nm,Mixed FD,adaptive,4.0,1e-06,random,rand2,105,9,0.005316170246623696
p31,1000,nm,Mixed FD,adaptive,4.0,1e-06,random,rand2,105,10,0.0021285699611033656
p31,1000,nm,Mixed FD,adaptive,4.0,1e-06,random,rand2,105,11,0.0008575373117862966
p31,1000,nm,Mixed FD,adaptive,4.0,1e-06,random,rand2,105,12,0.0003469297017362169
p31,1000,nm,Mixed FD,adaptive,4.0,1e-06,random,rand2,105,13,0.0001408461546524776
p31,1000,nm,Mixed FD,adaptive,4.0,1e-06,random,rand2,105,14,5.732174641518705e-05
p31,1000,nm,Mixed FD,adaptive,4.0,1e-06,random,rand2,105,15,2.338178031820356e-05
p31,1000,nm,Mixed FD,adaptive,4.0,1e-06,random,rand2,105,16,9.553097649391545e-06
p31,1000,nm,Mixed FD,adaptive,4.0,1e-06,random,rand2,105,17,3.909294210218548e-06
p31,1000,nm,Mixed FD,adaptive,4.0,1e-06,random,rand2,105,18,1.6016112271413884e-06
p31,1000,nm,Mixed FD,adaptive,4.0,1e-06,random,rand2,105,19,6.569337187378747e-07
p31,1000,tr,Mixed FD,adaptive,4.0,1e-06,random,rand2,105,0,10.214065136772279
p31,1000,tr,Mixed FD,adaptive,4.0,1e-06,random,rand2,105,1,7.288585490446452
p31,1000,tr,Mixed FD,adaptive,4.0,1e-06,random,rand2,105,2,5.305967218862618
p31,1000,tr,Mixed FD,adaptive,4.0,1e-06,random,rand2,105,3,2.8487573291257613
p31,1000,tr,Mixed FD,adaptive,4.0,1e-06,random,rand2,105,4,1.5232586116560047
p31,1000,tr,Mixed FD,adaptive,4.0,1e-06,random,rand2,105,5,0.8582578250619423
p31,1000,tr,Mixed FD,adaptive,4.0,1e-06,random,rand2,105,6,0.49441125197068736
p31,1000,tr,Mixed FD,adaptive,4.0,1e-06,random,rand2,105,7,0.2741641682934239
p31,1000,tr,Mixed FD,adaptive,4.0,1e-06,random,rand2,105,8,0.1498660515028342
p31,1000,tr,Mixed FD,adaptive,4.0,1e-06,random,rand2,105,9,0.07938845889095074
p31,1000,tr,Mixed FD,adaptive,4.0,1e-06,random,rand2,105,10,0.04215608235933233
p31,1000,tr,Mixed FD,adaptive,4.0,1e-06,random,rand2,105,11,0.022083372465325733
p31,1000,tr,Mixed FD,adaptive,4.0,1e-06,random,rand2,105,12,0.01169304098375286
p31,1000,tr,Mixed FD,adaptive,4.0,1e-06,random,rand2,105,13,0.006143267871988252
p31,1000,tr,Mixed FD,adaptive,4.0,1e-06,random,rand2,105,14,0.0049100631556323986
p31,1000,tr,Mixed FD,adaptive,4.0,1e-06,random,rand2,105,15,0.0009843496459058135
p31,1000,tr,Mixed FD,adaptive,4.0,1e-06,random,rand2,105,16,0.0003380801055003171
p31,1000,tr,Mixed FD,adaptive,4.0,1e-06,random,rand2,105,17,0.0001101165328155171
p31,1000,tr,Mixed FD,adaptive,4.0,1e-06,random,rand2,105,18,3.8596166614897295e-05
p31,1000,tr,Mixed FD,adaptive,4.0,1e-06,random,rand2,105,19,1.398201835040998e-05
p31,1000,tr,Mixed FD,adaptive,4.0,1e-06,random,rand2,105,20,5.11699873385199e-06
p31,1000,tr,Mixed FD,adaptive,4.0,1e-06,random,rand2,105,21,1.9025403577133777e-06
p31,1000,tr,Mixed FD,adaptive,4.0,1e-06,random,rand2,105,22,7.148544475166583e-07
p31,1000,tr,Mixed FD,adaptive,4.0,1e-06,random,rand2,105,23,2.709414882650142e-07
p31,1000,tr,Mixed FD,adaptive,4.0,1e-06,random,rand2,105,24,1.0299103797490382e-07
p31,1000,tr,Mixed FD,adaptive,4.0,1e-06,random,rand2,105,25,4.0027058194254894e-08
p31,1000,nm,Mixed FD,adaptive,4.0,1e-06,random,rand3,106,0,15.687867436709547
p31,1000,nm,Mixed FD,adaptive,4.0,1e-06,random,rand3,106,1,7.368083456816103
p31,1000,nm,Mixed FD,adaptive,4.0,1e-06,random,rand3,106,2,7.746470310381391
p31,1000,nm,Mixed FD,adaptive,4.0,1e-06,random,rand3,106,3,4.17450759002694
p31,1000,nm,Mixed FD,adaptive,4.0,1e-06,random,rand3,106,4,1.8292767418575158
p31,1000,nm,Mixed FD,adaptive,4.0,1e-06,random,rand3,106,5,0.8036849913421195
p31,1000,nm,Mixed FD,adaptive,4.0,1e-06,random,rand3,106,6,0.35271293702419587
p31,1000,nm,Mixed FD,adaptive,4.0,1e-06,random,rand3,106,7,0.1259056610206363
p31,1000,nm,Mixed FD,adaptive,4.0,1e-06,random,rand3,106,8,0.03984097405548759
p31,1000,nm,Mixed FD,adaptive,4.0,1e-06,random,rand3,106,9,0.014666423309416863
p31,1000,nm,Mixed FD,adaptive,4.0,1e-06,random,rand3,106,10,0.00573556975625133
p31,1000,nm,Mixed FD,adaptive,4.0,1e-06,random,rand3,106,11,0.002270363627140623
p31,1000,nm,Mixed FD,adaptive,4.0,1e-06,random,rand3,106,12,0.0009058991808167921
p31,1000,nm,Mixed FD,adaptive,4.0,1e-06,random,rand3,106,13,0.00036387211154692784
p31,1000,nm,Mixed FD,adaptive,4.0,1e-06,random,rand3,106,14,0.00014683427738077328
p31,1000,nm,Mixed FD,adaptive,4.0,1e-06,random,rand3,106,15,5.94718129386856e-05
p31,1000,nm,Mixed FD,adaptive,4.0,1e-06,random,rand3,106,16,2.4153591491657785e-05
p31,1000,nm,Mixed FD,adaptive,4.0,1e-06,random,rand3,106,17,9.834368986509334e-06
p31,1000,nm,Mixed FD,adaptive,4.0,1e-06,random,rand3,106,18,4.0113946645198186e-06
p31,1000,nm,Mixed FD,adaptive,4.0,1e-06,random,rand3,106,19,1.6392705748643087e-06
p31,1000,nm,Mixed FD,adaptive,4.0,1e-06,random,rand3,106,20,6.707313407603952e-07
p31,1000,nm,Mixed FD,adaptive,4.0,1e-06,random,rand3,106,21,2.74838225256303e-07
p31,1000,tr,Mixed FD,adaptive,4.0,1e-06,random,rand3,106,0,10.711982626193192
p31,1000,tr,Mixed FD,adaptive,4.0,1e-06,random,rand3,106,1,7.060312256082785
p31,1000,tr,Mixed FD,adaptive,4.0,1e-06,random,rand3,106,2,5.209350651312254
p31,1000,tr,Mixed FD,adaptive,4.0,1e-06,random,rand3,106,3,2.738290618405048
p31,1000,tr,Mixed FD,adaptive,4.0,1e-06,random,rand3,106,4,1.460574913581232
p31,1000,tr,Mixed FD,adaptive,4.0,1e-06,random,rand3,106,5,0.8404131958475471
p31,1000,tr,Mixed FD,adaptive,4.0,1e-06,random,rand3,106,6,0.492179903827978
p31,1000,tr,Mixed FD,adaptive,4.0,1e-06,random,rand3,106,7,0.27097375220803144
p31,1000,tr,Mixed FD,adaptive,4.0,1e-06,random,rand3,106,8,0.1462619182903747
p31,1000,tr,Mixed FD,adaptive,4.0,1e-06,random,rand3,106,9,0.07698755857988553
p31,1000,tr,Mixed FD,adaptive,4.0,1e-06,random,rand3,106,10,0.040590800589833206
p31,1000,tr,Mixed FD,adaptive,4.0,1e-06,random,rand3,106,11,0.021203846414240397
p31,1000,tr,Mixed FD,adaptive,4.0,1e-06,random,rand3,106,12,0.011205804499738528
p31,1000,tr,Mixed FD,adaptive,4.0,1e-06,random,rand3,106,13,0.0087804755222686
p31,1000,tr,Mixed FD,adaptive,4.0,1e-06,random,rand3,106,14,0.0016452861185154097
p31,1000,tr,Mixed FD,adaptive,4.0,1e-06,random,rand3,106,15,0.0008729173111297405
p31,1000,tr,Mixed FD,adaptive,4.0,1e-06,random,rand3,106,16,0.0002443382302894155
p31,1000,tr,Mixed FD,adaptive,4.0,1e-06,random,rand3,106,17,8.14828249215966e-05
p31,1000,tr,Mixed FD,adaptive,4.0,1e-06,random,rand3,106,18,2.8909630486857964e-05
p31,1000,tr,Mixed FD,adaptive,4.0,1e-06,random,rand3,106,19,1.0463860859327792e-05
p31,1000,tr,Mixed FD,adaptive,4.0,1e-06,random,rand3,106,20,3.868500826994968e-06
p31,1000,tr,Mixed FD,adaptive,4.0,1e-06,random,rand3,106,21,1.449111963892224e-06
p31,1000,tr,Mixed FD,adaptive,4.0,1e-06,random,rand3,106,22,5.489589861561631e-07
p31,1000,tr,Mixed FD,adaptive,4.0,1e-06,random,rand3,106,23,2.0976604394640354e-07
p31,1000,tr,Mixed FD,adaptive,4.0,1e-06,random,rand3,106,24,8.02972964829886e-08
p31,1000,nm,Mixed FD,adaptive,4.0,1e-06,random,rand4,107,0,15.637146536272157
p31,1000,nm,Mixed FD,adaptive,4.0,1e-06,random,rand4,107,1,8.110034430967321
p31,1000,nm,Mixed FD,adaptive,4.0,1e-06,random,rand4,107,2,5.6313260305364405
p31,1000,nm,Mixed FD,adaptive,4.0,1e-06,random,rand4,107,3,2.5204801798438106
p31,1000,nm,Mixed FD,adaptive,4.0,1e-06,random,rand4,107,4,0.8500096229426298
p31,1000,nm,Mixed FD,adaptive,4.0,1e-06,random,rand4,107,5,0.27423085050388857
p31,1000,nm,Mixed FD,adaptive,4.0,1e-06,random,rand4,107,6,0.09365038643365049
p31,1000,nm,Mixed FD,adaptive,4.0,1e-06,random,rand4,107,7,0.035125272696599485
p31,1000,nm,Mixed FD,adaptive,4.0,1e-06,random,rand4,107,8,0.013795352149610602
p31,1000,nm,Mixed FD,adaptive,4.0,1e-06,random,rand4,107,9,0.005489004059158841
p31,1000,nm,Mixed FD,adaptive,4.0,1e-06,random,rand4,107,10,0.002200102314555661
p31,1000,nm,Mixed FD,adaptive,4.0,1e-06,random,rand4,107,11,0.0008860552663786286
p31,1000,nm,Mixed FD,adaptive,4.0,1e-06,random,rand4,107,12,0.0003586781679768318
p31,1000,nm,Mixed FD,adaptive,4.0,1e-06,random,rand4,107,13,0.00014545695651651812
p31,1000,nm,Mixed FD,adaptive,4.0,1e-06,random,rand4,107,14,5.923383750366526e-05
p31,1000,nm,Mixed FD,adaptive,4.0,1e-06,random,rand4,107,15,2.4126781545165677e-05
p31,1000,nm,Mixed FD,adaptive,4.0,1e-06,random,rand4,107,16,9.86530472061355e-06
p31,1000,nm,Mixed FD,adaptive,4.0,1e-06,random,rand4,107,17,4.030490375243581e-06
p31,1000,nm,Mixed FD,adaptive,4.0,1e-06,random,rand4,107,18,1.652966294524048e-06
p31,1000,nm,Mixed FD,adaptive,4.0,1e-06,random,rand4,107,19,6.768222305916788e-07
p31,1000,tr,Mixed FD,adaptive,4.0,1e-06,random,rand4,107,0,10.67951404093798
p31,1000,tr,Mixed FD,adaptive,4.0,1e-06,random,rand4,107,1,7.272204819274736
p31,1000,tr,Mixed FD,adaptive,4.0,1e-06,random,rand4,107,2,5.2457810906434625
p31,1000,tr,Mixed FD,adaptive,4.0,1e-06,random,rand4,107,3,2.8370519860677654
p31,1000,tr,Mixed FD,adaptive,4.0,1e-06,random,rand4,107,4,1.5209067086533659
p31,1000,tr,Mixed FD,adaptive,4.0,1e-06,random,rand4,107,5,0.8925470135081991
p31,1000,tr,Mixed FD,adaptive,4.0,1e-06,random,rand4,107,6,0.5375971585731637
p31,1000,tr,Mixed FD,adaptive,4.0,1e-06,random,rand4,107,7,0.30711377029917647
p31,1000,tr,Mixed FD,adaptive,4.0,1e-06,random,rand4,107,8,0.17046418152287146
p31,1000,tr,Mixed FD,adaptive,4.0,1e-06,random,rand4,107,9,0.09149790898548987
p31,1000,tr,Mixed FD,adaptive,4.0,1e-06,random,rand4,107,10,0.04889585010737603
p31,1000,tr,Mixed FD,adaptive,4.0,1e-06,random,rand4,107,11,0.02578477597957512
p31,1000,tr,Mixed FD,adaptive,4.0,1e-06,random,rand4,107,12,0.01370012127446115
p31,1000,tr,Mixed FD,adaptive,4.0,1e-06,random,rand4,107,13,0.007232472403288711
p31,1000,tr,Mixed FD,adaptive,4.0,1e-06,random,rand4,107,14,0.005871911009326409
p31,1000,tr,Mixed FD,adaptive,4.0,1e-06,random,rand4,107,15,0.0011292746835525915
p31,1000,tr,Mixed FD,adaptive,4.0,1e-06,random,rand4,107,16,0.00036926689994966127
p31,1000,tr,Mixed FD,adaptive,4.0,1e-06,random,rand4,107,17,0.00014015718584441865
p31,1000,tr,Mixed FD,adaptive,4.0,1e-06,random,rand4,107,18,4.6901580923252736e-05
p31,1000,tr,Mixed FD,adaptive,4.0,1e-06,random,rand4,107,19,1.674846544509935e-05
p31,1000,tr,Mixed FD,adaptive,4.0,1e-06,random,rand4,107,20,6.075838506801318e-06
p31,1000,tr,Mixed FD,adaptive,4.0,1e-06,random,rand4,107,21,2.2426739044910076e-06
p31,1000,tr,Mixed FD,adaptive,4.0,1e-06,random,rand4,107,22,8.36955040595231e-07
p31,1000,tr,Mixed FD,adaptive,4.0,1e-06,random,rand4,107,23,3.1556857410282723e-07
p31,1000,tr,Mixed FD,adaptive,4.0,1e-06,random,rand4,107,24,1.1989397103195128e-07
p31,1000,tr,Mixed FD,adaptive,4.0,1e-06,random,rand4,107,25,4.499184901711887e-08
p31,1000,nm,Mixed FD,adaptive,4.0,1e-06,random,rand5,108,0,17.538881355270924
p31,1000,nm,Mixed FD,adaptive,4.0,1e-06,random,rand5,108,1,9.602207096075754
p31,1000,nm,Mixed FD,adaptive,4.0,1e-06,random,rand5,108,2,5.769278925947331
p31,1000,nm,Mixed FD,adaptive,4.0,1e-06,random,rand5,108,3,2.8153294800120356
p31,1000,nm,Mixed FD,adaptive,4.0,1e-06,random,rand5,108,4,1.2242044640288503
p31,1000,nm,Mixed FD,adaptive,4.0,1e-06,random,rand5,108,5,0.5197714561788681
p31,1000,nm,Mixed FD,adaptive,4.0,1e-06,random,rand5,108,6,0.18533529566307613
p31,1000,nm,Mixed FD,adaptive,4.0,1e-06,random,rand5,108,7,0.05959471862558697
p31,1000,nm,Mixed FD,adaptive,4.0,1e-06,random,rand5,108,8,0.021845666338311365
p31,1000,nm,Mixed FD,adaptive,4.0,1e-06,random,rand5,108,9,0.008514753985400277
p31,1000,nm,Mixed FD,adaptive,4.0,1e-06,random,rand5,108,10,0.003366214953226841
p31,1000,nm,Mixed FD,adaptive,4.0,1e-06,random,rand5,108,11,0.0013418570621632454
p31,1000,nm,Mixed FD,adaptive,4.0,1e-06,random,rand5,108,12,0.0005385420161115449
p31,1000,nm,Mixed FD,adaptive,4.0,1e-06,random,rand5,108,13,0.00021718969809099534
p31,1000,nm,Mixed FD,adaptive,4.0,1e-06,random,rand5,108,14,8.792129906817661e-05
p31,1000,nm,Mixed FD,adaptive,4.0,1e-06,random,rand5,108,15,3.569691753237902e-05
p31,1000,nm,Mixed FD,adaptive,4.0,1e-06,random,rand5,108,16,1.4529424071231999e-05
p31,1000,nm,Mixed FD,adaptive,4.0,1e-06,random,rand5,108,17,5.925884084799055e-06
p31,1000,nm,Mixed FD,adaptive,4.0,1e-06,random,rand5,108,18,2.421181440659974e-06
p31,1000,nm,Mixed FD,adaptive,4.0,1e-06,random,rand5,108,19,9.907281549732802e-07
p31,1000,nm,Mixed FD,adaptive,4.0,1e-06,random,rand5,108,20,4.05936793892976e-07
p31,1000,tr,Mixed FD,adaptive,4.0,1e-06,random,rand5,108,0,10.098620304243065
p31,1000,tr,Mixed FD,adaptive,4.0,1e-06,random,rand5,108,1,6.908329107827252
p31,1000,tr,Mixed FD,adaptive,4.0,1e-06,random,rand5,108,2,5.1211740533228856
p31,1000,tr,Mixed FD,adaptive,4.0,1e-06,random,rand5,108,3,2.6500276468291086
p31,1000,tr,Mixed FD,adaptive,4.0,1e-06,random,rand5,108,4,1.4552861479868227
p31,1000,tr,Mixed FD,adaptive,4.0,1e-06,random,rand5,108,5,0.8420364873869184
p31,1000,tr,Mixed FD,adaptive,4.0,1e-06,random,rand5,108,6,0.4846238438294847
p31,1000,tr,Mixed FD,adaptive,4.0,1e-06,random,rand5,108,7,0.2648288788781157
p31,1000,tr,Mixed FD,adaptive,4.0,1e-06,random,rand5,108,8,0.14278184229093555
p31,1000,tr,Mixed FD,adaptive,4.0,1e-06,random,rand5,108,9,0.07524962889885586
p31,1000,tr,Mixed FD,adaptive,4.0,1e-06,random,rand5,108,10,0.039899345978633406
p31,1000,tr,Mixed FD,adaptive,4.0,1e-06,random,rand5,108,11,0.020953684972998203
p31,1000,tr,Mixed FD,adaptive,4.0,1e-06,random,rand5,108,12,0.011106192964331345
p31,1000,tr,Mixed FD,adaptive,4.0,1e-06,random,rand5,108,13,0.008864646052487121
p31,1000,tr,Mixed FD,adaptive,4.0,1e-06,random,rand5,108,14,0.0015718848273559287
p31,1000,tr,Mixed FD,adaptive,4.0,1e-06,random,rand5,108,15,0.0008218670534833469
p31,1000,tr,Mixed FD,adaptive,4.0,1e-06,random,rand5,108,16,0.00022538123586006114
p31,1000,tr,Mixed FD,adaptive,4.0,1e-06,random,rand5,108,17,7.421529558858707e-05
p31,1000,tr,Mixed FD,adaptive,4.0,1e-06,random,rand5,108,18,2.6158785224201212e-05
p31,1000,tr,Mixed FD,adaptive,4.0,1e-06,random,rand5,108,19,9.416864924720535e-06
p31,1000,tr,Mixed FD,adaptive,4.0,1e-06,random,rand5,108,20,3.4666670369710492e-06
p31,1000,tr,Mixed FD,adaptive,4.0,1e-06,random,rand5,108,21,1.2932740543260324e-06
p31,1000,tr,Mixed FD,adaptive,4.0,1e-06,random,rand5,108,22,4.882123610379963e-07
p31,1000,tr,Mixed FD,adaptive,4.0,1e-06,random,rand5,108,23,1.8598392516925312e-07
p31,1000,tr,Mixed FD,adaptive,4.0,1e-06,random,rand5,108,24,7.115731189734355e-08
p31,1000,nm,Mixed FD,adaptive,8.0,1e-06,initial,xbar,109,0,6.3357374165716225
p31,1000,nm,Mixed FD,adaptive,8.0,1e-06,initial,xbar,109,1,2.5047563887789255
p31,1000,nm,Mixed FD,adaptive,8.0,1e-06,initial,xbar,109,2,0.4396322429219506
p31,1000,nm,Mixed FD,adaptive,8.0,1e-06,initial,xbar,109,3,0.023016380194076442
p31,1000,nm,Mixed FD,adaptive,8.0,1e-06,initial,xbar,109,4,0.007601467808702771
p31,1000,nm,Mixed FD,adaptive,8.0,1e-06,initial,xbar,109,5,0.0024421525127311266
p31,1000,nm,Mixed FD,adaptive,8.0,1e-06,initial,xbar,109,6,0.0010418816427231615
p31,1000,nm,Mixed FD,adaptive,8.0,1e-06,initial,xbar,109,7,0.00036311971096247907
p31,1000,nm,Mixed FD,adaptive,8.0,1e-06,initial,xbar,109,8,0.0001553296873639123
p31,1000,nm,Mixed FD,adaptive,8.0,1e-06,initial,xbar,109,9,5.62530431421752e-05
p31,1000,nm,Mixed FD,adaptive,8.0,1e-06,initial,xbar,109,10,2.409254098147302e-05
p31,1000,nm,Mixed FD,adaptive,8.0,1e-06,initial,xbar,109,11,8.935568016993887e-06
p31,1000,nm,Mixed FD,adaptive,8.0,1e-06,initial,xbar,109,12,3.8250387508957915e-06
p31,1000,nm,Mixed FD,adaptive,8.0,1e-06,initial,xbar,109,13,1.4417440066636017e-06
p31,1000,nm,Mixed FD,adaptive,8.0,1e-06,initial,xbar,109,14,6.165830564071843e-07
p31,1000,nm,Mixed FD,adaptive,8.0,1e-06,initial,xbar,109,15,2.3515899680706158e-07
p31,1000,tr,Mixed FD,adaptive,8.0,1e-06,initial,xbar,109,0,6.013047367282013
p31,1000,tr,Mixed FD,adaptive,8.0,1e-06,initial,xbar,109,1,2.667158051063508
p31,1000,tr,Mixed FD,adaptive,8.0,1e-06,initial,xbar,109,2,0.29936350193355094
p31,1000,tr,Mixed FD,adaptive,8.0,1e-06,initial,xbar,109,3,0.5563948979846198
p31,1000,tr,Mixed FD,adaptive,8.0,1e-06,initial,xbar,109,4,0.11977615553833962
p31,1000,tr,Mixed FD,adaptive,8.0,1e-06,initial,xbar,109,5,0.051156368498160895
p31,1000,tr,Mixed FD,adaptive,8.0,1e-06,initial,xbar,109,6,0.026569705369676084
p31,1000,tr,Mixed FD,adaptive,8.0,1e-06,initial,xbar,109,7,0.014169040265363298
p31,1000,tr,Mixed FD,adaptive,8.0,1e-06,initial,xbar,109,8,0.0072296927757543525
p31,1000,tr,Mixed FD,adaptive,8.0,1e-06,initial,xbar,109,9,0.005693321316072113
p31,1000,tr,Mixed FD,adaptive,8.0,1e-06,initial,xbar,109,10,0.0010555482664666316
p31,1000,tr,Mixed FD,adaptive,8.0,1e-06,initial,xbar,109,11,0.0004904355432043371
p31,1000,tr,Mixed FD,adaptive,8.0,1e-06,initial,xbar,109,12,0.00013884338567218154
p31,1000,tr,Mixed FD,adaptive,8.0,1e-06,initial,xbar,109,13,5.269833758104115e-05
p31,1000,tr,Mixed FD,adaptive,8.0,1e-06,initial,xbar,109,14,1.9767754737164183e-05
p31,1000,tr,Mixed FD,adaptive,8.0,1e-06,initial,xbar,109,15,7.5058224981166935e-06
p31,1000,tr,Mixed FD,adaptive,8.0,1e-06,initial,xbar,109,16,2.895192752380199e-06
p31,1000,tr,Mixed FD,adaptive,8.0,1e-06,initial,xbar,109,17,1.1264499642029962e-06
p31,1000,tr,Mixed FD,adaptive,8.0,1e-06,initial,xbar,109,18,4.3756374001425553e-07
p31,1000,tr,Mixed FD,adaptive,8.0,1e-06,initial,xbar,109,19,1.7193221035164157e-07
p31,1000,tr,Mixed FD,adaptive,8.0,1e-06,initial,xbar,109,20,6.779603861084055e-08
p31,1000,nm,Mixed FD,adaptive,8.0,1e-06,random,rand1,110,0,14.77608536126397
p31,1000,nm,Mixed FD,adaptive,8.0,1e-06,random,rand1,110,1,7.882271763105964
p31,1000,nm,Mixed FD,adaptive,8.0,1e-06,random,rand1,110,2,5.383306713003982
p31,1000,nm,Mixed FD,adaptive,8.0,1e-06,random,rand1,110,3,2.347986503562442
p31,1000,nm,Mixed FD,adaptive,8.0,1e-06,random,rand1,110,4,0.7495996171196728
p31,1000,nm,Mixed FD,adaptive,8.0,1e-06,random,rand1,110,5,0.22931609307227127
p31,1000,nm,Mixed FD,adaptive,8.0,1e-06,random,rand1,110,6,0.07962367149234502
p31,1000,nm,Mixed FD,adaptive,8.0,1e-06,random,rand1,110,7,0.030539900236071723
p31,1000,nm,Mixed FD,adaptive,8.0,1e-06,random,rand1,110,8,0.012037385098506301
p31,1000,nm,Mixed FD,adaptive,8.0,1e-06,random,rand1,110,9,0.004798128910928379
p31,1000,nm,Mixed FD,adaptive,8.0,1e-06,random,rand1,110,10,0.0019225479467108383
p31,1000,nm,Mixed FD,adaptive,8.0,1e-06,random,rand1,110,11,0.0007753014753877829
p31,1000,nm,Mixed FD,adaptive,8.0,1e-06,random,rand1,110,12,0.0003135378901820562
p31,1000,nm,Mixed FD,adaptive,8.0,1e-06,random,rand1,110,13,0.00012731716625600126
p31,1000,nm,Mixed FD,adaptive,8.0,1e-06,random,rand1,110,14,5.17832306142505e-05
p31,1000,nm,Mixed FD,adaptive,8.0,1e-06,random,rand1,110,15,2.1124658325031255e-05
p31,1000,nm,Mixed FD,adaptive,8.0,1e-06,random,rand1,110,16,8.626268876603941e-06
p31,1000,nm,Mixed FD,adaptive,8.0,1e-06,random,rand1,110,17,3.5307603958077494e-06
p31,1000,nm,Mixed FD,adaptive,8.0,1e-06,random,rand1,110,18,1.4460301425832661e-06
p31,1000,nm,Mixed FD,adaptive,8.0,1e-06,random,rand1,110,19,5.933529777143262e-07
p31,1000,tr,Mixed FD,adaptive,8.0,1e-06,random,rand1,110,0,10.468177329707263
p31,1000,tr,Mixed FD,adaptive,8.0,1e-06,random,rand1,110,1,7.242738055330091
p31,1000,tr,Mixed FD,adaptive,8.0,1e-06,random,rand1,110,2,5.239671794281255
p31,1000,tr,Mixed FD,adaptive,8.0,1e-06,random,rand1,110,3,2.797656497041746
p31,1000,tr,Mixed FD,adaptive,8.0,1e-06,random,rand1,110,4,1.501749171236152
p31,1000,tr,Mixed FD,adaptive,8.0,1e-06,random,rand1,110,5,0.824716175176228
p31,1000,tr,Mixed FD,adaptive,8.0,1e-06,random,rand1,110,6,0.45675567519440174
p31,1000,tr,Mixed FD,adaptive,8.0,1e-06,random,rand1,110,7,0.24679390913086752
p31,1000,tr,Mixed FD,adaptive,8.0,1e-06,random,rand1,110,8,0.13290650822859304
p31,1000,tr,Mixed FD,adaptive,8.0,1e-06,random,rand1,110,9,0.06988150913170159
p31,1000,tr,Mixed FD,adaptive,8.0,1e-06,random,rand1,110,10,0.037246444056617825
p31,1000,tr,Mixed FD,adaptive,8.0,1e-06,random,rand1,110,11,0.019554613845504637
p31,1000,tr,Mixed FD,adaptive,8.0,1e-06,random,rand1,110,12,0.010380844877938625
p31,1000,tr,Mixed FD,adaptive,8.0,1e-06,random,rand1,110,13,0.008274650509195654
p31,1000,tr,Mixed FD,adaptive,8.0,1e-06,random,rand1,110,14,0.0014728095588703812
p31,1000,tr,Mixed FD,adaptive,8.0,1e-06,random,rand1,110,15,0.000768650912513291
p31,1000,tr,Mixed FD,adaptive,8.0,1e-06,random,rand1,110,16,0.00021206025910075284
p31,1000,tr,Mixed FD,adaptive,8.0,1e-06,random,rand1,110,17,7.107300152324315e-05
p31,1000,tr,Mixed FD,adaptive,8.0,1e-06,random,rand1,110,18,2.5518400232968412e-05
p31,1000,tr,Mixed FD,adaptive,8.0,1e-06,random,rand1,110,19,9.296544154528207e-06
p31,1000,tr,Mixed FD,adaptive,8.0,1e-06,random,rand1,110,20,3.4656103054455176e-06
p31,1000,tr,Mixed FD,adaptive,8.0,1e-06,random,rand1,110,21,1.3069481156773349e-06
p31,1000,tr,Mixed FD,adaptive,8.0,1e-06,random,rand1,110,22,4.98087989648535e-07
p31,1000,tr,Mixed FD,adaptive,8.0,1e-06,random,rand1,110,23,1.9128036504972563e-07
p31,1000,tr,Mixed FD,adaptive,8.0,1e-06,random,rand1,110,24,7.366306703499077e-08
p31,1000,nm,Mixed FD,adaptive,8.0,1e-06,random,rand2,111,0,14.927974238209952
p31,1000,nm,Mixed FD,adaptive,8.0,1e-06,random,rand2,111,1,8.029919447970467
p31,1000,nm,Mixed FD,adaptive,8.0,1e-06,random,rand2,111,2,5.479147583504688
p31,1000,nm,Mixed FD,adaptive,8.0,1e-06,random,rand2,111,3,2.4427881720959377
p31,1000,nm,Mixed FD,adaptive,8.0,1e-06,random,rand2,111,4,0.8365648802285413
p31,1000,nm,Mixed FD,adaptive,8.0,1e-06,random,rand2,111,5,0.2684420371459732
p31,1000,nm,Mixed FD,adaptive,8.0,1e-06,random,rand2,111,6,0.09066927607162142
p31,1000,nm,Mixed FD,adaptive,8.0,1e-06,random,rand2,111,7,0.034103417283489285
p31,1000,nm,Mixed FD,adaptive,8.0,1e-06,random,rand2,111,8,0.01337407059489802
p31,1000,nm,Mixed FD,adaptive,8.0,1e-06,random,rand2,111,9,0.005313301101429246
p31,1000,nm,Mixed FD,adaptive,8.0,1e-06,random,rand2,111,10,0.0021271321779285585
p31,1000,nm,Mixed FD,adaptive,8.0,1e-06,random,rand2,111,11,0.0008568453172459046
p31,1000,nm,Mixed FD,adaptive,8.0,1e-06,random,rand2,111,12,0.0003466042624474039
p31,1000,nm,Mixed FD,adaptive,8.0,1e-06,random,rand2,111,13,0.0001406959599182275
p31,1000,nm,Mixed FD,adaptive,8.0,1e-06,random,rand2,111,14,5.7253224105669395e-05
p31,1000,nm,Mixed FD,adaptive,8.0,1e-06,random,rand2,111,15,2.3350851110596692e-05
p31,1000,nm,Mixed FD,adaptive,8.0,1e-06,random,rand2,111,16,9.539236232450832e-06
p31,1000,nm,Mixed FD,adaptive,8.0,1e-06,random,rand2,111,17,3.903124728254642e-06
p31,1000,nm,Mixed FD,adaptive,8.0,1e-06,random,rand2,111,18,1.5988788565343452e-06
p31,1000,nm,Mixed FD,adaptive,8.0,1e-06,random,rand2,111,19,6.557294011901972e-07
p31,1000,tr,Mixed FD,adaptive,8.0,1e-06,random,rand2,111,0,10.213331565887742
p31,1000,tr,Mixed FD,adaptive,8.0,1e-06,random,rand2,111,1,7.288363903328823
p31,1000,tr,Mixed FD,adaptive,8.0,1e-06,random,rand2,111,2,5.305731137619066
p31,1000,tr,Mixed FD,adaptive,8.0,1e-06,random,rand2,111,3,2.848812935348119
p31,1000,tr,Mixed FD,adaptive,8.0,1e-06,random,rand2,111,4,1.5232575882508201
p31,1000,tr,Mixed FD,adaptive,8.0,1e-06,random,rand2,111,5,0.8582295565579054
p31,1000,tr,Mixed FD,adaptive,8.0,1e-06,random,rand2,111,6,0.4943894723327148
p31,1000,tr,Mixed FD,adaptive,8.0,1e-06,random,rand2,111,7,0.27414997346745323
p31,1000,tr,Mixed FD,adaptive,8.0,1e-06,random,rand2,111,8,0.14985651714514917
p31,1000,tr,Mixed FD,adaptive,8.0,1e-06,random,rand2,111,9,0.07938324894214052
p31,1000,tr,Mixed FD,adaptive,8.0,1e-06,random,rand2,111,10,0.04215297104382154
p31,1000,tr,Mixed FD,adaptive,8.0,1e-06,random,rand2,111,11,0.022081774020836747
p31,1000,tr,Mixed FD,adaptive,8.0,1e-06,random,rand2,111,12,0.011692099339526144
p31,1000,tr,Mixed FD,adaptive,8.0,1e-06,random,rand2,111,13,0.006142796102020354
p31,1000,tr,Mixed FD,adaptive,8.0,1e-06,random,rand2,111,14,0.004909154238178985
p31,1000,tr,Mixed FD,adaptive,8.0,1e-06,random,rand2,111,15,0.000984174412508745
p31,1000,tr,Mixed FD,adaptive,8.0,1e-06,random,rand2,111,16,0.00033794998730059483
p31,1000,tr,Mixed FD,adaptive,8.0,1e-06,random,rand2,111,17,0.00011005320369116907
p31,1000,tr,Mixed FD,adaptive,8.0,1e-06,random,rand2,111,18,3.856923204999643e-05
p31,1000,tr,Mixed FD,adaptive,8.0,1e-06,random,rand2,111,19,1.397067706631282e-05
p31,1000,tr,Mixed FD,adaptive,8.0,1e-06,random,rand2,111,20,5.112231433676393e-06
p31,1000,tr,Mixed FD,adaptive,8.0,1e-06,random,rand2,111,21,1.9005407310371266e-06
p31,1000,tr,Mixed FD,adaptive,8.0,1e-06,random,rand2,111,22,7.140168756754254e-07
p31,1000,tr,Mixed FD,adaptive,8.0,1e-06,random,rand2,111,23,2.705910327700412e-07
p31,1000,tr,Mixed FD,adaptive,8.0,1e-06,random,rand2,111,24,1.0284573141998113e-07
p31,1000,tr,Mixed FD,adaptive,8.0,1e-06,random,rand2,111,25,3.865244847271061e-08
p31,1000,nm,Mixed FD,adaptive,8.0,1e-06,random,rand3,112,0,15.687819941205216
p31,1000,nm,Mixed FD,adaptive,8.0,1e-06,random,rand3,112,1,7.356745907117762
p31,1000,nm,Mixed FD,adaptive,8.0,1e-06,random,rand3,112,2,7.744513692638212
p31,1000,nm,Mixed FD,adaptive,8.0,1e-06,random,rand3,112,3,4.173552501111212
p31,1000,nm,Mixed FD,adaptive,8.0,1e-06,random,rand3,112,4,1.8286159993803557
p31,1000,nm,Mixed FD,adaptive,8.0,1e-06,random,rand3,112,5,0.8027680417808952
p31,1000,nm,Mixed FD,adaptive,8.0,1e-06,random,rand3,112,6,0.35188286002934116
p31,1000,nm,Mixed FD,adaptive,8.0,1e-06,random,rand3,112,7,0.1254635691580438
p31,1000,nm,Mixed FD,adaptive,8.0,1e-06,random,rand3,112,8,0.03972294041328636
p31,1000,nm,Mixed FD,adaptive,8.0,1e-06,random,rand3,112,9,0.014627875257640366
p31,1000,nm,Mixed FD,adaptive,8.0,1e-06,random,rand3,112,10,0.0057200869964355115
p31,1000,nm,Mixed FD,adaptive,8.0,1e-06,random,rand3,112,11,0.002264000581139367
p31,1000,nm,Mixed FD,adaptive,8.0,1e-06,random,rand3,112,12,0.0009032626341476504
p31,1000,nm,Mixed FD,adaptive,8.0,1e-06,random,rand3,112,13,0.00036276986829795793
p31,1000,nm,Mixed FD,adaptive,8.0,1e-06,random,rand3,112,14,0.00014637120571037396
p31,1000,nm,Mixed FD,adaptive,8.0,1e-06,random,rand3,112,15,5.9276656726027556e-05
p31,1000,nm,Mixed FD,adaptive,8.0,1e-06,random,rand3,112,16,2.407119871725494e-05
p31,1000,nm,Mixed FD,adaptive,8.0,1e-06,random,rand3,112,17,9.79953523612869e-06
p31,1000,nm,Mixed FD,adaptive,8.0,1e-06,random,rand3,112,18,3.9966569632498095e-06
p31,1000,nm,Mixed FD,adaptive,8.0,1e-06,random,rand3,112,19,1.6330318725855525e-06
p31,1000,nm,Mixed FD,adaptive,8.0,1e-06,random,rand3,112,20,6.680896881958663e-07
p31,1000,nm,Mixed FD,adaptive,8.0,1e-06,random,rand3,112,21,2.737195311720614e-07
p31,1000,tr,Mixed FD,adaptive,8.0,1e-06,random,rand3,112,0,10.71122861923856
p31,1000,tr,Mixed FD,adaptive,8.0,1e-06,random,rand3,112,1,7.06013457573954
p31,1000,tr,Mixed FD,adaptive,8.0,1e-06,random,rand3,112,2,5.209098694135915
p31,1000,tr,Mixed FD,adaptive,8.0,1e-06,random,rand3,112,3,2.7383460607536043
p31,1000,tr,Mixed FD,adaptive,8.0,1e-06,random,rand3,112,4,1.4605844806829122
p31,1000,tr,Mixed FD,adaptive,8.0,1e-06,random,rand3,112,5,0.8403933862673174
p31,1000,tr,Mixed FD,adaptive,8.0,1e-06,random,rand3,112,6,0.49216383044754247
p31,1000,tr,Mixed FD,adaptive,8.0,1e-06,random,rand3,112,7,0.2709620386405045
p31,1000,tr,Mixed FD,adaptive,8.0,1e-06,random,rand3,112,8,0.1462544784919191
p31,1000,tr,Mixed FD,adaptive,8.0,1e-06,random,rand3,112,9,0.07698353791410892
p31,1000,tr,Mixed FD,adaptive,8.0,1e-06,random,rand3,112,10,0.040588368124030605
p31,1000,tr,Mixed FD,adaptive,8.0,1e-06,random,rand3,112,11,0.021202599861859815
p31,1000,tr,Mixed FD,adaptive,8.0,1e-06,random,rand3,112,12,0.011205073486570722
p31,1000,tr,Mixed FD,adaptive,8.0,1e-06,random,rand3,112,13,0.008779123533061439
p31,1000,tr,Mixed FD,adaptive,8.0,1e-06,random,rand3,112,14,0.0016449554884555443
p31,1000,tr,Mixed FD,adaptive,8.0,1e-06,random,rand3,112,15,0.0008727439328369385
p31,1000,tr,Mixed FD,adaptive,8.0,1e-06,random,rand3,112,16,0.00024420746781948186
p31,1000,tr,Mixed FD,adaptive,8.0,1e-06,random,rand3,112,17,8.142704141265826e-05
p31,1000,tr,Mixed FD,adaptive,8.0,1e-06,random,rand3,112,18,2.888636692444251e-05
p31,1000,tr,Mixed FD,adaptive,8.0,1e-06,random,rand3,112,19,1.0454070223753997e-05
p31,1000,tr,Mixed FD,adaptive,8.0,1e-06,random,rand3,112,20,3.8643802121901805e-06
p31,1000,tr,Mixed FD,adaptive,8.0,1e-06,random,rand3,112,21,1.4473773880638005e-06
p31,1000,tr,Mixed FD,adaptive,8.0,1e-06,random,rand3,112,22,5.482291184944519e-07
p31,1000,tr,Mixed FD,adaptive,8.0,1e-06,random,rand3,112,23,2.0945915443285475e-07
p31,1000,tr,Mixed FD,adaptive,8.0,1e-06,random,rand3,112,24,8.016962461461054e-08
p31,1000,nm,Mixed FD,adaptive,8.0,1e-06,random,rand4,113,0,15.637138238873975
p31,1000,nm,Mixed FD,adaptive,8.0,1e-06,random,rand4,113,1,8.109487745639191
p31,1000,nm,Mixed FD,adaptive,8.0,1e-06,random,rand4,113,2,5.6309327207517486
p31,1000,nm,Mixed FD,adaptive,8.0,1e-06,random,rand4,113,3,2.5208624111698144
p31,1000,nm,Mixed FD,adaptive,8.0,1e-06,random,rand4,113,4,0.8503629843679429
p31,1000,nm,Mixed FD,adaptive,8.0,1e-06,random,rand4,113,5,0.2743116497789382
p31,1000,nm,Mixed FD,adaptive,8.0,1e-06,random,rand4,113,6,0.09365477454078586
p31,1000,nm,Mixed FD,adaptive,8.0,1e-06,random,rand4,113,7,0.03511683771102959
p31,1000,nm,Mixed FD,adaptive,8.0,1e-06,random,rand4,113,8,0.013789656188407766
p31,1000,nm,Mixed FD,adaptive,8.0,1e-06,random,rand4,113,9,0.005485917982737082
p31,1000,nm,Mixed FD,adaptive,8.0,1e-06,random,rand4,113,10,0.0021985655394379253
p31,1000,nm,Mixed FD,adaptive,8.0,1e-06,random,rand4,113,11,0.000885311139662075
p31,1000,nm,Mixed FD,adaptive,8.0,1e-06,random,rand4,113,12,0.0003583294887943137
p31,1000,nm,Mixed FD,adaptive,8.0,1e-06,random,rand4,113,13,0.00014529563930901082
p31,1000,nm,Mixed FD,adaptive,8.0,1e-06,random,rand4,113,14,5.9160438191593446e-05
p31,1000,nm,Mixed FD,adaptive,8.0,1e-06,random,rand4,113,15,2.409363898050459e-05
p31,1000,nm,Mixed FD,adaptive,8.0,1e-06,random,rand4,113,16,9.850479886391356e-06
p31,1000,nm,Mixed FD,adaptive,8.0,1e-06,random,rand4,113,17,4.023897658585883e-06
p31,1000,nm,Mixed FD,adaptive,8.0,1e-06,random,rand4,113,18,1.6500502555229418e-06
p31,1000,nm,Mixed FD,adaptive,8.0,1e-06,random,rand4,113,19,6.755389608514303e-07
p31,1000,tr,Mixed FD,adaptive,8.0,1e-06,random,rand4,113,0,10.67876318572451
p31,1000,tr,Mixed FD,adaptive,8.0,1e-06,random,rand4,113,1,7.272022630802756
p31,1000,tr,Mixed FD,adaptive,8.0,1e-06,random,rand4,113,2,5.245528486745791
p31,1000,tr,Mixed FD,adaptive,8.0,1e-06,random,rand4,113,3,2.837114340107092
p31,1000,tr,Mixed FD,adaptive,8.0,1e-06,random,rand4,113,4,1.5209219307012618
p31,1000,tr,Mixed FD,adaptive,8.0,1e-06,random,rand4,113,5,0.8925180537120134
p31,1000,tr,Mixed FD,adaptive,8.0,1e-06,random,rand4,113,6,0.5375768845874783
p31,1000,tr,Mixed FD,adaptive,8.0,1e-06,random,rand4,113,7,0.30709715970099427
p31,1000,tr,Mixed FD,adaptive,8.0,1e-06,random,rand4,113,8,0.17045362480025966
p31,1000,tr,Mixed FD,adaptive,8.0,1e-06,random,rand4,113,9,0.09149152829178261
p31,1000,tr,Mixed FD,adaptive,8.0,1e-06,random,rand4,113,10,0.04889225000607208
p31,1000,tr,Mixed FD,adaptive,8.0,1e-06,random,rand4,113,11,0.02578279969231861
p31,1000,tr,Mixed FD,adaptive,8.0,1e-06,random,rand4,113,12,0.013699024468099154
p31,1000,tr,Mixed FD,adaptive,8.0,1e-06,random,rand4,113,13,0.007231888059573861
p31,1000,tr,Mixed FD,adaptive,8.0,1e-06,random,rand4,113,14,0.005870789727954464
p31,1000,tr,Mixed FD,adaptive,8.0,1e-06,random,rand4,113,15,0.001129076821479671
p31,1000,tr,Mixed FD,adaptive,8.0,1e-06,random,rand4,113,16,0.00036911984827525364
p31,1000,tr,Mixed FD,adaptive,8.0,1e-06,random,rand4,113,17,0.00014009294217602524
p31,1000,tr,Mixed FD,adaptive,8.0,1e-06,random,rand4,113,18,4.68711211451314e-05
p31,1000,tr,Mixed FD,adaptive,8.0,1e-06,random,rand4,113,19,1.6735616650979972e-05
p31,1000,tr,Mixed FD,adaptive,8.0,1e-06,random,rand4,113,20,6.070453638001085e-06
p31,1000,tr,Mixed FD,adaptive,8.0,1e-06,random,rand4,113,21,2.2404349262377245e-06
p31,1000,tr,Mixed FD,adaptive,8.0,1e-06,random,rand4,113,22,8.360265477848492e-07
p31,1000,tr,Mixed FD,adaptive,8.0,1e-06,random,rand4,113,23,3.1518307488207224e-07
p31,1000,tr,Mixed FD,adaptive,8.0,1e-06,random,rand4,113,24,1.1973422714887658e-07
p31,1000,tr,Mixed FD,adaptive,8.0,1e-06,random,rand4,113,25,4.492722064353841e-08
p31,1000,nm,Mixed FD,adaptive,8.0,1e-06,random,rand5,114,0,17.539011638250827
p31,1000,nm,Mixed FD,adaptive,8.0,1e-06,random,rand5,114,1,9.601098048518976
p31,1000,nm,Mixed FD,adaptive,8.0,1e-06,random,rand5,114,2,5.768806045283454
p31,1000,nm,Mixed FD,adaptive,8.0,1e-06,random,rand5,114,3,2.815572394597861
p31,1000,nm,Mixed FD,adaptive,8.0,1e-06,random,rand5,114,4,1.2244564835214702
p31,1000,nm,Mixed FD,adaptive,8.0,1e-06,random,rand5,114,5,0.5199441036277145
p31,1000,nm,Mixed FD,adaptive,8.0,1e-06,random,rand5,114,6,0.18544448035184152
p31,1000,nm,Mixed FD,adaptive,8.0,1e-06,random,rand5,114,7,0.05961759826166104
p31,1000,nm,Mixed FD,adaptive,8.0,1e-06,random,rand5,114,8,0.021845621084524956
p31,1000,nm,Mixed FD,adaptive,8.0,1e-06,random,rand5,114,9,0.008513019732677
p31,1000,nm,Mixed FD,adaptive,8.0,1e-06,random,rand5,114,10,0.003365012043041082
p31,1000,nm,Mixed FD,adaptive,8.0,1e-06,random,rand5,114,11,0.0013411797068532143
p31,1000,nm,Mixed FD,adaptive,8.0,1e-06,random,rand5,114,12,0.0005381930070571091
p31,1000,nm,Mixed FD,adaptive,8.0,1e-06,random,rand5,114,13,0.00021701870252872313
p31,1000,nm,Mixed FD,adaptive,8.0,1e-06,random,rand5,114,14,8.784005988127157e-05
p31,1000,nm,Mixed FD,adaptive,8.0,1e-06,random,rand5,114,15,3.5659107315146975e-05
p31,1000,nm,Mixed FD,adaptive,8.0,1e-06,random,rand5,114,16,1.4512088477889977e-05
p31,1000,nm,Mixed FD,adaptive,8.0,1e-06,random,rand5,114,17,5.918024381789546e-06
p31,1000,nm,Mixed FD,adaptive,8.0,1e-06,random,rand5,114,18,2.4176496295421823e-06
p31,1000,nm,Mixed FD,adaptive,8.0,1e-06,random,rand5,114,19,9.891521798976917e-07
p31,1000,nm,Mixed FD,adaptive,8.0,1e-06,random,rand5,114,20,4.0523770559405283e-07
p31,1000,tr,Mixed FD,adaptive,8.0,1e-06,random,rand5,114,0,10.097897369603453
p31,1000,tr,Mixed FD,adaptive,8.0,1e-06,random,rand5,114,1,6.9081505646309695
p31,1000,tr,Mixed FD,adaptive,8.0,1e-06,random,rand5,114,2,5.120934006678375
p31,1000,tr,Mixed FD,adaptive,8.0,1e-06,random,rand5,114,3,2.650055492259267
p31,1000,tr,Mixed FD,adaptive,8.0,1e-06,random,rand5,114,4,1.455284042892254
p31,1000,tr,Mixed FD,adaptive,8.0,1e-06,random,rand5,114,5,0.8420143311722944
p31,1000,tr,Mixed FD,adaptive,8.0,1e-06,random,rand5,114,6,0.4846073519102923
p31,1000,tr,Mixed FD,adaptive,8.0,1e-06,random,rand5,114,7,0.2648179311868362
p31,1000,tr,Mixed FD,adaptive,8.0,1e-06,random,rand5,114,8,0.14277528383782542
p31,1000,tr,Mixed FD,adaptive,8.0,1e-06,random,rand5,114,9,0.07524610601564825
p31,1000,tr,Mixed FD,adaptive,8.0,1e-06,random,rand5,114,10,0.039897302250499436
p31,1000,tr,Mixed FD,adaptive,8.0,1e-06,random,rand5,114,11,0.02095261081055487
p31,1000,tr,Mixed FD,adaptive,8.0,1e-06,random,rand5,114,12,0.011105560192458017
p31,1000,tr,Mixed FD,adaptive,8.0,1e-06,random,rand5,114,13,0.00886324937384107
p31,1000,tr,Mixed FD,adaptive,8.0,1e-06,random,rand5,114,14,0.0015715776071901432
p31,1000,tr,Mixed FD,adaptive,8.0,1e-06,random,rand5,114,15,0.0008217021318620342
p31,1000,tr,Mixed FD,adaptive,8.0,1e-06,random,rand5,114,16,0.0002252603354711222
p31,1000,tr,Mixed FD,adaptive,8.0,1e-06,random,rand5,114,17,7.4165275795699e-05
p31,1000,tr,Mixed FD,adaptive,8.0,1e-06,random,rand5,114,18,2.6138256610941622e-05
p31,1000,tr,Mixed FD,adaptive,8.0,1e-06,random,rand5,114,19,9.408298550823322e-06
p31,1000,tr,Mixed FD,adaptive,8.0,1e-06,random,rand5,114,20,3.4630833321513475e-06
p31,1000,tr,Mixed FD,adaptive,8.0,1e-06,random,rand5,114,21,1.291769547483033e-06
p31,1000,tr,Mixed FD,adaptive,8.0,1e-06,random,rand5,114,22,4.875798307184196e-07
p31,1000,tr,Mixed FD,adaptive,8.0,1e-06,random,rand5,114,23,1.857191207292583e-07
p31,1000,tr,Mixed FD,adaptive,8.0,1e-06,random,rand5,114,24,7.104635925453092e-08
p31,1000,nm,Mixed FD,adaptive,12.0,1e-06,initial,xbar,115,0,6.336295458992376
p31,1000,nm,Mixed FD,adaptive,12.0,1e-06,initial,xbar,115,1,2.5039017377146737
p31,1000,nm,Mixed FD,adaptive,12.0,1e-06,initial,xbar,115,2,0.4400224410270153
p31,1000,nm,Mixed FD,adaptive,12.0,1e-06,initial,xbar,115,3,0.022959058520198597
p31,1000,nm,Mixed FD,adaptive,12.0,1e-06,initial,xbar,115,4,0.0075986421618650345
p31,1000,nm,Mixed FD,adaptive,12.0,1e-06,initial,xbar,115,5,0.002441344118128348
p31,1000,nm,Mixed FD,adaptive,12.0,1e-06,initial,xbar,115,6,0.001041154430872489
p31,1000,nm,Mixed FD,adaptive,12.0,1e-06,initial,xbar,115,7,0.0003628695021148852
p31,1000,nm,Mixed FD,adaptive,12.0,1e-06,initial,xbar,115,8,0.00015523307474071184
p31,1000,nm,Mixed FD,adaptive,12.0,1e-06,initial,xbar,115,9,5.622028238914333e-05
p31,1000,nm,Mixed FD,adaptive,12.0,1e-06,initial,xbar,115,10,2.407639523255428e-05
p31,1000,nm,Mixed FD,adaptive,12.0,1e-06,initial,xbar,115,11,8.93142276680678e-06
p31,1000,nm,Mixed FD,adaptive,12.0,1e-06,initial,xbar,115,12,3.823559789959734e-06
p31,1000,nm,Mixed FD,adaptive,12.0,1e-06,initial,xbar,115,13,1.4411277951594126e-06
p31,1000,nm,Mixed FD,adaptive,12.0,1e-06,initial,xbar,115,14,6.162958447809128e-07
p31,1000,nm,Mixed FD,adaptive,12.0,1e-06,initial,xbar,115,15,2.3506305797419955e-07
p31,1000,tr,Mixed FD,adaptive,12.0,1e-06,initial,xbar,115,0,6.0135304796600675
p31,1000,tr,Mixed FD,adaptive,12.0,1e-06,initial,xbar,115,1,2.667072312541219
p31,1000,tr,Mixed FD,adaptive,12.0,1e-06,initial,xbar,115,2,0.2994425421749443
p31,1000,tr,Mixed FD,adaptive,12.0,1e-06,initial,xbar,115,3,0.5560479475629777
p31,1000,tr,Mixed FD,adaptive,12.0,1e-06,initial,xbar,115,4,0.11982357933054923
p31,1000,tr,Mixed FD,adaptive,12.0,1e-06,initial,xbar,115,5,0.05122879668526331
p31,1000,tr,Mixed FD,adaptive,12.0,1e-06,initial,xbar,115,6,0.026607670274641407
p31,1000,tr,Mixed FD,adaptive,12.0,1e-06,initial,xbar,115,7,0.014191433467783713
p31,1000,tr,Mixed FD,adaptive,12.0,1e-06,initial,xbar,115,8,0.007239958127282608
p31,1000,tr,Mixed FD,adaptive,12.0,1e-06,initial,xbar,115,9,0.005703310067951793
p31,1000,tr,Mixed FD,adaptive,12.0,1e-06,initial,xbar,115,10,0.0010569416052224104
p31,1000,tr,Mixed FD,adaptive,12.0,1e-06,initial,xbar,115,11,0.0004912956603185352
p31,1000,tr,Mixed FD,adaptive,12.0,1e-06,initial,xbar,115,12,0.0001389476260073305
p31,1000,tr,Mixed FD,adaptive,12.0,1e-06,initial,xbar,115,13,5.2722907600162256e-05
p31,1000,tr,Mixed FD,adaptive,12.0,1e-06,initial,xbar,115,14,1.977486492164571e-05
p31,1000,tr,Mixed FD,adaptive,12.0,1e-06,initial,xbar,115,15,7.507988648328851e-06
p31,1000,tr,Mixed FD,adaptive,12.0,1e-06,initial,xbar,115,16,2.8958795033768254e-06
p31,1000,tr,Mixed FD,adaptive,12.0,1e-06,initial,xbar,115,17,1.1266266648282204e-06
p31,1000,tr,Mixed FD,adaptive,12.0,1e-06,initial,xbar,115,18,4.375560005040037e-07
p31,1000,tr,Mixed FD,adaptive,12.0,1e-06,initial,xbar,115,19,1.719161310333525e-07
p31,1000,tr,Mixed FD,adaptive,12.0,1e-06,initial,xbar,115,20,6.778615076101257e-08
p31,1000,nm,Mixed FD,adaptive,12.0,1e-06,random,rand1,116,0,14.561301218895741
p31,1000,nm,Mixed FD,adaptive,12.0,1e-06,random,rand1,116,1,7.86102736874843
p31,1000,nm,Mixed FD,adaptive,12.0,1e-06,random,rand1,116,2,5.350510992297687
p31,1000,nm,Mixed FD,adaptive,12.0,1e-06,random,rand1,116,3,2.318893045117708
p31,1000,nm,Mixed FD,adaptive,12.0,1e-06,random,rand1,116,4,0.7278628901742733
p31,1000,nm,Mixed FD,adaptive,12.0,1e-06,random,rand1,116,5,0.22149265669584828
p31,1000,nm,Mixed FD,adaptive,12.0,1e-06,random,rand1,116,6,0.07754056173370796
p31,1000,nm,Mixed FD,adaptive,12.0,1e-06,random,rand1,116,7,0.029824585180741155
p31,1000,nm,Mixed FD,adaptive,12.0,1e-06,random,rand1,116,8,0.011760964939128602
p31,1000,nm,Mixed FD,adaptive,12.0,1e-06,random,rand1,116,9,0.0046898705863285825
p31,1000,nm,Mixed FD,adaptive,12.0,1e-06,random,rand1,116,10,0.0018796053181081983
p31,1000,nm,Mixed FD,adaptive,12.0,1e-06,random,rand1,116,11,0.0007582360220585977
p31,1000,nm,Mixed FD,adaptive,12.0,1e-06,random,rand1,116,12,0.00030669573678736083
p31,1000,nm,Mixed FD,adaptive,12.0,1e-06,random,rand1,116,13,0.00012456905481711953
p31,1000,nm,Mixed FD,adaptive,12.0,1e-06,random,rand1,116,14,5.0671165229431215e-05
p31,1000,nm,Mixed FD,adaptive,12.0,1e-06,random,rand1,116,15,2.0675349939021165e-05
p31,1000,nm,Mixed FD,adaptive,12.0,1e-06,random,rand1,116,16,8.44347937255163e-06
p31,1000,nm,Mixed FD,adaptive,12.0,1e-06,random,rand1,116,17,3.4565590403654957e-06
p31,1000,nm,Mixed FD,adaptive,12.0,1e-06,random,rand1,116,18,1.415747226760679e-06
p31,1000,nm,Mixed FD,adaptive,12.0,1e-06,random,rand1,116,19,5.810315696648555e-07
p31,1000,tr,Mixed FD,adaptive,12.0,1e-06,random,rand1,116,0,10.467857518833169
p31,1000,tr,Mixed FD,adaptive,12.0,1e-06,random,rand1,116,1,7.24292339628739
p31,1000,tr,Mixed FD,adaptive,12.0,1e-06,random,rand1,116,2,5.239752643543495
p31,1000,tr,Mixed FD,adaptive,12.0,1e-06,random,rand1,116,3,2.7976926531489976
p31,1000,tr,Mixed FD,adaptive,12.0,1e-06,random,rand1,116,4,1.5017487243452377
p31,1000,tr,Mixed FD,adaptive,12.0,1e-06,random,rand1,116,5,0.8247264362247319
p31,1000,tr,Mixed FD,adaptive,12.0,1e-06,random,rand1,116,6,0.4567459699421759
p31,1000,tr,Mixed FD,adaptive,12.0,1e-06,random,rand1,116,7,0.24679245325216123
p31,1000,tr,Mixed FD,adaptive,12.0,1e-06,random,rand1,116,8,0.13290566498547138
p31,1000,tr,Mixed FD,adaptive,12.0,1e-06,random,rand1,116,9,0.06988098990371601
p31,1000,tr,Mixed FD,adaptive,12.0,1e-06,random,rand1,116,10,0.03724559794455524
p31,1000,tr,Mixed FD,adaptive,12.0,1e-06,random,rand1,116,11,0.01955477552336699
p31,1000,tr,Mixed FD,adaptive,12.0,1e-06,random,rand1,116,12,0.010380615463484287
p31,1000,tr,Mixed FD,adaptive,12.0,1e-06,random,rand1,116,13,0.008274435538444863
p31,1000,tr,Mixed FD,adaptive,12.0,1e-06,random,rand1,116,14,0.0014728212386469807
p31,1000,tr,Mixed FD,adaptive,12.0,1e-06,random,rand1,116,15,0.0007685857586717877
p31,1000,tr,Mixed FD,adaptive,12.0,1e-06,random,rand1,116,16,0.00021205411509497575
p31,1000,tr,Mixed FD,adaptive,12.0,1e-06,random,rand1,116,17,7.107637541539482e-05
p31,1000,tr,Mixed FD,adaptive,12.0,1e-06,random,rand1,116,18,2.5521060480564145e-05
p31,1000,tr,Mixed FD,adaptive,12.0,1e-06,random,rand1,116,19,9.297862226899724e-06
p31,1000,tr,Mixed FD,adaptive,12.0,1e-06,random,rand1,116,20,3.466174129548822e-06
p31,1000,tr,Mixed FD,adaptive,12.0,1e-06,random,rand1,116,21,1.307193382348908e-06
p31,1000,tr,Mixed FD,adaptive,12.0,1e-06,random,rand1,116,22,4.981872441621813e-07
p31,1000,tr,Mixed FD,adaptive,12.0,1e-06,random,rand1,116,23,1.9132153662804553e-07
p31,1000,tr,Mixed FD,adaptive,12.0,1e-06,random,rand1,116,24,7.368016605057029e-08
p31,1000,nm,Mixed FD,adaptive,12.0,1e-06,random,rand2,117,0,14.621781111630035
p31,1000,nm,Mixed FD,adaptive,12.0,1e-06,random,rand2,117,1,7.980826289251087
p31,1000,nm,Mixed FD,adaptive,12.0,1e-06,random,rand2,117,2,5.43069656371029
p31,1000,nm,Mixed FD,adaptive,12.0,1e-06,random,rand2,117,3,2.3966194412856527
p31,1000,nm,Mixed FD,adaptive,12.0,1e-06,random,rand2,117,4,0.798975496743712
p31,1000,nm,Mixed FD,adaptive,12.0,1e-06,random,rand2,117,5,0.2522209690704405
p31,1000,nm,Mixed FD,adaptive,12.0,1e-06,random,rand2,117,6,0.08620290739312786
p31,1000,nm,Mixed FD,adaptive,12.0,1e-06,random,rand2,117,7,0.03262248377190357
p31,1000,nm,Mixed FD,adaptive,12.0,1e-06,random,rand2,117,8,0.012804922069093099
p31,1000,nm,Mixed FD,adaptive,12.0,1e-06,random,rand2,117,9,0.005089010628474962
p31,1000,nm,Mixed FD,adaptive,12.0,1e-06,random,rand2,117,10,0.0020380014252604946
p31,1000,nm,Mixed FD,adaptive,12.0,1e-06,random,rand2,117,11,0.0008211501958338416
p31,1000,nm,Mixed FD,adaptive,12.0,1e-06,random,rand2,117,12,0.0003322240489986464
p31,1000,nm,Mixed FD,adaptive,12.0,1e-06,random,rand2,117,13,0.00013488139537860748
p31,1000,nm,Mixed FD,adaptive,12.0,1e-06,random,rand2,117,14,5.489500326684797e-05
p31,1000,nm,Mixed FD,adaptive,12.0,1e-06,random,rand2,117,15,2.2392758238823693e-05
p31,1000,nm,Mixed FD,adaptive,12.0,1e-06,random,rand2,117,16,9.149013577941788e-06
p31,1000,nm,Mixed FD,adaptive,12.0,1e-06,random,rand2,117,17,3.7440141901902623e-06
p31,1000,nm,Mixed FD,adaptive,12.0,1e-06,random,rand2,117,18,1.5338948140549143e-06
p31,1000,nm,Mixed FD,adaptive,12.0,1e-06,random,rand2,117,19,6.291695118286088e-07
p31,1000,tr,Mixed FD,adaptive,12.0,1e-06,random,rand2,117,0,10.213984115317064
p31,1000,tr,Mixed FD,adaptive,12.0,1e-06,random,rand2,117,1,7.287991740012792
p31,1000,tr,Mixed FD,adaptive,12.0,1e-06,random,rand2,117,2,5.305501553565168
p31,1000,tr,Mixed FD,adaptive,12.0,1e-06,random,rand2,117,3,2.8487959140171757
p31,1000,tr,Mixed FD,adaptive,12.0,1e-06,random,rand2,117,4,1.523230001619732
p31,1000,tr,Mixed FD,adaptive,12.0,1e-06,random,rand2,117,5,0.8582488039992182
p31,1000,tr,Mixed FD,adaptive,12.0,1e-06,random,rand2,117,6,0.49438804238750145
p31,1000,tr,Mixed FD,adaptive,12.0,1e-06,random,rand2,117,7,0.27415802770301956
p31,1000,tr,Mixed FD,adaptive,12.0,1e-06,random,rand2,117,8,0.14985814317984517
p31,1000,tr,Mixed FD,adaptive,12.0,1e-06,random,rand2,117,9,0.0793854088923717
p31,1000,tr,Mixed FD,adaptive,12.0,1e-06,random,rand2,117,10,0.04215321256048426
p31,1000,tr,Mixed FD,adaptive,12.0,1e-06,random,rand2,117,11,0.022082352542620115
p31,1000,tr,Mixed FD,adaptive,12.0,1e-06,random,rand2,117,12,0.011691803188054174
p31,1000,tr,Mixed FD,adaptive,12.0,1e-06,random,rand2,117,13,0.006143002552250371
p31,1000,tr,Mixed FD,adaptive,12.0,1e-06,random,rand2,117,14,0.004909192647690312
p31,1000,tr,Mixed FD,adaptive,12.0,1e-06,random,rand2,117,15,0.000984191670259105
p31,1000,tr,Mixed FD,adaptive,12.0,1e-06,random,rand2,117,16,0.00033794284961233815
p31,1000,tr,Mixed FD,adaptive,12.0,1e-06,random,rand2,117,17,0.00011004962319120436
p31,1000,tr,Mixed FD,adaptive,12.0,1e-06,random,rand2,117,18,3.8568457662622854e-05
p31,1000,tr,Mixed FD,adaptive,12.0,1e-06,random,rand2,117,19,1.3970506172729431e-05
p31,1000,tr,Mixed FD,adaptive,12.0,1e-06,random,rand2,117,20,5.112209771780219e-06
p31,1000,tr,Mixed FD,adaptive,12.0,1e-06,random,rand2,117,21,1.9005454047311891e-06
p31,1000,tr,Mixed FD,adaptive,12.0,1e-06,random,rand2,117,22,7.139977252610138e-07
p31,1000,tr,Mixed FD,adaptive,12.0,1e-06,random,rand2,117,23,2.705875987942093e-07
p31,1000,tr,Mixed FD,adaptive,12.0,1e-06,random,rand2,117,24,1.0284153801603814e-07
p31,1000,tr,Mixed FD,adaptive,12.0,1e-06,random,rand2,117,25,3.86510053136425e-08
p31,1000,nm,Mixed FD,adaptive,12.0,1e-06,random,rand3,118,0,15.626082279084452
p31,1000,nm,Mixed FD,adaptive,12.0,1e-06,random,rand3,118,1,7.371045384756397
p31,1000,nm,Mixed FD,adaptive,12.0,1e-06,random,rand3,118,2,7.733729076750287
p31,1000,nm,Mixed FD,adaptive,12.0,1e-06,random,rand3,118,3,4.163524773160946
p31,1000,nm,Mixed FD,adaptive,12.0,1e-06,random,rand3,118,4,1.819128843155601
p31,1000,nm,Mixed FD,adaptive,12.0,1e-06,random,rand3,118,5,0.7966740980991642
p31,1000,nm,Mixed FD,adaptive,12.0,1e-06,random,rand3,118,6,0.35080180333639654
p31,1000,nm,Mixed FD,adaptive,12.0,1e-06,random,rand3,118,7,0.12547081151601713
p31,1000,nm,Mixed FD,adaptive,12.0,1e-06,random,rand3,118,8,0.03965289473064758
p31,1000,nm,Mixed FD,adaptive,12.0,1e-06,random,rand3,118,9,0.014585195505684257
p31,1000,nm,Mixed FD,adaptive,12.0,1e-06,random,rand3,118,10,0.005702642428251704
p31,1000,nm,Mixed FD,adaptive,12.0,1e-06,random,rand3,118,11,0.0022569776892640285
p31,1000,nm,Mixed FD,adaptive,12.0,1e-06,random,rand3,118,12,0.0009004672222097172
p31,1000,nm,Mixed FD,adaptive,12.0,1e-06,random,rand3,118,13,0.00036164187803060764
p31,1000,nm,Mixed FD,adaptive,12.0,1e-06,random,rand3,118,14,0.00014591875365899533
p31,1000,nm,Mixed FD,adaptive,12.0,1e-06,random,rand3,118,15,5.9095828853357736e-05
p31,1000,nm,Mixed FD,adaptive,12.0,1e-06,random,rand3,118,16,2.399902529770419e-05
p31,1000,nm,Mixed FD,adaptive,12.0,1e-06,random,rand3,118,17,9.770448621527603e-06
p31,1000,nm,Mixed FD,adaptive,12.0,1e-06,random,rand3,118,18,3.9849919321177926e-06
p31,1000,nm,Mixed FD,adaptive,12.0,1e-06,random,rand3,118,19,1.6281262741697962e-06
p31,1000,nm,Mixed FD,adaptive,12.0,1e-06,random,rand3,118,20,6.660500057704832e-07
p31,1000,nm,Mixed FD,adaptive,12.0,1e-06,random,rand3,118,21,2.7287383840015894e-07
p31,1000,tr,Mixed FD,adaptive,12.0,1e-06,random,rand3,118,0,10.710960890702028
p31,1000,tr,Mixed FD,adaptive,12.0,1e-06,random,rand3,118,1,7.060257580187345
p31,1000,tr,Mixed FD,adaptive,12.0,1e-06,random,rand3,118,2,5.209176638104491
p31,1000,tr,Mixed FD,adaptive,12.0,1e-06,random,rand3,118,3,2.7383363719303566
p31,1000,tr,Mixed FD,adaptive,12.0,1e-06,random,rand3,118,4,1.4605931838282094
p31,1000,tr,Mixed FD,adaptive,12.0,1e-06,random,rand3,118,5,0.8404003562046186
p31,1000,tr,Mixed FD,adaptive,12.0,1e-06,random,rand3,118,6,0.4921660324219334
p31,1000,tr,Mixed FD,adaptive,12.0,1e-06,random,rand3,118,7,0.2709631482953685
p31,1000,tr,Mixed FD,adaptive,12.0,1e-06,random,rand3,118,8,0.14625322277956945
p31,1000,tr,Mixed FD,adaptive,12.0,1e-06,random,rand3,118,9,0.07698447003253008
p31,1000,tr,Mixed FD,adaptive,12.0,1e-06,random,rand3,118,10,0.04058861796356265
p31,1000,tr,Mixed FD,adaptive,12.0,1e-06,random,rand3,118,11,0.02120258523026795
p31,1000,tr,Mixed FD,adaptive,12.0,1e-06,random,rand3,118,12,0.011205451063795802
p31,1000,tr,Mixed FD,adaptive,12.0,1e-06,random,rand3,118,13,0.008778971235282918
p31,1000,tr,Mixed FD,adaptive,12.0,1e-06,random,rand3,118,14,0.001644999459451687
p31,1000,tr,Mixed FD,adaptive,12.0,1e-06,random,rand3,118,15,0.0008727392213546541
p31,1000,tr,Mixed FD,adaptive,12.0,1e-06,random,rand3,118,16,0.00024420985207941755
p31,1000,tr,Mixed FD,adaptive,12.0,1e-06,random,rand3,118,17,8.143022293688621e-05
p31,1000,tr,Mixed FD,adaptive,12.0,1e-06,random,rand3,118,18,2.888897700254818e-05
p31,1000,tr,Mixed FD,adaptive,12.0,1e-06,random,rand3,118,19,1.0455427014963256e-05
p31,1000,tr,Mixed FD,adaptive,12.0,1e-06,random,rand3,118,20,3.865025929471529e-06
p31,1000,tr,Mixed FD,adaptive,12.0,1e-06,random,rand3,118,21,1.4476070828183937e-06
p31,1000,tr,Mixed FD,adaptive,12.0,1e-06,random,rand3,118,22,5.483088016662789e-07
p31,1000,tr,Mixed FD,adaptive,12.0,1e-06,random,rand3,118,23,2.0949452968963074e-07
p31,1000,tr,Mixed FD,adaptive,12.0,1e-06,random,rand3,118,24,8.018510279480448e-08
p31,1000,nm,Mixed FD,adaptive,12.0,1e-06,random,rand4,119,0,15.652793502087121
p31,1000,nm,Mixed FD,adaptive,12.0,1e-06,random,rand4,119,1,8.115354669098945
p31,1000,nm,Mixed FD,adaptive,12.0,1e-06,random,rand4,119,2,5.634940211774665
p31,1000,nm,Mixed FD,adaptive,12.0,1e-06,random,rand4,119,3,2.5244016372529225
p31,1000,nm,Mixed FD,adaptive,12.0,1e-06,random,rand4,119,4,0.8528210734917282
p31,1000,nm,Mixed FD,adaptive,12.0,1e-06,random,rand4,119,5,0.27498730678159244
p31,1000,nm,Mixed FD,adaptive,12.0,1e-06,random,rand4,119,6,0.09375213179664318
p31,1000,nm,Mixed FD,adaptive,12.0,1e-06,random,rand4,119,7,0.03514454530230217
p31,1000,nm,Mixed FD,adaptive,12.0,1e-06,random,rand4,119,8,0.013799308061487879
p31,1000,nm,Mixed FD,adaptive,12.0,1e-06,random,rand4,119,9,0.005489743918023275
p31,1000,nm,Mixed FD,adaptive,12.0,1e-06,random,rand4,119,10,0.002200175806855178
p31,1000,nm,Mixed FD,adaptive,12.0,1e-06,random,rand4,119,11,0.0008860285589572257
p31,1000,nm,Mixed FD,adaptive,12.0,1e-06,random,rand4,119,12,0.00035865141116799503
p31,1000,nm,Mixed FD,adaptive,12.0,1e-06,random,rand4,119,13,0.00014543349998899177
p31,1000,nm,Mixed FD,adaptive,12.0,1e-06,random,rand4,119,14,5.9218422292862206e-05
p31,1000,nm,Mixed FD,adaptive,12.0,1e-06,random,rand4,119,15,2.4118015498137877e-05
p31,1000,nm,Mixed FD,adaptive,12.0,1e-06,random,rand4,119,16,9.860554021592197e-06
p31,1000,nm,Mixed FD,adaptive,12.0,1e-06,random,rand4,119,17,4.028179634457988e-06
p31,1000,nm,Mixed FD,adaptive,12.0,1e-06,random,rand4,119,18,1.6518918289615954e-06
p31,1000,nm,Mixed FD,adaptive,12.0,1e-06,random,rand4,119,19,6.7630079757977e-07
p31,1000,tr,Mixed FD,adaptive,12.0,1e-06,random,rand4,119,0,10.679042306931652
p31,1000,tr,Mixed FD,adaptive,12.0,1e-06,random,rand4,119,1,7.272003528990523
p31,1000,tr,Mixed FD,adaptive,12.0,1e-06,random,rand4,119,2,5.245425887285385
p31,1000,tr,Mixed FD,adaptive,12.0,1e-06,random,rand4,119,3,2.837035071292519
p31,1000,tr,Mixed FD,adaptive,12.0,1e-06,random,rand4,119,4,1.5209153297462206
p31,1000,tr,Mixed FD,adaptive,12.0,1e-06,random,rand4,119,5,0.8924975145580114
p31,1000,tr,Mixed FD,adaptive,12.0,1e-06,random,rand4,119,6,0.5375642608086667
p31,1000,tr,Mixed FD,adaptive,12.0,1e-06,random,rand4,119,7,0.30709692001907163
p31,1000,tr,Mixed FD,adaptive,12.0,1e-06,random,rand4,119,8,0.17045589204253137
p31,1000,tr,Mixed FD,adaptive,12.0,1e-06,random,rand4,119,9,0.09149537726828379
p31,1000,tr,Mixed FD,adaptive,12.0,1e-06,random,rand4,119,10,0.04889378155941855
p31,1000,tr,Mixed FD,adaptive,12.0,1e-06,random,rand4,119,11,0.025783558061449156
p31,1000,tr,Mixed FD,adaptive,12.0,1e-06,random,rand4,119,12,0.013699413821179405
p31,1000,tr,Mixed FD,adaptive,12.0,1e-06,random,rand4,119,13,0.007232051287672094
p31,1000,tr,Mixed FD,adaptive,12.0,1e-06,random,rand4,119,14,0.005870992006710389
p31,1000,tr,Mixed FD,adaptive,12.0,1e-06,random,rand4,119,15,0.0011291259053746285
p31,1000,tr,Mixed FD,adaptive,12.0,1e-06,random,rand4,119,16,0.00036912816609012286
p31,1000,tr,Mixed FD,adaptive,12.0,1e-06,random,rand4,119,17,0.00014009734463935188
p31,1000,tr,Mixed FD,adaptive,12.0,1e-06,random,rand4,119,18,4.687528380528737e-05
p31,1000,tr,Mixed FD,adaptive,12.0,1e-06,random,rand4,119,19,1.6737924067832994e-05
p31,1000,tr,Mixed FD,adaptive,12.0,1e-06,random,rand4,119,20,6.071488773953686e-06
p31,1000,tr,Mixed FD,adaptive,12.0,1e-06,random,rand4,119,21,2.240807622746652e-06
p31,1000,tr,Mixed FD,adaptive,12.0,1e-06,random,rand4,119,22,8.361824653844038e-07
p31,1000,tr,Mixed FD,adaptive,12.0,1e-06,random,rand4,119,23,3.152495468029552e-07
p31,1000,tr,Mixed FD,adaptive,12.0,1e-06,random,rand4,119,24,1.1975873969354366e-07
p31,1000,tr,Mixed FD,adaptive,12.0,1e-06,random,rand4,119,25,4.4935384923878015e-08
p31,1000,nm,Mixed FD,adaptive,12.0,1e-06,random,rand5,120,0,17.640852538376873
p31,1000,nm,Mixed FD,adaptive,12.0,1e-06,random,rand5,120,1,9.615085440506418
p31,1000,nm,Mixed FD,adaptive,12.0,1e-06,random,rand5,120,2,5.787742007364966
p31,1000,nm,Mixed FD,adaptive,12.0,1e-06,random,rand5,120,3,2.8337743369825312
p31,1000,nm,Mixed FD,adaptive,12.0,1e-06,random,rand5,120,4,1.2415653309812047
p31,1000,nm,Mixed FD,adaptive,12.0,1e-06,random,rand5,120,5,0.5323588518583774
p31,1000,nm,Mixed FD,adaptive,12.0,1e-06,random,rand5,120,6,0.1916853856298073
p31,1000,nm,Mixed FD,adaptive,12.0,1e-06,random,rand5,120,7,0.06127628121579789
p31,1000,nm,Mixed FD,adaptive,12.0,1e-06,random,rand5,120,8,0.02233844566086503
p31,1000,nm,Mixed FD,adaptive,12.0,1e-06,random,rand5,120,9,0.008696143606630473
p31,1000,nm,Mixed FD,adaptive,12.0,1e-06,random,rand5,120,10,0.0034359179593671007
p31,1000,nm,Mixed FD,adaptive,12.0,1e-06,random,rand5,120,11,0.0013690121456996038
p31,1000,nm,Mixed FD,adaptive,12.0,1e-06,random,rand5,120,12,0.0005492401464719004
p31,1000,nm,Mixed FD,adaptive,12.0,1e-06,random,rand5,120,13,0.00022145720277728999
p31,1000,nm,Mixed FD,adaptive,12.0,1e-06,random,rand5,120,14,8.963595473211976e-05
p31,1000,nm,Mixed FD,adaptive,12.0,1e-06,random,rand5,120,15,3.6387858729056256e-05
p31,1000,nm,Mixed FD,adaptive,12.0,1e-06,random,rand5,120,16,1.4809138098768073e-05
p31,1000,nm,Mixed FD,adaptive,12.0,1e-06,random,rand5,120,17,6.039467632431107e-06
p31,1000,nm,Mixed FD,adaptive,12.0,1e-06,random,rand5,120,18,2.467323784022336e-06
p31,1000,nm,Mixed FD,adaptive,12.0,1e-06,random,rand5,120,19,1.009566577196404e-06
p31,1000,nm,Mixed FD,adaptive,12.0,1e-06,random,rand5,120,20,4.1363678132808663e-07
p31,1000,tr,Mixed FD,adaptive,12.0,1e-06,random,rand5,120,0,10.097847185166781
p31,1000,tr,Mixed FD,adaptive,12.0,1e-06,random,rand5,120,1,6.908195320951365
p31,1000,tr,Mixed FD,adaptive,12.0,1e-06,random,rand5,120,2,5.1209100503832605
p31,1000,tr,Mixed FD,adaptive,12.0,1e-06,random,rand5,120,3,2.650086178381681
p31,1000,tr,Mixed FD,adaptive,12.0,1e-06,random,rand5,120,4,1.4552730474702888
p31,1000,tr,Mixed FD,adaptive,12.0,1e-06,random,rand5,120,5,0.8420218407972294
p31,1000,tr,Mixed FD,adaptive,12.0,1e-06,random,rand5,120,6,0.4846001867219997
p31,1000,tr,Mixed FD,adaptive,12.0,1e-06,random,rand5,120,7,0.2648270463932513
p31,1000,tr,Mixed FD,adaptive,12.0,1e-06,random,rand5,120,8,0.1427724101431619
p31,1000,tr,Mixed FD,adaptive,12.0,1e-06,random,rand5,120,9,0.07524721967123846
p31,1000,tr,Mixed FD,adaptive,12.0,1e-06,random,rand5,120,10,0.039897754119397756
p31,1000,tr,Mixed FD,adaptive,12.0,1e-06,random,rand5,120,11,0.020953333523713154
p31,1000,tr,Mixed FD,adaptive,12.0,1e-06,random,rand5,120,12,0.011105562511028871
p31,1000,tr,Mixed FD,adaptive,12.0,1e-06,random,rand5,120,13,0.00886363674797754
p31,1000,tr,Mixed FD,adaptive,12.0,1e-06,random,rand5,120,14,0.0015715573952663601
p31,1000,tr,Mixed FD,adaptive,12.0,1e-06,random,rand5,120,15,0.0008217248439693312
p31,1000,tr,Mixed FD,adaptive,12.0,1e-06,random,rand5,120,16,0.00022526752548810932
p31,1000,tr,Mixed FD,adaptive,12.0,1e-06,random,rand5,120,17,7.416765223742754e-05
p31,1000,tr,Mixed FD,adaptive,12.0,1e-06,random,rand5,120,18,2.6139857679090494e-05
p31,1000,tr,Mixed FD,adaptive,12.0,1e-06,random,rand5,120,19,9.408977450825991e-06
p31,1000,tr,Mixed FD,adaptive,12.0,1e-06,random,rand5,120,20,3.4634572367214496e-06
p31,1000,tr,Mixed FD,adaptive,12.0,1e-06,random,rand5,120,21,1.2919431867963309e-06
p31,1000,tr,Mixed FD,adaptive,12.0,1e-06,random,rand5,120,22,4.87642619917118e-07
p31,1000,tr,Mixed FD,adaptive,12.0,1e-06,random,rand5,120,23,1.8574258929319242e-07
p31,1000,tr,Mixed FD,adaptive,12.0,1e-06,random,rand5,120,24,7.105635762643355e-08
p31,1000,nm,Full FD,scalar,4.0,1e-06,initial,xbar,121,0,6.33789259931124
p31,1000,nm,Full FD,scalar,4.0,1e-06,initial,xbar,121,1,2.5037048533499573
p31,1000,nm,Full FD,scalar,4.0,1e-06,initial,xbar,121,2,0.43563107414634095
p31,1000,nm,Full FD,scalar,4.0,1e-06,initial,xbar,121,3,0.013717403097802493
p31,1000,nm,Full FD,scalar,4.0,1e-06,initial,xbar,121,4,3.7716574810780025e-05
p31,1000,tr,Full FD,scalar,4.0,1e-06,initial,xbar,121,0,6.038689699584106
p31,1000,tr,Full FD,scalar,4.0,1e-06,initial,xbar,121,1,2.690008620409945
p31,1000,tr,Full FD,scalar,4.0,1e-06,initial,xbar,121,2,0.34142552762532896
p31,1000,tr,Full FD,scalar,4.0,1e-06,initial,xbar,121,3,0.5106995807972711
p31,1000,tr,Full FD,scalar,4.0,1e-06,initial,xbar,121,4,0.10849548475349305
p31,1000,tr,Full FD,scalar,4.0,1e-06,initial,xbar,121,5,0.07257145988548043
p31,1000,tr,Full FD,scalar,4.0,1e-06,initial,xbar,121,6,0.004593137057843326
p31,1000,tr,Full FD,scalar,4.0,1e-06,initial,xbar,121,7,0.003237651555642827
p31,1000,tr,Full FD,scalar,4.0,1e-06,initial,xbar,121,8,0.0009058238021577123
p31,1000,tr,Full FD,scalar,4.0,1e-06,initial,xbar,121,9,4.924175126238791e-05
p31,1000,tr,Full FD,scalar,4.0,1e-06,initial,xbar,121,10,3.3950726930228456e-06
p31,1000,nm,Full FD,scalar,4.0,1e-06,random,rand1,122,0,15.414901239957898
p31,1000,nm,Full FD,scalar,4.0,1e-06,random,rand1,122,1,8.311796716644192
p31,1000,nm,Full FD,scalar,4.0,1e-06,random,rand1,122,2,4.929190861168388
p31,1000,nm,Full FD,scalar,4.0,1e-06,random,rand1,122,3,2.036151061027454
p31,1000,nm,Full FD,scalar,4.0,1e-06,random,rand1,122,4,0.6495331619868184
p31,1000,nm,Full FD,scalar,4.0,1e-06,random,rand1,122,5,0.16643226114340132
p31,1000,nm,Full FD,scalar,4.0,1e-06,random,rand1,122,6,0.016631149739926056
p31,1000,nm,Full FD,scalar,4.0,1e-06,random,rand1,122,7,0.0001853800704915201
p31,1000,tr,Full FD,scalar,4.0,1e-06,random,rand1,122,0,10.390288238389541
p31,1000,tr,Full FD,scalar,4.0,1e-06,random,rand1,122,1,7.088105929993494
p31,1000,tr,Full FD,scalar,4.0,1e-06,random,rand1,122,2,4.870036659843919
p31,1000,tr,Full FD,scalar,4.0,1e-06,random,rand1,122,3,3.011729626984468
p31,1000,tr,Full FD,scalar,4.0,1e-06,random,rand1,122,4,0.49771600124437165
p31,1000,tr,Full FD,scalar,4.0,1e-06,random,rand1,122,5,0.35762803588541825
p31,1000,tr,Full FD,scalar,4.0,1e-06,random,rand1,122,6,0.0328611097074976
p31,1000,tr,Full FD,scalar,4.0,1e-06,random,rand1,122,7,0.01985885160949185
p31,1000,tr,Full FD,scalar,4.0,1e-06,random,rand1,122,8,0.00867138709970872
p31,1000,tr,Full FD,scalar,4.0,1e-06,random,rand1,122,9,0.0014041842688124662
p31,1000,tr,Full FD,scalar,4.0,1e-06,random,rand1,122,10,0.00010954553303201116
p31,1000,tr,Full FD,scalar,4.0,1e-06,random,rand1,122,11,2.4993305095823847e-06
p31,1000,nm,Full FD,scalar,4.0,1e-06,random,rand2,123,0,15.580896701527793
p31,1000,nm,Full FD,scalar,4.0,1e-06,random,rand2,123,1,8.36473046460356
p31,1000,nm,Full FD,scalar,4.0,1e-06,random,rand2,123,2,4.958189791376989
p31,1000,nm,Full FD,scalar,4.0,1e-06,random,rand2,123,3,2.072817093643389
p31,1000,nm,Full FD,scalar,4.0,1e-06,random,rand2,123,4,0.6738959626460924
p31,1000,nm,Full FD,scalar,4.0,1e-06,random,rand2,123,5,0.18528083674728216
p31,1000,nm,Full FD,scalar,4.0,1e-06,random,rand2,123,6,0.02614849794538119
p31,1000,nm,Full FD,scalar,4.0,1e-06,random,rand2,123,7,0.0006780125751451908
p31,1000,nm,Full FD,scalar,4.0,1e-06,random,rand2,123,8,2.764200975567454e-07
p31,1000,tr,Full FD,scalar,4.0,1e-06,random,rand2,123,0,10.159128836969392
p31,1000,tr,Full FD,scalar,4.0,1e-06,random,rand2,123,1,7.186581772694998
p31,1000,tr,Full FD,scalar,4.0,1e-06,random,rand2,123,2,4.8893062402542204
p31,1000,tr,Full FD,scalar,4.0,1e-06,random,rand2,123,3,3.000453099500514
p31,1000,tr,Full FD,scalar,4.0,1e-06,random,rand2,123,4,0.5450279717589261
p31,1000,tr,Full FD,scalar,4.0,1e-06,random,rand2,123,5,0.41134073705497454
p31,1000,tr,Full FD,scalar,4.0,1e-06,random,rand2,123,6,0.0391956784356936
p31,1000,tr,Full FD,scalar,4.0,1e-06,random,rand2,123,7,0.027269053713431565
p31,1000,tr,Full FD,scalar,4.0,1e-06,random,rand2,123,8,0.009220793351147798
p31,1000,tr,Full FD,scalar,4.0,1e-06,random,rand2,123,9,0.004111023219374565
p31,1000,tr,Full FD,scalar,4.0,1e-06,random,rand2,123,10,0.0007905925584114757
p31,1000,tr,Full FD,scalar,4.0,1e-06,random,rand2,123,11,4.238183580837403e-05
p31,1000,tr,Full FD,scalar,4.0,1e-06,random,rand2,123,12,1.77274375636264e-06
p31,1000,nm,Full FD,scalar,4.0,1e-06,random,rand3,124,0,16.639519798021627
p31,1000,nm,Full FD,scalar,4.0,1e-06,random,rand3,124,1,8.613622069974118
p31,1000,nm,Full FD,scalar,4.0,1e-06,random,rand3,124,2,5.200898598017996
p31,1000,nm,Full FD,scalar,4.0,1e-06,random,rand3,124,3,2.2470675927296133
p31,1000,nm,Full FD,scalar,4.0,1e-06,random,rand3,124,4,0.7673949474780065
p31,1000,nm,Full FD,scalar,4.0,1e-06,random,rand3,124,5,0.24383103403888912
p31,1000,nm,Full FD,scalar,4.0,1e-06,random,rand3,124,6,0.04838410011667444
p31,1000,nm,Full FD,scalar,4.0,1e-06,random,rand3,124,7,0.0023833154700632552
p31,1000,nm,Full FD,scalar,4.0,1e-06,random,rand3,124,8,5.169846920033e-06
p31,1000,tr,Full FD,scalar,4.0,1e-06,random,rand3,124,0,10.65258396747936
p31,1000,tr,Full FD,scalar,4.0,1e-06,random,rand3,124,1,6.948916184430637
p31,1000,tr,Full FD,scalar,4.0,1e-06,random,rand3,124,2,4.83453601030729
p31,1000,tr,Full FD,scalar,4.0,1e-06,random,rand3,124,3,2.9791219141898804
p31,1000,tr,Full FD,scalar,4.0,1e-06,random,rand3,124,4,0.5683449553555565
p31,1000,tr,Full FD,scalar,4.0,1e-06,random,rand3,124,5,0.23455042124805112
p31,1000,tr,Full FD,scalar,4.0,1e-06,random,rand3,124,6,0.17839919539320262
p31,1000,tr,Full FD,scalar,4.0,1e-06,random,rand3,124,7,0.013085480645840999
p31,1000,tr,Full FD,scalar,4.0,1e-06,random,rand3,124,8,0.0065555976881408705
p31,1000,tr,Full FD,scalar,4.0,1e-06,random,rand3,124,9,0.003558642639457105
p31,1000,tr,Full FD,scalar,4.0,1e-06,random,rand3,124,10,0.0005463704131773009
p31,1000,tr,Full FD,scalar,4.0,1e-06,random,rand3,124,11,4.045597523347385e-05
p31,1000,tr,Full FD,scalar,4.0,1e-06,random,rand3,124,12,1.0463964911367578e-06
p31,1000,nm,Full FD,scalar,4.0,1e-06,random,rand4,125,0,16.42763440016895
p31,1000,nm,Full FD,scalar,4.0,1e-06,random,rand4,125,1,5.230278925125312
p31,1000,nm,Full FD,scalar,4.0,1e-06,random,rand4,125,2,7.446969692044707
p31,1000,nm,Full FD,scalar,4.0,1e-06,random,rand4,125,3,3.826198082712359
p31,1000,nm,Full FD,scalar,4.0,1e-06,random,rand4,125,4,1.4930379481499847
p31,1000,nm,Full FD,scalar,4.0,1e-06,random,rand4,125,5,0.525900323694355
p31,1000,nm,Full FD,scalar,4.0,1e-06,random,rand4,125,6,0.15859635152271598
p31,1000,nm,Full FD,scalar,4.0,1e-06,random,rand4,125,7,0.02030795617641136
p31,1000,nm,Full FD,scalar,4.0,1e-06,random,rand4,125,8,0.00037270264250640044
p31,1000,tr,Full FD,scalar,4.0,1e-06,random,rand4,125,0,10.60996904078449
p31,1000,tr,Full FD,scalar,4.0,1e-06,random,rand4,125,1,7.1633533368749305
p31,1000,tr,Full FD,scalar,4.0,1e-06,random,rand4,125,2,4.900550303587214
p31,1000,tr,Full FD,scalar,4.0,1e-06,random,rand4,125,3,2.4589028765305865
p31,1000,tr,Full FD,scalar,4.0,1e-06,random,rand4,125,4,1.6816839637792937
p31,1000,tr,Full FD,scalar,4.0,1e-06,random,rand4,125,5,0.20979243501009892
p31,1000,tr,Full FD,scalar,4.0,1e-06,random,rand4,125,6,0.20782508172078537
p31,1000,tr,Full FD,scalar,4.0,1e-06,random,rand4,125,7,0.06224173544116046
p31,1000,tr,Full FD,scalar,4.0,1e-06,random,rand4,125,8,0.025664849668456415
p31,1000,tr,Full FD,scalar,4.0,1e-06,random,rand4,125,9,0.01089624038899681
p31,1000,tr,Full FD,scalar,4.0,1e-06,random,rand4,125,10,0.007329454349501094
p31,1000,tr,Full FD,scalar,4.0,1e-06,random,rand4,125,11,0.0005818741394858157
p31,1000,tr,Full FD,scalar,4.0,1e-06,random,rand4,125,12,0.00018049830017704868
p31,1000,tr,Full FD,scalar,4.0,1e-06,random,rand4,125,13,7.462072124973634e-06
p31,1000,nm,Full FD,scalar,4.0,1e-06,random,rand5,126,0,18.56542552638247
p31,1000,nm,Full FD,scalar,4.0,1e-06,random,rand5,126,1,5.3736075811930695
p31,1000,nm,Full FD,scalar,4.0,1e-06,random,rand5,126,2,8.752089634893371
p31,1000,nm,Full FD,scalar,4.0,1e-06,random,rand5,126,3,4.894835070803294
p31,1000,nm,Full FD,scalar,4.0,1e-06,random,rand5,126,4,2.2960125510214144
p31,1000,nm,Full FD,scalar,4.0,1e-06,random,rand5,126,5,1.0334667405321432
p31,1000,nm,Full FD,scalar,4.0,1e-06,random,rand5,126,6,0.4259005422048724
p31,1000,nm,Full FD,scalar,4.0,1e-06,random,rand5,126,7,0.12276435080615114
p31,1000,nm,Full FD,scalar,4.0,1e-06,random,rand5,126,8,0.014375265879022178
p31,1000,nm,Full FD,scalar,4.0,1e-06,random,rand5,126,9,0.0002093397881945594
p31,1000,tr,Full FD,scalar,4.0,1e-06,random,rand5,126,0,10.030598544422952
p31,1000,tr,Full FD,scalar,4.0,1e-06,random,rand5,126,1,6.818629973021105
p31,1000,tr,Full FD,scalar,4.0,1e-06,random,rand5,126,2,4.711008726064185
p31,1000,tr,Full FD,scalar,4.0,1e-06,random,rand5,126,3,2.940760178207692
p31,1000,tr,Full FD,scalar,4.0,1e-06,random,rand5,126,4,0.6012434888915064
p31,1000,tr,Full FD,scalar,4.0,1e-06,random,rand5,126,5,0.24018621600599244
p31,1000,tr,Full FD,scalar,4.0,1e-06,random,rand5,126,6,0.1162646230666654
p31,1000,tr,Full FD,scalar,4.0,1e-06,random,rand5,126,7,0.05230717246712231
p31,1000,tr,Full FD,scalar,4.0,1e-06,random,rand5,126,8,0.02602303351313841
p31,1000,tr,Full FD,scalar,4.0,1e-06,random,rand5,126,9,0.011753782554632558
p31,1000,tr,Full FD,scalar,4.0,1e-06,random,rand5,126,10,0.008998087498294652
p31,1000,tr,Full FD,scalar,4.0,1e-06,random,rand5,126,11,0.00048427886368550033
p31,1000,tr,Full FD,scalar,4.0,1e-06,random,rand5,126,12,0.00020862118919387482
p31,1000,tr,Full FD,scalar,4.0,1e-06,random,rand5,126,13,8.879011680293129e-06
p31,1000,tr,Full FD,scalar,4.0,1e-06,random,rand5,126,14,5.4780506304490776e-08
p31,1000,nm,Full FD,scalar,8.0,1e-06,initial,xbar,127,0,5.743864243665312
p31,1000,nm,Full FD,scalar,8.0,1e-06,initial,xbar,127,1,2.7368474071760023
p31,1000,nm,Full FD,scalar,8.0,1e-06,initial,xbar,127,2,0.7682320366348696
p31,1000,nm,Full FD,scalar,8.0,1e-06,initial,xbar,127,3,0.043353866720065415
p31,1000,nm,Full FD,scalar,8.0,1e-06,initial,xbar,127,4,0.0001371364537611591
p31,1000,tr,Full FD,scalar,8.0,1e-06,initial,xbar,127,0,5.575410303485113
p31,1000,tr,Full FD,scalar,8.0,1e-06,initial,xbar,127,1,3.12802252620207
p31,1000,tr,Full FD,scalar,8.0,1e-06,initial,xbar,127,2,0.33927074613252867
p31,1000,tr,Full FD,scalar,8.0,1e-06,initial,xbar,127,3,0.49891164311126013
p31,1000,tr,Full FD,scalar,8.0,1e-06,initial,xbar,127,4,0.10509689045669017
p31,1000,tr,Full FD,scalar,8.0,1e-06,initial,xbar,127,5,0.07156117481430525
p31,1000,tr,Full FD,scalar,8.0,1e-06,initial,xbar,127,6,0.004338806693184715
p31,1000,tr,Full FD,scalar,8.0,1e-06,initial,xbar,127,7,0.003063068252223862
p31,1000,tr,Full FD,scalar,8.0,1e-06,initial,xbar,127,8,0.0008192860208172827
p31,1000,tr,Full FD,scalar,8.0,1e-06,initial,xbar,127,9,4.5355909143904876e-05
p31,1000,tr,Full FD,scalar,8.0,1e-06,initial,xbar,127,10,2.974245496028006e-06
p31,1000,nm,Full FD,scalar,8.0,1e-06,random,rand1,128,0,4.652019970161185
p31,1000,nm,Full FD,scalar,8.0,1e-06,random,rand1,128,1,4.127391078239102
p31,1000,nm,Full FD,scalar,8.0,1e-06,random,rand1,128,2,5.812794358613881
p31,1000,nm,Full FD,scalar,8.0,1e-06,random,rand1,128,3,5.2991100419181265
p31,1000,nm,Full FD,scalar,8.0,1e-06,random,rand1,128,4,3.438360115251251
p31,1000,nm,Full FD,scalar,8.0,1e-06,random,rand1,128,5,0.938487937961341
p31,1000,nm,Full FD,scalar,8.0,1e-06,random,rand1,128,6,0.1626170630985562
p31,1000,nm,Full FD,scalar,8.0,1e-06,random,rand1,128,7,0.025755086656593613
p31,1000,nm,Full FD,scalar,8.0,1e-06,random,rand1,128,8,0.0002358439590516535
p31,1000,tr,Full FD,scalar,8.0,1e-06,random,rand1,128,0,13.989783049503986
p31,1000,tr,Full FD,scalar,8.0,1e-06,random,rand1,128,1,5.54993874664881
p31,1000,tr,Full FD,scalar,8.0,1e-06,random,rand1,128,2,4.448914764078434
p31,1000,tr,Full FD,scalar,8.0,1e-06,random,rand1,128,3,1.3022448707614729
p31,1000,tr,Full FD,scalar,8.0,1e-06,random,rand1,128,4,1.7659345794604844
p31,1000,tr,Full FD,scalar,8.0,1e-06,random,rand1,128,5,0.3046517506342655
p31,1000,tr,Full FD,scalar,8.0,1e-06,random,rand1,128,6,0.7955815802060814
p31,1000,tr,Full FD,scalar,8.0,1e-06,random,rand1,128,7,0.05332978843958166
p31,1000,tr,Full FD,scalar,8.0,1e-06,random,rand1,128,8,0.07022056418940076
p31,1000,tr,Full FD,scalar,8.0,1e-06,random,rand1,128,9,0.016230929420305046
p31,1000,tr,Full FD,scalar,8.0,1e-06,random,rand1,128,10,0.007263992125635923
p31,1000,tr,Full FD,scalar,8.0,1e-06,random,rand1,128,11,0.0011850497742907056
p31,1000,tr,Full FD,scalar,8.0,1e-06,random,rand1,128,12,0.00010580628488340737
p31,1000,tr,Full FD,scalar,8.0,1e-06,random,rand1,128,13,3.638485078228805e-06
p31,1000,nm,Full FD,scalar,8.0,1e-06,random,rand2,129,0,2.9019434611710953
p31,1000,nm,Full FD,scalar,8.0,1e-06,random,rand2,129,1,4.13646183168449
p31,1000,nm,Full FD,scalar,8.0,1e-06,random,rand2,129,2,5.457568879164097
p31,1000,nm,Full FD,scalar,8.0,1e-06,random,rand2,129,3,7.075878275077118
p31,1000,nm,Full FD,scalar,8.0,1e-06,random,rand2,129,4,3.808294313544605
p31,1000,nm,Full FD,scalar,8.0,1e-06,random,rand2,129,5,1.4438383085081106
p31,1000,nm,Full FD,scalar,8.0,1e-06,random,rand2,129,6,0.59675410490989
p31,1000,nm,Full FD,scalar,8.0,1e-06,random,rand2,129,7,0.1487731953985785
p31,1000,nm,Full FD,scalar,8.0,1e-06,random,rand2,129,8,0.018013016370569793
p31,1000,nm,Full FD,scalar,8.0,1e-06,random,rand2,129,9,0.0002015959156615171
p31,1000,tr,Full FD,scalar,8.0,1e-06,random,rand2,129,0,16.70803598147018
p31,1000,tr,Full FD,scalar,8.0,1e-06,random,rand2,129,1,4.496718050979471
p31,1000,tr,Full FD,scalar,8.0,1e-06,random,rand2,129,2,4.029603251249948
p31,1000,tr,Full FD,scalar,8.0,1e-06,random,rand2,129,3,3.220518144179638
p31,1000,tr,Full FD,scalar,8.0,1e-06,random,rand2,129,4,2.1589771766597474
p31,1000,tr,Full FD,scalar,8.0,1e-06,random,rand2,129,5,0.408218537226911
p31,1000,tr,Full FD,scalar,8.0,1e-06,random,rand2,129,6,0.425072407369523
p31,1000,tr,Full FD,scalar,8.0,1e-06,random,rand2,129,7,0.2543014500415148
p31,1000,tr,Full FD,scalar,8.0,1e-06,random,rand2,129,8,0.019391114942004038
p31,1000,tr,Full FD,scalar,8.0,1e-06,random,rand2,129,9,0.08028409443836844
p31,1000,tr,Full FD,scalar,8.0,1e-06,random,rand2,129,10,0.042538726793024166
p31,1000,tr,Full FD,scalar,8.0,1e-06,random,rand2,129,11,0.012441628964288815
p31,1000,tr,Full FD,scalar,8.0,1e-06,random,rand2,129,12,0.010396795239016805
p31,1000,tr,Full FD,scalar,8.0,1e-06,random,rand2,129,13,0.002107877477300742
p31,1000,tr,Full FD,scalar,8.0,1e-06,random,rand2,129,14,0.0005222059552730027
p31,1000,tr,Full FD,scalar,8.0,1e-06,random,rand2,129,15,0.0001121767428278228
p31,1000,tr,Full FD,scalar,8.0,1e-06,random,rand2,129,16,4.088738725785424e-05
p31,1000,tr,Full FD,scalar,8.0,1e-06,random,rand2,129,17,4.517121951198014e-06
p31,1000,tr,Full FD,scalar,8.0,1e-06,random,rand2,129,18,1.2846072544561425e-07
p31,1000,nm,Full FD,scalar,8.0,1e-06,random,rand3,130,0,3.158197726800493
p31,1000,nm,Full FD,scalar,8.0,1e-06,random,rand3,130,1,2.898692535169961
p31,1000,nm,Full FD,scalar,8.0,1e-06,random,rand3,130,2,5.4389677857868355
p31,1000,nm,Full FD,scalar,8.0,1e-06,random,rand3,130,3,5.801307856982477
p31,1000,nm,Full FD,scalar,8.0,1e-06,random,rand3,130,4,1.7239748487944109
p31,1000,nm,Full FD,scalar,8.0,1e-06,random,rand3,130,5,4.511519059154506
p31,1000,nm,Full FD,scalar,8.0,1e-06,random,rand3,130,6,3.0783158700303983
p31,1000,nm,Full FD,scalar,8.0,1e-06,random,rand3,130,7,1.0504116782954338
p31,1000,nm,Full FD,scalar,8.0,1e-06,random,rand3,130,8,2.020561490052437
p31,1000,nm,Full FD,scalar,8.0,1e-06,random,rand3,130,9,0.9807701278862729
p31,1000,nm,Full FD,scalar,8.0,1e-06,random,rand3,130,10,0.2630445211329114
p31,1000,nm,Full FD,scalar,8.0,1e-06,random,rand3,130,11,0.08180814182950613
p31,1000,nm,Full FD,scalar,8.0,1e-06,random,rand3,130,12,0.007124565319132877
p31,1000,nm,Full FD,scalar,8.0,1e-06,random,rand3,130,13,2.05489496785424e-05
p31,1000,tr,Full FD,scalar,8.0,1e-06,random,rand3,130,0,18.269342084634324
p31,1000,tr,Full FD,scalar,8.0,1e-06,random,rand3,130,1,8.709465979102093
p31,1000,tr,Full FD,scalar,8.0,1e-06,random,rand3,130,2,2.3661103010402624
p31,1000,tr,Full FD,scalar,8.0,1e-06,random,rand3,130,3,3.5701003229723662
p31,1000,tr,Full FD,scalar,8.0,1e-06,random,rand3,130,4,2.9867014962964116
p31,1000,tr,Full FD,scalar,8.0,1e-06,random,rand3,130,5,2.477696045506607
p31,1000,tr,Full FD,scalar,8.0,1e-06,random,rand3,130,6,0.6413644938431646
p31,1000,tr,Full FD,scalar,8.0,1e-06,random,rand3,130,7,0.5696978185493107
p31,1000,tr,Full FD,scalar,8.0,1e-06,random,rand3,130,8,0.7360456903702877
p31,1000,tr,Full FD,scalar,8.0,1e-06,random,rand3,130,9,0.28808773000007926
p31,1000,tr,Full FD,scalar,8.0,1e-06,random,rand3,130,10,0.19974954977452883
p31,1000,tr,Full FD,scalar,8.0,1e-06,random,rand3,130,11,0.03036478092734142
p31,1000,tr,Full FD,scalar,8.0,1e-06,random,rand3,130,12,0.05268125472451324
p31,1000,tr,Full FD,scalar,8.0,1e-06,random,rand3,130,13,0.013996072489453998
p31,1000,tr,Full FD,scalar,8.0,1e-06,random,rand3,130,14,0.0077634825934138705
p31,1000,tr,Full FD,scalar,8.0,1e-06,random,rand3,130,15,0.002371751536401446
p31,1000,tr,Full FD,scalar,8.0,1e-06,random,rand3,130,16,0.0017146452092122965
p31,1000,tr,Full FD,scalar,8.0,1e-06,random,rand3,130,17,8.059214786472459e-05
p31,1000,tr,Full FD,scalar,8.0,1e-06,random,rand3,130,18,9.540028281941396e-06
p31,1000,tr,Full FD,scalar,8.0,1e-06,random,rand3,130,19,7.63169845860009e-07
p31,1000,tr,Full FD,scalar,8.0,1e-06,random,rand3,130,20,2.5233657448733025e-07
p31,1000,nm,Full FD,scalar,8.0,1e-06,random,rand4,131,0,2.8669069924818547
p31,1000,nm,Full FD,scalar,8.0,1e-06,random,rand4,131,1,4.806152687808948
p31,1000,nm,Full FD,scalar,8.0,1e-06,random,rand4,131,2,5.918453749809989
p31,1000,nm,Full FD,scalar,8.0,1e-06,random,rand4,131,3,6.388938906896136
p31,1000,nm,Full FD,scalar,8.0,1e-06,random,rand4,131,4,3.3758599083327225
p31,1000,nm,Full FD,scalar,8.0,1e-06,random,rand4,131,5,2.4412938541610494
p31,1000,nm,Full FD,scalar,8.0,1e-06,random,rand4,131,6,0.6939774795558572
p31,1000,nm,Full FD,scalar,8.0,1e-06,random,rand4,131,7,0.2707309587138717
p31,1000,nm,Full FD,scalar,8.0,1e-06,random,rand4,131,8,0.056936657355977485
p31,1000,nm,Full FD,scalar,8.0,1e-06,random,rand4,131,9,0.0025935271242175702
p31,1000,nm,Full FD,scalar,8.0,1e-06,random,rand4,131,10,2.622431639855457e-06
p31,1000,tr,Full FD,scalar,8.0,1e-06,random,rand4,131,0,18.554300686855633
p31,1000,tr,Full FD,scalar,8.0,1e-06,random,rand4,131,1,5.228403180530726
p31,1000,tr,Full FD,scalar,8.0,1e-06,random,rand4,131,2,1.4080265286154676
p31,1000,tr,Full FD,scalar,8.0,1e-06,random,rand4,131,3,4.581068552051563
p31,1000,tr,Full FD,scalar,8.0,1e-06,random,rand4,131,4,1.9700357390227476
p31,1000,tr,Full FD,scalar,8.0,1e-06,random,rand4,131,5,2.279227512060555
p31,1000,tr,Full FD,scalar,8.0,1e-06,random,rand4,131,6,1.3920247001301664
p31,1000,tr,Full FD,scalar,8.0,1e-06,random,rand4,131,7,0.49358467613635704
p31,1000,tr,Full FD,scalar,8.0,1e-06,random,rand4,131,8,0.17224090589514213
p31,1000,tr,Full FD,scalar,8.0,1e-06,random,rand4,131,9,0.059732788697874434
p31,1000,tr,Full FD,scalar,8.0,1e-06,random,rand4,131,10,0.06712655344211604
p31,1000,tr,Full FD,scalar,8.0,1e-06,random,rand4,131,11,0.010130903150236393
p31,1000,tr,Full FD,scalar,8.0,1e-06,random,rand4,131,12,0.0019383852860751273
p31,1000,tr,Full FD,scalar,8.0,1e-06,random,rand4,131,13,0.0007179823027433103
p31,1000,tr,Full FD,scalar,8.0,1e-06,random,rand4,131,14,3.9253389540363506e-05
p31,1000,tr,Full FD,scalar,8.0,1e-06,random,rand4,131,15,2.0167455281536492e-05
p31,1000,tr,Full FD,scalar,8.0,1e-06,random,rand4,131,16,2.339911725826234e-06
p31,1000,nm,Full FD,scalar,8.0,1e-06,random,rand5,132,0,2.9585640575503303
p31,1000,nm,Full FD,scalar,8.0,1e-06,random,rand5,132,1,4.491805296219679
p31,1000,nm,Full FD,scalar,8.0,1e-06,random,rand5,132,2,5.233099682499485
p31,1000,nm,Full FD,scalar,8.0,1e-06,random,rand5,132,3,5.552205308010282
p31,1000,nm,Full FD,scalar,8.0,1e-06,random,rand5,132,4,3.589487833518137
p31,1000,nm,Full FD,scalar,8.0,1e-06,random,rand5,132,5,1.1132799586977904
p31,1000,nm,Full FD,scalar,8.0,1e-06,random,rand5,132,6,0.22709081170882456
p31,1000,nm,Full FD,scalar,8.0,1e-06,random,rand5,132,7,0.035599136570736774
p31,1000,nm,Full FD,scalar,8.0,1e-06,random,rand5,132,8,0.001433655741324477
p31,1000,nm,Full FD,scalar,8.0,1e-06,random,rand5,132,9,2.0830511289937532e-06
p31,1000,tr,Full FD,scalar,8.0,1e-06,random,rand5,132,0,19.605494584010295
p31,1000,tr,Full FD,scalar,8.0,1e-06,random,rand5,132,1,8.274630291569819
p31,1000,tr,Full FD,scalar,8.0,1e-06,random,rand5,132,2,2.620007413370977
p31,1000,tr,Full FD,scalar,8.0,1e-06,random,rand5,132,3,3.7646345347499683
p31,1000,tr,Full FD,scalar,8.0,1e-06,random,rand5,132,4,4.2720460039946095
p31,1000,tr,Full FD,scalar,8.0,1e-06,random,rand5,132,5,1.155501134820937
p31,1000,tr,Full FD,scalar,8.0,1e-06,random,rand5,132,6,0.9640021314637617
p31,1000,tr,Full FD,scalar,8.0,1e-06,random,rand5,132,7,1.0093727811302686
p31,1000,tr,Full FD,scalar,8.0,1e-06,random,rand5,132,8,0.8652172081292122
p31,1000,tr,Full FD,scalar,8.0,1e-06,random,rand5,132,9,0.1851342913931826
p31,1000,tr,Full FD,scalar,8.0,1e-06,random,rand5,132,10,0.1423807695427936
p31,1000,tr,Full FD,scalar,8.0,1e-06,random,rand5,132,11,0.08476172291332586
p31,1000,tr,Full FD,scalar,8.0,1e-06,random,rand5,132,12,0.06352478227236168
p31,1000,tr,Full FD,scalar,8.0,1e-06,random,rand5,132,13,0.009533022700177285
p31,1000,tr,Full FD,scalar,8.0,1e-06,random,rand5,132,14,0.011374258732984286
p31,1000,tr,Full FD,scalar,8.0,1e-06,random,rand5,132,15,0.00243543402171563
p31,1000,tr,Full FD,scalar,8.0,1e-06,random,rand5,132,16,0.0002619201762126993
p31,1000,tr,Full FD,scalar,8.0,1e-06,random,rand5,132,17,0.00027635391445661895
p31,1000,tr,Full FD,scalar,8.0,1e-06,random,rand5,132,18,3.292350674958932e-05
p31,1000,tr,Full FD,scalar,8.0,1e-06,random,rand5,132,19,1.2625129870282072e-05
p31,1000,tr,Full FD,scalar,8.0,1e-06,random,rand5,132,20,1.402473719428357e-06
p31,1000,tr,Full FD,scalar,8.0,1e-06,random,rand5,132,21,8.543812311919202e-07
p31,1000,tr,Full FD,scalar,8.0,1e-06,random,rand5,132,22,3.052156739492188e-07
p31,1000,tr,Full FD,scalar,12.0,1e-06,random,rand1,134,0,3.0894556646866828e-06
p31,1000,tr,Full FD,scalar,12.0,1e-06,random,rand1,134,1,24.57569105415199
p31,1000,tr,Full FD,scalar,12.0,1e-06,random,rand1,134,2,12.268424063198436
p31,1000,tr,Full FD,scalar,12.0,1e-06,random,rand1,134,3,7.448015716787016
p31,1000,tr,Full FD,scalar,12.0,1e-06,random,rand1,134,4,7.707254684962813
p31,1000,tr,Full FD,scalar,12.0,1e-06,random,rand1,134,5,6.811997391421343e-06
p31,1000,tr,Full FD,scalar,12.0,1e-06,random,rand1,134,6,7.655786842410261
p31,1000,tr,Full FD,scalar,12.0,1e-06,random,rand1,134,7,7.122485827363429
p31,1000,tr,Full FD,scalar,12.0,1e-06,random,rand1,134,8,6.469807329805319
p31,1000,tr,Full FD,scalar,12.0,1e-06,random,rand1,134,9,2.622379614547502e-06
p31,1000,tr,Full FD,scalar,12.0,1e-06,random,rand1,134,10,5.906492743054998
p31,1000,tr,Full FD,scalar,12.0,1e-06,random,rand1,134,11,5.475941562855749
p31,1000,tr,Full FD,scalar,12.0,1e-06,random,rand1,134,12,5.152105478280101
p31,1000,tr,Full FD,scalar,12.0,1e-06,random,rand1,134,13,1.92392065855847e-05
p31,1000,tr,Full FD,scalar,12.0,1e-06,random,rand1,134,14,2.6817268730119006e-05
p31,1000,tr,Full FD,scalar,12.0,1e-06,random,rand1,134,15,4.918250234352805
p31,1000,tr,Full FD,scalar,12.0,1e-06,random,rand1,134,16,1.8780267166623727e-05
p31,1000,tr,Full FD,scalar,12.0,1e-06,random,rand1,134,17,4.762872646781242
p31,1000,tr,Full FD,scalar,12.0,1e-06,random,rand1,134,18,4.672165430535125
p31,1000,tr,Full FD,scalar,12.0,1e-06,random,rand1,134,19,6.353755156386111e-05
p31,1000,tr,Full FD,scalar,12.0,1e-06,random,rand1,134,20,1.7611665784761504e-05
p31,1000,tr,Full FD,scalar,12.0,1e-06,random,rand1,134,21,4.635921573853677
p31,1000,tr,Full FD,scalar,12.0,1e-06,random,rand1,134,22,8.251433297680812e-06
p31,1000,tr,Full FD,scalar,12.0,1e-06,random,rand1,134,23,2.7897700649658663
p31,1000,tr,Full FD,scalar,12.0,1e-06,random,rand1,134,24,1.0355837828168983
p31,1000,tr,Full FD,scalar,12.0,1e-06,random,rand1,134,25,1.059946625299518
p31,1000,tr,Full FD,scalar,12.0,1e-06,random,rand1,134,26,1.117371592757296
p31,1000,tr,Full FD,scalar,12.0,1e-06,random,rand1,134,27,0.7236815097893272
p31,1000,tr,Full FD,scalar,12.0,1e-06,random,rand1,134,28,0.3602152938777379
p31,1000,tr,Full FD,scalar,12.0,1e-06,random,rand1,134,29,0.3769005676506298
p31,1000,tr,Full FD,scalar,12.0,1e-06,random,rand1,134,30,0.4089904097779635
p31,1000,tr,Full FD,scalar,12.0,1e-06,random,rand1,134,31,1.1985569360231396e-05
p31,1000,tr,Full FD,scalar,12.0,1e-06,random,rand1,134,32,1.32822474558646e-05
p31,1000,tr,Full FD,scalar,12.0,1e-06,random,rand1,134,33,0.2731557359724301
p31,1000,tr,Full FD,scalar,12.0,1e-06,random,rand1,134,34,0.15102103319981752
p31,1000,tr,Full FD,scalar,12.0,1e-06,random,rand1,134,35,0.15955544667406327
p31,1000,tr,Full FD,scalar,12.0,1e-06,random,rand1,134,36,8.232272661238555e-05
p31,1000,tr,Full FD,scalar,12.0,1e-06,random,rand1,134,37,1.531921445893999e-05
p31,1000,tr,Full FD,scalar,12.0,1e-06,random,rand1,134,38,0.17574031141077123
p31,1000,tr,Full FD,scalar,12.0,1e-06,random,rand1,134,39,9.244801671824794e-05
p31,1000,tr,Full FD,scalar,12.0,1e-06,random,rand1,134,40,0.001327065529964306
p31,1000,tr,Full FD,scalar,12.0,1e-06,random,rand1,134,41,0.11756629642751738
p31,1000,tr,Full FD,scalar,12.0,1e-06,random,rand1,134,42,0.06626533010492683
p31,1000,tr,Full FD,scalar,12.0,1e-06,random,rand1,134,43,0.07123366070116521
p31,1000,tr,Full FD,scalar,12.0,1e-06,random,rand1,134,44,0.04785098214279379
p31,1000,tr,Full FD,scalar,12.0,1e-06,random,rand1,134,45,5.3030435101723385e-06
p31,1000,tr,Full FD,scalar,12.0,1e-06,random,rand1,134,46,0.029218591900756763
p31,1000,tr,Full FD,scalar,12.0,1e-06,random,rand1,134,47,0.03035757932194041
p31,1000,tr,Full FD,scalar,12.0,1e-06,random,rand1,134,48,0.03336319185425343
p31,1000,tr,Full FD,scalar,12.0,1e-06,random,rand1,134,49,0.022739064614838572
p31,1000,tr,Full FD,scalar,12.0,1e-06,random,rand1,134,50,8.216757604318468e-06
p31,1000,tr,Full FD,scalar,12.0,1e-06,random,rand1,134,51,1.3898286762220411e-05
p31,1000,tr,Full FD,scalar,12.0,1e-06,random,rand1,134,52,0.013294476250441672
p31,1000,tr,Full FD,scalar,12.0,1e-06,random,rand1,134,53,1.0832728908019987e-05
p31,1000,tr,Full FD,scalar,12.0,1e-06,random,rand1,134,54,5.322301885407985e-06
p31,1000,tr,Full FD,scalar,12.0,1e-06,random,rand1,134,55,7.760520127173358e-06
p31,1000,tr,Full FD,scalar,12.0,1e-06,random,rand1,134,56,5.513355988708616e-06
p31,1000,tr,Full FD,scalar,12.0,1e-06,random,rand1,134,57,3.404093793564765e-05
p31,1000,tr,Full FD,scalar,12.0,1e-06,random,rand1,134,58,4.027651419673829e-06
p31,1000,tr,Full FD,scalar,12.0,1e-06,random,rand1,134,59,8.851188797281889e-06
p31,1000,tr,Full FD,scalar,12.0,1e-06,random,rand1,134,60,0.014086031339239354
p31,1000,tr,Full FD,scalar,12.0,1e-06,random,rand1,134,61,0.009461931740682961
p31,1000,tr,Full FD,scalar,12.0,1e-06,random,rand1,134,62,0.005944733725468728
p31,1000,tr,Full FD,scalar,12.0,1e-06,random,rand1,134,63,5.411467487129797e-06
p31,1000,tr,Full FD,scalar,12.0,1e-06,random,rand1,134,64,4.236289414633086e-05
p31,1000,tr,Full FD,scalar,12.0,1e-06,random,rand1,134,65,0.006061227198011583
p31,1000,tr,Full FD,scalar,12.0,1e-06,random,rand1,134,66,0.006641340467967674
p31,1000,tr,Full FD,scalar,12.0,1e-06,random,rand1,134,67,0.004526941852996753
p31,1000,tr,Full FD,scalar,12.0,1e-06,random,rand1,134,68,1.253268692268795e-05
p31,1000,tr,Full FD,scalar,12.0,1e-06,random,rand1,134,69,0.002679348897796289
p31,1000,tr,Full FD,scalar,12.0,1e-06,random,rand1,134,70,0.0028544200561284655
p31,1000,tr,Full FD,scalar,12.0,1e-06,random,rand1,134,71,0.0019160444790267681
p31,1000,tr,Full FD,scalar,12.0,1e-06,random,rand1,134,72,8.443527869476187e-06
p31,1000,tr,Full FD,scalar,12.0,1e-06,random,rand1,134,73,3.3463568093484006e-05
p31,1000,tr,Full FD,scalar,12.0,1e-06,random,rand1,134,74,1.7763983508764595e-05
p31,1000,tr,Full FD,scalar,12.0,1e-06,random,rand1,134,75,0.0011392500120226713
p31,1000,tr,Full FD,scalar,12.0,1e-06,random,rand1,134,76,0.0011523916278526707
p31,1000,tr,Full FD,scalar,12.0,1e-06,random,rand1,134,77,7.353777049775911e-05
p31,1000,tr,Full FD,scalar,12.0,1e-06,random,rand1,134,78,4.249352659536775e-05
p31,1000,tr,Full FD,scalar,12.0,1e-06,random,rand1,134,79,3.2761579142890844e-05
p31,1000,tr,Full FD,scalar,12.0,1e-06,random,rand1,134,80,4.237038027413862e-06
p31,1000,tr,Full FD,scalar,12.0,1e-06,random,rand1,134,81,7.394247018986378e-06
p31,1000,tr,Full FD,scalar,12.0,1e-06,random,rand1,134,82,0.0009517705208150692
p31,1000,tr,Full FD,scalar,12.0,1e-06,random,rand1,134,83,0.0010467111638134228
p31,1000,tr,Full FD,scalar,12.0,1e-06,random,rand1,134,84,9.2233833918029e-06
p31,1000,tr,Full FD,scalar,12.0,1e-06,random,rand1,134,85,0.0007039209043615133
p31,1000,tr,Full FD,scalar,12.0,1e-06,random,rand1,134,86,9.4227327858673e-06
p31,1000,tr,Full FD,scalar,12.0,1e-06,random,rand1,134,87,4.552697093526389e-06
p31,1000,tr,Full FD,scalar,12.0,1e-06,random,rand1,134,88,0.00039814747716566143
p31,1000,tr,Full FD,scalar,12.0,1e-06,random,rand1,134,89,0.0004215236525206209
p31,1000,tr,Full FD,scalar,12.0,1e-06,random,rand1,134,90,4.376247503745675e-05
p31,1000,tr,Full FD,scalar,12.0,1e-06,random,rand1,134,91,1.0590287908094448e-05
p31,1000,tr,Full FD,scalar,12.0,1e-06,random,rand1,134,92,3.690520478792699e-05
p31,1000,tr,Full FD,scalar,12.0,1e-06,random,rand1,134,93,0.00029333011450976475
p31,1000,tr,Full FD,scalar,12.0,1e-06,random,rand1,134,94,0.00022008344548795318
p31,1000,tr,Full FD,scalar,12.0,1e-06,random,rand1,134,95,3.2911176866676954e-05
p31,1000,tr,Full FD,scalar,12.0,1e-06,random,rand1,134,96,0.00011853692430329007
p31,1000,tr,Full FD,scalar,12.0,1e-06,random,rand1,134,97,9.102826061414871e-05
p31,1000,tr,Full FD,scalar,12.0,1e-06,random,rand1,134,98,8.542269980801195e-05
p31,1000,tr,Full FD,scalar,12.0,1e-06,random,rand1,134,99,1.636243361335599e-05
p31,1000,tr,Full FD,scalar,12.0,1e-06,random,rand1,134,100,6.152067105534644e-05
p31,1000,tr,Full FD,scalar,12.0,1e-06,random,rand1,134,101,1.3132284741849506e-05
p31,1000,tr,Full FD,scalar,12.0,1e-06,random,rand1,134,102,4.2215540709384054e-05
p31,1000,tr,Full FD,scalar,12.0,1e-06,random,rand1,134,103,3.457020666640004e-05
p31,1000,tr,Full FD,scalar,12.0,1e-06,random,rand1,134,104,7.498124097029182e-06
p31,1000,tr,Full FD,scalar,12.0,1e-06,random,rand1,134,105,3.1490397979828046e-05
p31,1000,tr,Full FD,scalar,12.0,1e-06,random,rand1,134,106,9.547048294758438e-06
p31,1000,tr,Full FD,scalar,12.0,1e-06,random,rand1,134,107,2.475359154173556e-05
p31,1000,tr,Full FD,scalar,12.0,1e-06,random,rand1,134,108,8.48745457100127e-06
p31,1000,tr,Full FD,scalar,12.0,1e-06,random,rand1,134,109,1.014412329724145e-05
p31,1000,tr,Full FD,scalar,12.0,1e-06,random,rand1,134,110,2.0868032383552322e-06
p31,1000,tr,Full FD,scalar,12.0,1e-06,random,rand1,134,111,3.2958646356712154e-06
p31,1000,tr,Full FD,scalar,12.0,1e-06,random,rand1,134,112,3.330908429347712e-05
p31,1000,tr,Full FD,scalar,12.0,1e-06,random,rand1,134,113,9.394596745299773e-06
p31,1000,tr,Full FD,scalar,12.0,1e-06,random,rand1,134,114,3.314011717007033e-06
p31,1000,tr,Full FD,scalar,12.0,1e-06,random,rand1,134,115,1.5897414755295853e-06
p31,1000,tr,Full FD,scalar,12.0,1e-06,random,rand1,134,116,1.096730934433797e-06
p31,1000,tr,Full FD,scalar,12.0,1e-06,random,rand1,134,117,1.2839743820600217e-06
p31,1000,tr,Full FD,scalar,12.0,1e-06,random,rand1,134,118,7.963235710333957e-07
p31,1000,tr,Full FD,scalar,12.0,1e-06,random,rand1,134,119,5.514814320747781e-07
p31,1000,tr,Full FD,scalar,12.0,1e-06,random,rand1,134,120,3.5148011366736266e-07
p31,1000,tr,Full FD,scalar,12.0,1e-06,random,rand1,134,121,4.0612786925215255e-07
p31,1000,tr,Full FD,scalar,12.0,1e-06,random,rand1,134,122,2.1505558444683105e-07
p31,1000,tr,Full FD,scalar,12.0,1e-06,random,rand1,134,123,2.9553082876103463e-07
p31,1000,tr,Full FD,scalar,12.0,1e-06,random,rand1,134,124,4.844697880183465e-07
p31,1000,tr,Full FD,scalar,12.0,1e-06,random,rand1,134,125,2.4172284039803534e-07
p31,1000,tr,Full FD,scalar,12.0,1e-06,random,rand1,134,126,1.2607415358867092e-07
p31,1000,tr,Full FD,scalar,12.0,1e-06,random,rand1,134,127,1.1093870742978909e-07
p31,1000,tr,Full FD,scalar,12.0,1e-06,random,rand1,134,128,9.947060296198808e-08
p31,1000,tr,Full FD,scalar,12.0,1e-06,random,rand1,134,129,4.053964616181907e-08
p31,1000,tr,Full FD,scalar,12.0,1e-06,random,rand2,135,0,2.2789725457053903e-06
p31,1000,tr,Full FD,scalar,12.0,1e-06,random,rand2,135,1,23.55876876704237
p31,1000,tr,Full FD,scalar,12.0,1e-06,random,rand2,135,2,11.749417719654181
p31,1000,tr,Full FD,scalar,12.0,1e-06,random,rand2,135,3,2.7611869842996877e-05
p31,1000,tr,Full FD,scalar,12.0,1e-06,random,rand2,135,4,5.142706603030098e-05
p31,1000,tr,Full FD,scalar,12.0,1e-06,random,rand2,135,5,7.4330502692687785
p31,1000,tr,Full FD,scalar,12.0,1e-06,random,rand2,135,6,2.1030327275102847e-06
p31,1000,tr,Full FD,scalar,12.0,1e-06,random,rand2,135,7,1.1370702504715781e-05
p31,1000,tr,Full FD,scalar,12.0,1e-06,random,rand2,135,8,6.902343372670446e-06
p31,1000,tr,Full FD,scalar,12.0,1e-06,random,rand2,135,9,7.614071731969454
p31,1000,tr,Full FD,scalar,12.0,1e-06,random,rand2,135,10,6.589501594985897e-06
p31,1000,tr,Full FD,scalar,12.0,1e-06,random,rand2,135,11,1.5799454568750505e-06
p31,1000,tr,Full FD,scalar,12.0,1e-06,random,rand2,135,12,1.8868850950122235e-06
p31,1000,tr,Full FD,scalar,12.0,1e-06,random,rand2,135,13,7.4699217919872085
p31,1000,tr,Full FD,scalar,12.0,1e-06,random,rand2,135,14,7.022319473139206
p31,1000,tr,Full FD,scalar,12.0,1e-06,random,rand2,135,15,7.468855904457669e-06
p31,1000,tr,Full FD,scalar,12.0,1e-06,random,rand2,135,16,6.451967312791708
p31,1000,tr,Full FD,scalar,12.0,1e-06,random,rand2,135,17,1.846075976648718e-05
p31,1000,tr,Full FD,scalar,12.0,1e-06,random,rand2,135,18,4.081026143654782e-06
p31,1000,tr,Full FD,scalar,12.0,1e-06,random,rand2,135,19,5.898883910567919
p31,1000,tr,Full FD,scalar,12.0,1e-06,random,rand2,135,20,9.683981512681204e-05
p31,1000,tr,Full FD,scalar,12.0,1e-06,random,rand2,135,21,1.6545843290288577e-05
p31,1000,tr,Full FD,scalar,12.0,1e-06,random,rand2,135,22,5.45570025111425
p31,1000,tr,Full FD,scalar,12.0,1e-06,random,rand2,135,23,5.147775427258897
p31,1000,tr,Full FD,scalar,12.0,1e-06,random,rand2,135,24,4.954668538459734
p31,1000,tr,Full FD,scalar,12.0,1e-06,random,rand2,135,25,3.387585608603472e-05
p31,1000,tr,Full FD,scalar,12.0,1e-06,random,rand2,135,26,4.847312422496599
p31,1000,tr,Full FD,scalar,12.0,1e-06,random,rand2,135,27,4.805268538895353
p31,1000,tr,Full FD,scalar,12.0,1e-06,random,rand2,135,28,2.003836451842078e-05
p31,1000,tr,Full FD,scalar,12.0,1e-06,random,rand2,135,29,2.8897729618640793
p31,1000,tr,Full FD,scalar,12.0,1e-06,random,rand2,135,30,1.7589415168495842e-05
p31,1000,tr,Full FD,scalar,12.0,1e-06,random,rand2,135,31,1.079361232466653
p31,1000,tr,Full FD,scalar,12.0,1e-06,random,rand2,135,32,1.104342153676282
p31,1000,tr,Full FD,scalar,12.0,1e-06,random,rand2,135,33,1.163033000185349
p31,1000,tr,Full FD,scalar,12.0,1e-06,random,rand2,135,34,0.7522445247508104
p31,1000,tr,Full FD,scalar,12.0,1e-06,random,rand2,135,35,5.6957639540861365e-06
p31,1000,tr,Full FD,scalar,12.0,1e-06,random,rand2,135,36,0.3854613058384721
p31,1000,tr,Full FD,scalar,12.0,1e-06,random,rand2,135,37,2.77094190160535e-05
p31,1000,tr,Full FD,scalar,12.0,1e-06,random,rand2,135,38,0.0003840217573461325
p31,1000,tr,Full FD,scalar,12.0,1e-06,random,rand2,135,39,0.3987114162698681
p31,1000,tr,Full FD,scalar,12.0,1e-06,random,rand2,135,40,7.281882530144064e-06
p31,1000,tr,Full FD,scalar,12.0,1e-06,random,rand2,135,41,0.4288146588249424
p31,1000,tr,Full FD,scalar,12.0,1e-06,random,rand2,135,42,0.28460208068272
p31,1000,tr,Full FD,scalar,12.0,1e-06,random,rand2,135,43,9.738145556296966e-06
p31,1000,tr,Full FD,scalar,12.0,1e-06,random,rand2,135,44,1.0144148426009183e-05
p31,1000,tr,Full FD,scalar,12.0,1e-06,random,rand2,135,45,4.940866449560964e-05
p31,1000,tr,Full FD,scalar,12.0,1e-06,random,rand2,135,46,0.16494142025039338
p31,1000,tr,Full FD,scalar,12.0,1e-06,random,rand2,135,47,0.17038999683970382
p31,1000,tr,Full FD,scalar,12.0,1e-06,random,rand2,135,48,1.9220496416201317e-05
p31,1000,tr,Full FD,scalar,12.0,1e-06,random,rand2,135,49,0.1848973212617096
p31,1000,tr,Full FD,scalar,12.0,1e-06,random,rand2,135,50,5.566960051492732e-06
p31,1000,tr,Full FD,scalar,12.0,1e-06,random,rand2,135,51,0.12440432305302132
p31,1000,tr,Full FD,scalar,12.0,1e-06,random,rand2,135,52,0.07333550672351216
p31,1000,tr,Full FD,scalar,12.0,1e-06,random,rand2,135,53,1.0543470360157153e-05
p31,1000,tr,Full FD,scalar,12.0,1e-06,random,rand2,135,54,1.9797447466141004e-05
p31,1000,tr,Full FD,scalar,12.0,1e-06,random,rand2,135,55,2.034752084504372e-06
p31,1000,tr,Full FD,scalar,12.0,1e-06,random,rand2,135,56,0.07688287109493036
p31,1000,tr,Full FD,scalar,12.0,1e-06,random,rand2,135,57,4.5087373632299433e-05
p31,1000,tr,Full FD,scalar,12.0,1e-06,random,rand2,135,58,0.08472122754207506
p31,1000,tr,Full FD,scalar,12.0,1e-06,random,rand2,135,59,0.05776092736347466
p31,1000,tr,Full FD,scalar,12.0,1e-06,random,rand2,135,60,0.03326290063887124
p31,1000,tr,Full FD,scalar,12.0,1e-06,random,rand2,135,61,6.068629742026535e-06
p31,1000,tr,Full FD,scalar,12.0,1e-06,random,rand2,135,62,1.124831070499852e-05
p31,1000,tr,Full FD,scalar,12.0,1e-06,random,rand2,135,63,0.035754238394389015
p31,1000,tr,Full FD,scalar,12.0,1e-06,random,rand2,135,64,8.592388839068115e-06
p31,1000,tr,Full FD,scalar,12.0,1e-06,random,rand2,135,65,9.22737189388355e-06
p31,1000,tr,Full FD,scalar,12.0,1e-06,random,rand2,135,66,2.3613364297287156e-05
p31,1000,tr,Full FD,scalar,12.0,1e-06,random,rand2,135,67,0.02403570772759777
p31,1000,tr,Full FD,scalar,12.0,1e-06,random,rand2,135,68,0.0147978240380677
p31,1000,tr,Full FD,scalar,12.0,1e-06,random,rand2,135,69,0.015411686207773122
p31,1000,tr,Full FD,scalar,12.0,1e-06,random,rand2,135,70,2.4174552407606487e-05
p31,1000,tr,Full FD,scalar,12.0,1e-06,random,rand2,135,71,9.916543665311812e-06
p31,1000,tr,Full FD,scalar,12.0,1e-06,random,rand2,135,72,1.1003320360825547e-05
p31,1000,tr,Full FD,scalar,12.0,1e-06,random,rand2,135,73,0.00011809387043905309
p31,1000,tr,Full FD,scalar,12.0,1e-06,random,rand2,135,74,0.01666961901754788
p31,1000,tr,Full FD,scalar,12.0,1e-06,random,rand2,135,75,4.861036070561055e-06
p31,1000,tr,Full FD,scalar,12.0,1e-06,random,rand2,135,76,0.01137680561396429
p31,1000,tr,Full FD,scalar,12.0,1e-06,random,rand2,135,77,1.2110682130695178e-05
p31,1000,tr,Full FD,scalar,12.0,1e-06,random,rand2,135,78,4.57919558231039e-06
p31,1000,tr,Full FD,scalar,12.0,1e-06,random,rand2,135,79,2.1671355304769475e-05
p31,1000,tr,Full FD,scalar,12.0,1e-06,random,rand2,135,80,5.162529589185068e-06
p31,1000,tr,Full FD,scalar,12.0,1e-06,random,rand2,135,81,0.006617839527584736
p31,1000,tr,Full FD,scalar,12.0,1e-06,random,rand2,135,82,1.4342453878517425e-05
p31,1000,tr,Full FD,scalar,12.0,1e-06,random,rand2,135,83,8.978737271422068e-06
p31,1000,tr,Full FD,scalar,12.0,1e-06,random,rand2,135,84,0.00704471662395803
p31,1000,tr,Full FD,scalar,12.0,1e-06,random,rand2,135,85,0.004739984628347209
p31,1000,tr,Full FD,scalar,12.0,1e-06,random,rand2,135,86,0.0029737395113979253
p31,1000,tr,Full FD,scalar,12.0,1e-06,random,rand2,135,87,0.0030819056196237705
p31,1000,tr,Full FD,scalar,12.0,1e-06,random,rand2,135,88,0.000535315958269688
p31,1000,tr,Full FD,scalar,12.0,1e-06,random,rand2,135,89,0.002361398295197892
p31,1000,tr,Full FD,scalar,12.0,1e-06,random,rand2,135,90,1.171414889743484e-05
p31,1000,tr,Full FD,scalar,12.0,1e-06,random,rand2,135,91,1.918469984351373e-05
p31,1000,tr,Full FD,scalar,12.0,1e-06,random,rand2,135,92,0.002547089226129628
p31,1000,tr,Full FD,scalar,12.0,1e-06,random,rand2,135,93,0.0017421437450217644
p31,1000,tr,Full FD,scalar,12.0,1e-06,random,rand2,135,94,7.83105971146529e-06
p31,1000,tr,Full FD,scalar,12.0,1e-06,random,rand2,135,95,2.9467530957168615e-06
p31,1000,tr,Full FD,scalar,12.0,1e-06,random,rand2,135,96,0.0010106492346066592
p31,1000,tr,Full FD,scalar,12.0,1e-06,random,rand2,135,97,0.0010830002814384465
p31,1000,tr,Full FD,scalar,12.0,1e-06,random,rand2,135,98,0.0007297208305920201
p31,1000,tr,Full FD,scalar,12.0,1e-06,random,rand2,135,99,7.251108034075901e-05
p31,1000,tr,Full FD,scalar,12.0,1e-06,random,rand2,135,100,0.0006042189386146181
p31,1000,tr,Full FD,scalar,12.0,1e-06,random,rand2,135,101,9.556905758676794e-06
p31,1000,tr,Full FD,scalar,12.0,1e-06,random,rand2,135,102,9.090625665626716e-05
p31,1000,tr,Full FD,scalar,12.0,1e-06,random,rand2,135,103,9.703947915240418e-06
p31,1000,tr,Full FD,scalar,12.0,1e-06,random,rand2,135,104,2.240746144872552e-05
p31,1000,tr,Full FD,scalar,12.0,1e-06,random,rand2,135,105,6.409218178827152e-05
p31,1000,tr,Full FD,scalar,12.0,1e-06,random,rand2,135,106,0.00026724292922726127
p31,1000,tr,Full FD,scalar,12.0,1e-06,random,rand2,135,107,3.68168204536455e-05
p31,1000,tr,Full FD,scalar,12.0,1e-06,random,rand2,135,108,0.00021703521851423348
p31,1000,tr,Full FD,scalar,12.0,1e-06,random,rand2,135,109,8.804895823724307e-06
p31,1000,tr,Full FD,scalar,12.0,1e-06,random,rand2,135,110,1.9163610260575715e-05
p31,1000,tr,Full FD,scalar,12.0,1e-06,random,rand2,135,111,2.253782158357368e-05
p31,1000,tr,Full FD,scalar,12.0,1e-06,random,rand2,135,112,4.029700789839403e-06
p31,1000,tr,Full FD,scalar,12.0,1e-06,random,rand2,135,113,0.00013866859427256797
p31,1000,tr,Full FD,scalar,12.0,1e-06,random,rand2,135,114,8.747902593034226e-06
p31,1000,tr,Full FD,scalar,12.0,1e-06,random,rand2,135,115,6.252974229024255e-06
p31,1000,tr,Full FD,scalar,12.0,1e-06,random,rand2,135,116,7.566850630389153e-06
p31,1000,tr,Full FD,scalar,12.0,1e-06,random,rand2,135,117,0.00010695133104704813
p31,1000,tr,Full FD,scalar,12.0,1e-06,random,rand2,135,118,2.28110081264844e-05
p31,1000,tr,Full FD,scalar,12.0,1e-06,random,rand2,135,119,7.352318067313374e-05
p31,1000,tr,Full FD,scalar,12.0,1e-06,random,rand2,135,120,7.57576471329741e-05
p31,1000,tr,Full FD,scalar,12.0,1e-06,random,rand2,135,121,8.307521463364693e-05
p31,1000,tr,Full FD,scalar,12.0,1e-06,random,rand2,135,122,5.670653810848402e-05
p31,1000,tr,Full FD,scalar,12.0,1e-06,random,rand2,135,123,3.395138075977064e-05
p31,1000,tr,Full FD,scalar,12.0,1e-06,random,rand2,135,124,2.61891822771416e-05
p31,1000,tr,Full FD,scalar,12.0,1e-06,random,rand2,135,125,1.8157657037064583e-05
p31,1000,tr,Full FD,scalar,12.0,1e-06,random,rand2,135,126,9.49209980396184e-06
p31,1000,tr,Full FD,scalar,12.0,1e-06,random,rand2,135,127,1.5766423679995098e-06
p31,1000,tr,Full FD,scalar,12.0,1e-06,random,rand2,135,128,4.012463402486006e-05
p31,1000,tr,Full FD,scalar,12.0,1e-06,random,rand2,135,129,9.098311122161166e-06
p31,1000,tr,Full FD,scalar,12.0,1e-06,random,rand2,135,130,1.9793974077022073e-06
p31,1000,tr,Full FD,scalar,12.0,1e-06,random,rand2,135,131,3.4570352250832136e-07
p31,1000,tr,Full FD,scalar,12.0,1e-06,random,rand2,135,132,2.6004646810212226e-07
p31,1000,tr,Full FD,scalar,12.0,1e-06,random,rand2,135,133,3.1964776378372223e-07
p31,1000,tr,Full FD,scalar,12.0,1e-06,random,rand2,135,134,1.7247317358557487e-07
p31,1000,tr,Full FD,scalar,12.0,1e-06,random,rand2,135,135,2.15029016142454e-07
p31,1000,tr,Full FD,scalar,12.0,1e-06,random,rand2,135,136,1.0313940794998149e-07
p31,1000,tr,Full FD,scalar,12.0,1e-06,random,rand2,135,137,4.412883430920864e-07
p31,1000,tr,Full FD,scalar,12.0,1e-06,random,rand2,135,138,1.232299753417194e-07
p31,1000,tr,Full FD,scalar,12.0,1e-06,random,rand2,135,139,1.545667116424115e-07
p31,1000,tr,Full FD,scalar,12.0,1e-06,random,rand2,135,140,8.049098654977885e-08
p31,1000,tr,Full FD,scalar,12.0,1e-06,random,rand2,135,141,5.422157855711692e-08
p31,1000,tr,Full FD,scalar,12.0,1e-06,random,rand2,135,142,4.1679541818449036e-08
p31,1000,tr,Full FD,scalar,12.0,1e-06,random,rand2,135,143,7.696672049042868e-08
p31,1000,tr,Full FD,scalar,12.0,1e-06,random,rand2,135,144,2.576741864850359e-08
p31,1000,tr,Full FD,scalar,12.0,1e-06,random,rand3,136,0,24.678595827385397
p31,1000,tr,Full FD,scalar,12.0,1e-06,random,rand3,136,1,12.723973036309564
p31,1000,tr,Full FD,scalar,12.0,1e-06,random,rand3,136,2,7.565798779431835
p31,1000,tr,Full FD,scalar,12.0,1e-06,random,rand3,136,3,7.701774601834275
p31,1000,tr,Full FD,scalar,12.0,1e-06,random,rand3,136,4,4.3530919831856825e-06
p31,1000,tr,Full FD,scalar,12.0,1e-06,random,rand3,136,5,1.7136826441583147e-05
p31,1000,tr,Full FD,scalar,12.0,1e-06,random,rand3,136,6,7.469225095894073
p31,1000,tr,Full FD,scalar,12.0,1e-06,random,rand3,136,7,6.823128802440292
p31,1000,tr,Full FD,scalar,12.0,1e-06,random,rand3,136,8,9.512694768841222e-06
p31,1000,tr,Full FD,scalar,12.0,1e-06,random,rand3,136,9,3.240948421819974e-06
p31,1000,tr,Full FD,scalar,12.0,1e-06,random,rand3,136,10,8.858911148868286e-06
p31,1000,tr,Full FD,scalar,12.0,1e-06,random,rand3,136,11,6.182285553960039
p31,1000,tr,Full FD,scalar,12.0,1e-06,random,rand3,136,12,2.9691208600307913e-06
p31,1000,tr,Full FD,scalar,12.0,1e-06,random,rand3,136,13,3.5781456117975277e-06
p31,1000,tr,Full FD,scalar,12.0,1e-06,random,rand3,136,14,5.148900907968704e-06
p31,1000,tr,Full FD,scalar,12.0,1e-06,random,rand3,136,15,5.6913478148872025
p31,1000,tr,Full FD,scalar,12.0,1e-06,random,rand3,136,16,7.864795962047444e-06
p31,1000,tr,Full FD,scalar,12.0,1e-06,random,rand3,136,17,2.9305318641504253e-05
p31,1000,tr,Full FD,scalar,12.0,1e-06,random,rand3,136,18,5.306638141647758
p31,1000,tr,Full FD,scalar,12.0,1e-06,random,rand3,136,19,6.710541177243793e-06
p31,1000,tr,Full FD,scalar,12.0,1e-06,random,rand3,136,20,5.005370044513942
p31,1000,tr,Full FD,scalar,12.0,1e-06,random,rand3,136,21,0.00012219316370562782
p31,1000,tr,Full FD,scalar,12.0,1e-06,random,rand3,136,22,9.420100981516266e-06
p31,1000,tr,Full FD,scalar,12.0,1e-06,random,rand3,136,23,4.791260559905673
p31,1000,tr,Full FD,scalar,12.0,1e-06,random,rand3,136,24,1.744393376063352e-05
p31,1000,tr,Full FD,scalar,12.0,1e-06,random,rand3,136,25,4.656664797720335
p31,1000,tr,Full FD,scalar,12.0,1e-06,random,rand3,136,26,4.587633352265656
p31,1000,tr,Full FD,scalar,12.0,1e-06,random,rand3,136,27,1.6491996464761357e-05
p31,1000,tr,Full FD,scalar,12.0,1e-06,random,rand3,136,28,1.517081751308684e-05
p31,1000,tr,Full FD,scalar,12.0,1e-06,random,rand3,136,29,7.826148109312408e-06
p31,1000,tr,Full FD,scalar,12.0,1e-06,random,rand3,136,30,4.572610929049291
p31,1000,tr,Full FD,scalar,12.0,1e-06,random,rand3,136,31,3.5074339861582524e-05
p31,1000,tr,Full FD,scalar,12.0,1e-06,random,rand3,136,32,2.7621686286842966
p31,1000,tr,Full FD,scalar,12.0,1e-06,random,rand3,136,33,1.0325828416836826
p31,1000,tr,Full FD,scalar,12.0,1e-06,random,rand3,136,34,1.0600765174923905
p31,1000,tr,Full FD,scalar,12.0,1e-06,random,rand3,136,35,2.1847388336912316e-05
p31,1000,tr,Full FD,scalar,12.0,1e-06,random,rand3,136,36,1.4139726361076482e-05
p31,1000,tr,Full FD,scalar,12.0,1e-06,random,rand3,136,37,7.350825538889441e-06
p31,1000,tr,Full FD,scalar,12.0,1e-06,random,rand3,136,38,1.1194414236332082
p31,1000,tr,Full FD,scalar,12.0,1e-06,random,rand3,136,39,2.1760324845247756e-05
p31,1000,tr,Full FD,scalar,12.0,1e-06,random,rand3,136,40,9.167097680124018e-06
p31,1000,tr,Full FD,scalar,12.0,1e-06,random,rand3,136,41,0.7254521965966926
p31,1000,tr,Full FD,scalar,12.0,1e-06,random,rand3,136,42,1.0929927206232931e-05
p31,1000,tr,Full FD,scalar,12.0,1e-06,random,rand3,136,43,3.659078316623035e-06
p31,1000,tr,Full FD,scalar,12.0,1e-06,random,rand3,136,44,0.3665050702254069
p31,1000,tr,Full FD,scalar,12.0,1e-06,random,rand3,136,45,4.4408641643529435e-06
p31,1000,tr,Full FD,scalar,12.0,1e-06,random,rand3,136,46,2.673756081776465e-06
p31,1000,tr,Full FD,scalar,12.0,1e-06,random,rand3,136,47,0.3828162213397413
p31,1000,tr,Full FD,scalar,12.0,1e-06,random,rand3,136,48,0.41368503868324086
p31,1000,tr,Full FD,scalar,12.0,1e-06,random,rand3,136,49,0.27506253493657556
p31,1000,tr,Full FD,scalar,12.0,1e-06,random,rand3,136,50,5.026050627172544e-07
p31,1000,tr,Full FD,scalar,12.0,1e-06,random,rand3,136,51,9.722685433521824e-07
p31,1000,tr,Full FD,scalar,12.0,1e-06,random,rand3,136,52,9.704563987538878e-06
p31,1000,tr,Full FD,scalar,12.0,1e-06,random,rand3,136,53,0.15905751471122723
p31,1000,tr,Full FD,scalar,12.0,1e-06,random,rand3,136,54,2.2166170215335354e-06
p31,1000,tr,Full FD,scalar,12.0,1e-06,random,rand3,136,55,0.16485695347456217
p31,1000,tr,Full FD,scalar,12.0,1e-06,random,rand3,136,56,0.1788622765891114
p31,1000,tr,Full FD,scalar,12.0,1e-06,random,rand3,136,57,3.645984932208985e-05
p31,1000,tr,Full FD,scalar,12.0,1e-06,random,rand3,136,58,8.139140419743708e-06
p31,1000,tr,Full FD,scalar,12.0,1e-06,random,rand3,136,59,6.74649332642438e-06
p31,1000,tr,Full FD,scalar,12.0,1e-06,random,rand3,136,60,0.12007736440170537
p31,1000,tr,Full FD,scalar,12.0,1e-06,random,rand3,136,61,0.07149438063212618
p31,1000,tr,Full FD,scalar,12.0,1e-06,random,rand3,136,62,1.2598801832306746e-05
p31,1000,tr,Full FD,scalar,12.0,1e-06,random,rand3,136,63,0.07454152316270019
p31,1000,tr,Full FD,scalar,12.0,1e-06,random,rand3,136,64,0.08180137646398027
p31,1000,tr,Full FD,scalar,12.0,1e-06,random,rand3,136,65,4.192961314646682e-06
p31,1000,tr,Full FD,scalar,12.0,1e-06,random,rand3,136,66,0.05556469449666576
p31,1000,tr,Full FD,scalar,12.0,1e-06,random,rand3,136,67,6.025876350377025e-06
p31,1000,tr,Full FD,scalar,12.0,1e-06,random,rand3,136,68,0.03237260158217687
p31,1000,tr,Full FD,scalar,12.0,1e-06,random,rand3,136,69,2.82468851179313e-06
p31,1000,tr,Full FD,scalar,12.0,1e-06,random,rand3,136,70,1.7008202811316373e-05
p31,1000,tr,Full FD,scalar,12.0,1e-06,random,rand3,136,71,2.7455488839160854e-06
p31,1000,tr,Full FD,scalar,12.0,1e-06,random,rand3,136,72,1.186727538245926e-05
p31,1000,tr,Full FD,scalar,12.0,1e-06,random,rand3,136,73,7.99263029170871e-06
p31,1000,tr,Full FD,scalar,12.0,1e-06,random,rand3,136,74,0.03444453413795475
p31,1000,tr,Full FD,scalar,12.0,1e-06,random,rand3,136,75,3.1252665409541186e-05
p31,1000,tr,Full FD,scalar,12.0,1e-06,random,rand3,136,76,0.023032071848245073
p31,1000,tr,Full FD,scalar,12.0,1e-06,random,rand3,136,77,3.185662893543197e-06
p31,1000,tr,Full FD,scalar,12.0,1e-06,random,rand3,136,78,6.78049630386167e-07
p31,1000,tr,Full FD,scalar,12.0,1e-06,random,rand3,136,79,1.3033772721974675e-06
p31,1000,tr,Full FD,scalar,12.0,1e-06,random,rand3,136,80,0.014436146495737488
p31,1000,tr,Full FD,scalar,12.0,1e-06,random,rand3,136,81,1.482164137025565e-05
p31,1000,tr,Full FD,scalar,12.0,1e-06,random,rand3,136,82,0.014828616667689889
p31,1000,tr,Full FD,scalar,12.0,1e-06,random,rand3,136,83,0.01621437528604515
p31,1000,tr,Full FD,scalar,12.0,1e-06,random,rand3,136,84,3.431455254264033e-05
p31,1000,tr,Full FD,scalar,12.0,1e-06,random,rand3,136,85,0.010988719647338814
p31,1000,tr,Full FD,scalar,12.0,1e-06,random,rand3,136,86,1.8374904945199954e-06
p31,1000,tr,Full FD,scalar,12.0,1e-06,random,rand3,136,87,0.006528793905898805
p31,1000,tr,Full FD,scalar,12.0,1e-06,random,rand3,136,88,1.480523780372085e-05
p31,1000,tr,Full FD,scalar,12.0,1e-06,random,rand3,136,89,4.7726257643471655e-06
p31,1000,tr,Full FD,scalar,12.0,1e-06,random,rand3,136,90,1.1670649856086388e-05
p31,1000,tr,Full FD,scalar,12.0,1e-06,random,rand3,136,91,0.0005135539689797061
p31,1000,tr,Full FD,scalar,12.0,1e-06,random,rand3,136,92,2.098883262837186e-06
p31,1000,tr,Full FD,scalar,12.0,1e-06,random,rand3,136,93,6.1655183154242815e-06
p31,1000,tr,Full FD,scalar,12.0,1e-06,random,rand3,136,94,8.758057949827118e-06
p31,1000,tr,Full FD,scalar,12.0,1e-06,random,rand3,136,95,0.005922435114391864
p31,1000,tr,Full FD,scalar,12.0,1e-06,random,rand3,136,96,0.006506140956347062
p31,1000,tr,Full FD,scalar,12.0,1e-06,random,rand3,136,97,6.22410766817043e-06
p31,1000,tr,Full FD,scalar,12.0,1e-06,random,rand3,136,98,7.1619278645900705e-06
p31,1000,tr,Full FD,scalar,12.0,1e-06,random,rand3,136,99,0.00442390604871919
p31,1000,tr,Full FD,scalar,12.0,1e-06,random,rand3,136,100,0.0026125847775004814
p31,1000,tr,Full FD,scalar,12.0,1e-06,random,rand3,136,101,0.0027976685799293733
p31,1000,tr,Full FD,scalar,12.0,1e-06,random,rand3,136,102,1.037741519506449e-05
p31,1000,tr,Full FD,scalar,12.0,1e-06,random,rand3,136,103,0.001870929419398829
p31,1000,tr,Full FD,scalar,12.0,1e-06,random,rand3,136,104,0.0011733957489612327
p31,1000,tr,Full FD,scalar,12.0,1e-06,random,rand3,136,105,0.0012163904607511834
p31,1000,tr,Full FD,scalar,12.0,1e-06,random,rand3,136,106,4.647887628866127e-06
p31,1000,tr,Full FD,scalar,12.0,1e-06,random,rand3,136,107,5.275662782073431e-06
p31,1000,tr,Full FD,scalar,12.0,1e-06,random,rand3,136,108,1.0381177601075225e-05
p31,1000,tr,Full FD,scalar,12.0,1e-06,random,rand3,136,109,5.4642576877780445e-06
p31,1000,tr,Full FD,scalar,12.0,1e-06,random,rand3,136,110,4.192464088683611e-06
p31,1000,tr,Full FD,scalar,12.0,1e-06,random,rand3,136,111,0.0012801461532528135
p31,1000,tr,Full FD,scalar,12.0,1e-06,random,rand3,136,112,0.0008728558792078294
p31,1000,tr,Full FD,scalar,12.0,1e-06,random,rand3,136,113,0.0005212770790433196
p31,1000,tr,Full FD,scalar,12.0,1e-06,random,rand3,136,114,8.9087801207819e-06
p31,1000,tr,Full FD,scalar,12.0,1e-06,random,rand3,136,115,3.6247795647554827e-06
p31,1000,tr,Full FD,scalar,12.0,1e-06,random,rand3,136,116,2.3551025094684647e-05
p31,1000,tr,Full FD,scalar,12.0,1e-06,random,rand3,136,117,0.0004901649553362253
p31,1000,tr,Full FD,scalar,12.0,1e-06,random,rand3,136,118,0.0005420734129532432
p31,1000,tr,Full FD,scalar,12.0,1e-06,random,rand3,136,119,9.491843525584142e-06
p31,1000,tr,Full FD,scalar,12.0,1e-06,random,rand3,136,120,1.1484293413576632e-05
p31,1000,tr,Full FD,scalar,12.0,1e-06,random,rand3,136,121,5.213558716647375e-06
p31,1000,tr,Full FD,scalar,12.0,1e-06,random,rand3,136,122,0.00033890146846550024
p31,1000,tr,Full FD,scalar,12.0,1e-06,random,rand3,136,123,0.00020271163595074403
p31,1000,tr,Full FD,scalar,12.0,1e-06,random,rand3,136,124,3.190924883955464e-06
p31,1000,tr,Full FD,scalar,12.0,1e-06,random,rand3,136,125,0.00021040718704335207
p31,1000,tr,Full FD,scalar,12.0,1e-06,random,rand3,136,126,0.00014110085118435148
p31,1000,tr,Full FD,scalar,12.0,1e-06,random,rand3,136,127,3.0860849682518734e-06
p31,1000,tr,Full FD,scalar,12.0,1e-06,random,rand3,136,128,8.621085554507531e-05
p31,1000,tr,Full FD,scalar,12.0,1e-06,random,rand3,136,129,8.749076637010879e-05
p31,1000,tr,Full FD,scalar,12.0,1e-06,random,rand3,136,130,9.499890651350287e-05
p31,1000,tr,Full FD,scalar,12.0,1e-06,random,rand3,136,131,1.2509249348967579e-05
p31,1000,tr,Full FD,scalar,12.0,1e-06,random,rand3,136,132,8.201351667496546e-05
p31,1000,tr,Full FD,scalar,12.0,1e-06,random,rand3,136,133,1.5804816598282964e-05
p31,1000,tr,Full FD,scalar,12.0,1e-06,random,rand3,136,134,6.109668691123036e-05
p31,1000,tr,Full FD,scalar,12.0,1e-06,random,rand3,136,135,1.054160438337653e-05
p31,1000,tr,Full FD,scalar,12.0,1e-06,random,rand3,136,136,3.912425087752654e-06
p31,1000,tr,Full FD,scalar,12.0,1e-06,random,rand3,136,137,6.634280877666924e-06
p31,1000,tr,Full FD,scalar,12.0,1e-06,random,rand3,136,138,2.7784719624474133e-05
p31,1000,tr,Full FD,scalar,12.0,1e-06,random,rand3,136,139,3.035456529265436e-05
p31,1000,tr,Full FD,scalar,12.0,1e-06,random,rand3,136,140,3.032755515902709e-05
p31,1000,tr,Full FD,scalar,12.0,1e-06,random,rand3,136,141,5.17700506571548e-06
p31,1000,tr,Full FD,scalar,12.0,1e-06,random,rand3,136,142,1.8267038975453524e-05
p31,1000,tr,Full FD,scalar,12.0,1e-06,random,rand3,136,143,4.978652545038791e-06
p31,1000,tr,Full FD,scalar,12.0,1e-06,random,rand3,136,144,9.12358193694023e-06
p31,1000,tr,Full FD,scalar,12.0,1e-06,random,rand3,136,145,3.621469762366281e-06
p31,1000,tr,Full FD,scalar,12.0,1e-06,random,rand3,136,146,2.5627545178911163e-06
p31,1000,tr,Full FD,scalar,12.0,1e-06,random,rand3,136,147,1.3893428620661832e-05
p31,1000,tr,Full FD,scalar,12.0,1e-06,random,rand3,136,148,3.984089017723453e-06
p31,1000,tr,Full FD,scalar,12.0,1e-06,random,rand3,136,149,5.434589474979992e-07
p31,1000,tr,Full FD,scalar,12.0,1e-06,random,rand3,136,150,1.1097159342907443e-07
p31,1000,tr,Full FD,scalar,12.0,1e-06,random,rand3,136,151,1.746304722328619e-07
p31,1000,tr,Full FD,scalar,12.0,1e-06,random,rand3,136,152,2.4290122675863223e-07
p31,1000,tr,Full FD,scalar,12.0,1e-06,random,rand3,136,153,1.7399019129904317e-07
p31,1000,tr,Full FD,scalar,12.0,1e-06,random,rand3,136,154,1.2989510575044024e-07
p31,1000,tr,Full FD,scalar,12.0,1e-06,random,rand3,136,155,9.556298579879222e-08
p31,1000,tr,Full FD,scalar,12.0,1e-06,random,rand3,136,156,1.0838005319569323e-07
p31,1000,tr,Full FD,scalar,12.0,1e-06,random,rand3,136,157,9.074432323134621e-08
p31,1000,tr,Full FD,scalar,12.0,1e-06,random,rand3,136,158,5.7969914517224716e-08
p31,1000,tr,Full FD,scalar,12.0,1e-06,random,rand4,137,0,24.677602217791865
p31,1000,tr,Full FD,scalar,12.0,1e-06,random,rand4,137,1,12.637910920956026
p31,1000,tr,Full FD,scalar,12.0,1e-06,random,rand4,137,2,2.6450950251827384e-06
p31,1000,tr,Full FD,scalar,12.0,1e-06,random,rand4,137,3,8.137771195157315
p31,1000,tr,Full FD,scalar,12.0,1e-06,random,rand4,137,4,8.504766196427802
p31,1000,tr,Full FD,scalar,12.0,1e-06,random,rand4,137,5,8.076380649600983
p31,1000,tr,Full FD,scalar,12.0,1e-06,random,rand4,137,6,7.0796889798570435
p31,1000,tr,Full FD,scalar,12.0,1e-06,random,rand4,137,7,5.838678028630284e-06
p31,1000,tr,Full FD,scalar,12.0,1e-06,random,rand4,137,8,6.174310190007098
p31,1000,tr,Full FD,scalar,12.0,1e-06,random,rand4,137,9,5.508166045095031
p31,1000,tr,Full FD,scalar,12.0,1e-06,random,rand4,137,10,5.040329184695265
p31,1000,tr,Full FD,scalar,12.0,1e-06,random,rand4,137,11,4.707853068473542
p31,1000,tr,Full FD,scalar,12.0,1e-06,random,rand4,137,12,4.476429646467639
p31,1000,tr,Full FD,scalar,12.0,1e-06,random,rand4,137,13,4.332432258530532
p31,1000,tr,Full FD,scalar,12.0,1e-06,random,rand4,137,14,5.193746399970312e-06
p31,1000,tr,Full FD,scalar,12.0,1e-06,random,rand4,137,15,4.26446523774282
p31,1000,tr,Full FD,scalar,12.0,1e-06,random,rand4,137,16,4.25862573261082
p31,1000,tr,Full FD,scalar,12.0,1e-06,random,rand4,137,17,6.719865386391263e-06
p31,1000,tr,Full FD,scalar,12.0,1e-06,random,rand4,137,18,1.7635098037720703e-05
p31,1000,tr,Full FD,scalar,12.0,1e-06,random,rand4,137,19,2.581437400143943
p31,1000,tr,Full FD,scalar,12.0,1e-06,random,rand4,137,20,4.58005292816852e-06
p31,1000,tr,Full FD,scalar,12.0,1e-06,random,rand4,137,21,4.0274634252030264e-05
p31,1000,tr,Full FD,scalar,12.0,1e-06,random,rand4,137,22,3.9009822947311146e-05
p31,1000,tr,Full FD,scalar,12.0,1e-06,random,rand4,137,23,3.923202211176691e-05
p31,1000,tr,Full FD,scalar,12.0,1e-06,random,rand4,137,24,4.549204040758541e-06
p31,1000,tr,Full FD,scalar,12.0,1e-06,random,rand4,137,25,0.9884497872032046
p31,1000,tr,Full FD,scalar,12.0,1e-06,random,rand4,137,26,1.0168420562459322
p31,1000,tr,Full FD,scalar,12.0,1e-06,random,rand4,137,27,1.0768651007060335
p31,1000,tr,Full FD,scalar,12.0,1e-06,random,rand4,137,28,4.151069112354785e-05
p31,1000,tr,Full FD,scalar,12.0,1e-06,random,rand4,137,29,0.700351589122948
p31,1000,tr,Full FD,scalar,12.0,1e-06,random,rand4,137,30,1.3575094926272356e-05
p31,1000,tr,Full FD,scalar,12.0,1e-06,random,rand4,137,31,3.019635350874228e-05
p31,1000,tr,Full FD,scalar,12.0,1e-06,random,rand4,137,32,0.36791187778796863
p31,1000,tr,Full FD,scalar,12.0,1e-06,random,rand4,137,33,0.38326190987644576
p31,1000,tr,Full FD,scalar,12.0,1e-06,random,rand4,137,34,3.0096478206120977e-05
p31,1000,tr,Full FD,scalar,12.0,1e-06,random,rand4,137,35,1.1360898687675478e-05
p31,1000,tr,Full FD,scalar,12.0,1e-06,random,rand4,137,36,6.280697954598973e-06
p31,1000,tr,Full FD,scalar,12.0,1e-06,random,rand4,137,37,0.4136680142749915
p31,1000,tr,Full FD,scalar,12.0,1e-06,random,rand4,137,38,1.2419635460855046e-05
p31,1000,tr,Full FD,scalar,12.0,1e-06,random,rand4,137,39,0.000344172311636645
p31,1000,tr,Full FD,scalar,12.0,1e-06,random,rand4,137,40,0.27481187490596115
p31,1000,tr,Full FD,scalar,12.0,1e-06,random,rand4,137,41,0.16690566743292318
p31,1000,tr,Full FD,scalar,12.0,1e-06,random,rand4,137,42,0.17145532886022433
p31,1000,tr,Full FD,scalar,12.0,1e-06,random,rand4,137,43,1.087410297815551e-05
p31,1000,tr,Full FD,scalar,12.0,1e-06,random,rand4,137,44,2.9064259036023093e-06
p31,1000,tr,Full FD,scalar,12.0,1e-06,random,rand4,137,45,0.1846389195946466
p31,1000,tr,Full FD,scalar,12.0,1e-06,random,rand4,137,46,0.12351228210952989
p31,1000,tr,Full FD,scalar,12.0,1e-06,random,rand4,137,47,0.07776763022917445
p31,1000,tr,Full FD,scalar,12.0,1e-06,random,rand4,137,48,0.07964653965683943
p31,1000,tr,Full FD,scalar,12.0,1e-06,random,rand4,137,49,0.08628040528715862
p31,1000,tr,Full FD,scalar,12.0,1e-06,random,rand4,137,50,0.05822168367408894
p31,1000,tr,Full FD,scalar,12.0,1e-06,random,rand4,137,51,2.8227336432979547e-06
p31,1000,tr,Full FD,scalar,12.0,1e-06,random,rand4,137,52,0.03572989527662649
p31,1000,tr,Full FD,scalar,12.0,1e-06,random,rand4,137,53,3.4301565456405416e-06
p31,1000,tr,Full FD,scalar,12.0,1e-06,random,rand4,137,54,0.03727458474439795
p31,1000,tr,Full FD,scalar,12.0,1e-06,random,rand4,137,55,1.5127973908765167e-05
p31,1000,tr,Full FD,scalar,12.0,1e-06,random,rand4,137,56,4.089227498435314e-05
p31,1000,tr,Full FD,scalar,12.0,1e-06,random,rand4,137,57,0.0409722151361605
p31,1000,tr,Full FD,scalar,12.0,1e-06,random,rand4,137,58,3.7467821987961176e-05
p31,1000,tr,Full FD,scalar,12.0,1e-06,random,rand4,137,59,0.027938080174744688
p31,1000,tr,Full FD,scalar,12.0,1e-06,random,rand4,137,60,0.016414692087752376
p31,1000,tr,Full FD,scalar,12.0,1e-06,random,rand4,137,61,4.262403758959313e-06
p31,1000,tr,Full FD,scalar,12.0,1e-06,random,rand4,137,62,5.925783480710904e-06
p31,1000,tr,Full FD,scalar,12.0,1e-06,random,rand4,137,63,2.821844466435636e-06
p31,1000,tr,Full FD,scalar,12.0,1e-06,random,rand4,137,64,2.4966479375298836e-06
p31,1000,tr,Full FD,scalar,12.0,1e-06,random,rand4,137,65,1.688364159344183e-05
p31,1000,tr,Full FD,scalar,12.0,1e-06,random,rand4,137,66,0.01755436070415598
p31,1000,tr,Full FD,scalar,12.0,1e-06,random,rand4,137,67,0.011825688792391386
p31,1000,tr,Full FD,scalar,12.0,1e-06,random,rand4,137,68,0.007382500661237461
p31,1000,tr,Full FD,scalar,12.0,1e-06,random,rand4,137,69,1.221692306046788e-05
p31,1000,tr,Full FD,scalar,12.0,1e-06,random,rand4,137,70,8.495370869636121e-06
p31,1000,tr,Full FD,scalar,12.0,1e-06,random,rand4,137,71,0.007634061284025203
p31,1000,tr,Full FD,scalar,12.0,1e-06,random,rand4,137,72,1.1934220924501423e-05
p31,1000,tr,Full FD,scalar,12.0,1e-06,random,rand4,137,73,0.008386439742932543
p31,1000,tr,Full FD,scalar,12.0,1e-06,random,rand4,137,74,0.0057358421137893205
p31,1000,tr,Full FD,scalar,12.0,1e-06,random,rand4,137,75,1.2477538686439607e-06
p31,1000,tr,Full FD,scalar,12.0,1e-06,random,rand4,137,76,0.0033795880448011725
p31,1000,tr,Full FD,scalar,12.0,1e-06,random,rand4,137,77,3.450714046293798e-06
p31,1000,tr,Full FD,scalar,12.0,1e-06,random,rand4,137,78,0.0036261657053466606
p31,1000,tr,Full FD,scalar,12.0,1e-06,random,rand4,137,79,4.128978743557749e-05
p31,1000,tr,Full FD,scalar,12.0,1e-06,random,rand4,137,80,0.0023974180161455754
p31,1000,tr,Full FD,scalar,12.0,1e-06,random,rand4,137,81,1.051292998931727e-05
p31,1000,tr,Full FD,scalar,12.0,1e-06,random,rand4,137,82,0.0014877583066780456
p31,1000,tr,Full FD,scalar,12.0,1e-06,random,rand4,137,83,9.314037070758084e-06
p31,1000,tr,Full FD,scalar,12.0,1e-06,random,rand4,137,84,0.0015261584551916811
p31,1000,tr,Full FD,scalar,12.0,1e-06,random,rand4,137,85,0.0016787336600752056
p31,1000,tr,Full FD,scalar,12.0,1e-06,random,rand4,137,86,2.406263006094706e-05
p31,1000,tr,Full FD,scalar,12.0,1e-06,random,rand4,137,87,3.586837705171199e-05
p31,1000,tr,Full FD,scalar,12.0,1e-06,random,rand4,137,88,4.449646364360301e-06
p31,1000,tr,Full FD,scalar,12.0,1e-06,random,rand4,137,89,0.0010678709155927497
p31,1000,tr,Full FD,scalar,12.0,1e-06,random,rand4,137,90,0.0006444487604282462
p31,1000,tr,Full FD,scalar,12.0,1e-06,random,rand4,137,91,8.631482282116259e-06
p31,1000,tr,Full FD,scalar,12.0,1e-06,random,rand4,137,92,0.0006689254228148542
p31,1000,tr,Full FD,scalar,12.0,1e-06,random,rand4,137,93,0.00044776915575105847
p31,1000,tr,Full FD,scalar,12.0,1e-06,random,rand4,137,94,0.0002890292561082124
p31,1000,tr,Full FD,scalar,12.0,1e-06,random,rand4,137,95,2.34122649555736e-05
p31,1000,tr,Full FD,scalar,12.0,1e-06,random,rand4,137,96,3.737450936493001e-06
p31,1000,tr,Full FD,scalar,12.0,1e-06,random,rand4,137,97,3.277517106988015e-06
p31,1000,tr,Full FD,scalar,12.0,1e-06,random,rand4,137,98,0.00024602872519155966
p31,1000,tr,Full FD,scalar,12.0,1e-06,random,rand4,137,99,0.00026057229381238673
p31,1000,tr,Full FD,scalar,12.0,1e-06,random,rand4,137,100,5.070660806712808e-06
p31,1000,tr,Full FD,scalar,12.0,1e-06,random,rand4,137,101,0.00028065004701113464
p31,1000,tr,Full FD,scalar,12.0,1e-06,random,rand4,137,102,0.00019308835417968588
p31,1000,tr,Full FD,scalar,12.0,1e-06,random,rand4,137,103,4.679593076472365e-06
p31,1000,tr,Full FD,scalar,12.0,1e-06,random,rand4,137,104,5.145694951366717e-06
p31,1000,tr,Full FD,scalar,12.0,1e-06,random,rand4,137,105,2.00303486732212e-06
p31,1000,tr,Full FD,scalar,12.0,1e-06,random,rand4,137,106,9.301861366158918e-05
p31,1000,tr,Full FD,scalar,12.0,1e-06,random,rand4,137,107,3.1858454622637546e-06
p31,1000,tr,Full FD,scalar,12.0,1e-06,random,rand4,137,108,9.222615601099387e-05
p31,1000,tr,Full FD,scalar,12.0,1e-06,random,rand4,137,109,0.00010188873919389038
p31,1000,tr,Full FD,scalar,12.0,1e-06,random,rand4,137,110,1.2450162960859099e-05
p31,1000,tr,Full FD,scalar,12.0,1e-06,random,rand4,137,111,5.436852266999396e-05
p31,1000,tr,Full FD,scalar,12.0,1e-06,random,rand4,137,112,3.425110799940175e-05
p31,1000,tr,Full FD,scalar,12.0,1e-06,random,rand4,137,113,3.985481830463621e-05
p31,1000,tr,Full FD,scalar,12.0,1e-06,random,rand4,137,114,2.8196596995458764e-05
p31,1000,tr,Full FD,scalar,12.0,1e-06,random,rand4,137,115,1.7543777291984447e-05
p31,1000,tr,Full FD,scalar,12.0,1e-06,random,rand4,137,116,1.8319781422306654e-06
p31,1000,tr,Full FD,scalar,12.0,1e-06,random,rand4,137,117,8.470754150349986e-06
p31,1000,tr,Full FD,scalar,12.0,1e-06,random,rand4,137,118,2.1080328569498752e-05
p31,1000,tr,Full FD,scalar,12.0,1e-06,random,rand4,137,119,5.390045804715784e-06
p31,1000,tr,Full FD,scalar,12.0,1e-06,random,rand4,137,120,1.198195816164515e-06
p31,1000,tr,Full FD,scalar,12.0,1e-06,random,rand4,137,121,3.049654251392493e-07
p31,1000,tr,Full FD,scalar,12.0,1e-06,random,rand4,137,122,1.0172754530562933e-05
p31,1000,tr,Full FD,scalar,12.0,1e-06,random,rand4,137,123,1.8237361434000458e-06
p31,1000,tr,Full FD,scalar,12.0,1e-06,random,rand4,137,124,9.877924027015085e-08
p31,1000,tr,Full FD,scalar,12.0,1e-06,random,rand4,137,125,9.99943165369316e-08
p31,1000,tr,Full FD,scalar,12.0,1e-06,random,rand4,137,126,6.740715584497407e-08
p31,1000,tr,Full FD,scalar,12.0,1e-06,random,rand4,137,127,1.6250319133726884e-07
p31,1000,tr,Full FD,scalar,12.0,1e-06,random,rand4,137,128,6.219001501883329e-08
p31,1000,tr,Full FD,scalar,12.0,1e-06,random,rand4,137,129,5.188914680015245e-08
p31,1000,tr,Full FD,scalar,12.0,1e-06,random,rand4,137,130,4.3729132594544896e-08
p31,1000,tr,Full FD,scalar,12.0,1e-06,random,rand4,137,131,5.1216649002164075e-08
p31,1000,tr,Full FD,scalar,12.0,1e-06,random,rand5,138,0,22.514631065431686
p31,1000,tr,Full FD,scalar,12.0,1e-06,random,rand5,138,1,1.5978122190755366e-06
p31,1000,tr,Full FD,scalar,12.0,1e-06,random,rand5,138,2,10.738917760314473
p31,1000,tr,Full FD,scalar,12.0,1e-06,random,rand5,138,3,2.1259583405809915e-06
p31,1000,tr,Full FD,scalar,12.0,1e-06,random,rand5,138,4,6.586349125715328
p31,1000,tr,Full FD,scalar,12.0,1e-06,random,rand5,138,5,4.19506107273088
p31,1000,tr,Full FD,scalar,12.0,1e-06,random,rand5,138,6,1.4956673889657694e-06
p31,1000,tr,Full FD,scalar,12.0,1e-06,random,rand5,138,7,2.1217001971113647
p31,1000,tr,Full FD,scalar,12.0,1e-06,random,rand5,138,8,3.1893946078189237e-06
p31,1000,tr,Full FD,scalar,12.0,1e-06,random,rand5,138,9,1.382503793583503
p31,1000,tr,Full FD,scalar,12.0,1e-06,random,rand5,138,10,5.086504485005097e-06
p31,1000,tr,Full FD,scalar,12.0,1e-06,random,rand5,138,11,3.504512579227042e-05
p31,1000,tr,Full FD,scalar,12.0,1e-06,random,rand5,138,12,0.8290216367794587
p31,1000,tr,Full FD,scalar,12.0,1e-06,random,rand5,138,13,1.231630083327609e-05
p31,1000,tr,Full FD,scalar,12.0,1e-06,random,rand5,138,14,0.8570242014563361
p31,1000,tr,Full FD,scalar,12.0,1e-06,random,rand5,138,15,5.9487876325232094e-06
p31,1000,tr,Full FD,scalar,12.0,1e-06,random,rand5,138,16,5.372706917953047e-05
p31,1000,tr,Full FD,scalar,12.0,1e-06,random,rand5,138,17,0.9211853299645597
p31,1000,tr,Full FD,scalar,12.0,1e-06,random,rand5,138,18,1.1042661123240716e-05
p31,1000,tr,Full FD,scalar,12.0,1e-06,random,rand5,138,19,1.0143806622863456
p31,1000,tr,Full FD,scalar,12.0,1e-06,random,rand5,138,20,0.6805534371985158
p31,1000,tr,Full FD,scalar,12.0,1e-06,random,rand5,138,21,0.4023679872536836
p31,1000,tr,Full FD,scalar,12.0,1e-06,random,rand5,138,22,0.4188252511879694
p31,1000,tr,Full FD,scalar,12.0,1e-06,random,rand5,138,23,2.9828919733680615e-06
p31,1000,tr,Full FD,scalar,12.0,1e-06,random,rand5,138,24,0.4528711081286709
p31,1000,tr,Full FD,scalar,12.0,1e-06,random,rand5,138,25,0.3022297966933471
p31,1000,tr,Full FD,scalar,12.0,1e-06,random,rand5,138,26,0.18790686231787704
p31,1000,tr,Full FD,scalar,12.0,1e-06,random,rand5,138,27,1.0804080902272739e-05
p31,1000,tr,Full FD,scalar,12.0,1e-06,random,rand5,138,28,4.1434461749590214e-05
p31,1000,tr,Full FD,scalar,12.0,1e-06,random,rand5,138,29,1.206684675542322e-05
p31,1000,tr,Full FD,scalar,12.0,1e-06,random,rand5,138,30,0.19184925759156798
p31,1000,tr,Full FD,scalar,12.0,1e-06,random,rand5,138,31,4.658107374828659e-06
p31,1000,tr,Full FD,scalar,12.0,1e-06,random,rand5,138,32,0.20645866315425487
p31,1000,tr,Full FD,scalar,12.0,1e-06,random,rand5,138,33,0.1382545794236937
p31,1000,tr,Full FD,scalar,12.0,1e-06,random,rand5,138,34,0.08541417364675832
p31,1000,tr,Full FD,scalar,12.0,1e-06,random,rand5,138,35,0.08794470525028371
p31,1000,tr,Full FD,scalar,12.0,1e-06,random,rand5,138,36,0.09580788671462545
p31,1000,tr,Full FD,scalar,12.0,1e-06,random,rand5,138,37,0.06486805470021961
p31,1000,tr,Full FD,scalar,12.0,1e-06,random,rand5,138,38,0.03862785093564764
p31,1000,tr,Full FD,scalar,12.0,1e-06,random,rand5,138,39,0.040786173900780945
p31,1000,tr,Full FD,scalar,12.0,1e-06,random,rand5,138,40,0.02717257917204688
p31,1000,tr,Full FD,scalar,12.0,1e-06,random,rand5,138,41,7.180295422897536e-06
p31,1000,tr,Full FD,scalar,12.0,1e-06,random,rand5,138,42,0.01740762355626242
p31,1000,tr,Full FD,scalar,12.0,1e-06,random,rand5,138,43,3.429115665689209e-05
p31,1000,tr,Full FD,scalar,12.0,1e-06,random,rand5,138,44,3.439484801144299e-05
p31,1000,tr,Full FD,scalar,12.0,1e-06,random,rand5,138,45,0.017599776310261227
p31,1000,tr,Full FD,scalar,12.0,1e-06,random,rand5,138,46,1.2172151218223605e-05
p31,1000,tr,Full FD,scalar,12.0,1e-06,random,rand5,138,47,1.0875118773156353e-05
p31,1000,tr,Full FD,scalar,12.0,1e-06,random,rand5,138,48,0.01905207077940096
p31,1000,tr,Full FD,scalar,12.0,1e-06,random,rand5,138,49,5.348880409771834e-06
p31,1000,tr,Full FD,scalar,12.0,1e-06,random,rand5,138,50,0.01290117100791427
p31,1000,tr,Full FD,scalar,12.0,1e-06,random,rand5,138,51,0.00779908993100884
p31,1000,tr,Full FD,scalar,12.0,1e-06,random,rand5,138,52,0.008221830251778492
p31,1000,tr,Full FD,scalar,12.0,1e-06,random,rand5,138,53,0.008004434660246834
p31,1000,tr,Full FD,scalar,12.0,1e-06,random,rand5,138,54,4.3065667699019415e-06
p31,1000,tr,Full FD,scalar,12.0,1e-06,random,rand5,138,55,0.004905914266664579
p31,1000,tr,Full FD,scalar,12.0,1e-06,random,rand5,138,56,0.0030435932771627696
p31,1000,tr,Full FD,scalar,12.0,1e-06,random,rand5,138,57,0.003169743674660092
p31,1000,tr,Full FD,scalar,12.0,1e-06,random,rand5,138,58,1.8881909737023965e-05
p31,1000,tr,Full FD,scalar,12.0,1e-06,random,rand5,138,59,5.112070468999559e-05
p31,1000,tr,Full FD,scalar,12.0,1e-06,random,rand5,138,60,7.865318195029861e-06
p31,1000,tr,Full FD,scalar,12.0,1e-06,random,rand5,138,61,7.91802492646593e-06
p31,1000,tr,Full FD,scalar,12.0,1e-06,random,rand5,138,62,3.485416589273184e-05
p31,1000,tr,Full FD,scalar,12.0,1e-06,random,rand5,138,63,0.003261545341440892
p31,1000,tr,Full FD,scalar,12.0,1e-06,random,rand5,138,64,8.95780649761115e-06
p31,1000,tr,Full FD,scalar,12.0,1e-06,random,rand5,138,65,0.0022127315206501037
p31,1000,tr,Full FD,scalar,12.0,1e-06,random,rand5,138,66,0.0013190094600665123
p31,1000,tr,Full FD,scalar,12.0,1e-06,random,rand5,138,67,0.0014073990912264614
p31,1000,tr,Full FD,scalar,12.0,1e-06,random,rand5,138,68,0.0009460300886057513
p31,1000,tr,Full FD,scalar,12.0,1e-06,random,rand5,138,69,0.0005976761714706501
p31,1000,tr,Full FD,scalar,12.0,1e-06,random,rand5,138,70,0.000617894674751545
p31,1000,tr,Full FD,scalar,12.0,1e-06,random,rand5,138,71,9.077551276340198e-05
p31,1000,tr,Full FD,scalar,12.0,1e-06,random,rand5,138,72,0.0005041643307614881
p31,1000,tr,Full FD,scalar,12.0,1e-06,random,rand5,138,73,0.0005605285498794334
p31,1000,tr,Full FD,scalar,12.0,1e-06,random,rand5,138,74,0.0003853558638447657
p31,1000,tr,Full FD,scalar,12.0,1e-06,random,rand5,138,75,2.9953608237958005e-05
p31,1000,tr,Full FD,scalar,12.0,1e-06,random,rand5,138,76,0.00017460497937827599
p31,1000,tr,Full FD,scalar,12.0,1e-06,random,rand5,138,77,0.00018115922240576033
p31,1000,tr,Full FD,scalar,12.0,1e-06,random,rand5,138,78,1.5580979196023334e-05
p31,1000,tr,Full FD,scalar,12.0,1e-06,random,rand5,138,79,0.00016919697710448541
p31,1000,tr,Full FD,scalar,12.0,1e-06,random,rand5,138,80,0.00011450643333541275
p31,1000,tr,Full FD,scalar,12.0,1e-06,random,rand5,138,81,7.084936863849022e-05
p31,1000,tr,Full FD,scalar,12.0,1e-06,random,rand5,138,82,2.8542659816298263e-06
p31,1000,tr,Full FD,scalar,12.0,1e-06,random,rand5,138,83,3.7059631264659774e-06
p31,1000,tr,Full FD,scalar,12.0,1e-06,random,rand5,138,84,3.753108736267402e-06
p31,1000,tr,Full FD,scalar,12.0,1e-06,random,rand5,138,85,5.181194921877027e-06
p31,1000,tr,Full FD,scalar,12.0,1e-06,random,rand5,138,86,4.883785644187637e-05
p31,1000,tr,Full FD,scalar,12.0,1e-06,random,rand5,138,87,5.0328385959937875e-05
p31,1000,tr,Full FD,scalar,12.0,1e-06,random,rand5,138,88,1.643241898004966e-05
p31,1000,tr,Full FD,scalar,12.0,1e-06,random,rand5,138,89,2.5287198855502235e-05
p31,1000,tr,Full FD,scalar,12.0,1e-06,random,rand5,138,90,2.2347963568000097e-05
p31,1000,tr,Full FD,scalar,12.0,1e-06,random,rand5,138,91,2.24663491525651e-05
p31,1000,tr,Full FD,scalar,12.0,1e-06,random,rand5,138,92,2.4648926508615358e-05
p31,1000,tr,Full FD,scalar,12.0,1e-06,random,rand5,138,93,2.3434021337036016e-05
p31,1000,tr,Full FD,scalar,12.0,1e-06,random,rand5,138,94,2.561628376838801e-06
p31,1000,tr,Full FD,scalar,12.0,1e-06,random,rand5,138,95,1.0605238016692186e-05
p31,1000,tr,Full FD,scalar,12.0,1e-06,random,rand5,138,96,3.7170096525695047e-06
p31,1000,tr,Full FD,scalar,12.0,1e-06,random,rand5,138,97,1.8515143342029007e-05
p31,1000,tr,Full FD,scalar,12.0,1e-06,random,rand5,138,98,3.11399278926873e-06
p31,1000,tr,Full FD,scalar,12.0,1e-06,random,rand5,138,99,1.1188532211906966e-06
p31,1000,tr,Full FD,scalar,12.0,1e-06,random,rand5,138,100,2.1478771307162457e-07
p31,1000,tr,Full FD,scalar,12.0,1e-06,random,rand5,138,101,1.8701217472608046e-07
p31,1000,tr,Full FD,scalar,12.0,1e-06,random,rand5,138,102,1.3256117627479495e-07
p31,1000,tr,Full FD,scalar,12.0,1e-06,random,rand5,138,103,9.041734149355457e-08
p31,1000,tr,Full FD,scalar,12.0,1e-06,random,rand5,138,104,3.8166092071476705e-07
p31,1000,tr,Full FD,scalar,12.0,1e-06,random,rand5,138,105,8.181511151693557e-08
p31,1000,tr,Full FD,scalar,12.0,1e-06,random,rand5,138,106,7.411586520833548e-08
p31,1000,tr,Full FD,scalar,12.0,1e-06,random,rand5,138,107,4.0918775950765706e-08
p31,1000,nm,Full FD,adaptive,4.0,1e-06,initial,xbar,139,0,6.337892604236794
p31,1000,nm,Full FD,adaptive,4.0,1e-06,initial,xbar,139,1,2.5035672769258808
p31,1000,nm,Full FD,adaptive,4.0,1e-06,initial,xbar,139,2,0.4357183904406521
p31,1000,nm,Full FD,adaptive,4.0,1e-06,initial,xbar,139,3,0.013764345873201168
p31,1000,nm,Full FD,adaptive,4.0,1e-06,initial,xbar,139,4,3.8849151013844896e-05
p31,1000,tr,Full FD,adaptive,4.0,1e-06,initial,xbar,139,0,6.038689704560237
p31,1000,tr,Full FD,adaptive,4.0,1e-06,initial,xbar,139,1,2.6898708678222274
p31,1000,tr,Full FD,adaptive,4.0,1e-06,initial,xbar,139,2,0.34141184139593816
p31,1000,tr,Full FD,adaptive,4.0,1e-06,initial,xbar,139,3,0.5107747146336902
p31,1000,tr,Full FD,adaptive,4.0,1e-06,initial,xbar,139,4,0.10848935626632039
p31,1000,tr,Full FD,adaptive,4.0,1e-06,initial,xbar,139,5,0.07256956259754956
p31,1000,tr,Full FD,adaptive,4.0,1e-06,initial,xbar,139,6,0.004592380924267639
p31,1000,tr,Full FD,adaptive,4.0,1e-06,initial,xbar,139,7,0.003241113858420551
p31,1000,tr,Full FD,adaptive,4.0,1e-06,initial,xbar,139,8,0.0009059876111631652
p31,1000,tr,Full FD,adaptive,4.0,1e-06,initial,xbar,139,9,4.935998035335193e-05
p31,1000,tr,Full FD,adaptive,4.0,1e-06,initial,xbar,139,10,3.4041995975504427e-06
p31,1000,nm,Full FD,adaptive,4.0,1e-06,random,rand1,140,0,15.421877156864934
p31,1000,nm,Full FD,adaptive,4.0,1e-06,random,rand1,140,1,8.310419809381639
p31,1000,nm,Full FD,adaptive,4.0,1e-06,random,rand1,140,2,4.929515965661029
p31,1000,nm,Full FD,adaptive,4.0,1e-06,random,rand1,140,3,2.0364872653568846
p31,1000,nm,Full FD,adaptive,4.0,1e-06,random,rand1,140,4,0.6497568288561524
p31,1000,nm,Full FD,adaptive,4.0,1e-06,random,rand1,140,5,0.16644021489704625
p31,1000,nm,Full FD,adaptive,4.0,1e-06,random,rand1,140,6,0.016646182107164988
p31,1000,nm,Full FD,adaptive,4.0,1e-06,random,rand1,140,7,0.00018773945703378685
p31,1000,tr,Full FD,adaptive,4.0,1e-06,random,rand1,140,0,10.390584880075007
p31,1000,tr,Full FD,adaptive,4.0,1e-06,random,rand1,140,1,7.088045321653444
p31,1000,tr,Full FD,adaptive,4.0,1e-06,random,rand1,140,2,4.869869955698007
p31,1000,tr,Full FD,adaptive,4.0,1e-06,random,rand1,140,3,3.0114456511907375
p31,1000,tr,Full FD,adaptive,4.0,1e-06,random,rand1,140,4,0.49770603032802246
p31,1000,tr,Full FD,adaptive,4.0,1e-06,random,rand1,140,5,0.35759767241084617
p31,1000,tr,Full FD,adaptive,4.0,1e-06,random,rand1,140,6,0.03285451729220061
p31,1000,tr,Full FD,adaptive,4.0,1e-06,random,rand1,140,7,0.019850804052405902
p31,1000,tr,Full FD,adaptive,4.0,1e-06,random,rand1,140,8,0.008668659261644328
p31,1000,tr,Full FD,adaptive,4.0,1e-06,random,rand1,140,9,0.0014038445558773476
p31,1000,tr,Full FD,adaptive,4.0,1e-06,random,rand1,140,10,0.000109585472537657
p31,1000,tr,Full FD,adaptive,4.0,1e-06,random,rand1,140,11,2.500152869333446e-06
p31,1000,nm,Full FD,adaptive,4.0,1e-06,random,rand2,141,0,15.586279728985868
p31,1000,nm,Full FD,adaptive,4.0,1e-06,random,rand2,141,1,8.36392733163953
p31,1000,nm,Full FD,adaptive,4.0,1e-06,random,rand2,141,2,4.958434483466078
p31,1000,nm,Full FD,adaptive,4.0,1e-06,random,rand2,141,3,2.073140299412565
p31,1000,nm,Full FD,adaptive,4.0,1e-06,random,rand2,141,4,0.6743132005082338
p31,1000,nm,Full FD,adaptive,4.0,1e-06,random,rand2,141,5,0.18556556865791812
p31,1000,nm,Full FD,adaptive,4.0,1e-06,random,rand2,141,6,0.026237665543356912
p31,1000,nm,Full FD,adaptive,4.0,1e-06,random,rand2,141,7,0.0006845349198133751
p31,1000,nm,Full FD,adaptive,4.0,1e-06,random,rand2,141,8,3.404707641792677e-07
p31,1000,tr,Full FD,adaptive,4.0,1e-06,random,rand2,141,0,10.15942442445219
p31,1000,tr,Full FD,adaptive,4.0,1e-06,random,rand2,141,1,7.186512106871512
p31,1000,tr,Full FD,adaptive,4.0,1e-06,random,rand2,141,2,4.88913749690362
p31,1000,tr,Full FD,adaptive,4.0,1e-06,random,rand2,141,3,3.0001848513663893
p31,1000,tr,Full FD,adaptive,4.0,1e-06,random,rand2,141,4,0.5450279702910871
p31,1000,tr,Full FD,adaptive,4.0,1e-06,random,rand2,141,5,0.41129159804953463
p31,1000,tr,Full FD,adaptive,4.0,1e-06,random,rand2,141,6,0.03918433418163029
p31,1000,tr,Full FD,adaptive,4.0,1e-06,random,rand2,141,7,0.02724909096580715
p31,1000,tr,Full FD,adaptive,4.0,1e-06,random,rand2,141,8,0.009215848647306438
p31,1000,tr,Full FD,adaptive,4.0,1e-06,random,rand2,141,9,0.004106672418875257
p31,1000,tr,Full FD,adaptive,4.0,1e-06,random,rand2,141,10,0.0007901686263950285
p31,1000,tr,Full FD,adaptive,4.0,1e-06,random,rand2,141,11,4.235423272226073e-05
p31,1000,tr,Full FD,adaptive,4.0,1e-06,random,rand2,141,12,1.7705989107465978e-06
p31,1000,nm,Full FD,adaptive,4.0,1e-06,random,rand3,142,0,16.641850149423515
p31,1000,nm,Full FD,adaptive,4.0,1e-06,random,rand3,142,1,8.61300848526495
p31,1000,nm,Full FD,adaptive,4.0,1e-06,random,rand3,142,2,5.200820963067583
p31,1000,nm,Full FD,adaptive,4.0,1e-06,random,rand3,142,3,2.2470205738029874
p31,1000,nm,Full FD,adaptive,4.0,1e-06,random,rand3,142,4,0.7674889627667921
p31,1000,nm,Full FD,adaptive,4.0,1e-06,random,rand3,142,5,0.2439272743594262
p31,1000,nm,Full FD,adaptive,4.0,1e-06,random,rand3,142,6,0.04843706871534055
p31,1000,nm,Full FD,adaptive,4.0,1e-06,random,rand3,142,7,0.002392002282618481
p31,1000,nm,Full FD,adaptive,4.0,1e-06,random,rand3,142,8,5.413461870819428e-06
p31,1000,tr,Full FD,adaptive,4.0,1e-06,random,rand3,142,0,10.652881958279968
p31,1000,tr,Full FD,adaptive,4.0,1e-06,random,rand3,142,1,6.948829002388727
p31,1000,tr,Full FD,adaptive,4.0,1e-06,random,rand3,142,2,4.834392027460461
p31,1000,tr,Full FD,adaptive,4.0,1e-06,random,rand3,142,3,2.3994404121258164
p31,1000,tr,Full FD,adaptive,4.0,1e-06,random,rand3,142,4,0.44447186942662614
p31,1000,tr,Full FD,adaptive,4.0,1e-06,random,rand3,142,5,1.3544519434983089
p31,1000,tr,Full FD,adaptive,4.0,1e-06,random,rand3,142,6,0.25623177938354486
p31,1000,tr,Full FD,adaptive,4.0,1e-06,random,rand3,142,7,0.0718080172631675
p31,1000,tr,Full FD,adaptive,4.0,1e-06,random,rand3,142,8,0.028256248204195106
p31,1000,tr,Full FD,adaptive,4.0,1e-06,random,rand3,142,9,0.0123524715057599
p31,1000,tr,Full FD,adaptive,4.0,1e-06,random,rand3,142,10,0.008146790452329274
p31,1000,tr,Full FD,adaptive,4.0,1e-06,random,rand3,142,11,0.0007504761769471721
p31,1000,tr,Full FD,adaptive,4.0,1e-06,random,rand3,142,12,0.0002244709037076277
p31,1000,tr,Full FD,adaptive,4.0,1e-06,random,rand3,142,13,6.905793336317188e-06
p31,1000,tr,Full FD,adaptive,4.0,1e-06,random,rand3,142,14,1.0388916841948714e-07
p31,1000,nm,Full FD,adaptive,4.0,1e-06,random,rand4,143,0,16.43016461613069
p31,1000,nm,Full FD,adaptive,4.0,1e-06,random,rand4,143,1,5.210751810954976
p31,1000,nm,Full FD,adaptive,4.0,1e-06,random,rand4,143,2,7.445940208405551
p31,1000,nm,Full FD,adaptive,4.0,1e-06,random,rand4,143,3,3.8249291130846768
p31,1000,nm,Full FD,adaptive,4.0,1e-06,random,rand4,143,4,1.4915953871279732
p31,1000,nm,Full FD,adaptive,4.0,1e-06,random,rand4,143,5,0.524262129411116
p31,1000,nm,Full FD,adaptive,4.0,1e-06,random,rand4,143,6,0.15769163560734495
p31,1000,nm,Full FD,adaptive,4.0,1e-06,random,rand4,143,7,0.020220346835459046
p31,1000,nm,Full FD,adaptive,4.0,1e-06,random,rand4,143,8,0.0003748771577517712
p31,1000,nm,Full FD,adaptive,4.0,1e-06,random,rand4,143,9,6.711044415905441e-08
p31,1000,tr,Full FD,adaptive,4.0,1e-06,random,rand4,143,0,10.610266137914325
p31,1000,tr,Full FD,adaptive,4.0,1e-06,random,rand4,143,1,7.163263210961074
p31,1000,tr,Full FD,adaptive,4.0,1e-06,random,rand4,143,2,4.900411819032666
p31,1000,tr,Full FD,adaptive,4.0,1e-06,random,rand4,143,3,2.4587844802737755
p31,1000,tr,Full FD,adaptive,4.0,1e-06,random,rand4,143,4,1.681511732419275
p31,1000,tr,Full FD,adaptive,4.0,1e-06,random,rand4,143,5,0.20970582815751582
p31,1000,tr,Full FD,adaptive,4.0,1e-06,random,rand4,143,6,0.20773946632841778
p31,1000,tr,Full FD,adaptive,4.0,1e-06,random,rand4,143,7,0.06222577022142414
p31,1000,tr,Full FD,adaptive,4.0,1e-06,random,rand4,143,8,0.025658904902389656
p31,1000,tr,Full FD,adaptive,4.0,1e-06,random,rand4,143,9,0.010894845000225374
p31,1000,tr,Full FD,adaptive,4.0,1e-06,random,rand4,143,10,0.00732839401426005
p31,1000,tr,Full FD,adaptive,4.0,1e-06,random,rand4,143,11,0.0005818519316478473
p31,1000,tr,Full FD,adaptive,4.0,1e-06,random,rand4,143,12,0.0001805127009290918
p31,1000,tr,Full FD,adaptive,4.0,1e-06,random,rand4,143,13,7.4544880652712155e-06
p31,1000,nm,Full FD,adaptive,4.0,1e-06,random,rand5,144,0,18.56929922181375
p31,1000,nm,Full FD,adaptive,4.0,1e-06,random,rand5,144,1,5.23499542091212
p31,1000,nm,Full FD,adaptive,4.0,1e-06,random,rand5,144,2,8.742037149662496
p31,1000,nm,Full FD,adaptive,4.0,1e-06,random,rand5,144,3,4.886483049227946
p31,1000,nm,Full FD,adaptive,4.0,1e-06,random,rand5,144,4,2.288286857318575
p31,1000,nm,Full FD,adaptive,4.0,1e-06,random,rand5,144,5,1.0273504652333303
p31,1000,nm,Full FD,adaptive,4.0,1e-06,random,rand5,144,6,0.42313104106066163
p31,1000,nm,Full FD,adaptive,4.0,1e-06,random,rand5,144,7,0.12262895192318518
p31,1000,nm,Full FD,adaptive,4.0,1e-06,random,rand5,144,8,0.01441707528980894
p31,1000,nm,Full FD,adaptive,4.0,1e-06,random,rand5,144,9,0.00021176368621103915
p31,1000,tr,Full FD,adaptive,4.0,1e-06,random,rand5,144,0,10.030880182311613
p31,1000,tr,Full FD,adaptive,4.0,1e-06,random,rand5,144,1,6.818540509061397
p31,1000,tr,Full FD,adaptive,4.0,1e-06,random,rand5,144,2,4.710855005181675
p31,1000,tr,Full FD,adaptive,4.0,1e-06,random,rand5,144,3,2.940481460213196
p31,1000,tr,Full FD,adaptive,4.0,1e-06,random,rand5,144,4,0.601293483110286
p31,1000,tr,Full FD,adaptive,4.0,1e-06,random,rand5,144,5,0.24017994418426322
p31,1000,tr,Full FD,adaptive,4.0,1e-06,random,rand5,144,6,0.1162772635569221
p31,1000,tr,Full FD,adaptive,4.0,1e-06,random,rand5,144,7,0.05230295980273921
p31,1000,tr,Full FD,adaptive,4.0,1e-06,random,rand5,144,8,0.026025337570004265
p31,1000,tr,Full FD,adaptive,4.0,1e-06,random,rand5,144,9,0.011752550677280968
p31,1000,tr,Full FD,adaptive,4.0,1e-06,random,rand5,144,10,0.0089976898990648
p31,1000,tr,Full FD,adaptive,4.0,1e-06,random,rand5,144,11,0.0004841820177183178
p31,1000,tr,Full FD,adaptive,4.0,1e-06,random,rand5,144,12,0.00020888991002862114
p31,1000,tr,Full FD,adaptive,4.0,1e-06,random,rand5,144,13,8.878677286516932e-06
p31,1000,tr,Full FD,adaptive,4.0,1e-06,random,rand5,144,14,5.4749584898709154e-08
p31,1000,nm,Full FD,adaptive,8.0,1e-06,initial,xbar,145,0,6.609917424232784
p31,1000,nm,Full FD,adaptive,8.0,1e-06,initial,xbar,145,1,2.5640986139875697
p31,1000,nm,Full FD,adaptive,8.0,1e-06,initial,xbar,145,2,0.12341576877580016
p31,1000,nm,Full FD,adaptive,8.0,1e-06,initial,xbar,145,3,0.0031430231530449517
p31,1000,nm,Full FD,adaptive,8.0,1e-06,initial,xbar,145,4,3.91553740888545e-06
p31,1000,tr,Full FD,adaptive,8.0,1e-06,initial,xbar,145,0,6.418159629425479
p31,1000,tr,Full FD,adaptive,8.0,1e-06,initial,xbar,145,1,1.7643269989788883
p31,1000,tr,Full FD,adaptive,8.0,1e-06,initial,xbar,145,2,0.6441734766710832
p31,1000,tr,Full FD,adaptive,8.0,1e-06,initial,xbar,145,3,1.0916757567957287
p31,1000,tr,Full FD,adaptive,8.0,1e-06,initial,xbar,145,4,0.771276527289517
p31,1000,tr,Full FD,adaptive,8.0,1e-06,initial,xbar,145,5,0.3010659559310483
p31,1000,tr,Full FD,adaptive,8.0,1e-06,initial,xbar,145,6,0.5295904820126408
p31,1000,tr,Full FD,adaptive,8.0,1e-06,initial,xbar,145,7,0.04698977157912011
p31,1000,tr,Full FD,adaptive,8.0,1e-06,initial,xbar,145,8,0.10088965891893935
p31,1000,tr,Full FD,adaptive,8.0,1e-06,initial,xbar,145,9,0.005509777366517603
p31,1000,tr,Full FD,adaptive,8.0,1e-06,initial,xbar,145,10,0.006171040314954283
p31,1000,tr,Full FD,adaptive,8.0,1e-06,initial,xbar,145,11,0.0022177851322909598
p31,1000,tr,Full FD,adaptive,8.0,1e-06,initial,xbar,145,12,0.0001753658744108598
p31,1000,tr,Full FD,adaptive,8.0,1e-06,initial,xbar,145,13,6.738695674884183e-06
p31,1000,tr,Full FD,adaptive,8.0,1e-06,initial,xbar,145,14,4.971598317690827e-08
p31,1000,nm,Full FD,adaptive,8.0,1e-06,random,rand1,146,0,0.0015772499965812574
p31,1000,nm,Full FD,adaptive,8.0,1e-06,random,rand1,146,1,0.0007942822586922872
p31,1000,nm,Full FD,adaptive,8.0,1e-06,random,rand1,146,2,0.0013125574530187581
p31,1000,nm,Full FD,adaptive,8.0,1e-06,random,rand1,146,3,0.001567397397873306
p31,1000,nm,Full FD,adaptive,8.0,1e-06,random,rand1,146,4,0.011180276405933618
p31,1000,nm,Full FD,adaptive,8.0,1e-06,random,rand1,146,5,2.1136479897437925
p31,1000,nm,Full FD,adaptive,8.0,1e-06,random,rand1,146,6,0.0015301525565516445
p31,1000,nm,Full FD,adaptive,8.0,1e-06,random,rand1,146,7,0.0034115084721356194
p31,1000,nm,Full FD,adaptive,8.0,1e-06,random,rand1,146,8,0.0034113340228477313
p31,1000,nm,Full FD,adaptive,8.0,1e-06,random,rand1,146,9,0.0013104634358971716
p31,1000,nm,Full FD,adaptive,8.0,1e-06,random,rand1,146,10,0.008347906017310674
p31,1000,nm,Full FD,adaptive,8.0,1e-06,random,rand1,146,11,0.0006449637968595337
p31,1000,nm,Full FD,adaptive,8.0,1e-06,random,rand1,146,12,0.0017572957907681505
p31,1000,nm,Full FD,adaptive,8.0,1e-06,random,rand1,146,13,1.9087104802157542
p31,1000,nm,Full FD,adaptive,8.0,1e-06,random,rand1,146,14,0.0033978818726433406
p31,1000,nm,Full FD,adaptive,8.0,1e-06,random,rand1,146,15,0.0033963607492318412
p31,1000,nm,Full FD,adaptive,8.0,1e-06,random,rand1,146,16,0.0018461403784035295
p31,1000,nm,Full FD,adaptive,8.0,1e-06,random,rand1,146,17,0.004320110843430427
p31,1000,nm,Full FD,adaptive,8.0,1e-06,random,rand1,146,18,0.0018368530947726403
p31,1000,nm,Full FD,adaptive,8.0,1e-06,random,rand1,146,19,0.015552950515158759
p31,1000,nm,Full FD,adaptive,8.0,1e-06,random,rand1,146,20,0.004945069068292044
p31,1000,nm,Full FD,adaptive,8.0,1e-06,random,rand1,146,21,0.0033894179595891525
p31,1000,nm,Full FD,adaptive,8.0,1e-06,random,rand1,146,22,0.007690668931776384
p31,1000,nm,Full FD,adaptive,8.0,1e-06,random,rand1,146,23,0.009975617794765357
p31,1000,nm,Full FD,adaptive,8.0,1e-06,random,rand1,146,24,0.01516985618375857
p31,1000,nm,Full FD,adaptive,8.0,1e-06,random,rand1,146,25,0.002363980822743564
p31,1000,nm,Full FD,adaptive,8.0,1e-06,random,rand1,146,26,0.002115927958111521
p31,1000,nm,Full FD,adaptive,8.0,1e-06,random,rand1,146,27,0.0020880088841952723
p31,1000,nm,Full FD,adaptive,8.0,1e-06,random,rand1,146,28,0.0024424466132483722
p31,1000,nm,Full FD,adaptive,8.0,1e-06,random,rand1,146,29,0.010960949946646913
p31,1000,nm,Full FD,adaptive,8.0,1e-06,random,rand1,146,30,0.0031612024869253305
p31,1000,nm,Full FD,adaptive,8.0,1e-06,random,rand1,146,31,0.004066865420515701
p31,1000,nm,Full FD,adaptive,8.0,1e-06,random,rand1,146,32,0.021296914486603678
p31,1000,nm,Full FD,adaptive,8.0,1e-06,random,rand1,146,33,0.009833071666197441
p31,1000,nm,Full FD,adaptive,8.0,1e-06,random,rand1,146,34,0.016552336172801437
p31,1000,nm,Full FD,adaptive,8.0,1e-06,random,rand1,146,35,0.003533247578322572
p31,1000,nm,Full FD,adaptive,8.0,1e-06,random,rand1,146,36,0.003264168446826899
p31,1000,nm,Full FD,adaptive,8.0,1e-06,random,rand1,146,37,0.002485724713751493
p31,1000,nm,Full FD,adaptive,8.0,1e-06,random,rand1,146,38,0.01533663822237685
p31,1000,nm,Full FD,adaptive,8.0,1e-06,random,rand1,146,39,0.0097997651948138
p31,1000,nm,Full FD,adaptive,8.0,1e-06,random,rand1,146,40,0.0029947765352455772
p31,1000,nm,Full FD,adaptive,8.0,1e-06,random,rand1,146,41,0.0026052958657483576
p31,1000,nm,Full FD,adaptive,8.0,1e-06,random,rand1,146,42,0.002721173976032309
p31,1000,nm,Full FD,adaptive,8.0,1e-06,random,rand1,146,43,0.009809837538108407
p31,1000,nm,Full FD,adaptive,8.0,1e-06,random,rand1,146,44,0.00979400060770069
p31,1000,nm,Full FD,adaptive,8.0,1e-06,random,rand1,146,45,0.009799654892398887
p31,1000,nm,Full FD,adaptive,8.0,1e-06,random,rand1,146,46,0.0026942059567211622
p31,1000,nm,Full FD,adaptive,8.0,1e-06,random,rand1,146,47,0.003329296401824139
p31,1000,nm,Full FD,adaptive,8.0,1e-06,random,rand1,146,48,0.0011169248047251193
p31,1000,nm,Full FD,adaptive,8.0,1e-06,random,rand1,146,49,0.0034145860687782646
p31,1000,nm,Full FD,adaptive,8.0,1e-06,random,rand1,146,50,0.0033273781636048625
p31,1000,nm,Full FD,adaptive,8.0,1e-06,random,rand1,146,51,0.003328645873784411
p31,1000,nm,Full FD,adaptive,8.0,1e-06,random,rand1,146,52,0.010895941752402495
p31,1000,nm,Full FD,adaptive,8.0,1e-06,random,rand1,146,53,0.0033265365097788348
p31,1000,nm,Full FD,adaptive,8.0,1e-06,random,rand1,146,54,0.0033246245817474657
p31,1000,nm,Full FD,adaptive,8.0,1e-06,random,rand1,146,55,0.00957549835114969
p31,1000,nm,Full FD,adaptive,8.0,1e-06,random,rand1,146,56,0.0014234194391570143
p31,1000,nm,Full FD,adaptive,8.0,1e-06,random,rand1,146,57,0.0014258409786025556
p31,1000,nm,Full FD,adaptive,8.0,1e-06,random,rand1,146,58,0.0014486797870501048
p31,1000,nm,Full FD,adaptive,8.0,1e-06,random,rand1,146,59,0.010855601080373409
p31,1000,nm,Full FD,adaptive,8.0,1e-06,random,rand1,146,60,0.012580336061137206
p31,1000,nm,Full FD,adaptive,8.0,1e-06,random,rand1,146,61,0.0013668880309796424
p31,1000,nm,Full FD,adaptive,8.0,1e-06,random,rand1,146,62,0.001251741183150629
p31,1000,nm,Full FD,adaptive,8.0,1e-06,random,rand1,146,63,0.01692302176510021
p31,1000,nm,Full FD,adaptive,8.0,1e-06,random,rand1,146,64,0.015010421325523486
p31,1000,nm,Full FD,adaptive,8.0,1e-06,random,rand1,146,65,0.0047819051310282
p31,1000,nm,Full FD,adaptive,8.0,1e-06,random,rand1,146,66,0.006104169035499414
p31,1000,nm,Full FD,adaptive,8.0,1e-06,random,rand1,146,67,0.003471735997417219
p31,1000,nm,Full FD,adaptive,8.0,1e-06,random,rand1,146,68,0.004039748744745911
p31,1000,nm,Full FD,adaptive,8.0,1e-06,random,rand1,146,69,0.0016521183686775494
p31,1000,nm,Full FD,adaptive,8.0,1e-06,random,rand1,146,70,0.0017520749254956466
p31,1000,nm,Full FD,adaptive,8.0,1e-06,random,rand1,146,71,0.033466130590472015
p31,1000,nm,Full FD,adaptive,8.0,1e-06,random,rand1,146,72,0.006952024612529035
p31,1000,nm,Full FD,adaptive,8.0,1e-06,random,rand1,146,73,0.0203224534503055
p31,1000,nm,Full FD,adaptive,8.0,1e-06,random,rand1,146,74,0.001304598275284939
p31,1000,nm,Full FD,adaptive,8.0,1e-06,random,rand1,146,75,0.015250708037030176
p31,1000,nm,Full FD,adaptive,8.0,1e-06,random,rand1,146,76,0.0018436203780111335
p31,1000,nm,Full FD,adaptive,8.0,1e-06,random,rand1,146,77,0.001396638188894389
p31,1000,nm,Full FD,adaptive,8.0,1e-06,random,rand1,146,78,0.0014115650296760579
p31,1000,nm,Full FD,adaptive,8.0,1e-06,random,rand1,146,79,0.001918939066119497
p31,1000,nm,Full FD,adaptive,8.0,1e-06,random,rand1,146,80,0.019925586047904197
p31,1000,nm,Full FD,adaptive,8.0,1e-06,random,rand1,146,81,0.02319476202422082
p31,1000,nm,Full FD,adaptive,8.0,1e-06,random,rand1,146,82,0.008333061633718442
p31,1000,nm,Full FD,adaptive,8.0,1e-06,random,rand1,146,83,0.004745474067150866
p31,1000,nm,Full FD,adaptive,8.0,1e-06,random,rand1,146,84,0.0016514571924783465
p31,1000,nm,Full FD,adaptive,8.0,1e-06,random,rand1,146,85,0.0013290560156536506
p31,1000,nm,Full FD,adaptive,8.0,1e-06,random,rand1,146,86,0.016077569041127997
p31,1000,nm,Full FD,adaptive,8.0,1e-06,random,rand1,146,87,0.0017862350418551094
p31,1000,nm,Full FD,adaptive,8.0,1e-06,random,rand1,146,88,0.007140573353476644
p31,1000,nm,Full FD,adaptive,8.0,1e-06,random,rand1,146,89,0.0023689218143468894
p31,1000,nm,Full FD,adaptive,8.0,1e-06,random,rand1,146,90,0.0019115491843470435
p31,1000,nm,Full FD,adaptive,8.0,1e-06,random,rand1,146,91,0.0022018599940753893
p31,1000,nm,Full FD,adaptive,8.0,1e-06,random,rand1,146,92,0.011703592818688945
p31,1000,nm,Full FD,adaptive,8.0,1e-06,random,rand1,146,93,0.017162701509774853
p31,1000,nm,Full FD,adaptive,8.0,1e-06,random,rand1,146,94,0.002056888688051176
p31,1000,nm,Full FD,adaptive,8.0,1e-06,random,rand1,146,95,0.0020702311795227205
p31,1000,nm,Full FD,adaptive,8.0,1e-06,random,rand1,146,96,0.0045839626203136525
p31,1000,nm,Full FD,adaptive,8.0,1e-06,random,rand1,146,97,0.013790075409851117
p31,1000,nm,Full FD,adaptive,8.0,1e-06,random,rand1,146,98,0.028086596311913375
p31,1000,nm,Full FD,adaptive,8.0,1e-06,random,rand1,146,99,0.026765696171018885
p31,1000,nm,Full FD,adaptive,8.0,1e-06,random,rand1,146,100,0.010519502693874567
p31,1000,nm,Full FD,adaptive,8.0,1e-06,random,rand1,146,101,0.01013938000906281
p31,1000,nm,Full FD,adaptive,8.0,1e-06,random,rand1,146,102,0.005942285321536989
p31,1000,nm,Full FD,adaptive,8.0,1e-06,random,rand1,146,103,0.0018988035911178857
p31,1000,nm,Full FD,adaptive,8.0,1e-06,random,rand1,146,104,0.00777199338928186
p31,1000,nm,Full FD,adaptive,8.0,1e-06,random,rand1,146,105,0.0012320999530345174
p31,1000,nm,Full FD,adaptive,8.0,1e-06,random,rand1,146,106,0.01750088200691399
p31,1000,nm,Full FD,adaptive,8.0,1e-06,random,rand1,146,107,0.0031109704052937185
p31,1000,nm,Full FD,adaptive,8.0,1e-06,random,rand1,146,108,0.010230722153514026
p31,1000,nm,Full FD,adaptive,8.0,1e-06,random,rand1,146,109,0.01974935686203687
p31,1000,nm,Full FD,adaptive,8.0,1e-06,random,rand1,146,110,0.006836630618751294
p31,1000,nm,Full FD,adaptive,8.0,1e-06,random,rand1,146,111,0.003688339320896533
p31,1000,nm,Full FD,adaptive,8.0,1e-06,random,rand1,146,112,0.005219350526383996
p31,1000,nm,Full FD,adaptive,8.0,1e-06,random,rand1,146,113,0.029893892113596728
p31,1000,nm,Full FD,adaptive,8.0,1e-06,random,rand1,146,114,0.001844364413714555
p31,1000,nm,Full FD,adaptive,8.0,1e-06,random,rand1,146,115,0.010396430208566352
p31,1000,nm,Full FD,adaptive,8.0,1e-06,random,rand1,146,116,0.0074242792202163935
p31,1000,nm,Full FD,adaptive,8.0,1e-06,random,rand1,146,117,0.003705501087207347
p31,1000,nm,Full FD,adaptive,8.0,1e-06,random,rand1,146,118,0.003753799169873265
p31,1000,nm,Full FD,adaptive,8.0,1e-06,random,rand1,146,119,0.006297112032404814
p31,1000,nm,Full FD,adaptive,8.0,1e-06,random,rand1,146,120,0.016389312169743216
p31,1000,nm,Full FD,adaptive,8.0,1e-06,random,rand1,146,121,0.003959195786980058
p31,1000,nm,Full FD,adaptive,8.0,1e-06,random,rand1,146,122,0.010354637457510496
p31,1000,nm,Full FD,adaptive,8.0,1e-06,random,rand1,146,123,0.006765011520606272
p31,1000,nm,Full FD,adaptive,8.0,1e-06,random,rand1,146,124,0.010330802670618892
p31,1000,nm,Full FD,adaptive,8.0,1e-06,random,rand1,146,125,0.007435234841890505
p31,1000,nm,Full FD,adaptive,8.0,1e-06,random,rand1,146,126,0.003957086128383769
p31,1000,nm,Full FD,adaptive,8.0,1e-06,random,rand1,146,127,0.020154581223307138
p31,1000,nm,Full FD,adaptive,8.0,1e-06,random,rand1,146,128,0.00781920839592121
p31,1000,nm,Full FD,adaptive,8.0,1e-06,random,rand1,146,129,0.004299220032748276
p31,1000,nm,Full FD,adaptive,8.0,1e-06,random,rand1,146,130,0.025011888613188277
p31,1000,nm,Full FD,adaptive,8.0,1e-06,random,rand1,146,131,0.025824644449758148
p31,1000,nm,Full FD,adaptive,8.0,1e-06,random,rand1,146,132,0.007954824843249867
p31,1000,nm,Full FD,adaptive,8.0,1e-06,random,rand1,146,133,0.004879210623390662
p31,1000,nm,Full FD,adaptive,8.0,1e-06,random,rand1,146,134,0.019644050050817877
p31,1000,nm,Full FD,adaptive,8.0,1e-06,random,rand1,146,135,0.00404351847338071
p31,1000,nm,Full FD,adaptive,8.0,1e-06,random,rand1,146,136,0.017706199045038406
p31,1000,nm,Full FD,adaptive,8.0,1e-06,random,rand1,146,137,0.02231204830331583
p31,1000,nm,Full FD,adaptive,8.0,1e-06,random,rand1,146,138,0.007103246054207508
p31,1000,nm,Full FD,adaptive,8.0,1e-06,random,rand1,146,139,0.0046984531685261045
p31,1000,nm,Full FD,adaptive,8.0,1e-06,random,rand1,146,140,0.008855497631308742
p31,1000,nm,Full FD,adaptive,8.0,1e-06,random,rand1,146,141,0.0156760206191987
p31,1000,nm,Full FD,adaptive,8.0,1e-06,random,rand1,146,142,0.024994230346701046
p31,1000,nm,Full FD,adaptive,8.0,1e-06,random,rand1,146,143,0.009107281578465725
p31,1000,nm,Full FD,adaptive,8.0,1e-06,random,rand1,146,144,0.02771792809735828
p31,1000,nm,Full FD,adaptive,8.0,1e-06,random,rand1,146,145,0.03016356732134882
p31,1000,nm,Full FD,adaptive,8.0,1e-06,random,rand1,146,146,0.005501922319574461
p31,1000,nm,Full FD,adaptive,8.0,1e-06,random,rand1,146,147,0.011378011757624883
p31,1000,nm,Full FD,adaptive,8.0,1e-06,random,rand1,146,148,0.024433125566614915
p31,1000,nm,Full FD,adaptive,8.0,1e-06,random,rand1,146,149,0.030566688424353266
p31,1000,nm,Full FD,adaptive,8.0,1e-06,random,rand1,146,150,0.007905720624031358
p31,1000,nm,Full FD,adaptive,8.0,1e-06,random,rand1,146,151,0.008115991358153161
p31,1000,nm,Full FD,adaptive,8.0,1e-06,random,rand1,146,152,0.016286194370591575
p31,1000,nm,Full FD,adaptive,8.0,1e-06,random,rand1,146,153,0.011957754302020191
p31,1000,nm,Full FD,adaptive,8.0,1e-06,random,rand1,146,154,0.011648933345854515
p31,1000,nm,Full FD,adaptive,8.0,1e-06,random,rand1,146,155,0.008780280664858269
p31,1000,nm,Full FD,adaptive,8.0,1e-06,random,rand1,146,156,0.003956773587427425
p31,1000,nm,Full FD,adaptive,8.0,1e-06,random,rand1,146,157,0.009398082082830909
p31,1000,nm,Full FD,adaptive,8.0,1e-06,random,rand1,146,158,0.03226898831900073
p31,1000,nm,Full FD,adaptive,8.0,1e-06,random,rand1,146,159,0.019204319338015228
p31,1000,nm,Full FD,adaptive,8.0,1e-06,random,rand1,146,160,0.011751330174170198
p31,1000,nm,Full FD,adaptive,8.0,1e-06,random,rand1,146,161,0.013375706826593985
p31,1000,nm,Full FD,adaptive,8.0,1e-06,random,rand1,146,162,0.034659685277831344
p31,1000,nm,Full FD,adaptive,8.0,1e-06,random,rand1,146,163,0.02398919377785086
p31,1000,nm,Full FD,adaptive,8.0,1e-06,random,rand1,146,164,0.01635060328986884
p31,1000,nm,Full FD,adaptive,8.0,1e-06,random,rand1,146,165,0.018649556772952634
p31,1000,nm,Full FD,adaptive,8.0,1e-06,random,rand1,146,166,0.05116213849429737
p31,1000,nm,Full FD,adaptive,8.0,1e-06,random,rand1,146,167,0.02370558408214739
p31,1000,nm,Full FD,adaptive,8.0,1e-06,random,rand1,146,168,0.008039256056921101
p31,1000,nm,Full FD,adaptive,8.0,1e-06,random,rand1,146,169,0.010516231330286428
p31,1000,nm,Full FD,adaptive,8.0,1e-06,random,rand1,146,170,0.09004986953914224
p31,1000,nm,Full FD,adaptive,8.0,1e-06,random,rand1,146,171,0.037842165591091416
p31,1000,nm,Full FD,adaptive,8.0,1e-06,random,rand1,146,172,0.011363760838182791
p31,1000,nm,Full FD,adaptive,8.0,1e-06,random,rand1,146,173,0.020390114427208582
p31,1000,nm,Full FD,adaptive,8.0,1e-06,random,rand1,146,174,0.01854312929415592
p31,1000,nm,Full FD,adaptive,8.0,1e-06,random,rand1,146,175,0.019388459752395507
p31,1000,nm,Full FD,adaptive,8.0,1e-06,random,rand1,146,176,0.01735413057213502
p31,1000,nm,Full FD,adaptive,8.0,1e-06,random,rand1,146,177,0.03401595677128445
p31,1000,nm,Full FD,adaptive,8.0,1e-06,random,rand1,146,178,0.04051182211075528
p31,1000,nm,Full FD,adaptive,8.0,1e-06,random,rand1,146,179,0.031426143375297116
p31,1000,nm,Full FD,adaptive,8.0,1e-06,random,rand1,146,180,0.017119133921693685
p31,1000,nm,Full FD,adaptive,8.0,1e-06,random,rand1,146,181,0.027449489123298098
p31,1000,nm,Full FD,adaptive,8.0,1e-06,random,rand1,146,182,0.0671166820335233
p31,1000,nm,Full FD,adaptive,8.0,1e-06,random,rand1,146,183,0.026221677774571607
p31,1000,nm,Full FD,adaptive,8.0,1e-06,random,rand1,146,184,0.017362179357177855
p31,1000,nm,Full FD,adaptive,8.0,1e-06,random,rand1,146,185,0.060185502685256756
p31,1000,nm,Full FD,adaptive,8.0,1e-06,random,rand1,146,186,0.05497253181014319
p31,1000,nm,Full FD,adaptive,8.0,1e-06,random,rand1,146,187,0.023364242378909876
p31,1000,nm,Full FD,adaptive,8.0,1e-06,random,rand1,146,188,0.0293453788168697
p31,1000,nm,Full FD,adaptive,8.0,1e-06,random,rand1,146,189,0.03566186922200952
p31,1000,nm,Full FD,adaptive,8.0,1e-06,random,rand1,146,190,0.02858203073852619
p31,1000,nm,Full FD,adaptive,8.0,1e-06,random,rand1,146,191,0.0270484110409399
p31,1000,nm,Full FD,adaptive,8.0,1e-06,random,rand1,146,192,0.028499363310822486
p31,1000,nm,Full FD,adaptive,8.0,1e-06,random,rand1,146,193,0.03151386154271413
p31,1000,nm,Full FD,adaptive,8.0,1e-06,random,rand1,146,194,0.04433922449841577
p31,1000,nm,Full FD,adaptive,8.0,1e-06,random,rand1,146,195,0.016604354203630656
p31,1000,nm,Full FD,adaptive,8.0,1e-06,random,rand1,146,196,0.022630897114638424
p31,1000,nm,Full FD,adaptive,8.0,1e-06,random,rand1,146,197,0.017479551746525844
p31,1000,nm,Full FD,adaptive,8.0,1e-06,random,rand1,146,198,0.02601482827649489
p31,1000,nm,Full FD,adaptive,8.0,1e-06,random,rand1,146,199,0.0912235490375722
p31,1000,nm,Full FD,adaptive,8.0,1e-06,random,rand1,146,200,0.03601813089508933
p31,1000,nm,Full FD,adaptive,8.0,1e-06,random,rand1,146,201,0.019565157993642775
p31,1000,nm,Full FD,adaptive,8.0,1e-06,random,rand1,146,202,0.10931855808376924
p31,1000,nm,Full FD,adaptive,8.0,1e-06,random,rand1,146,203,0.03131096282775963
p31,1000,nm,Full FD,adaptive,8.0,1e-06,random,rand1,146,204,0.04175169840251545
p31,1000,nm,Full FD,adaptive,8.0,1e-06,random,rand1,146,205,0.059028915734524526
p31,1000,nm,Full FD,adaptive,8.0,1e-06,random,rand1,146,206,0.10604131925161416
p31,1000,nm,Full FD,adaptive,8.0,1e-06,random,rand1,146,207,0.04302100426819428
p31,1000,nm,Full FD,adaptive,8.0,1e-06,random,rand1,146,208,0.08541948985059189
p31,1000,nm,Full FD,adaptive,8.0,1e-06,random,rand1,146,209,0.04400720006652063
p31,1000,nm,Full FD,adaptive,8.0,1e-06,random,rand1,146,210,0.04943683239692835
p31,1000,nm,Full FD,adaptive,8.0,1e-06,random,rand1,146,211,0.04475444472828593
p31,1000,nm,Full FD,adaptive,8.0,1e-06,random,rand1,146,212,0.1146605790285523
p31,1000,nm,Full FD,adaptive,8.0,1e-06,random,rand1,146,213,0.1084783836822801
p31,1000,nm,Full FD,adaptive,8.0,1e-06,random,rand1,146,214,0.14679786430305217
p31,1000,nm,Full FD,adaptive,8.0,1e-06,random,rand1,146,215,0.06414277054606829
p31,1000,nm,Full FD,adaptive,8.0,1e-06,random,rand1,146,216,0.06641571217552626
p31,1000,nm,Full FD,adaptive,8.0,1e-06,random,rand1,146,217,0.09124328657502265
p31,1000,nm,Full FD,adaptive,8.0,1e-06,random,rand1,146,218,0.10895913683735317
p31,1000,nm,Full FD,adaptive,8.0,1e-06,random,rand1,146,219,0.07342141296961405
p31,1000,nm,Full FD,adaptive,8.0,1e-06,random,rand1,146,220,0.053245808490451324
p31,1000,nm,Full FD,adaptive,8.0,1e-06,random,rand1,146,221,0.1635457169543134
p31,1000,nm,Full FD,adaptive,8.0,1e-06,random,rand1,146,222,0.10761676679409383
p31,1000,nm,Full FD,adaptive,8.0,1e-06,random,rand1,146,223,0.11475054625753044
p31,1000,nm,Full FD,adaptive,8.0,1e-06,random,rand1,146,224,0.08487450669805592
p31,1000,nm,Full FD,adaptive,8.0,1e-06,random,rand1,146,225,0.13310133379233513
p31,1000,nm,Full FD,adaptive,8.0,1e-06,random,rand1,146,226,0.09025965300424971
p31,1000,nm,Full FD,adaptive,8.0,1e-06,random,rand1,146,227,0.09213182379376765
p31,1000,nm,Full FD,adaptive,8.0,1e-06,random,rand1,146,228,0.12245438606529462
p31,1000,nm,Full FD,adaptive,8.0,1e-06,random,rand1,146,229,0.09482550426245659
p31,1000,nm,Full FD,adaptive,8.0,1e-06,random,rand1,146,230,0.11331743458206608
p31,1000,nm,Full FD,adaptive,8.0,1e-06,random,rand1,146,231,0.21207930159379662
p31,1000,nm,Full FD,adaptive,8.0,1e-06,random,rand1,146,232,0.12285675780178795
p31,1000,nm,Full FD,adaptive,8.0,1e-06,random,rand1,146,233,0.15050620172596596
p31,1000,nm,Full FD,adaptive,8.0,1e-06,random,rand1,146,234,0.10067128404576044
p31,1000,nm,Full FD,adaptive,8.0,1e-06,random,rand1,146,235,0.3244480524791475
p31,1000,nm,Full FD,adaptive,8.0,1e-06,random,rand1,146,236,0.26514278867855684
p31,1000,nm,Full FD,adaptive,8.0,1e-06,random,rand1,146,237,0.2272997213652436
p31,1000,nm,Full FD,adaptive,8.0,1e-06,random,rand1,146,238,0.4502052399509457
p31,1000,nm,Full FD,adaptive,8.0,1e-06,random,rand1,146,239,0.08630649891937646
p31,1000,nm,Full FD,adaptive,8.0,1e-06,random,rand1,146,240,0.3189755502374829
p31,1000,nm,Full FD,adaptive,8.0,1e-06,random,rand1,146,241,0.47217593701204175
p31,1000,nm,Full FD,adaptive,8.0,1e-06,random,rand1,146,242,0.14720669690525867
p31,1000,nm,Full FD,adaptive,8.0,1e-06,random,rand1,146,243,0.17548244678153788
p31,1000,nm,Full FD,adaptive,8.0,1e-06,random,rand1,146,244,0.43541649601677285
p31,1000,nm,Full FD,adaptive,8.0,1e-06,random,rand1,146,245,0.15199865710962573
p31,1000,nm,Full FD,adaptive,8.0,1e-06,random,rand1,146,246,0.35273424871710907
p31,1000,nm,Full FD,adaptive,8.0,1e-06,random,rand1,146,247,0.10787884904927872
p31,1000,nm,Full FD,adaptive,8.0,1e-06,random,rand1,146,248,0.2761400067358907
p31,1000,nm,Full FD,adaptive,8.0,1e-06,random,rand1,146,249,0.184175475864991
p31,1000,nm,Full FD,adaptive,8.0,1e-06,random,rand1,146,250,0.8525655800021673
p31,1000,nm,Full FD,adaptive,8.0,1e-06,random,rand1,146,251,0.24936471396480578
p31,1000,nm,Full FD,adaptive,8.0,1e-06,random,rand1,146,252,0.6751206335469513
p31,1000,nm,Full FD,adaptive,8.0,1e-06,random,rand1,146,253,0.6267270885676868
p31,1000,nm,Full FD,adaptive,8.0,1e-06,random,rand1,146,254,0.11564652064531099
p31,1000,nm,Full FD,adaptive,8.0,1e-06,random,rand1,146,255,0.12531733725768024
p31,1000,nm,Full FD,adaptive,8.0,1e-06,random,rand1,146,256,0.8581996771610789
p31,1000,nm,Full FD,adaptive,8.0,1e-06,random,rand1,146,257,0.5204546281327086
p31,1000,nm,Full FD,adaptive,8.0,1e-06,random,rand1,146,258,0.4397792860328254
p31,1000,nm,Full FD,adaptive,8.0,1e-06,random,rand1,146,259,1.3563447622977844
p31,1000,nm,Full FD,adaptive,8.0,1e-06,random,rand1,146,260,0.07498881412142246
p31,1000,nm,Full FD,adaptive,8.0,1e-06,random,rand1,146,261,0.06950471846166614
p31,1000,nm,Full FD,adaptive,8.0,1e-06,random,rand1,146,262,0.2127571853329858
p31,1000,nm,Full FD,adaptive,8.0,1e-06,random,rand1,146,263,1.575034595924944
p31,1000,nm,Full FD,adaptive,8.0,1e-06,random,rand1,146,264,1.0708425713093572
p31,1000,nm,Full FD,adaptive,8.0,1e-06,random,rand1,146,265,0.7105323012126747
p31,1000,nm,Full FD,adaptive,8.0,1e-06,random,rand1,146,266,0.5642100381333985
p31,1000,nm,Full FD,adaptive,8.0,1e-06,random,rand1,146,267,1.566597070455022
p31,1000,nm,Full FD,adaptive,8.0,1e-06,random,rand1,146,268,0.28519317162907215
p31,1000,nm,Full FD,adaptive,8.0,1e-06,random,rand1,146,269,1.3552198942197706
p31,1000,nm,Full FD,adaptive,8.0,1e-06,random,rand1,146,270,1.8649918107205237
p31,1000,nm,Full FD,adaptive,8.0,1e-06,random,rand1,146,271,0.47001801480030037
p31,1000,nm,Full FD,adaptive,8.0,1e-06,random,rand1,146,272,0.2572864223674824
p31,1000,nm,Full FD,adaptive,8.0,1e-06,random,rand1,146,273,0.03372664484162195
p31,1000,nm,Full FD,adaptive,8.0,1e-06,random,rand1,146,274,0.0004219201301311565
p31,1000,nm,Full FD,adaptive,8.0,1e-06,random,rand1,146,275,1.3915204607887945e-07
p31,1000,tr,Full FD,adaptive,8.0,1e-06,random,rand1,146,0,24.340500708924267
p31,1000,tr,Full FD,adaptive,8.0,1e-06,random,rand1,146,1,12.094459671766849
p31,1000,tr,Full FD,adaptive,8.0,1e-06,random,rand1,146,2,4.008290119165669
p31,1000,tr,Full FD,adaptive,8.0,1e-06,random,rand1,146,3,1.5674995292749239
p31,1000,tr,Full FD,adaptive,8.0,1e-06,random,rand1,146,4,1.16817193458019
p31,1000,tr,Full FD,adaptive,8.0,1e-06,random,rand1,146,5,1.0220351421259015
p31,1000,tr,Full FD,adaptive,8.0,1e-06,random,rand1,146,6,0.6943409329695085
p31,1000,tr,Full FD,adaptive,8.0,1e-06,random,rand1,146,7,1.1477707840003781
p31,1000,tr,Full FD,adaptive,8.0,1e-06,random,rand1,146,8,0.6290159823986858
p31,1000,tr,Full FD,adaptive,8.0,1e-06,random,rand1,146,9,2.1245954563884117
p31,1000,tr,Full FD,adaptive,8.0,1e-06,random,rand1,146,10,0.27162772980158867
p31,1000,tr,Full FD,adaptive,8.0,1e-06,random,rand1,146,11,0.3870484611284961
p31,1000,tr,Full FD,adaptive,8.0,1e-06,random,rand1,146,12,0.09501660811316952
p31,1000,tr,Full FD,adaptive,8.0,1e-06,random,rand1,146,13,0.05482578691104321
p31,1000,tr,Full FD,adaptive,8.0,1e-06,random,rand1,146,14,0.004357561737582314
p31,1000,tr,Full FD,adaptive,8.0,1e-06,random,rand1,146,15,0.0021065562313461747
p31,1000,tr,Full FD,adaptive,8.0,1e-06,random,rand1,146,16,0.0001578490061372749
p31,1000,tr,Full FD,adaptive,8.0,1e-06,random,rand1,146,17,3.633348596699154e-06
p31,1000,nm,Full FD,adaptive,8.0,1e-06,random,rand2,147,0,0.005617569240239306
p31,1000,nm,Full FD,adaptive,8.0,1e-06,random,rand2,147,1,0.006126843985542178
p31,1000,nm,Full FD,adaptive,8.0,1e-06,random,rand2,147,2,0.006338655595906298
p31,1000,nm,Full FD,adaptive,8.0,1e-06,random,rand2,147,3,0.001846624097103407
p31,1000,nm,Full FD,adaptive,8.0,1e-06,random,rand2,147,4,0.0035034749386244415
p31,1000,nm,Full FD,adaptive,8.0,1e-06,random,rand2,147,5,0.0015244180150001249
p31,1000,nm,Full FD,adaptive,8.0,1e-06,random,rand2,147,6,0.002289382361025496
p31,1000,nm,Full FD,adaptive,8.0,1e-06,random,rand2,147,7,0.004064648716477138
p31,1000,nm,Full FD,adaptive,8.0,1e-06,random,rand2,147,8,0.00855965459154787
p31,1000,nm,Full FD,adaptive,8.0,1e-06,random,rand2,147,9,0.006414219347860634
p31,1000,nm,Full FD,adaptive,8.0,1e-06,random,rand2,147,10,0.0020257831198293463
p31,1000,nm,Full FD,adaptive,8.0,1e-06,random,rand2,147,11,0.002054975196952984
p31,1000,nm,Full FD,adaptive,8.0,1e-06,random,rand2,147,12,1.3813274430785407
p31,1000,nm,Full FD,adaptive,8.0,1e-06,random,rand2,147,13,0.0020820311716871634
p31,1000,nm,Full FD,adaptive,8.0,1e-06,random,rand2,147,14,0.012379516977019998
p31,1000,nm,Full FD,adaptive,8.0,1e-06,random,rand2,147,15,0.003447634811122856
p31,1000,nm,Full FD,adaptive,8.0,1e-06,random,rand2,147,16,0.002952149215370778
p31,1000,nm,Full FD,adaptive,8.0,1e-06,random,rand2,147,17,0.004049407064573697
p31,1000,nm,Full FD,adaptive,8.0,1e-06,random,rand2,147,18,0.007065645173799071
p31,1000,nm,Full FD,adaptive,8.0,1e-06,random,rand2,147,19,0.004376635207410683
p31,1000,nm,Full FD,adaptive,8.0,1e-06,random,rand2,147,20,0.0023598945817857545
p31,1000,nm,Full FD,adaptive,8.0,1e-06,random,rand2,147,21,0.007969477187314167
p31,1000,nm,Full FD,adaptive,8.0,1e-06,random,rand2,147,22,0.0024168754898128155
p31,1000,nm,Full FD,adaptive,8.0,1e-06,random,rand2,147,23,0.009068964463480695
p31,1000,nm,Full FD,adaptive,8.0,1e-06,random,rand2,147,24,0.009687666310263113
p31,1000,nm,Full FD,adaptive,8.0,1e-06,random,rand2,147,25,0.006995899332800524
p31,1000,nm,Full FD,adaptive,8.0,1e-06,random,rand2,147,26,0.006213183718824134
p31,1000,nm,Full FD,adaptive,8.0,1e-06,random,rand2,147,27,0.0027129498788858986
p31,1000,nm,Full FD,adaptive,8.0,1e-06,random,rand2,147,28,0.008167835292048542
p31,1000,nm,Full FD,adaptive,8.0,1e-06,random,rand2,147,29,0.004040169030708688
p31,1000,nm,Full FD,adaptive,8.0,1e-06,random,rand2,147,30,0.01412000801799994
p31,1000,nm,Full FD,adaptive,8.0,1e-06,random,rand2,147,31,0.008345144998383996
p31,1000,nm,Full FD,adaptive,8.0,1e-06,random,rand2,147,32,0.0080604872856762
p31,1000,nm,Full FD,adaptive,8.0,1e-06,random,rand2,147,33,0.004879770803334459
p31,1000,nm,Full FD,adaptive,8.0,1e-06,random,rand2,147,34,0.011381603114136966
p31,1000,nm,Full FD,adaptive,8.0,1e-06,random,rand2,147,35,0.00506581805675339
p31,1000,nm,Full FD,adaptive,8.0,1e-06,random,rand2,147,36,0.004155553006727035
p31,1000,nm,Full FD,adaptive,8.0,1e-06,random,rand2,147,37,0.00465719563928194
p31,1000,nm,Full FD,adaptive,8.0,1e-06,random,rand2,147,38,0.025864608860676118
p31,1000,nm,Full FD,adaptive,8.0,1e-06,random,rand2,147,39,0.003290983083537059
p31,1000,nm,Full FD,adaptive,8.0,1e-06,random,rand2,147,40,0.0009348776847666997
p31,1000,nm,Full FD,adaptive,8.0,1e-06,random,rand2,147,41,0.0040120438177380915
p31,1000,nm,Full FD,adaptive,8.0,1e-06,random,rand2,147,42,0.0044969561299099
p31,1000,nm,Full FD,adaptive,8.0,1e-06,random,rand2,147,43,0.02186865621675397
p31,1000,nm,Full FD,adaptive,8.0,1e-06,random,rand2,147,44,0.004975713223277909
p31,1000,nm,Full FD,adaptive,8.0,1e-06,random,rand2,147,45,0.004954660410014794
p31,1000,nm,Full FD,adaptive,8.0,1e-06,random,rand2,147,46,1.8250082593606263
p31,1000,nm,Full FD,adaptive,8.0,1e-06,random,rand2,147,47,0.009504236295370823
p31,1000,nm,Full FD,adaptive,8.0,1e-06,random,rand2,147,48,0.003894171777784287
p31,1000,nm,Full FD,adaptive,8.0,1e-06,random,rand2,147,49,0.008086571167289313
p31,1000,nm,Full FD,adaptive,8.0,1e-06,random,rand2,147,50,0.004748857042252525
p31,1000,nm,Full FD,adaptive,8.0,1e-06,random,rand2,147,51,0.010094233679924451
p31,1000,nm,Full FD,adaptive,8.0,1e-06,random,rand2,147,52,0.005608336106232427
p31,1000,nm,Full FD,adaptive,8.0,1e-06,random,rand2,147,53,0.00541215756113207
p31,1000,nm,Full FD,adaptive,8.0,1e-06,random,rand2,147,54,0.009623170529546378
p31,1000,nm,Full FD,adaptive,8.0,1e-06,random,rand2,147,55,0.010370190132401619
p31,1000,nm,Full FD,adaptive,8.0,1e-06,random,rand2,147,56,0.01090063942549239
p31,1000,nm,Full FD,adaptive,8.0,1e-06,random,rand2,147,57,0.007688455046412015
p31,1000,nm,Full FD,adaptive,8.0,1e-06,random,rand2,147,58,0.010190030688529753
p31,1000,nm,Full FD,adaptive,8.0,1e-06,random,rand2,147,59,0.009381580883224834
p31,1000,nm,Full FD,adaptive,8.0,1e-06,random,rand2,147,60,0.002928120897646936
p31,1000,nm,Full FD,adaptive,8.0,1e-06,random,rand2,147,61,0.005166140635231863
p31,1000,nm,Full FD,adaptive,8.0,1e-06,random,rand2,147,62,0.003404125451596883
p31,1000,nm,Full FD,adaptive,8.0,1e-06,random,rand2,147,63,0.009439276198983082
p31,1000,nm,Full FD,adaptive,8.0,1e-06,random,rand2,147,64,0.013582156408418228
p31,1000,nm,Full FD,adaptive,8.0,1e-06,random,rand2,147,65,0.01391563632884687
p31,1000,nm,Full FD,adaptive,8.0,1e-06,random,rand2,147,66,0.014427743030171348
p31,1000,nm,Full FD,adaptive,8.0,1e-06,random,rand2,147,67,0.014986031979820388
p31,1000,nm,Full FD,adaptive,8.0,1e-06,random,rand2,147,68,0.01666836659404561
p31,1000,nm,Full FD,adaptive,8.0,1e-06,random,rand2,147,69,0.0060090481423120765
p31,1000,nm,Full FD,adaptive,8.0,1e-06,random,rand2,147,70,0.004869992955050971
p31,1000,nm,Full FD,adaptive,8.0,1e-06,random,rand2,147,71,0.012476629068858219
p31,1000,nm,Full FD,adaptive,8.0,1e-06,random,rand2,147,72,0.013648306230624723
p31,1000,nm,Full FD,adaptive,8.0,1e-06,random,rand2,147,73,0.01776699761225623
p31,1000,nm,Full FD,adaptive,8.0,1e-06,random,rand2,147,74,0.009302538769244435
p31,1000,nm,Full FD,adaptive,8.0,1e-06,random,rand2,147,75,0.0061670023492939735
p31,1000,nm,Full FD,adaptive,8.0,1e-06,random,rand2,147,76,0.01127444203693563
p31,1000,nm,Full FD,adaptive,8.0,1e-06,random,rand2,147,77,0.012546226348571266
p31,1000,nm,Full FD,adaptive,8.0,1e-06,random,rand2,147,78,0.06810386288432933
p31,1000,nm,Full FD,adaptive,8.0,1e-06,random,rand2,147,79,0.00776911794145489
p31,1000,nm,Full FD,adaptive,8.0,1e-06,random,rand2,147,80,0.013437768557965192
p31,1000,nm,Full FD,adaptive,8.0,1e-06,random,rand2,147,81,0.01871178470720387
p31,1000,nm,Full FD,adaptive,8.0,1e-06,random,rand2,147,82,0.014195563751508893
p31,1000,nm,Full FD,adaptive,8.0,1e-06,random,rand2,147,83,0.014406580473239264
p31,1000,nm,Full FD,adaptive,8.0,1e-06,random,rand2,147,84,0.005222505568549148
p31,1000,nm,Full FD,adaptive,8.0,1e-06,random,rand2,147,85,0.007310869431670333
p31,1000,nm,Full FD,adaptive,8.0,1e-06,random,rand2,147,86,0.03353590128963108
p31,1000,nm,Full FD,adaptive,8.0,1e-06,random,rand2,147,87,0.005164059074954766
p31,1000,nm,Full FD,adaptive,8.0,1e-06,random,rand2,147,88,0.0138195272830391
p31,1000,nm,Full FD,adaptive,8.0,1e-06,random,rand2,147,89,0.007582952620615662
p31,1000,nm,Full FD,adaptive,8.0,1e-06,random,rand2,147,90,0.010355638779981004
p31,1000,nm,Full FD,adaptive,8.0,1e-06,random,rand2,147,91,0.03690011565779423
p31,1000,nm,Full FD,adaptive,8.0,1e-06,random,rand2,147,92,0.023371257445002656
p31,1000,nm,Full FD,adaptive,8.0,1e-06,random,rand2,147,93,0.011124336987431066
p31,1000,nm,Full FD,adaptive,8.0,1e-06,random,rand2,147,94,0.011512720752365934
p31,1000,nm,Full FD,adaptive,8.0,1e-06,random,rand2,147,95,0.016749286784951103
p31,1000,nm,Full FD,adaptive,8.0,1e-06,random,rand2,147,96,0.017350936055557722
p31,1000,nm,Full FD,adaptive,8.0,1e-06,random,rand2,147,97,0.01304637580688575
p31,1000,nm,Full FD,adaptive,8.0,1e-06,random,rand2,147,98,0.008974770976774689
p31,1000,nm,Full FD,adaptive,8.0,1e-06,random,rand2,147,99,0.018908397753086753
p31,1000,nm,Full FD,adaptive,8.0,1e-06,random,rand2,147,100,0.024091322093951636
p31,1000,nm,Full FD,adaptive,8.0,1e-06,random,rand2,147,101,0.012466127021481574
p31,1000,nm,Full FD,adaptive,8.0,1e-06,random,rand2,147,102,0.008924219364993938
p31,1000,nm,Full FD,adaptive,8.0,1e-06,random,rand2,147,103,0.010172878747737708
p31,1000,nm,Full FD,adaptive,8.0,1e-06,random,rand2,147,104,0.05256178670851624
p31,1000,nm,Full FD,adaptive,8.0,1e-06,random,rand2,147,105,0.008012336624207337
p31,1000,nm,Full FD,adaptive,8.0,1e-06,random,rand2,147,106,0.01277341829750466
p31,1000,nm,Full FD,adaptive,8.0,1e-06,random,rand2,147,107,0.01988028174055377
p31,1000,nm,Full FD,adaptive,8.0,1e-06,random,rand2,147,108,0.014493194877406367
p31,1000,nm,Full FD,adaptive,8.0,1e-06,random,rand2,147,109,0.01622277148925538
p31,1000,nm,Full FD,adaptive,8.0,1e-06,random,rand2,147,110,0.025305271838865925
p31,1000,nm,Full FD,adaptive,8.0,1e-06,random,rand2,147,111,0.011768013570446276
p31,1000,nm,Full FD,adaptive,8.0,1e-06,random,rand2,147,112,0.023377690722816633
p31,1000,nm,Full FD,adaptive,8.0,1e-06,random,rand2,147,113,0.018872622748820022
p31,1000,nm,Full FD,adaptive,8.0,1e-06,random,rand2,147,114,0.019664502600055436
p31,1000,nm,Full FD,adaptive,8.0,1e-06,random,rand2,147,115,0.008719669119812461
p31,1000,nm,Full FD,adaptive,8.0,1e-06,random,rand2,147,116,0.008713358755382606
p31,1000,nm,Full FD,adaptive,8.0,1e-06,random,rand2,147,117,0.03130898686214257
p31,1000,nm,Full FD,adaptive,8.0,1e-06,random,rand2,147,118,0.05338101956589018
p31,1000,nm,Full FD,adaptive,8.0,1e-06,random,rand2,147,119,0.010177522239299231
p31,1000,nm,Full FD,adaptive,8.0,1e-06,random,rand2,147,120,0.03309872566779984
p31,1000,nm,Full FD,adaptive,8.0,1e-06,random,rand2,147,121,0.03285932977199908
p31,1000,nm,Full FD,adaptive,8.0,1e-06,random,rand2,147,122,0.017245202660076574
p31,1000,nm,Full FD,adaptive,8.0,1e-06,random,rand2,147,123,0.019851662697466885
p31,1000,nm,Full FD,adaptive,8.0,1e-06,random,rand2,147,124,0.00854329157573508
p31,1000,nm,Full FD,adaptive,8.0,1e-06,random,rand2,147,125,0.011013716167530684
p31,1000,nm,Full FD,adaptive,8.0,1e-06,random,rand2,147,126,0.016850571547452616
p31,1000,nm,Full FD,adaptive,8.0,1e-06,random,rand2,147,127,0.023288743157635683
p31,1000,nm,Full FD,adaptive,8.0,1e-06,random,rand2,147,128,0.0084955445939264
p31,1000,nm,Full FD,adaptive,8.0,1e-06,random,rand2,147,129,0.04215113853671834
p31,1000,nm,Full FD,adaptive,8.0,1e-06,random,rand2,147,130,0.020410170518870497
p31,1000,nm,Full FD,adaptive,8.0,1e-06,random,rand2,147,131,0.0068857460763814635
p31,1000,nm,Full FD,adaptive,8.0,1e-06,random,rand2,147,132,0.008433542734453988
p31,1000,nm,Full FD,adaptive,8.0,1e-06,random,rand2,147,133,0.008426036605444841
p31,1000,nm,Full FD,adaptive,8.0,1e-06,random,rand2,147,134,0.021497659203951535
p31,1000,nm,Full FD,adaptive,8.0,1e-06,random,rand2,147,135,0.05864585211451554
p31,1000,nm,Full FD,adaptive,8.0,1e-06,random,rand2,147,136,0.018178364220449574
p31,1000,nm,Full FD,adaptive,8.0,1e-06,random,rand2,147,137,0.02077785026747973
p31,1000,nm,Full FD,adaptive,8.0,1e-06,random,rand2,147,138,0.021255598195504256
p31,1000,nm,Full FD,adaptive,8.0,1e-06,random,rand2,147,139,0.034684056906027945
p31,1000,nm,Full FD,adaptive,8.0,1e-06,random,rand2,147,140,0.025143151345519626
p31,1000,nm,Full FD,adaptive,8.0,1e-06,random,rand2,147,141,0.008255553876289333
p31,1000,nm,Full FD,adaptive,8.0,1e-06,random,rand2,147,142,0.00825184700306369
p31,1000,nm,Full FD,adaptive,8.0,1e-06,random,rand2,147,143,0.00824504737913866
p31,1000,nm,Full FD,adaptive,8.0,1e-06,random,rand2,147,144,0.026385715796110248
p31,1000,nm,Full FD,adaptive,8.0,1e-06,random,rand2,147,145,0.07984868971110759
p31,1000,nm,Full FD,adaptive,8.0,1e-06,random,rand2,147,146,0.018848118508271085
p31,1000,nm,Full FD,adaptive,8.0,1e-06,random,rand2,147,147,0.048824734467728274
p31,1000,nm,Full FD,adaptive,8.0,1e-06,random,rand2,147,148,0.1931280643774138
p31,1000,nm,Full FD,adaptive,8.0,1e-06,random,rand2,147,149,0.02799873346493811
p31,1000,nm,Full FD,adaptive,8.0,1e-06,random,rand2,147,150,0.05464933546165432
p31,1000,nm,Full FD,adaptive,8.0,1e-06,random,rand2,147,151,0.04867957442089457
p31,1000,nm,Full FD,adaptive,8.0,1e-06,random,rand2,147,152,0.02984505018186159
p31,1000,nm,Full FD,adaptive,8.0,1e-06,random,rand2,147,153,0.120061997055586
p31,1000,nm,Full FD,adaptive,8.0,1e-06,random,rand2,147,154,0.02820549509539258
p31,1000,nm,Full FD,adaptive,8.0,1e-06,random,rand2,147,155,0.01059173120963704
p31,1000,nm,Full FD,adaptive,8.0,1e-06,random,rand2,147,156,0.027070285920245466
p31,1000,nm,Full FD,adaptive,8.0,1e-06,random,rand2,147,157,0.07997760500243138
p31,1000,nm,Full FD,adaptive,8.0,1e-06,random,rand2,147,158,0.008823188042163458
p31,1000,nm,Full FD,adaptive,8.0,1e-06,random,rand2,147,159,0.079706633506333
p31,1000,nm,Full FD,adaptive,8.0,1e-06,random,rand2,147,160,0.09009062551383108
p31,1000,nm,Full FD,adaptive,8.0,1e-06,random,rand2,147,161,0.07724316083897788
p31,1000,nm,Full FD,adaptive,8.0,1e-06,random,rand2,147,162,0.1817499314372476
p31,1000,nm,Full FD,adaptive,8.0,1e-06,random,rand2,147,163,0.07583452062686658
p31,1000,nm,Full FD,adaptive,8.0,1e-06,random,rand2,147,164,0.06162570874670929
p31,1000,nm,Full FD,adaptive,8.0,1e-06,random,rand2,147,165,0.17630241228130034
p31,1000,nm,Full FD,adaptive,8.0,1e-06,random,rand2,147,166,0.04659993548331676
p31,1000,nm,Full FD,adaptive,8.0,1e-06,random,rand2,147,167,0.30462038484633813
p31,1000,nm,Full FD,adaptive,8.0,1e-06,random,rand2,147,168,0.05647438686283141
p31,1000,nm,Full FD,adaptive,8.0,1e-06,random,rand2,147,169,0.015252469476746253
p31,1000,nm,Full FD,adaptive,8.0,1e-06,random,rand2,147,170,0.1044497424035169
p31,1000,nm,Full FD,adaptive,8.0,1e-06,random,rand2,147,171,0.15137165463444816
p31,1000,nm,Full FD,adaptive,8.0,1e-06,random,rand2,147,172,0.009851171750928664
p31,1000,nm,Full FD,adaptive,8.0,1e-06,random,rand2,147,173,0.0787532790506092
p31,1000,nm,Full FD,adaptive,8.0,1e-06,random,rand2,147,174,0.21900172063506007
p31,1000,nm,Full FD,adaptive,8.0,1e-06,random,rand2,147,175,0.16847951284461943
p31,1000,nm,Full FD,adaptive,8.0,1e-06,random,rand2,147,176,0.4119295005983064
p31,1000,nm,Full FD,adaptive,8.0,1e-06,random,rand2,147,177,0.30333416020840154
p31,1000,nm,Full FD,adaptive,8.0,1e-06,random,rand2,147,178,0.26816548788357564
p31,1000,nm,Full FD,adaptive,8.0,1e-06,random,rand2,147,179,0.3743103407507567
p31,1000,nm,Full FD,adaptive,8.0,1e-06,random,rand2,147,180,0.1769740134145094
p31,1000,nm,Full FD,adaptive,8.0,1e-06,random,rand2,147,181,0.2959228967930759
p31,1000,nm,Full FD,adaptive,8.0,1e-06,random,rand2,147,182,0.18733462660097513
p31,1000,nm,Full FD,adaptive,8.0,1e-06,random,rand2,147,183,0.3562623807625202
p31,1000,nm,Full FD,adaptive,8.0,1e-06,random,rand2,147,184,0.5601114107873255
p31,1000,nm,Full FD,adaptive,8.0,1e-06,random,rand2,147,185,0.2292571045498894
p31,1000,nm,Full FD,adaptive,8.0,1e-06,random,rand2,147,186,0.41757191910162167
p31,1000,nm,Full FD,adaptive,8.0,1e-06,random,rand2,147,187,0.47228077970756005
p31,1000,nm,Full FD,adaptive,8.0,1e-06,random,rand2,147,188,0.7325596084745839
p31,1000,nm,Full FD,adaptive,8.0,1e-06,random,rand2,147,189,0.4064448469196666
p31,1000,nm,Full FD,adaptive,8.0,1e-06,random,rand2,147,190,0.1622270493100904
p31,1000,nm,Full FD,adaptive,8.0,1e-06,random,rand2,147,191,0.3803734452004767
p31,1000,nm,Full FD,adaptive,8.0,1e-06,random,rand2,147,192,0.48154551490297665
p31,1000,nm,Full FD,adaptive,8.0,1e-06,random,rand2,147,193,0.3069903411802339
p31,1000,nm,Full FD,adaptive,8.0,1e-06,random,rand2,147,194,0.8512963907585123
p31,1000,nm,Full FD,adaptive,8.0,1e-06,random,rand2,147,195,0.8108098814061546
p31,1000,nm,Full FD,adaptive,8.0,1e-06,random,rand2,147,196,1.4948016000790525
p31,1000,nm,Full FD,adaptive,8.0,1e-06,random,rand2,147,197,0.6785497729144152
p31,1000,nm,Full FD,adaptive,8.0,1e-06,random,rand2,147,198,0.5268767024343345
p31,1000,nm,Full FD,adaptive,8.0,1e-06,random,rand2,147,199,0.25066817536608865
p31,1000,nm,Full FD,adaptive,8.0,1e-06,random,rand2,147,200,0.63277375039854
p31,1000,nm,Full FD,adaptive,8.0,1e-06,random,rand2,147,201,0.4392312047409451
p31,1000,nm,Full FD,adaptive,8.0,1e-06,random,rand2,147,202,2.881836176981296
p31,1000,nm,Full FD,adaptive,8.0,1e-06,random,rand2,147,203,1.2618586749891776
p31,1000,nm,Full FD,adaptive,8.0,1e-06,random,rand2,147,204,0.8224344867356748
p31,1000,nm,Full FD,adaptive,8.0,1e-06,random,rand2,147,205,1.2119523438177342
p31,1000,nm,Full FD,adaptive,8.0,1e-06,random,rand2,147,206,1.6421266640041636
p31,1000,nm,Full FD,adaptive,8.0,1e-06,random,rand2,147,207,0.2537107286894162
p31,1000,nm,Full FD,adaptive,8.0,1e-06,random,rand2,147,208,0.013733554360272864
p31,1000,nm,Full FD,adaptive,8.0,1e-06,random,rand2,147,209,0.00029977919830943996
p31,1000,tr,Full FD,adaptive,8.0,1e-06,random,rand2,147,0,6.410441439258941
p31,1000,tr,Full FD,adaptive,8.0,1e-06,random,rand2,147,1,8.045945947048736
p31,1000,tr,Full FD,adaptive,8.0,1e-06,random,rand2,147,2,4.845835693261038
p31,1000,tr,Full FD,adaptive,8.0,1e-06,random,rand2,147,3,4.208226892721954
p31,1000,tr,Full FD,adaptive,8.0,1e-06,random,rand2,147,4,0.8295132093718103
p31,1000,tr,Full FD,adaptive,8.0,1e-06,random,rand2,147,5,2.1802830985296904
p31,1000,tr,Full FD,adaptive,8.0,1e-06,random,rand2,147,6,0.5894277700313386
p31,1000,tr,Full FD,adaptive,8.0,1e-06,random,rand2,147,7,0.18391780031072139
p31,1000,tr,Full FD,adaptive,8.0,1e-06,random,rand2,147,8,0.07016331545664424
p31,1000,tr,Full FD,adaptive,8.0,1e-06,random,rand2,147,9,0.03267123242075416
p31,1000,tr,Full FD,adaptive,8.0,1e-06,random,rand2,147,10,0.01445709421909777
p31,1000,tr,Full FD,adaptive,8.0,1e-06,random,rand2,147,11,0.010683209992247871
p31,1000,tr,Full FD,adaptive,8.0,1e-06,random,rand2,147,12,0.0007339190036220887
p31,1000,tr,Full FD,adaptive,8.0,1e-06,random,rand2,147,13,0.00019734911203174527
p31,1000,tr,Full FD,adaptive,8.0,1e-06,random,rand2,147,14,8.400534886731659e-06
p31,1000,tr,Full FD,adaptive,8.0,1e-06,random,rand2,147,15,8.620363832425017e-08
p31,1000,nm,Full FD,adaptive,8.0,1e-06,random,rand3,148,0,0.009816181581447274
p31,1000,nm,Full FD,adaptive,8.0,1e-06,random,rand3,148,1,0.003365405308616329
p31,1000,nm,Full FD,adaptive,8.0,1e-06,random,rand3,148,2,0.0029663067798853127
p31,1000,nm,Full FD,adaptive,8.0,1e-06,random,rand3,148,3,0.0029320343983548604
p31,1000,nm,Full FD,adaptive,8.0,1e-06,random,rand3,148,4,0.004314329229365379
p31,1000,nm,Full FD,adaptive,8.0,1e-06,random,rand3,148,5,1.793765538939198
p31,1000,nm,Full FD,adaptive,8.0,1e-06,random,rand3,148,6,0.009780955250452285
p31,1000,nm,Full FD,adaptive,8.0,1e-06,random,rand3,148,7,0.020809987545927854
p31,1000,nm,Full FD,adaptive,8.0,1e-06,random,rand3,148,8,0.0029247491979230984
p31,1000,nm,Full FD,adaptive,8.0,1e-06,random,rand3,148,9,0.0014766861542929615
p31,1000,nm,Full FD,adaptive,8.0,1e-06,random,rand3,148,10,0.002952317953701038
p31,1000,nm,Full FD,adaptive,8.0,1e-06,random,rand3,148,11,0.0033539413313573023
p31,1000,nm,Full FD,adaptive,8.0,1e-06,random,rand3,148,12,0.0060324401994436535
p31,1000,nm,Full FD,adaptive,8.0,1e-06,random,rand3,148,13,0.006168230798700345
p31,1000,nm,Full FD,adaptive,8.0,1e-06,random,rand3,148,14,0.00975663174650096
p31,1000,nm,Full FD,adaptive,8.0,1e-06,random,rand3,148,15,0.002947961743177951
p31,1000,nm,Full FD,adaptive,8.0,1e-06,random,rand3,148,16,0.0029478972319095065
p31,1000,nm,Full FD,adaptive,8.0,1e-06,random,rand3,148,17,0.003649132913518897
p31,1000,nm,Full FD,adaptive,8.0,1e-06,random,rand3,148,18,0.006513808681690908
p31,1000,nm,Full FD,adaptive,8.0,1e-06,random,rand3,148,19,0.0014232238146232499
p31,1000,nm,Full FD,adaptive,8.0,1e-06,random,rand3,148,20,0.0017312734754903628
p31,1000,nm,Full FD,adaptive,8.0,1e-06,random,rand3,148,21,0.022633493716499493
p31,1000,nm,Full FD,adaptive,8.0,1e-06,random,rand3,148,22,0.019135755864327357
p31,1000,nm,Full FD,adaptive,8.0,1e-06,random,rand3,148,23,0.003750753826422978
p31,1000,nm,Full FD,adaptive,8.0,1e-06,random,rand3,148,24,0.0029358834025649243
p31,1000,nm,Full FD,adaptive,8.0,1e-06,random,rand3,148,25,0.0037499411157095254
p31,1000,nm,Full FD,adaptive,8.0,1e-06,random,rand3,148,26,0.004244994274174839
p31,1000,nm,Full FD,adaptive,8.0,1e-06,random,rand3,148,27,0.004850087229217585
p31,1000,nm,Full FD,adaptive,8.0,1e-06,random,rand3,148,28,0.0029340578173338806
p31,1000,nm,Full FD,adaptive,8.0,1e-06,random,rand3,148,29,0.005004831571347002
p31,1000,nm,Full FD,adaptive,8.0,1e-06,random,rand3,148,30,0.010320290432692239
p31,1000,nm,Full FD,adaptive,8.0,1e-06,random,rand3,148,31,0.0017945753841393732
p31,1000,nm,Full FD,adaptive,8.0,1e-06,random,rand3,148,32,0.04265322972301787
p31,1000,nm,Full FD,adaptive,8.0,1e-06,random,rand3,148,33,0.009652308414790891
p31,1000,nm,Full FD,adaptive,8.0,1e-06,random,rand3,148,34,0.06104182015711387
p31,1000,nm,Full FD,adaptive,8.0,1e-06,random,rand3,148,35,0.0014564370635858366
p31,1000,nm,Full FD,adaptive,8.0,1e-06,random,rand3,148,36,0.004273929626174455
p31,1000,nm,Full FD,adaptive,8.0,1e-06,random,rand3,148,37,0.0014958376196338437
p31,1000,nm,Full FD,adaptive,8.0,1e-06,random,rand3,148,38,0.002588846754792114
p31,1000,nm,Full FD,adaptive,8.0,1e-06,random,rand3,148,39,0.003707161730049276
p31,1000,nm,Full FD,adaptive,8.0,1e-06,random,rand3,148,40,0.011312736709625962
p31,1000,nm,Full FD,adaptive,8.0,1e-06,random,rand3,148,41,0.0033171365209111554
p31,1000,nm,Full FD,adaptive,8.0,1e-06,random,rand3,148,42,0.0037028828806370735
p31,1000,nm,Full FD,adaptive,8.0,1e-06,random,rand3,148,43,0.003703506142929977
p31,1000,nm,Full FD,adaptive,8.0,1e-06,random,rand3,148,44,0.0009166705239179705
p31,1000,nm,Full FD,adaptive,8.0,1e-06,random,rand3,148,45,0.003645550679354463
p31,1000,nm,Full FD,adaptive,8.0,1e-06,random,rand3,148,46,0.003603999728343938
p31,1000,nm,Full FD,adaptive,8.0,1e-06,random,rand3,148,47,0.005177923357085378
p31,1000,nm,Full FD,adaptive,8.0,1e-06,random,rand3,148,48,2.097667405884531
p31,1000,nm,Full FD,adaptive,8.0,1e-06,random,rand3,148,49,0.0052715094854883186
p31,1000,nm,Full FD,adaptive,8.0,1e-06,random,rand3,148,50,0.005267375333455759
p31,1000,nm,Full FD,adaptive,8.0,1e-06,random,rand3,148,51,0.014874737513364296
p31,1000,nm,Full FD,adaptive,8.0,1e-06,random,rand3,148,52,0.028256858500806226
p31,1000,nm,Full FD,adaptive,8.0,1e-06,random,rand3,148,53,0.009870588634562243
p31,1000,nm,Full FD,adaptive,8.0,1e-06,random,rand3,148,54,0.02829248141089311
p31,1000,nm,Full FD,adaptive,8.0,1e-06,random,rand3,148,55,0.0014594755688050443
p31,1000,nm,Full FD,adaptive,8.0,1e-06,random,rand3,148,56,0.0040023811223567326
p31,1000,nm,Full FD,adaptive,8.0,1e-06,random,rand3,148,57,0.005442169808535955
p31,1000,nm,Full FD,adaptive,8.0,1e-06,random,rand3,148,58,0.0015938581163733767
p31,1000,nm,Full FD,adaptive,8.0,1e-06,random,rand3,148,59,0.003615123304842704
p31,1000,nm,Full FD,adaptive,8.0,1e-06,random,rand3,148,60,0.005325631078079815
p31,1000,nm,Full FD,adaptive,8.0,1e-06,random,rand3,148,61,0.04120585274151905
p31,1000,nm,Full FD,adaptive,8.0,1e-06,random,rand3,148,62,0.0047381808708010535
p31,1000,nm,Full FD,adaptive,8.0,1e-06,random,rand3,148,63,0.0019676909264695385
p31,1000,nm,Full FD,adaptive,8.0,1e-06,random,rand3,148,64,0.001997698949306288
p31,1000,nm,Full FD,adaptive,8.0,1e-06,random,rand3,148,65,0.018303665904046022
p31,1000,nm,Full FD,adaptive,8.0,1e-06,random,rand3,148,66,0.011576162040644586
p31,1000,nm,Full FD,adaptive,8.0,1e-06,random,rand3,148,67,0.0038167780880969545
p31,1000,nm,Full FD,adaptive,8.0,1e-06,random,rand3,148,68,0.0029552565653911717
p31,1000,nm,Full FD,adaptive,8.0,1e-06,random,rand3,148,69,0.028741458232784362
p31,1000,nm,Full FD,adaptive,8.0,1e-06,random,rand3,148,70,0.001960790598330565
p31,1000,nm,Full FD,adaptive,8.0,1e-06,random,rand3,148,71,0.02285213310174137
p31,1000,nm,Full FD,adaptive,8.0,1e-06,random,rand3,148,72,0.009734809297821324
p31,1000,nm,Full FD,adaptive,8.0,1e-06,random,rand3,148,73,0.0029705720671659606
p31,1000,nm,Full FD,adaptive,8.0,1e-06,random,rand3,148,74,0.010135885342004878
p31,1000,nm,Full FD,adaptive,8.0,1e-06,random,rand3,148,75,0.002616931710033964
p31,1000,nm,Full FD,adaptive,8.0,1e-06,random,rand3,148,76,0.005632959000040556
p31,1000,nm,Full FD,adaptive,8.0,1e-06,random,rand3,148,77,0.0010530363676631892
p31,1000,nm,Full FD,adaptive,8.0,1e-06,random,rand3,148,78,0.047591826162000965
p31,1000,nm,Full FD,adaptive,8.0,1e-06,random,rand3,148,79,0.004674987845234123
p31,1000,nm,Full FD,adaptive,8.0,1e-06,random,rand3,148,80,0.012264130289531529
p31,1000,nm,Full FD,adaptive,8.0,1e-06,random,rand3,148,81,0.026618943015663865
p31,1000,nm,Full FD,adaptive,8.0,1e-06,random,rand3,148,82,0.003988041835160159
p31,1000,nm,Full FD,adaptive,8.0,1e-06,random,rand3,148,83,0.008124877780933256
p31,1000,nm,Full FD,adaptive,8.0,1e-06,random,rand3,148,84,0.011409242471674554
p31,1000,nm,Full FD,adaptive,8.0,1e-06,random,rand3,148,85,0.0024875990697005843
p31,1000,nm,Full FD,adaptive,8.0,1e-06,random,rand3,148,86,0.0058183897406590135
p31,1000,nm,Full FD,adaptive,8.0,1e-06,random,rand3,148,87,0.014301462830646964
p31,1000,nm,Full FD,adaptive,8.0,1e-06,random,rand3,148,88,0.0073827301516333045
p31,1000,nm,Full FD,adaptive,8.0,1e-06,random,rand3,148,89,0.00353330349144205
p31,1000,nm,Full FD,adaptive,8.0,1e-06,random,rand3,148,90,0.04975025441545202
p31,1000,nm,Full FD,adaptive,8.0,1e-06,random,rand3,148,91,0.001594167201451784
p31,1000,nm,Full FD,adaptive,8.0,1e-06,random,rand3,148,92,0.004470584308371113
p31,1000,nm,Full FD,adaptive,8.0,1e-06,random,rand3,148,93,0.004207993331988891
p31,1000,nm,Full FD,adaptive,8.0,1e-06,random,rand3,148,94,0.013421683711455627
p31,1000,nm,Full FD,adaptive,8.0,1e-06,random,rand3,148,95,0.010573891021048916
p31,1000,nm,Full FD,adaptive,8.0,1e-06,random,rand3,148,96,0.027683926989188295
p31,1000,nm,Full FD,adaptive,8.0,1e-06,random,rand3,148,97,0.011975824553792225
p31,1000,nm,Full FD,adaptive,8.0,1e-06,random,rand3,148,98,0.012825133612287373
p31,1000,nm,Full FD,adaptive,8.0,1e-06,random,rand3,148,99,0.005070464979137744
p31,1000,nm,Full FD,adaptive,8.0,1e-06,random,rand3,148,100,0.0045178314323018305
p31,1000,nm,Full FD,adaptive,8.0,1e-06,random,rand3,148,101,0.01870268228280016
p31,1000,nm,Full FD,adaptive,8.0,1e-06,random,rand3,148,102,0.005753823249012531
p31,1000,nm,Full FD,adaptive,8.0,1e-06,random,rand3,148,103,0.0054336778104515345
p31,1000,nm,Full FD,adaptive,8.0,1e-06,random,rand3,148,104,0.009127791600435893
p31,1000,nm,Full FD,adaptive,8.0,1e-06,random,rand3,148,105,0.003937161030748718
p31,1000,nm,Full FD,adaptive,8.0,1e-06,random,rand3,148,106,0.0019678314891933093
p31,1000,nm,Full FD,adaptive,8.0,1e-06,random,rand3,148,107,0.0021611619758368198
p31,1000,nm,Full FD,adaptive,8.0,1e-06,random,rand3,148,108,0.008870626214061993
p31,1000,nm,Full FD,adaptive,8.0,1e-06,random,rand3,148,109,0.01834078395855091
p31,1000,nm,Full FD,adaptive,8.0,1e-06,random,rand3,148,110,0.007791260173764971
p31,1000,nm,Full FD,adaptive,8.0,1e-06,random,rand3,148,111,0.006243192455369203
p31,1000,nm,Full FD,adaptive,8.0,1e-06,random,rand3,148,112,0.028212736282731705
p31,1000,nm,Full FD,adaptive,8.0,1e-06,random,rand3,148,113,0.02767698420180556
p31,1000,nm,Full FD,adaptive,8.0,1e-06,random,rand3,148,114,0.0038481703949454255
p31,1000,nm,Full FD,adaptive,8.0,1e-06,random,rand3,148,115,0.0039058826566319353
p31,1000,nm,Full FD,adaptive,8.0,1e-06,random,rand3,148,116,0.0025803353561280116
p31,1000,nm,Full FD,adaptive,8.0,1e-06,random,rand3,148,117,0.019538631944481088
p31,1000,nm,Full FD,adaptive,8.0,1e-06,random,rand3,148,118,0.0027154018726113574
p31,1000,nm,Full FD,adaptive,8.0,1e-06,random,rand3,148,119,0.019526403957557295
p31,1000,nm,Full FD,adaptive,8.0,1e-06,random,rand3,148,120,0.06773878213771566
p31,1000,nm,Full FD,adaptive,8.0,1e-06,random,rand3,148,121,0.02102433305160096
p31,1000,nm,Full FD,adaptive,8.0,1e-06,random,rand3,148,122,0.024565796366151332
p31,1000,nm,Full FD,adaptive,8.0,1e-06,random,rand3,148,123,0.0031369934256086428
p31,1000,nm,Full FD,adaptive,8.0,1e-06,random,rand3,148,124,0.026166033024919547
p31,1000,nm,Full FD,adaptive,8.0,1e-06,random,rand3,148,125,0.012039840400916099
p31,1000,nm,Full FD,adaptive,8.0,1e-06,random,rand3,148,126,0.03257629170726691
p31,1000,nm,Full FD,adaptive,8.0,1e-06,random,rand3,148,127,0.01637838513264353
p31,1000,nm,Full FD,adaptive,8.0,1e-06,random,rand3,148,128,0.004500622712550459
p31,1000,nm,Full FD,adaptive,8.0,1e-06,random,rand3,148,129,0.0066425744802462135
p31,1000,nm,Full FD,adaptive,8.0,1e-06,random,rand3,148,130,0.0439567025036188
p31,1000,nm,Full FD,adaptive,8.0,1e-06,random,rand3,148,131,0.04454643551739892
p31,1000,nm,Full FD,adaptive,8.0,1e-06,random,rand3,148,132,0.005575225882375673
p31,1000,nm,Full FD,adaptive,8.0,1e-06,random,rand3,148,133,0.01614245247429258
p31,1000,nm,Full FD,adaptive,8.0,1e-06,random,rand3,148,134,0.005270002082494937
p31,1000,nm,Full FD,adaptive,8.0,1e-06,random,rand3,148,135,0.026761533445669932
p31,1000,nm,Full FD,adaptive,8.0,1e-06,random,rand3,148,136,0.016067043473058117
p31,1000,nm,Full FD,adaptive,8.0,1e-06,random,rand3,148,137,0.07103020075870592
p31,1000,nm,Full FD,adaptive,8.0,1e-06,random,rand3,148,138,0.057921828272665454
p31,1000,nm,Full FD,adaptive,8.0,1e-06,random,rand3,148,139,0.05398391567348307
p31,1000,nm,Full FD,adaptive,8.0,1e-06,random,rand3,148,140,0.006923721865596132
p31,1000,nm,Full FD,adaptive,8.0,1e-06,random,rand3,148,141,0.022508752227338367
p31,1000,nm,Full FD,adaptive,8.0,1e-06,random,rand3,148,142,0.07097799748709463
p31,1000,nm,Full FD,adaptive,8.0,1e-06,random,rand3,148,143,0.029049961116195216
p31,1000,nm,Full FD,adaptive,8.0,1e-06,random,rand3,148,144,0.019911178684497943
p31,1000,nm,Full FD,adaptive,8.0,1e-06,random,rand3,148,145,0.010226048439861237
p31,1000,nm,Full FD,adaptive,8.0,1e-06,random,rand3,148,146,0.048735566001014224
p31,1000,nm,Full FD,adaptive,8.0,1e-06,random,rand3,148,147,0.05185100504396334
p31,1000,nm,Full FD,adaptive,8.0,1e-06,random,rand3,148,148,0.021446289977864873
p31,1000,nm,Full FD,adaptive,8.0,1e-06,random,rand3,148,149,0.016513212531290358
p31,1000,nm,Full FD,adaptive,8.0,1e-06,random,rand3,148,150,0.01238927866322153
p31,1000,nm,Full FD,adaptive,8.0,1e-06,random,rand3,148,151,0.03580199670045879
p31,1000,nm,Full FD,adaptive,8.0,1e-06,random,rand3,148,152,0.05203368886113447
p31,1000,nm,Full FD,adaptive,8.0,1e-06,random,rand3,148,153,0.06451612558600776
p31,1000,nm,Full FD,adaptive,8.0,1e-06,random,rand3,148,154,0.010138659021675428
p31,1000,nm,Full FD,adaptive,8.0,1e-06,random,rand3,148,155,0.06550309974528208
p31,1000,nm,Full FD,adaptive,8.0,1e-06,random,rand3,148,156,0.011096250165032125
p31,1000,nm,Full FD,adaptive,8.0,1e-06,random,rand3,148,157,0.011361431491365283
p31,1000,nm,Full FD,adaptive,8.0,1e-06,random,rand3,148,158,0.029241405944585436
p31,1000,nm,Full FD,adaptive,8.0,1e-06,random,rand3,148,159,0.07012090165339734
p31,1000,nm,Full FD,adaptive,8.0,1e-06,random,rand3,148,160,0.08720549258902961
p31,1000,nm,Full FD,adaptive,8.0,1e-06,random,rand3,148,161,0.0353504873698763
p31,1000,nm,Full FD,adaptive,8.0,1e-06,random,rand3,148,162,0.04888227597197005
p31,1000,nm,Full FD,adaptive,8.0,1e-06,random,rand3,148,163,0.10437336168916872
p31,1000,nm,Full FD,adaptive,8.0,1e-06,random,rand3,148,164,0.05656047626181498
p31,1000,nm,Full FD,adaptive,8.0,1e-06,random,rand3,148,165,0.07452898268473722
p31,1000,nm,Full FD,adaptive,8.0,1e-06,random,rand3,148,166,0.0361269905781907
p31,1000,nm,Full FD,adaptive,8.0,1e-06,random,rand3,148,167,0.09401934227109876
p31,1000,nm,Full FD,adaptive,8.0,1e-06,random,rand3,148,168,0.11179203037815615
p31,1000,nm,Full FD,adaptive,8.0,1e-06,random,rand3,148,169,0.15962620567711078
p31,1000,nm,Full FD,adaptive,8.0,1e-06,random,rand3,148,170,0.06298351824298665
p31,1000,nm,Full FD,adaptive,8.0,1e-06,random,rand3,148,171,0.10702790789606806
p31,1000,nm,Full FD,adaptive,8.0,1e-06,random,rand3,148,172,0.12378428840205995
p31,1000,nm,Full FD,adaptive,8.0,1e-06,random,rand3,148,173,0.09542155364113278
p31,1000,nm,Full FD,adaptive,8.0,1e-06,random,rand3,148,174,0.08702712989532788
p31,1000,nm,Full FD,adaptive,8.0,1e-06,random,rand3,148,175,0.17612190518614343
p31,1000,nm,Full FD,adaptive,8.0,1e-06,random,rand3,148,176,0.10991917420807254
p31,1000,nm,Full FD,adaptive,8.0,1e-06,random,rand3,148,177,0.18923734735920456
p31,1000,nm,Full FD,adaptive,8.0,1e-06,random,rand3,148,178,0.131303713528843
p31,1000,nm,Full FD,adaptive,8.0,1e-06,random,rand3,148,179,0.15094562064506806
p31,1000,nm,Full FD,adaptive,8.0,1e-06,random,rand3,148,180,0.3164404612541367
p31,1000,nm,Full FD,adaptive,8.0,1e-06,random,rand3,148,181,0.15111686478339165
p31,1000,nm,Full FD,adaptive,8.0,1e-06,random,rand3,148,182,0.25075618199024957
p31,1000,nm,Full FD,adaptive,8.0,1e-06,random,rand3,148,183,0.29978851281091073
p31,1000,nm,Full FD,adaptive,8.0,1e-06,random,rand3,148,184,0.2897849163093859
p31,1000,nm,Full FD,adaptive,8.0,1e-06,random,rand3,148,185,0.26271986068520065
p31,1000,nm,Full FD,adaptive,8.0,1e-06,random,rand3,148,186,0.34226598652307955
p31,1000,nm,Full FD,adaptive,8.0,1e-06,random,rand3,148,187,0.28195771885822607
p31,1000,nm,Full FD,adaptive,8.0,1e-06,random,rand3,148,188,0.2615282903860422
p31,1000,nm,Full FD,adaptive,8.0,1e-06,random,rand3,148,189,0.3280876133475266
p31,1000,nm,Full FD,adaptive,8.0,1e-06,random,rand3,148,190,0.3532974783562248
p31,1000,nm,Full FD,adaptive,8.0,1e-06,random,rand3,148,191,0.23574240711158798
p31,1000,nm,Full FD,adaptive,8.0,1e-06,random,rand3,148,192,0.26678357413778314
p31,1000,nm,Full FD,adaptive,8.0,1e-06,random,rand3,148,193,0.34135669497153387
p31,1000,nm,Full FD,adaptive,8.0,1e-06,random,rand3,148,194,0.5023265459013294
p31,1000,nm,Full FD,adaptive,8.0,1e-06,random,rand3,148,195,0.3400376531320994
p31,1000,nm,Full FD,adaptive,8.0,1e-06,random,rand3,148,196,0.802883597176342
p31,1000,nm,Full FD,adaptive,8.0,1e-06,random,rand3,148,197,0.2647199840666022
p31,1000,nm,Full FD,adaptive,8.0,1e-06,random,rand3,148,198,0.7113254660814105
p31,1000,nm,Full FD,adaptive,8.0,1e-06,random,rand3,148,199,0.6605937120810347
p31,1000,nm,Full FD,adaptive,8.0,1e-06,random,rand3,148,200,2.010275379653429
p31,1000,nm,Full FD,adaptive,8.0,1e-06,random,rand3,148,201,1.2377242383649543
p31,1000,nm,Full FD,adaptive,8.0,1e-06,random,rand3,148,202,0.5563573396051357
p31,1000,nm,Full FD,adaptive,8.0,1e-06,random,rand3,148,203,0.915481892978256
p31,1000,nm,Full FD,adaptive,8.0,1e-06,random,rand3,148,204,1.2415970946715602
p31,1000,nm,Full FD,adaptive,8.0,1e-06,random,rand3,148,205,0.9894761235212686
p31,1000,nm,Full FD,adaptive,8.0,1e-06,random,rand3,148,206,2.9030823465818854
p31,1000,nm,Full FD,adaptive,8.0,1e-06,random,rand3,148,207,1.4669313544091243
p31,1000,nm,Full FD,adaptive,8.0,1e-06,random,rand3,148,208,1.0924002025368917
p31,1000,nm,Full FD,adaptive,8.0,1e-06,random,rand3,148,209,0.14875166787103128
p31,1000,nm,Full FD,adaptive,8.0,1e-06,random,rand3,148,210,0.011292614774820083
p31,1000,nm,Full FD,adaptive,8.0,1e-06,random,rand3,148,211,4.452571331875671e-05
p31,1000,tr,Full FD,adaptive,8.0,1e-06,random,rand3,148,0,12.914601883456633
p31,1000,tr,Full FD,adaptive,8.0,1e-06,random,rand3,148,1,5.792625274802024
p31,1000,tr,Full FD,adaptive,8.0,1e-06,random,rand3,148,2,2.6856814968440905
p31,1000,tr,Full FD,adaptive,8.0,1e-06,random,rand3,148,3,1.7684045596674167
p31,1000,tr,Full FD,adaptive,8.0,1e-06,random,rand3,148,4,3.674402811848939
p31,1000,tr,Full FD,adaptive,8.0,1e-06,random,rand3,148,5,1.0052720801499095
p31,1000,tr,Full FD,adaptive,8.0,1e-06,random,rand3,148,6,1.076290667195581
p31,1000,tr,Full FD,adaptive,8.0,1e-06,random,rand3,148,7,0.12076259344635953
p31,1000,tr,Full FD,adaptive,8.0,1e-06,random,rand3,148,8,0.12458982295928069
p31,1000,tr,Full FD,adaptive,8.0,1e-06,random,rand3,148,9,0.044486411239114385
p31,1000,tr,Full FD,adaptive,8.0,1e-06,random,rand3,148,10,0.016595863010875962
p31,1000,tr,Full FD,adaptive,8.0,1e-06,random,rand3,148,11,0.010064822849502006
p31,1000,tr,Full FD,adaptive,8.0,1e-06,random,rand3,148,12,0.0013378245989987064
p31,1000,tr,Full FD,adaptive,8.0,1e-06,random,rand3,148,13,0.0004651632713537848
p31,1000,tr,Full FD,adaptive,8.0,1e-06,random,rand3,148,14,1.1111281589296083e-05
p31,1000,tr,Full FD,adaptive,8.0,1e-06,random,rand3,148,15,1.8443048843461622e-07
p31,1000,nm,Full FD,adaptive,8.0,1e-06,random,rand4,149,0,0.0022622347483269236
p31,1000,nm,Full FD,adaptive,8.0,1e-06,random,rand4,149,1,0.0066215645187145886
p31,1000,nm,Full FD,adaptive,8.0,1e-06,random,rand4,149,2,0.0306735105304046
p31,1000,nm,Full FD,adaptive,8.0,1e-06,random,rand4,149,3,0.0029933764938429434
p31,1000,nm,Full FD,adaptive,8.0,1e-06,random,rand4,149,4,0.003283587915739122
p31,1000,nm,Full FD,adaptive,8.0,1e-06,random,rand4,149,5,0.005096126089165807
p31,1000,nm,Full FD,adaptive,8.0,1e-06,random,rand4,149,6,0.012971037941428096
p31,1000,nm,Full FD,adaptive,8.0,1e-06,random,rand4,149,7,0.03692624821878248
p31,1000,nm,Full FD,adaptive,8.0,1e-06,random,rand4,149,8,0.006720979232797607
p31,1000,nm,Full FD,adaptive,8.0,1e-06,random,rand4,149,9,0.004380325062719126
p31,1000,nm,Full FD,adaptive,8.0,1e-06,random,rand4,149,10,0.002124239673872043
p31,1000,nm,Full FD,adaptive,8.0,1e-06,random,rand4,149,11,0.004151165613825552
p31,1000,nm,Full FD,adaptive,8.0,1e-06,random,rand4,149,12,0.022608435321885573
p31,1000,nm,Full FD,adaptive,8.0,1e-06,random,rand4,149,13,0.003294156290834421
p31,1000,nm,Full FD,adaptive,8.0,1e-06,random,rand4,149,14,0.002648573170723502
p31,1000,nm,Full FD,adaptive,8.0,1e-06,random,rand4,149,15,0.0014590088408522209
p31,1000,nm,Full FD,adaptive,8.0,1e-06,random,rand4,149,16,0.007436206600200519
p31,1000,nm,Full FD,adaptive,8.0,1e-06,random,rand4,149,17,0.00455901622765908
p31,1000,nm,Full FD,adaptive,8.0,1e-06,random,rand4,149,18,0.004110756779077715
p31,1000,nm,Full FD,adaptive,8.0,1e-06,random,rand4,149,19,0.014700168689924645
p31,1000,nm,Full FD,adaptive,8.0,1e-06,random,rand4,149,20,0.0029134225802079166
p31,1000,nm,Full FD,adaptive,8.0,1e-06,random,rand4,149,21,0.003668604196601784
p31,1000,nm,Full FD,adaptive,8.0,1e-06,random,rand4,149,22,0.03293660206217447
p31,1000,nm,Full FD,adaptive,8.0,1e-06,random,rand4,149,23,0.012656273968992687
p31,1000,nm,Full FD,adaptive,8.0,1e-06,random,rand4,149,24,0.04210523036070349
p31,1000,nm,Full FD,adaptive,8.0,1e-06,random,rand4,149,25,0.002570290908054152
p31,1000,nm,Full FD,adaptive,8.0,1e-06,random,rand4,149,26,0.0034913248067196716
p31,1000,nm,Full FD,adaptive,8.0,1e-06,random,rand4,149,27,0.015429528030766401
p31,1000,nm,Full FD,adaptive,8.0,1e-06,random,rand4,149,28,0.0028937646107850307
p31,1000,nm,Full FD,adaptive,8.0,1e-06,random,rand4,149,29,0.003242953211093178
p31,1000,nm,Full FD,adaptive,8.0,1e-06,random,rand4,149,30,0.0038176581617550202
p31,1000,nm,Full FD,adaptive,8.0,1e-06,random,rand4,149,31,0.003815874918449236
p31,1000,nm,Full FD,adaptive,8.0,1e-06,random,rand4,149,32,0.004644982863459181
p31,1000,nm,Full FD,adaptive,8.0,1e-06,random,rand4,149,33,0.0038139116269620753
p31,1000,nm,Full FD,adaptive,8.0,1e-06,random,rand4,149,34,0.0037881616919101272
p31,1000,nm,Full FD,adaptive,8.0,1e-06,random,rand4,149,35,0.012658053887862888
p31,1000,nm,Full FD,adaptive,8.0,1e-06,random,rand4,149,36,0.003130375533825445
p31,1000,nm,Full FD,adaptive,8.0,1e-06,random,rand4,149,37,0.001598485789416239
p31,1000,nm,Full FD,adaptive,8.0,1e-06,random,rand4,149,38,0.010375721308037544
p31,1000,nm,Full FD,adaptive,8.0,1e-06,random,rand4,149,39,0.005023510871254669
p31,1000,nm,Full FD,adaptive,8.0,1e-06,random,rand4,149,40,0.004392254798095243
p31,1000,nm,Full FD,adaptive,8.0,1e-06,random,rand4,149,41,0.0038025591405511
p31,1000,nm,Full FD,adaptive,8.0,1e-06,random,rand4,149,42,0.005533992560256509
p31,1000,nm,Full FD,adaptive,8.0,1e-06,random,rand4,149,43,0.02379280259446923
p31,1000,nm,Full FD,adaptive,8.0,1e-06,random,rand4,149,44,0.0022871532915473745
p31,1000,nm,Full FD,adaptive,8.0,1e-06,random,rand4,149,45,0.003236845816726256
p31,1000,nm,Full FD,adaptive,8.0,1e-06,random,rand4,149,46,0.02425931964303797
p31,1000,nm,Full FD,adaptive,8.0,1e-06,random,rand4,149,47,0.0013808877959549117
p31,1000,nm,Full FD,adaptive,8.0,1e-06,random,rand4,149,48,0.012113958415521025
p31,1000,nm,Full FD,adaptive,8.0,1e-06,random,rand4,149,49,0.003038359692383451
p31,1000,nm,Full FD,adaptive,8.0,1e-06,random,rand4,149,50,0.0037821863786127894
p31,1000,nm,Full FD,adaptive,8.0,1e-06,random,rand4,149,51,0.009525101613215034
p31,1000,nm,Full FD,adaptive,8.0,1e-06,random,rand4,149,52,0.004601626613539463
p31,1000,nm,Full FD,adaptive,8.0,1e-06,random,rand4,149,53,0.01372897317475775
p31,1000,nm,Full FD,adaptive,8.0,1e-06,random,rand4,149,54,0.002461181440344366
p31,1000,nm,Full FD,adaptive,8.0,1e-06,random,rand4,149,55,0.00578482066760508
p31,1000,nm,Full FD,adaptive,8.0,1e-06,random,rand4,149,56,0.0035350959357740744
p31,1000,nm,Full FD,adaptive,8.0,1e-06,random,rand4,149,57,0.005034006425543715
p31,1000,nm,Full FD,adaptive,8.0,1e-06,random,rand4,149,58,0.02567977439445815
p31,1000,nm,Full FD,adaptive,8.0,1e-06,random,rand4,149,59,0.007583907083069344
p31,1000,nm,Full FD,adaptive,8.0,1e-06,random,rand4,149,60,0.004332115704683044
p31,1000,nm,Full FD,adaptive,8.0,1e-06,random,rand4,149,61,0.0076488832115957596
p31,1000,nm,Full FD,adaptive,8.0,1e-06,random,rand4,149,62,0.011446245201888068
p31,1000,nm,Full FD,adaptive,8.0,1e-06,random,rand4,149,63,0.006026175589177884
p31,1000,nm,Full FD,adaptive,8.0,1e-06,random,rand4,149,64,0.0023052528742895755
p31,1000,nm,Full FD,adaptive,8.0,1e-06,random,rand4,149,65,0.001839950387306733
p31,1000,nm,Full FD,adaptive,8.0,1e-06,random,rand4,149,66,0.004038206307853248
p31,1000,nm,Full FD,adaptive,8.0,1e-06,random,rand4,149,67,0.006698562230453056
p31,1000,nm,Full FD,adaptive,8.0,1e-06,random,rand4,149,68,0.012222510897582162
p31,1000,nm,Full FD,adaptive,8.0,1e-06,random,rand4,149,69,0.006359043713691912
p31,1000,nm,Full FD,adaptive,8.0,1e-06,random,rand4,149,70,0.028387998506566814
p31,1000,nm,Full FD,adaptive,8.0,1e-06,random,rand4,149,71,0.0028732454647158612
p31,1000,nm,Full FD,adaptive,8.0,1e-06,random,rand4,149,72,0.003310204492808905
p31,1000,nm,Full FD,adaptive,8.0,1e-06,random,rand4,149,73,0.004721646709673786
p31,1000,nm,Full FD,adaptive,8.0,1e-06,random,rand4,149,74,0.019996908436272907
p31,1000,nm,Full FD,adaptive,8.0,1e-06,random,rand4,149,75,0.002673282192619211
p31,1000,nm,Full FD,adaptive,8.0,1e-06,random,rand4,149,76,0.023313814000174026
p31,1000,nm,Full FD,adaptive,8.0,1e-06,random,rand4,149,77,0.006290291495487367
p31,1000,nm,Full FD,adaptive,8.0,1e-06,random,rand4,149,78,0.004887505033876594
p31,1000,nm,Full FD,adaptive,8.0,1e-06,random,rand4,149,79,0.012627619246404551
p31,1000,nm,Full FD,adaptive,8.0,1e-06,random,rand4,149,80,0.021370464079770692
p31,1000,nm,Full FD,adaptive,8.0,1e-06,random,rand4,149,81,0.006861278933213869
p31,1000,nm,Full FD,adaptive,8.0,1e-06,random,rand4,149,82,0.009098488873338794
p31,1000,nm,Full FD,adaptive,8.0,1e-06,random,rand4,149,83,0.009852736491308136
p31,1000,nm,Full FD,adaptive,8.0,1e-06,random,rand4,149,84,0.04879455574382801
p31,1000,nm,Full FD,adaptive,8.0,1e-06,random,rand4,149,85,0.007256665058858277
p31,1000,nm,Full FD,adaptive,8.0,1e-06,random,rand4,149,86,0.011987120650880445
p31,1000,nm,Full FD,adaptive,8.0,1e-06,random,rand4,149,87,0.00794000815241117
p31,1000,nm,Full FD,adaptive,8.0,1e-06,random,rand4,149,88,0.022297357523462267
p31,1000,nm,Full FD,adaptive,8.0,1e-06,random,rand4,149,89,0.018601811078172308
p31,1000,nm,Full FD,adaptive,8.0,1e-06,random,rand4,149,90,0.01794383116094958
p31,1000,nm,Full FD,adaptive,8.0,1e-06,random,rand4,149,91,0.014108058906171601
p31,1000,nm,Full FD,adaptive,8.0,1e-06,random,rand4,149,92,0.011122237264962647
p31,1000,nm,Full FD,adaptive,8.0,1e-06,random,rand4,149,93,0.0239140685203258
p31,1000,nm,Full FD,adaptive,8.0,1e-06,random,rand4,149,94,0.01372191729720635
p31,1000,nm,Full FD,adaptive,8.0,1e-06,random,rand4,149,95,0.008797685664891376
p31,1000,nm,Full FD,adaptive,8.0,1e-06,random,rand4,149,96,0.010037849634845072
p31,1000,nm,Full FD,adaptive,8.0,1e-06,random,rand4,149,97,0.044474603135887865
p31,1000,nm,Full FD,adaptive,8.0,1e-06,random,rand4,149,98,0.00694161179526473
p31,1000,nm,Full FD,adaptive,8.0,1e-06,random,rand4,149,99,0.015480660240721235
p31,1000,nm,Full FD,adaptive,8.0,1e-06,random,rand4,149,100,0.014499295322460632
p31,1000,nm,Full FD,adaptive,8.0,1e-06,random,rand4,149,101,0.015255449462764584
p31,1000,nm,Full FD,adaptive,8.0,1e-06,random,rand4,149,102,0.0073988557592015785
p31,1000,nm,Full FD,adaptive,8.0,1e-06,random,rand4,149,103,0.011648571716760021
p31,1000,nm,Full FD,adaptive,8.0,1e-06,random,rand4,149,104,0.017542516490795777
p31,1000,nm,Full FD,adaptive,8.0,1e-06,random,rand4,149,105,0.02165585730596871
p31,1000,nm,Full FD,adaptive,8.0,1e-06,random,rand4,149,106,0.014035159859565346
p31,1000,nm,Full FD,adaptive,8.0,1e-06,random,rand4,149,107,0.018287992006909785
p31,1000,nm,Full FD,adaptive,8.0,1e-06,random,rand4,149,108,0.018769461582250506
p31,1000,nm,Full FD,adaptive,8.0,1e-06,random,rand4,149,109,0.025659252464002486
p31,1000,nm,Full FD,adaptive,8.0,1e-06,random,rand4,149,110,0.009451050733842468
p31,1000,nm,Full FD,adaptive,8.0,1e-06,random,rand4,149,111,0.018517305610478017
p31,1000,nm,Full FD,adaptive,8.0,1e-06,random,rand4,149,112,0.021812587838835436
p31,1000,nm,Full FD,adaptive,8.0,1e-06,random,rand4,149,113,0.01153631354300216
p31,1000,nm,Full FD,adaptive,8.0,1e-06,random,rand4,149,114,0.03350906867465333
p31,1000,nm,Full FD,adaptive,8.0,1e-06,random,rand4,149,115,0.03111504848512641
p31,1000,nm,Full FD,adaptive,8.0,1e-06,random,rand4,149,116,0.019352821474489322
p31,1000,nm,Full FD,adaptive,8.0,1e-06,random,rand4,149,117,0.021988770419849746
p31,1000,nm,Full FD,adaptive,8.0,1e-06,random,rand4,149,118,0.02350101830668202
p31,1000,nm,Full FD,adaptive,8.0,1e-06,random,rand4,149,119,0.026443238018553944
p31,1000,nm,Full FD,adaptive,8.0,1e-06,random,rand4,149,120,0.02655788528707319
p31,1000,nm,Full FD,adaptive,8.0,1e-06,random,rand4,149,121,0.01547725684717738
p31,1000,nm,Full FD,adaptive,8.0,1e-06,random,rand4,149,122,0.02351372820034843
p31,1000,nm,Full FD,adaptive,8.0,1e-06,random,rand4,149,123,0.07209033203223679
p31,1000,nm,Full FD,adaptive,8.0,1e-06,random,rand4,149,124,0.03248984383157229
p31,1000,nm,Full FD,adaptive,8.0,1e-06,random,rand4,149,125,0.029512692563973694
p31,1000,nm,Full FD,adaptive,8.0,1e-06,random,rand4,149,126,0.0455513873151228
p31,1000,nm,Full FD,adaptive,8.0,1e-06,random,rand4,149,127,0.03532543642566184
p31,1000,nm,Full FD,adaptive,8.0,1e-06,random,rand4,149,128,0.026162205504578685
p31,1000,nm,Full FD,adaptive,8.0,1e-06,random,rand4,149,129,0.032204741507939935
p31,1000,nm,Full FD,adaptive,8.0,1e-06,random,rand4,149,130,0.021962397350800925
p31,1000,nm,Full FD,adaptive,8.0,1e-06,random,rand4,149,131,0.03367664046436317
p31,1000,nm,Full FD,adaptive,8.0,1e-06,random,rand4,149,132,0.02348482761954693
p31,1000,nm,Full FD,adaptive,8.0,1e-06,random,rand4,149,133,0.034056881233845544
p31,1000,nm,Full FD,adaptive,8.0,1e-06,random,rand4,149,134,0.044063734998833565
p31,1000,nm,Full FD,adaptive,8.0,1e-06,random,rand4,149,135,0.03404634324912916
p31,1000,nm,Full FD,adaptive,8.0,1e-06,random,rand4,149,136,0.02648927947713127
p31,1000,nm,Full FD,adaptive,8.0,1e-06,random,rand4,149,137,0.03892278354066156
p31,1000,nm,Full FD,adaptive,8.0,1e-06,random,rand4,149,138,0.07863831927454615
p31,1000,nm,Full FD,adaptive,8.0,1e-06,random,rand4,149,139,0.04236310903758849
p31,1000,nm,Full FD,adaptive,8.0,1e-06,random,rand4,149,140,0.06573018155834251
p31,1000,nm,Full FD,adaptive,8.0,1e-06,random,rand4,149,141,0.04751697766956846
p31,1000,nm,Full FD,adaptive,8.0,1e-06,random,rand4,149,142,0.037278644528355685
p31,1000,nm,Full FD,adaptive,8.0,1e-06,random,rand4,149,143,0.08199176884863514
p31,1000,nm,Full FD,adaptive,8.0,1e-06,random,rand4,149,144,0.048880596105927765
p31,1000,nm,Full FD,adaptive,8.0,1e-06,random,rand4,149,145,0.041265156399232915
p31,1000,nm,Full FD,adaptive,8.0,1e-06,random,rand4,149,146,0.04750879506882699
p31,1000,nm,Full FD,adaptive,8.0,1e-06,random,rand4,149,147,0.09028499640950541
p31,1000,nm,Full FD,adaptive,8.0,1e-06,random,rand4,149,148,0.0875892540482801
p31,1000,nm,Full FD,adaptive,8.0,1e-06,random,rand4,149,149,0.03961843214268932
p31,1000,nm,Full FD,adaptive,8.0,1e-06,random,rand4,149,150,0.06599365395850094
p31,1000,nm,Full FD,adaptive,8.0,1e-06,random,rand4,149,151,0.061614646300110036
p31,1000,nm,Full FD,adaptive,8.0,1e-06,random,rand4,149,152,0.060462096570152855
p31,1000,nm,Full FD,adaptive,8.0,1e-06,random,rand4,149,153,0.07001090307879779
p31,1000,nm,Full FD,adaptive,8.0,1e-06,random,rand4,149,154,0.11766692859178436
p31,1000,nm,Full FD,adaptive,8.0,1e-06,random,rand4,149,155,0.03774518408098383
p31,1000,nm,Full FD,adaptive,8.0,1e-06,random,rand4,149,156,0.14772276414710575
p31,1000,nm,Full FD,adaptive,8.0,1e-06,random,rand4,149,157,0.07129663738283236
p31,1000,nm,Full FD,adaptive,8.0,1e-06,random,rand4,149,158,0.1591616426264574
p31,1000,nm,Full FD,adaptive,8.0,1e-06,random,rand4,149,159,0.03597148964709584
p31,1000,nm,Full FD,adaptive,8.0,1e-06,random,rand4,149,160,0.13664274439152146
p31,1000,nm,Full FD,adaptive,8.0,1e-06,random,rand4,149,161,0.13867060532625317
p31,1000,nm,Full FD,adaptive,8.0,1e-06,random,rand4,149,162,0.17491091929323818
p31,1000,nm,Full FD,adaptive,8.0,1e-06,random,rand4,149,163,0.1555030726615313
p31,1000,nm,Full FD,adaptive,8.0,1e-06,random,rand4,149,164,0.0994686435111882
p31,1000,nm,Full FD,adaptive,8.0,1e-06,random,rand4,149,165,0.29266224737007257
p31,1000,nm,Full FD,adaptive,8.0,1e-06,random,rand4,149,166,0.20502228671274392
p31,1000,nm,Full FD,adaptive,8.0,1e-06,random,rand4,149,167,0.1032910410910439
p31,1000,nm,Full FD,adaptive,8.0,1e-06,random,rand4,149,168,0.03055332454055275
p31,1000,nm,Full FD,adaptive,8.0,1e-06,random,rand4,149,169,0.030433824699437322
p31,1000,nm,Full FD,adaptive,8.0,1e-06,random,rand4,149,170,0.24388915939972247
p31,1000,nm,Full FD,adaptive,8.0,1e-06,random,rand4,149,171,0.02938074571579064
p31,1000,nm,Full FD,adaptive,8.0,1e-06,random,rand4,149,172,0.226719011494308
p31,1000,nm,Full FD,adaptive,8.0,1e-06,random,rand4,149,173,0.02843038025497591
p31,1000,nm,Full FD,adaptive,8.0,1e-06,random,rand4,149,174,0.23294621926809417
p31,1000,nm,Full FD,adaptive,8.0,1e-06,random,rand4,149,175,0.15851418345665536
p31,1000,nm,Full FD,adaptive,8.0,1e-06,random,rand4,149,176,0.19361881635729594
p31,1000,nm,Full FD,adaptive,8.0,1e-06,random,rand4,149,177,0.026199461414767155
p31,1000,nm,Full FD,adaptive,8.0,1e-06,random,rand4,149,178,0.35036101636004985
p31,1000,nm,Full FD,adaptive,8.0,1e-06,random,rand4,149,179,0.3024092603860614
p31,1000,nm,Full FD,adaptive,8.0,1e-06,random,rand4,149,180,0.03258691505184969
p31,1000,nm,Full FD,adaptive,8.0,1e-06,random,rand4,149,181,0.007780841822972578
p31,1000,nm,Full FD,adaptive,8.0,1e-06,random,rand4,149,182,0.2936350609437962
p31,1000,nm,Full FD,adaptive,8.0,1e-06,random,rand4,149,183,0.2668624311304298
p31,1000,nm,Full FD,adaptive,8.0,1e-06,random,rand4,149,184,0.09214116191766693
p31,1000,nm,Full FD,adaptive,8.0,1e-06,random,rand4,149,185,0.03936497894403156
p31,1000,nm,Full FD,adaptive,8.0,1e-06,random,rand4,149,186,0.3728806459882067
p31,1000,nm,Full FD,adaptive,8.0,1e-06,random,rand4,149,187,0.007957320386505413
p31,1000,nm,Full FD,adaptive,8.0,1e-06,random,rand4,149,188,0.30239234233393786
p31,1000,nm,Full FD,adaptive,8.0,1e-06,random,rand4,149,189,0.09469316865394052
p31,1000,nm,Full FD,adaptive,8.0,1e-06,random,rand4,149,190,0.49947292836537155
p31,1000,nm,Full FD,adaptive,8.0,1e-06,random,rand4,149,191,0.4204305560837709
p31,1000,nm,Full FD,adaptive,8.0,1e-06,random,rand4,149,192,0.016136469695726834
p31,1000,nm,Full FD,adaptive,8.0,1e-06,random,rand4,149,193,0.04545447631746902
p31,1000,nm,Full FD,adaptive,8.0,1e-06,random,rand4,149,194,0.015886945747327397
p31,1000,nm,Full FD,adaptive,8.0,1e-06,random,rand4,149,195,0.28549028003561716
p31,1000,nm,Full FD,adaptive,8.0,1e-06,random,rand4,149,196,0.019770642403923042
p31,1000,nm,Full FD,adaptive,8.0,1e-06,random,rand4,149,197,0.026728797651900976
p31,1000,nm,Full FD,adaptive,8.0,1e-06,random,rand4,149,198,0.2941924267307491
p31,1000,nm,Full FD,adaptive,8.0,1e-06,random,rand4,149,199,0.051217329787389305
p31,1000,nm,Full FD,adaptive,8.0,1e-06,random,rand4,149,200,0.010905500312678068
p31,1000,nm,Full FD,adaptive,8.0,1e-06,random,rand4,149,201,0.25041430624481137
p31,1000,nm,Full FD,adaptive,8.0,1e-06,random,rand4,149,202,1.0222217950233485
p31,1000,nm,Full FD,adaptive,8.0,1e-06,random,rand4,149,203,0.009887412603560772
p31,1000,nm,Full FD,adaptive,8.0,1e-06,random,rand4,149,204,0.18974243625801612
p31,1000,nm,Full FD,adaptive,8.0,1e-06,random,rand4,149,205,0.9104892160659059
p31,1000,nm,Full FD,adaptive,8.0,1e-06,random,rand4,149,206,0.026584793064786612
p31,1000,nm,Full FD,adaptive,8.0,1e-06,random,rand4,149,207,0.258102824396356
p31,1000,nm,Full FD,adaptive,8.0,1e-06,random,rand4,149,208,0.012826998592740288
p31,1000,nm,Full FD,adaptive,8.0,1e-06,random,rand4,149,209,0.9411215100829766
p31,1000,nm,Full FD,adaptive,8.0,1e-06,random,rand4,149,210,0.011110144337022721
p31,1000,nm,Full FD,adaptive,8.0,1e-06,random,rand4,149,211,1.2542832865415283
p31,1000,nm,Full FD,adaptive,8.0,1e-06,random,rand4,149,212,0.4116733906343065
p31,1000,nm,Full FD,adaptive,8.0,1e-06,random,rand4,149,213,0.72172728558914
p31,1000,nm,Full FD,adaptive,8.0,1e-06,random,rand4,149,214,1.1264562994531018
p31,1000,nm,Full FD,adaptive,8.0,1e-06,random,rand4,149,215,0.03889993532642399
p31,1000,nm,Full FD,adaptive,8.0,1e-06,random,rand4,149,216,0.20879756428237423
p31,1000,nm,Full FD,adaptive,8.0,1e-06,random,rand4,149,217,0.5088763646706593
p31,1000,nm,Full FD,adaptive,8.0,1e-06,random,rand4,149,218,0.22891874205743162
p31,1000,nm,Full FD,adaptive,8.0,1e-06,random,rand4,149,219,0.03543378248886122
p31,1000,nm,Full FD,adaptive,8.0,1e-06,random,rand4,149,220,0.32614074484903877
p31,1000,nm,Full FD,adaptive,8.0,1e-06,random,rand4,149,221,1.3578952541962546
p31,1000,nm,Full FD,adaptive,8.0,1e-06,random,rand4,149,222,0.530384528407175
p31,1000,nm,Full FD,adaptive,8.0,1e-06,random,rand4,149,223,0.35826624231273807
p31,1000,nm,Full FD,adaptive,8.0,1e-06,random,rand4,149,224,1.6904700634511374
p31,1000,nm,Full FD,adaptive,8.0,1e-06,random,rand4,149,225,1.2812530136377251
p31,1000,nm,Full FD,adaptive,8.0,1e-06,random,rand4,149,226,0.40000000518976353
p31,1000,nm,Full FD,adaptive,8.0,1e-06,random,rand4,149,227,0.14438563841053934
p31,1000,nm,Full FD,adaptive,8.0,1e-06,random,rand4,149,228,0.012166504518788996
p31,1000,nm,Full FD,adaptive,8.0,1e-06,random,rand4,149,229,0.00023275739749152726
p31,1000,nm,Full FD,adaptive,8.0,1e-06,random,rand4,149,230,1.1350692957314863e-07
p31,1000,tr,Full FD,adaptive,8.0,1e-06,random,rand4,149,0,4.536093318569602
p31,1000,tr,Full FD,adaptive,8.0,1e-06,random,rand4,149,1,9.816300709329603
p31,1000,tr,Full FD,adaptive,8.0,1e-06,random,rand4,149,2,4.767944141080109
p31,1000,tr,Full FD,adaptive,8.0,1e-06,random,rand4,149,3,4.439596928610577
p31,1000,tr,Full FD,adaptive,8.0,1e-06,random,rand4,149,4,0.9117153377139323
p31,1000,tr,Full FD,adaptive,8.0,1e-06,random,rand4,149,5,2.3128262184431327
p31,1000,tr,Full FD,adaptive,8.0,1e-06,random,rand4,149,6,1.370954152503372
p31,1000,tr,Full FD,adaptive,8.0,1e-06,random,rand4,149,7,0.4834889723208959
p31,1000,tr,Full FD,adaptive,8.0,1e-06,random,rand4,149,8,0.12813553098560077
p31,1000,tr,Full FD,adaptive,8.0,1e-06,random,rand4,149,9,0.0460770815658386
p31,1000,tr,Full FD,adaptive,8.0,1e-06,random,rand4,149,10,0.021676090593969553
p31,1000,tr,Full FD,adaptive,8.0,1e-06,random,rand4,149,11,0.009127933444460187
p31,1000,tr,Full FD,adaptive,8.0,1e-06,random,rand4,149,12,0.007070095409480813
p31,1000,tr,Full FD,adaptive,8.0,1e-06,random,rand4,149,13,0.0005382502992279278
p31,1000,tr,Full FD,adaptive,8.0,1e-06,random,rand4,149,14,3.610334134118616e-05
p31,1000,tr,Full FD,adaptive,8.0,1e-06,random,rand4,149,15,3.529245318566811e-07
p31,1000,nm,Full FD,adaptive,8.0,1e-06,random,rand5,150,0,0.002934078768293084
p31,1000,nm,Full FD,adaptive,8.0,1e-06,random,rand5,150,1,0.01331584413681974
p31,1000,nm,Full FD,adaptive,8.0,1e-06,random,rand5,150,2,0.003895194560082638
p31,1000,nm,Full FD,adaptive,8.0,1e-06,random,rand5,150,3,0.002949805303509621
p31,1000,nm,Full FD,adaptive,8.0,1e-06,random,rand5,150,4,0.0033086541439741788
p31,1000,nm,Full FD,adaptive,8.0,1e-06,random,rand5,150,5,0.028608486745226234
p31,1000,nm,Full FD,adaptive,8.0,1e-06,random,rand5,150,6,0.020827555440697924
p31,1000,nm,Full FD,adaptive,8.0,1e-06,random,rand5,150,7,0.0029444875778579967
p31,1000,nm,Full FD,adaptive,8.0,1e-06,random,rand5,150,8,0.002948529041293749
p31,1000,nm,Full FD,adaptive,8.0,1e-06,random,rand5,150,9,0.0019439017536964436
p31,1000,nm,Full FD,adaptive,8.0,1e-06,random,rand5,150,10,0.002947555968458434
p31,1000,nm,Full FD,adaptive,8.0,1e-06,random,rand5,150,11,0.03785853176689657
p31,1000,nm,Full FD,adaptive,8.0,1e-06,random,rand5,150,12,0.004853060904375859
p31,1000,nm,Full FD,adaptive,8.0,1e-06,random,rand5,150,13,0.004241008683894547
p31,1000,nm,Full FD,adaptive,8.0,1e-06,random,rand5,150,14,0.017015106624260617
p31,1000,nm,Full FD,adaptive,8.0,1e-06,random,rand5,150,15,0.010659501819827335
p31,1000,nm,Full FD,adaptive,8.0,1e-06,random,rand5,150,16,0.0035735338147603072
p31,1000,nm,Full FD,adaptive,8.0,1e-06,random,rand5,150,17,0.003574594563684279
p31,1000,nm,Full FD,adaptive,8.0,1e-06,random,rand5,150,18,0.002882909388424319
p31,1000,nm,Full FD,adaptive,8.0,1e-06,random,rand5,150,19,0.002836606830850628
p31,1000,nm,Full FD,adaptive,8.0,1e-06,random,rand5,150,20,0.0018966872293639018
p31,1000,nm,Full FD,adaptive,8.0,1e-06,random,rand5,150,21,0.006645510849893853
p31,1000,nm,Full FD,adaptive,8.0,1e-06,random,rand5,150,22,0.003812884655010433
p31,1000,nm,Full FD,adaptive,8.0,1e-06,random,rand5,150,23,0.00753888676148699
p31,1000,nm,Full FD,adaptive,8.0,1e-06,random,rand5,150,24,0.002922144552702721
p31,1000,nm,Full FD,adaptive,8.0,1e-06,random,rand5,150,25,0.0024229067639941148
p31,1000,nm,Full FD,adaptive,8.0,1e-06,random,rand5,150,26,0.001728089827691916
p31,1000,nm,Full FD,adaptive,8.0,1e-06,random,rand5,150,27,0.0040705001593455995
p31,1000,nm,Full FD,adaptive,8.0,1e-06,random,rand5,150,28,0.003565729987843058
p31,1000,nm,Full FD,adaptive,8.0,1e-06,random,rand5,150,29,0.0029216375587236203
p31,1000,nm,Full FD,adaptive,8.0,1e-06,random,rand5,150,30,0.0045586459798901925
p31,1000,nm,Full FD,adaptive,8.0,1e-06,random,rand5,150,31,0.011788917470210623
p31,1000,nm,Full FD,adaptive,8.0,1e-06,random,rand5,150,32,0.004616743661881945
p31,1000,nm,Full FD,adaptive,8.0,1e-06,random,rand5,150,33,0.002915127657666712
p31,1000,nm,Full FD,adaptive,8.0,1e-06,random,rand5,150,34,0.00291037812211426
p31,1000,nm,Full FD,adaptive,8.0,1e-06,random,rand5,150,35,0.006245305846178139
p31,1000,nm,Full FD,adaptive,8.0,1e-06,random,rand5,150,36,0.026184192906733773
p31,1000,nm,Full FD,adaptive,8.0,1e-06,random,rand5,150,37,0.00693927347848977
p31,1000,nm,Full FD,adaptive,8.0,1e-06,random,rand5,150,38,0.007390909165831149
p31,1000,nm,Full FD,adaptive,8.0,1e-06,random,rand5,150,39,0.002904411869069057
p31,1000,nm,Full FD,adaptive,8.0,1e-06,random,rand5,150,40,0.002904457815848252
p31,1000,nm,Full FD,adaptive,8.0,1e-06,random,rand5,150,41,0.006578621607557924
p31,1000,nm,Full FD,adaptive,8.0,1e-06,random,rand5,150,42,0.007296036128300844
p31,1000,nm,Full FD,adaptive,8.0,1e-06,random,rand5,150,43,0.0034411396711057614
p31,1000,nm,Full FD,adaptive,8.0,1e-06,random,rand5,150,44,0.005078346215793802
p31,1000,nm,Full FD,adaptive,8.0,1e-06,random,rand5,150,45,0.003537935854171561
p31,1000,nm,Full FD,adaptive,8.0,1e-06,random,rand5,150,46,0.005965005537856608
p31,1000,nm,Full FD,adaptive,8.0,1e-06,random,rand5,150,47,0.0279982911361442
p31,1000,nm,Full FD,adaptive,8.0,1e-06,random,rand5,150,48,0.003932069939352092
p31,1000,nm,Full FD,adaptive,8.0,1e-06,random,rand5,150,49,0.0004335632410549297
p31,1000,nm,Full FD,adaptive,8.0,1e-06,random,rand5,150,50,0.0326519309067543
p31,1000,nm,Full FD,adaptive,8.0,1e-06,random,rand5,150,51,0.004327216628635782
p31,1000,nm,Full FD,adaptive,8.0,1e-06,random,rand5,150,52,0.030717816004505624
p31,1000,nm,Full FD,adaptive,8.0,1e-06,random,rand5,150,53,0.0014388190185884496
p31,1000,nm,Full FD,adaptive,8.0,1e-06,random,rand5,150,54,0.0049462055738513176
p31,1000,nm,Full FD,adaptive,8.0,1e-06,random,rand5,150,55,0.0009032857742412057
p31,1000,nm,Full FD,adaptive,8.0,1e-06,random,rand5,150,56,0.005182648569488085
p31,1000,nm,Full FD,adaptive,8.0,1e-06,random,rand5,150,57,0.00287617262768816
p31,1000,nm,Full FD,adaptive,8.0,1e-06,random,rand5,150,58,0.005422657854701535
p31,1000,nm,Full FD,adaptive,8.0,1e-06,random,rand5,150,59,0.0012090981108682478
p31,1000,nm,Full FD,adaptive,8.0,1e-06,random,rand5,150,60,0.006445417549271577
p31,1000,nm,Full FD,adaptive,8.0,1e-06,random,rand5,150,61,0.0053033021885239865
p31,1000,nm,Full FD,adaptive,8.0,1e-06,random,rand5,150,62,0.0016572073082660626
p31,1000,nm,Full FD,adaptive,8.0,1e-06,random,rand5,150,63,0.014376119950237845
p31,1000,nm,Full FD,adaptive,8.0,1e-06,random,rand5,150,64,0.005867088879173883
p31,1000,nm,Full FD,adaptive,8.0,1e-06,random,rand5,150,65,0.0028689607226541083
p31,1000,nm,Full FD,adaptive,8.0,1e-06,random,rand5,150,66,0.02543714397798559
p31,1000,nm,Full FD,adaptive,8.0,1e-06,random,rand5,150,67,0.014670819329287908
p31,1000,nm,Full FD,adaptive,8.0,1e-06,random,rand5,150,68,0.007653450985936915
p31,1000,nm,Full FD,adaptive,8.0,1e-06,random,rand5,150,69,0.002862123919482819
p31,1000,nm,Full FD,adaptive,8.0,1e-06,random,rand5,150,70,0.0016678503437150027
p31,1000,nm,Full FD,adaptive,8.0,1e-06,random,rand5,150,71,0.011406192710730383
p31,1000,nm,Full FD,adaptive,8.0,1e-06,random,rand5,150,72,0.023294679605897452
p31,1000,nm,Full FD,adaptive,8.0,1e-06,random,rand5,150,73,0.0052142814747198835
p31,1000,nm,Full FD,adaptive,8.0,1e-06,random,rand5,150,74,0.007690997786433551
p31,1000,nm,Full FD,adaptive,8.0,1e-06,random,rand5,150,75,0.005988665977608313
p31,1000,nm,Full FD,adaptive,8.0,1e-06,random,rand5,150,76,0.0014985481559858962
p31,1000,nm,Full FD,adaptive,8.0,1e-06,random,rand5,150,77,0.01812411171255853
p31,1000,nm,Full FD,adaptive,8.0,1e-06,random,rand5,150,78,0.028101358728845956
p31,1000,nm,Full FD,adaptive,8.0,1e-06,random,rand5,150,79,0.009261992407968916
p31,1000,nm,Full FD,adaptive,8.0,1e-06,random,rand5,150,80,0.047504123248320915
p31,1000,nm,Full FD,adaptive,8.0,1e-06,random,rand5,150,81,0.0024202012258134277
p31,1000,nm,Full FD,adaptive,8.0,1e-06,random,rand5,150,82,0.04319340679870176
p31,1000,nm,Full FD,adaptive,8.0,1e-06,random,rand5,150,83,0.010308956439153305
p31,1000,nm,Full FD,adaptive,8.0,1e-06,random,rand5,150,84,0.0030345876568829595
p31,1000,nm,Full FD,adaptive,8.0,1e-06,random,rand5,150,85,0.027897194501620738
p31,1000,nm,Full FD,adaptive,8.0,1e-06,random,rand5,150,86,0.01849225298917822
p31,1000,nm,Full FD,adaptive,8.0,1e-06,random,rand5,150,87,0.004826258545214211
p31,1000,nm,Full FD,adaptive,8.0,1e-06,random,rand5,150,88,0.00198148040568222
p31,1000,nm,Full FD,adaptive,8.0,1e-06,random,rand5,150,89,0.0013413329914703095
p31,1000,nm,Full FD,adaptive,8.0,1e-06,random,rand5,150,90,0.012519206897725607
p31,1000,nm,Full FD,adaptive,8.0,1e-06,random,rand5,150,91,0.0034065116054240096
p31,1000,nm,Full FD,adaptive,8.0,1e-06,random,rand5,150,92,0.002063501079280277
p31,1000,nm,Full FD,adaptive,8.0,1e-06,random,rand5,150,93,0.0029387245428134866
p31,1000,nm,Full FD,adaptive,8.0,1e-06,random,rand5,150,94,0.049149255060380086
p31,1000,nm,Full FD,adaptive,8.0,1e-06,random,rand5,150,95,0.02067231383724147
p31,1000,nm,Full FD,adaptive,8.0,1e-06,random,rand5,150,96,0.013986566489323537
p31,1000,nm,Full FD,adaptive,8.0,1e-06,random,rand5,150,97,0.01424272172914151
p31,1000,nm,Full FD,adaptive,8.0,1e-06,random,rand5,150,98,0.00243317622565446
p31,1000,nm,Full FD,adaptive,8.0,1e-06,random,rand5,150,99,0.023301480899720655
p31,1000,nm,Full FD,adaptive,8.0,1e-06,random,rand5,150,100,0.0031728923768272995
p31,1000,nm,Full FD,adaptive,8.0,1e-06,random,rand5,150,101,0.04627657669853188
p31,1000,nm,Full FD,adaptive,8.0,1e-06,random,rand5,150,102,0.004895625225402915
p31,1000,nm,Full FD,adaptive,8.0,1e-06,random,rand5,150,103,0.0073873555435929085
p31,1000,nm,Full FD,adaptive,8.0,1e-06,random,rand5,150,104,0.004402912424617645
p31,1000,nm,Full FD,adaptive,8.0,1e-06,random,rand5,150,105,0.0036787858871321646
p31,1000,nm,Full FD,adaptive,8.0,1e-06,random,rand5,150,106,0.03446520885911268
p31,1000,nm,Full FD,adaptive,8.0,1e-06,random,rand5,150,107,0.00842576802756737
p31,1000,nm,Full FD,adaptive,8.0,1e-06,random,rand5,150,108,0.0027051501341408732
p31,1000,nm,Full FD,adaptive,8.0,1e-06,random,rand5,150,109,0.0024253432169717864
p31,1000,nm,Full FD,adaptive,8.0,1e-06,random,rand5,150,110,0.06180094433115701
p31,1000,nm,Full FD,adaptive,8.0,1e-06,random,rand5,150,111,0.006118745086057679
p31,1000,nm,Full FD,adaptive,8.0,1e-06,random,rand5,150,112,0.05459480539686999
p31,1000,nm,Full FD,adaptive,8.0,1e-06,random,rand5,150,113,0.005910921649728961
p31,1000,nm,Full FD,adaptive,8.0,1e-06,random,rand5,150,114,0.0026958522377111887
p31,1000,nm,Full FD,adaptive,8.0,1e-06,random,rand5,150,115,0.010716594110297751
p31,1000,nm,Full FD,adaptive,8.0,1e-06,random,rand5,150,116,0.02762555003298725
p31,1000,nm,Full FD,adaptive,8.0,1e-06,random,rand5,150,117,0.024321440709754186
p31,1000,nm,Full FD,adaptive,8.0,1e-06,random,rand5,150,118,0.023870013784158345
p31,1000,nm,Full FD,adaptive,8.0,1e-06,random,rand5,150,119,0.007590723241069092
p31,1000,nm,Full FD,adaptive,8.0,1e-06,random,rand5,150,120,0.007363211260341786
p31,1000,nm,Full FD,adaptive,8.0,1e-06,random,rand5,150,121,0.0061952238787589264
p31,1000,nm,Full FD,adaptive,8.0,1e-06,random,rand5,150,122,0.0952736395463227
p31,1000,nm,Full FD,adaptive,8.0,1e-06,random,rand5,150,123,0.07173098772750297
p31,1000,nm,Full FD,adaptive,8.0,1e-06,random,rand5,150,124,0.010482766902543043
p31,1000,nm,Full FD,adaptive,8.0,1e-06,random,rand5,150,125,0.010848612773802958
p31,1000,nm,Full FD,adaptive,8.0,1e-06,random,rand5,150,126,0.039114916482068066
p31,1000,nm,Full FD,adaptive,8.0,1e-06,random,rand5,150,127,0.012104171690957372
p31,1000,nm,Full FD,adaptive,8.0,1e-06,random,rand5,150,128,0.01517945063687952
p31,1000,nm,Full FD,adaptive,8.0,1e-06,random,rand5,150,129,0.015931336848978853
p31,1000,nm,Full FD,adaptive,8.0,1e-06,random,rand5,150,130,0.043700663492606914
p31,1000,nm,Full FD,adaptive,8.0,1e-06,random,rand5,150,131,0.012405559394370543
p31,1000,nm,Full FD,adaptive,8.0,1e-06,random,rand5,150,132,0.046615413607679713
p31,1000,nm,Full FD,adaptive,8.0,1e-06,random,rand5,150,133,0.05258990296681248
p31,1000,nm,Full FD,adaptive,8.0,1e-06,random,rand5,150,134,0.057917002877076344
p31,1000,nm,Full FD,adaptive,8.0,1e-06,random,rand5,150,135,0.05826626152015629
p31,1000,nm,Full FD,adaptive,8.0,1e-06,random,rand5,150,136,0.07281723359237377
p31,1000,nm,Full FD,adaptive,8.0,1e-06,random,rand5,150,137,0.016002125204142615
p31,1000,nm,Full FD,adaptive,8.0,1e-06,random,rand5,150,138,0.03873870359193278
p31,1000,nm,Full FD,adaptive,8.0,1e-06,random,rand5,150,139,0.023890633312102717
p31,1000,nm,Full FD,adaptive,8.0,1e-06,random,rand5,150,140,0.049592874569494086
p31,1000,nm,Full FD,adaptive,8.0,1e-06,random,rand5,150,141,0.025901990053767532
p31,1000,nm,Full FD,adaptive,8.0,1e-06,random,rand5,150,142,0.0845291764552164
p31,1000,nm,Full FD,adaptive,8.0,1e-06,random,rand5,150,143,0.10367229767119684
p31,1000,nm,Full FD,adaptive,8.0,1e-06,random,rand5,150,144,0.012751817193635294
p31,1000,nm,Full FD,adaptive,8.0,1e-06,random,rand5,150,145,0.022904806127497054
p31,1000,nm,Full FD,adaptive,8.0,1e-06,random,rand5,150,146,0.043085667368803274
p31,1000,nm,Full FD,adaptive,8.0,1e-06,random,rand5,150,147,0.21917219802678722
p31,1000,nm,Full FD,adaptive,8.0,1e-06,random,rand5,150,148,0.01585151969178028
p31,1000,nm,Full FD,adaptive,8.0,1e-06,random,rand5,150,149,0.023794557928653683
p31,1000,nm,Full FD,adaptive,8.0,1e-06,random,rand5,150,150,0.0573070498006976
p31,1000,nm,Full FD,adaptive,8.0,1e-06,random,rand5,150,151,0.12072849864243135
p31,1000,nm,Full FD,adaptive,8.0,1e-06,random,rand5,150,152,0.04466091169806287
p31,1000,nm,Full FD,adaptive,8.0,1e-06,random,rand5,150,153,0.04863439890780204
p31,1000,nm,Full FD,adaptive,8.0,1e-06,random,rand5,150,154,0.03775997051972989
p31,1000,nm,Full FD,adaptive,8.0,1e-06,random,rand5,150,155,0.12435482792762423
p31,1000,nm,Full FD,adaptive,8.0,1e-06,random,rand5,150,156,0.0561050870324387
p31,1000,nm,Full FD,adaptive,8.0,1e-06,random,rand5,150,157,0.10660724178341628
p31,1000,nm,Full FD,adaptive,8.0,1e-06,random,rand5,150,158,0.0679303458236022
p31,1000,nm,Full FD,adaptive,8.0,1e-06,random,rand5,150,159,0.057020169662091495
p31,1000,nm,Full FD,adaptive,8.0,1e-06,random,rand5,150,160,0.041957150462947984
p31,1000,nm,Full FD,adaptive,8.0,1e-06,random,rand5,150,161,0.06395593550763168
p31,1000,nm,Full FD,adaptive,8.0,1e-06,random,rand5,150,162,0.16665537243089798
p31,1000,nm,Full FD,adaptive,8.0,1e-06,random,rand5,150,163,0.04302243500481492
p31,1000,nm,Full FD,adaptive,8.0,1e-06,random,rand5,150,164,0.18572385241073341
p31,1000,nm,Full FD,adaptive,8.0,1e-06,random,rand5,150,165,0.05639226360871039
p31,1000,nm,Full FD,adaptive,8.0,1e-06,random,rand5,150,166,0.08900379548335272
p31,1000,nm,Full FD,adaptive,8.0,1e-06,random,rand5,150,167,0.11210441322209867
p31,1000,nm,Full FD,adaptive,8.0,1e-06,random,rand5,150,168,0.27273774909344634
p31,1000,nm,Full FD,adaptive,8.0,1e-06,random,rand5,150,169,0.06920261321311567
p31,1000,nm,Full FD,adaptive,8.0,1e-06,random,rand5,150,170,0.25808647965585213
p31,1000,nm,Full FD,adaptive,8.0,1e-06,random,rand5,150,171,0.12388457156340761
p31,1000,nm,Full FD,adaptive,8.0,1e-06,random,rand5,150,172,0.16277517159897784
p31,1000,nm,Full FD,adaptive,8.0,1e-06,random,rand5,150,173,0.2099419476987529
p31,1000,nm,Full FD,adaptive,8.0,1e-06,random,rand5,150,174,0.20835905977453792
p31,1000,nm,Full FD,adaptive,8.0,1e-06,random,rand5,150,175,0.34627619999687465
p31,1000,nm,Full FD,adaptive,8.0,1e-06,random,rand5,150,176,0.27213968284290535
p31,1000,nm,Full FD,adaptive,8.0,1e-06,random,rand5,150,177,0.46323608130971533
p31,1000,nm,Full FD,adaptive,8.0,1e-06,random,rand5,150,178,0.19457025921572874
p31,1000,nm,Full FD,adaptive,8.0,1e-06,random,rand5,150,179,0.6303959620347686
p31,1000,nm,Full FD,adaptive,8.0,1e-06,random,rand5,150,180,0.5322464302965181
p31,1000,nm,Full FD,adaptive,8.0,1e-06,random,rand5,150,181,0.6261018775407393
p31,1000,nm,Full FD,adaptive,8.0,1e-06,random,rand5,150,182,0.23424087046522282
p31,1000,nm,Full FD,adaptive,8.0,1e-06,random,rand5,150,183,0.8013964141478248
p31,1000,nm,Full FD,adaptive,8.0,1e-06,random,rand5,150,184,1.1859632241750944
p31,1000,nm,Full FD,adaptive,8.0,1e-06,random,rand5,150,185,0.5009775850335798
p31,1000,nm,Full FD,adaptive,8.0,1e-06,random,rand5,150,186,0.6496997177836801
p31,1000,nm,Full FD,adaptive,8.0,1e-06,random,rand5,150,187,0.6851721293815727
p31,1000,nm,Full FD,adaptive,8.0,1e-06,random,rand5,150,188,1.5553744343416902
p31,1000,nm,Full FD,adaptive,8.0,1e-06,random,rand5,150,189,1.6840844491379523
p31,1000,nm,Full FD,adaptive,8.0,1e-06,random,rand5,150,190,0.6677993129755496
p31,1000,nm,Full FD,adaptive,8.0,1e-06,random,rand5,150,191,2.556647463102446
p31,1000,nm,Full FD,adaptive,8.0,1e-06,random,rand5,150,192,1.034172486874798
p31,1000,nm,Full FD,adaptive,8.0,1e-06,random,rand5,150,193,2.3549169204758345
p31,1000,nm,Full FD,adaptive,8.0,1e-06,random,rand5,150,194,1.5590274835464293
p31,1000,nm,Full FD,adaptive,8.0,1e-06,random,rand5,150,195,0.3703677031535985
p31,1000,nm,Full FD,adaptive,8.0,1e-06,random,rand5,150,196,0.06839384150445027
p31,1000,nm,Full FD,adaptive,8.0,1e-06,random,rand5,150,197,0.009110137144063236
p31,1000,nm,Full FD,adaptive,8.0,1e-06,random,rand5,150,198,8.122024692395495e-05
p31,1000,tr,Full FD,adaptive,8.0,1e-06,random,rand5,150,0,22.512911804776557
p31,1000,tr,Full FD,adaptive,8.0,1e-06,random,rand5,150,1,6.592251884379361
p31,1000,tr,Full FD,adaptive,8.0,1e-06,random,rand5,150,2,4.721031403484559
p31,1000,tr,Full FD,adaptive,8.0,1e-06,random,rand5,150,3,1.764245162986007
p31,1000,tr,Full FD,adaptive,8.0,1e-06,random,rand5,150,4,4.80398592885676
p31,1000,tr,Full FD,adaptive,8.0,1e-06,random,rand5,150,5,0.9413733330405564
p31,1000,tr,Full FD,adaptive,8.0,1e-06,random,rand5,150,6,1.3099597650992583
p31,1000,tr,Full FD,adaptive,8.0,1e-06,random,rand5,150,7,0.4503870399382526
p31,1000,tr,Full FD,adaptive,8.0,1e-06,random,rand5,150,8,1.0084801714453406
p31,1000,tr,Full FD,adaptive,8.0,1e-06,random,rand5,150,9,0.8271755046428951
p31,1000,tr,Full FD,adaptive,8.0,1e-06,random,rand5,150,10,0.24744245291640235
p31,1000,tr,Full FD,adaptive,8.0,1e-06,random,rand5,150,11,0.1623216480552197
p31,1000,tr,Full FD,adaptive,8.0,1e-06,random,rand5,150,12,0.05685358633721296
p31,1000,tr,Full FD,adaptive,8.0,1e-06,random,rand5,150,13,0.018926111831552392
p31,1000,tr,Full FD,adaptive,8.0,1e-06,random,rand5,150,14,0.014515583239076512
p31,1000,tr,Full FD,adaptive,8.0,1e-06,random,rand5,150,15,0.0010683067334007071
p31,1000,tr,Full FD,adaptive,8.0,1e-06,random,rand5,150,16,0.00022362761626383104
p31,1000,tr,Full FD,adaptive,8.0,1e-06,random,rand5,150,17,1.0955341625713788e-05
p31,1000,tr,Full FD,adaptive,8.0,1e-06,random,rand5,150,18,1.443055705464146e-07
p31,1000,tr,Full FD,adaptive,12.0,1e-06,random,rand1,152,0,24.57459069883691
p31,1000,tr,Full FD,adaptive,12.0,1e-06,random,rand1,152,1,12.267854180390753
p31,1000,tr,Full FD,adaptive,12.0,1e-06,random,rand1,152,2,7.028345472297675e-07
p31,1000,tr,Full FD,adaptive,12.0,1e-06,random,rand1,152,3,7.4481278429383
p31,1000,tr,Full FD,adaptive,12.0,1e-06,random,rand1,152,4,6.896442832522687e-07
p31,1000,tr,Full FD,adaptive,12.0,1e-06,random,rand1,152,5,7.708023002861268
p31,1000,tr,Full FD,adaptive,12.0,1e-06,random,rand1,152,6,7.657771709453814
p31,1000,tr,Full FD,adaptive,12.0,1e-06,random,rand1,152,7,7.125357736325753
p31,1000,tr,Full FD,adaptive,12.0,1e-06,random,rand1,152,8,6.472510629005173
p31,1000,tr,Full FD,adaptive,12.0,1e-06,random,rand1,152,9,1.5755475802984902e-06
p31,1000,tr,Full FD,adaptive,12.0,1e-06,random,rand1,152,10,5.908777019929567
p31,1000,tr,Full FD,adaptive,12.0,1e-06,random,rand1,152,11,0.00011578962961825982
p31,1000,tr,Full FD,adaptive,12.0,1e-06,random,rand1,152,12,5.477654687206615
p31,1000,tr,Full FD,adaptive,12.0,1e-06,random,rand1,152,13,1.7200468992369581e-06
p31,1000,tr,Full FD,adaptive,12.0,1e-06,random,rand1,152,14,5.153570547650234
p31,1000,tr,Full FD,adaptive,12.0,1e-06,random,rand1,152,15,6.2253010506791406e-06
p31,1000,tr,Full FD,adaptive,12.0,1e-06,random,rand1,152,16,4.919588818485813
p31,1000,tr,Full FD,adaptive,12.0,1e-06,random,rand1,152,17,4.936034094968639e-06
p31,1000,tr,Full FD,adaptive,12.0,1e-06,random,rand1,152,18,2.128082519083937e-06
p31,1000,tr,Full FD,adaptive,12.0,1e-06,random,rand1,152,19,3.607447758736281e-06
p31,1000,tr,Full FD,adaptive,12.0,1e-06,random,rand1,152,20,4.024577331561559e-06
p31,1000,tr,Full FD,adaptive,12.0,1e-06,random,rand1,152,21,4.764055263632102
p31,1000,tr,Full FD,adaptive,12.0,1e-06,random,rand1,152,22,4.673250868111721
p31,1000,tr,Full FD,adaptive,12.0,1e-06,random,rand1,152,23,3.204729037678149e-05
p31,1000,tr,Full FD,adaptive,12.0,1e-06,random,rand1,152,24,4.637112162191937
p31,1000,tr,Full FD,adaptive,12.0,1e-06,random,rand1,152,25,2.7905556997187193
p31,1000,tr,Full FD,adaptive,12.0,1e-06,random,rand1,152,26,1.0359355826199497
p31,1000,tr,Full FD,adaptive,12.0,1e-06,random,rand1,152,27,1.359853501581439e-05
p31,1000,tr,Full FD,adaptive,12.0,1e-06,random,rand1,152,28,3.5879307747876627e-06
p31,1000,tr,Full FD,adaptive,12.0,1e-06,random,rand1,152,29,1.0603153809664383
p31,1000,tr,Full FD,adaptive,12.0,1e-06,random,rand1,152,30,1.117804738413564
p31,1000,tr,Full FD,adaptive,12.0,1e-06,random,rand1,152,31,0.7239896679935314
p31,1000,tr,Full FD,adaptive,12.0,1e-06,random,rand1,152,32,0.3603814474340133
p31,1000,tr,Full FD,adaptive,12.0,1e-06,random,rand1,152,33,2.8091779429490233e-06
p31,1000,tr,Full FD,adaptive,12.0,1e-06,random,rand1,152,34,0.37709458907540694
p31,1000,tr,Full FD,adaptive,12.0,1e-06,random,rand1,152,35,1.733910597978468e-05
p31,1000,tr,Full FD,adaptive,12.0,1e-06,random,rand1,152,36,8.364231237599296e-06
p31,1000,tr,Full FD,adaptive,12.0,1e-06,random,rand1,152,37,4.956187946724457e-06
p31,1000,tr,Full FD,adaptive,12.0,1e-06,random,rand1,152,38,7.004841460441936e-06
p31,1000,tr,Full FD,adaptive,12.0,1e-06,random,rand1,152,39,5.841177346569833e-06
p31,1000,tr,Full FD,adaptive,12.0,1e-06,random,rand1,152,40,0.40913953971829664
p31,1000,tr,Full FD,adaptive,12.0,1e-06,random,rand1,152,41,0.2732991863657224
p31,1000,tr,Full FD,adaptive,12.0,1e-06,random,rand1,152,42,0.1511015252312003
p31,1000,tr,Full FD,adaptive,12.0,1e-06,random,rand1,152,43,0.159654916964674
p31,1000,tr,Full FD,adaptive,12.0,1e-06,random,rand1,152,44,1.840058865063487e-05
p31,1000,tr,Full FD,adaptive,12.0,1e-06,random,rand1,152,45,8.226828976593849e-06
p31,1000,tr,Full FD,adaptive,12.0,1e-06,random,rand1,152,46,1.198322102719787e-05
p31,1000,tr,Full FD,adaptive,12.0,1e-06,random,rand1,152,47,0.17598060052227038
p31,1000,tr,Full FD,adaptive,12.0,1e-06,random,rand1,152,48,0.11951269561469974
p31,1000,tr,Full FD,adaptive,12.0,1e-06,random,rand1,152,49,0.0671401579758404
p31,1000,tr,Full FD,adaptive,12.0,1e-06,random,rand1,152,50,1.3298221020510196e-05
p31,1000,tr,Full FD,adaptive,12.0,1e-06,random,rand1,152,51,0.07228773193224027
p31,1000,tr,Full FD,adaptive,12.0,1e-06,random,rand1,152,52,0.048611854510075526
p31,1000,tr,Full FD,adaptive,12.0,1e-06,random,rand1,152,53,0.029558262784599703
p31,1000,tr,Full FD,adaptive,12.0,1e-06,random,rand1,152,54,0.03078862402316543
p31,1000,tr,Full FD,adaptive,12.0,1e-06,random,rand1,152,55,0.03389208177331943
p31,1000,tr,Full FD,adaptive,12.0,1e-06,random,rand1,152,56,0.02311994384322564
p31,1000,tr,Full FD,adaptive,12.0,1e-06,random,rand1,152,57,0.013503193632246025
p31,1000,tr,Full FD,adaptive,12.0,1e-06,random,rand1,152,58,1.534621908682871e-05
p31,1000,tr,Full FD,adaptive,12.0,1e-06,random,rand1,152,59,0.014461381388815118
p31,1000,tr,Full FD,adaptive,12.0,1e-06,random,rand1,152,60,0.00973576949440785
p31,1000,tr,Full FD,adaptive,12.0,1e-06,random,rand1,152,61,1.4904209585082618e-05
p31,1000,tr,Full FD,adaptive,12.0,1e-06,random,rand1,152,62,0.0060431515078029924
p31,1000,tr,Full FD,adaptive,12.0,1e-06,random,rand1,152,63,3.690309888442554e-06
p31,1000,tr,Full FD,adaptive,12.0,1e-06,random,rand1,152,64,0.006263908355864364
p31,1000,tr,Full FD,adaptive,12.0,1e-06,random,rand1,152,65,4.473251756580187e-06
p31,1000,tr,Full FD,adaptive,12.0,1e-06,random,rand1,152,66,0.006883097920575843
p31,1000,tr,Full FD,adaptive,12.0,1e-06,random,rand1,152,67,8.020090450257858e-06
p31,1000,tr,Full FD,adaptive,12.0,1e-06,random,rand1,152,68,1.623484693010767e-06
p31,1000,tr,Full FD,adaptive,12.0,1e-06,random,rand1,152,69,0.0046897944345353
p31,1000,tr,Full FD,adaptive,12.0,1e-06,random,rand1,152,70,4.111357394943232e-06
p31,1000,tr,Full FD,adaptive,12.0,1e-06,random,rand1,152,71,5.708828075097278e-06
p31,1000,tr,Full FD,adaptive,12.0,1e-06,random,rand1,152,72,0.002757267616223367
p31,1000,tr,Full FD,adaptive,12.0,1e-06,random,rand1,152,73,1.3488783280964033e-05
p31,1000,tr,Full FD,adaptive,12.0,1e-06,random,rand1,152,74,0.0029275422500584275
p31,1000,tr,Full FD,adaptive,12.0,1e-06,random,rand1,152,75,2.9945015680311658e-06
p31,1000,tr,Full FD,adaptive,12.0,1e-06,random,rand1,152,76,3.2702171395291365e-05
p31,1000,tr,Full FD,adaptive,12.0,1e-06,random,rand1,152,77,0.0019262543903230183
p31,1000,tr,Full FD,adaptive,12.0,1e-06,random,rand1,152,78,1.798690432833109e-05
p31,1000,tr,Full FD,adaptive,12.0,1e-06,random,rand1,152,79,1.2328217307341278e-05
p31,1000,tr,Full FD,adaptive,12.0,1e-06,random,rand1,152,80,1.2538381696905932e-06
p31,1000,tr,Full FD,adaptive,12.0,1e-06,random,rand1,152,81,2.739803211761127e-06
p31,1000,tr,Full FD,adaptive,12.0,1e-06,random,rand1,152,82,0.0011769837017465712
p31,1000,tr,Full FD,adaptive,12.0,1e-06,random,rand1,152,83,4.581213000545447e-05
p31,1000,tr,Full FD,adaptive,12.0,1e-06,random,rand1,152,84,0.0011249608034689038
p31,1000,tr,Full FD,adaptive,12.0,1e-06,random,rand1,152,85,0.0012133593125301977
p31,1000,tr,Full FD,adaptive,12.0,1e-06,random,rand1,152,86,0.0008205386000466631
p31,1000,tr,Full FD,adaptive,12.0,1e-06,random,rand1,152,87,0.00012552266248028304
p31,1000,tr,Full FD,adaptive,12.0,1e-06,random,rand1,152,88,6.947662783632907e-06
p31,1000,tr,Full FD,adaptive,12.0,1e-06,random,rand1,152,89,0.0005697205200447533
p31,1000,tr,Full FD,adaptive,12.0,1e-06,random,rand1,152,90,0.0005041732890290155
p31,1000,tr,Full FD,adaptive,12.0,1e-06,random,rand1,152,91,6.533047083039782e-06
p31,1000,tr,Full FD,adaptive,12.0,1e-06,random,rand1,152,92,0.0003345806148047855
p31,1000,tr,Full FD,adaptive,12.0,1e-06,random,rand1,152,93,7.222170774380487e-06
p31,1000,tr,Full FD,adaptive,12.0,1e-06,random,rand1,152,94,0.00019455547083308913
p31,1000,tr,Full FD,adaptive,12.0,1e-06,random,rand1,152,95,1.2033494890460665e-05
p31,1000,tr,Full FD,adaptive,12.0,1e-06,random,rand1,152,96,0.00018159410686175613
p31,1000,tr,Full FD,adaptive,12.0,1e-06,random,rand1,152,97,0.00019753136442126463
p31,1000,tr,Full FD,adaptive,12.0,1e-06,random,rand1,152,98,1.1123351224373597e-05
p31,1000,tr,Full FD,adaptive,12.0,1e-06,random,rand1,152,99,1.207306252911249e-05
p31,1000,tr,Full FD,adaptive,12.0,1e-06,random,rand1,152,100,0.00017652056844204623
p31,1000,tr,Full FD,adaptive,12.0,1e-06,random,rand1,152,101,0.00012134708108208723
p31,1000,tr,Full FD,adaptive,12.0,1e-06,random,rand1,152,102,7.065994989108012e-05
p31,1000,tr,Full FD,adaptive,12.0,1e-06,random,rand1,152,103,7.675757333483491e-05
p31,1000,tr,Full FD,adaptive,12.0,1e-06,random,rand1,152,104,2.0633294374078523e-05
p31,1000,tr,Full FD,adaptive,12.0,1e-06,random,rand1,152,105,4.5559676077830555e-05
p31,1000,tr,Full FD,adaptive,12.0,1e-06,random,rand1,152,106,2.259715199211194e-05
p31,1000,tr,Full FD,adaptive,12.0,1e-06,random,rand1,152,107,0.00011128910777614514
p31,1000,tr,Full FD,adaptive,12.0,1e-06,random,rand1,152,108,2.1421319521168557e-05
p31,1000,tr,Full FD,adaptive,12.0,1e-06,random,rand1,152,109,1.3984658739631992e-05
p31,1000,tr,Full FD,adaptive,12.0,1e-06,random,rand1,152,110,1.6130710673805618e-05
p31,1000,tr,Full FD,adaptive,12.0,1e-06,random,rand1,152,111,4.319595504605254e-06
p31,1000,tr,Full FD,adaptive,12.0,1e-06,random,rand1,152,112,9.220103968214072e-06
p31,1000,tr,Full FD,adaptive,12.0,1e-06,random,rand1,152,113,3.487908802036146e-06
p31,1000,tr,Full FD,adaptive,12.0,1e-06,random,rand1,152,114,4.778732514317762e-06
p31,1000,tr,Full FD,adaptive,12.0,1e-06,random,rand1,152,115,2.32801919093842e-06
p31,1000,tr,Full FD,adaptive,12.0,1e-06,random,rand1,152,116,1.3571079261131274e-05
p31,1000,tr,Full FD,adaptive,12.0,1e-06,random,rand1,152,117,2.2024455074113483e-06
p31,1000,tr,Full FD,adaptive,12.0,1e-06,random,rand1,152,118,4.598834027694643e-06
p31,1000,tr,Full FD,adaptive,12.0,1e-06,random,rand1,152,119,9.246722497928186e-07
p31,1000,tr,Full FD,adaptive,12.0,1e-06,random,rand1,152,120,1.7482070669244082e-07
p31,1000,tr,Full FD,adaptive,12.0,1e-06,random,rand1,152,121,1.303422445075806e-07
p31,1000,tr,Full FD,adaptive,12.0,1e-06,random,rand1,152,122,6.313285496356143e-08
p31,1000,tr,Full FD,adaptive,12.0,1e-06,random,rand1,152,123,7.240929121055526e-08
p31,1000,tr,Full FD,adaptive,12.0,1e-06,random,rand1,152,124,3.49865296483772e-08
p31,1000,tr,Full FD,adaptive,12.0,1e-06,random,rand1,152,125,1.5072112205655434e-08
p31,1000,tr,Full FD,adaptive,12.0,1e-06,random,rand2,153,0,23.557120457537337
p31,1000,tr,Full FD,adaptive,12.0,1e-06,random,rand2,153,1,11.748140306063888
p31,1000,tr,Full FD,adaptive,12.0,1e-06,random,rand2,153,2,7.432872784748819
p31,1000,tr,Full FD,adaptive,12.0,1e-06,random,rand2,153,3,3.2904507743438124e-07
p31,1000,tr,Full FD,adaptive,12.0,1e-06,random,rand2,153,4,2.0182136336809687e-07
p31,1000,tr,Full FD,adaptive,12.0,1e-06,random,rand2,153,5,7.615875008916782
p31,1000,tr,Full FD,adaptive,12.0,1e-06,random,rand2,153,6,1.5160512542995751e-07
p31,1000,tr,Full FD,adaptive,12.0,1e-06,random,rand2,153,7,7.472708724433499
p31,1000,tr,Full FD,adaptive,12.0,1e-06,random,rand2,153,8,7.02517331216624
p31,1000,tr,Full FD,adaptive,12.0,1e-06,random,rand2,153,9,4.747063133569197e-06
p31,1000,tr,Full FD,adaptive,12.0,1e-06,random,rand2,153,10,6.454643871073406
p31,1000,tr,Full FD,adaptive,12.0,1e-06,random,rand2,153,11,5.901173558458325
p31,1000,tr,Full FD,adaptive,12.0,1e-06,random,rand2,153,12,5.457797951639631
p31,1000,tr,Full FD,adaptive,12.0,1e-06,random,rand2,153,13,5.149581246162315
p31,1000,tr,Full FD,adaptive,12.0,1e-06,random,rand2,153,14,4.9562959763099155
p31,1000,tr,Full FD,adaptive,12.0,1e-06,random,rand2,153,15,1.726119269495549e-05
p31,1000,tr,Full FD,adaptive,12.0,1e-06,random,rand2,153,16,4.848890602421314
p31,1000,tr,Full FD,adaptive,12.0,1e-06,random,rand2,153,17,1.457128834185247e-06
p31,1000,tr,Full FD,adaptive,12.0,1e-06,random,rand2,153,18,4.806816678514032
p31,1000,tr,Full FD,adaptive,12.0,1e-06,random,rand2,153,19,2.955869391358354e-06
p31,1000,tr,Full FD,adaptive,12.0,1e-06,random,rand2,153,20,5.525931239069296e-06
p31,1000,tr,Full FD,adaptive,12.0,1e-06,random,rand2,153,21,1.161716050003728e-05
p31,1000,tr,Full FD,adaptive,12.0,1e-06,random,rand2,153,22,2.8906901091819575
p31,1000,tr,Full FD,adaptive,12.0,1e-06,random,rand2,153,23,4.967289158683229e-05
p31,1000,tr,Full FD,adaptive,12.0,1e-06,random,rand2,153,24,2.303696349236589e-06
p31,1000,tr,Full FD,adaptive,12.0,1e-06,random,rand2,153,25,2.9121044905822136e-06
p31,1000,tr,Full FD,adaptive,12.0,1e-06,random,rand2,153,26,4.103162799570202e-06
p31,1000,tr,Full FD,adaptive,12.0,1e-06,random,rand2,153,27,2.690274257523754e-06
p31,1000,tr,Full FD,adaptive,12.0,1e-06,random,rand2,153,28,1.8417501512479797e-06
p31,1000,tr,Full FD,adaptive,12.0,1e-06,random,rand2,153,29,3.929744254050167e-06
p31,1000,tr,Full FD,adaptive,12.0,1e-06,random,rand2,153,30,1.0796217892278035
p31,1000,tr,Full FD,adaptive,12.0,1e-06,random,rand2,153,31,1.1046102635165094
p31,1000,tr,Full FD,adaptive,12.0,1e-06,random,rand2,153,32,1.1633313648748227
p31,1000,tr,Full FD,adaptive,12.0,1e-06,random,rand2,153,33,6.828059246485638e-06
p31,1000,tr,Full FD,adaptive,12.0,1e-06,random,rand2,153,34,0.7524432584471693
p31,1000,tr,Full FD,adaptive,12.0,1e-06,random,rand2,153,35,0.38558633491236927
p31,1000,tr,Full FD,adaptive,12.0,1e-06,random,rand2,153,36,0.39957150414700754
p31,1000,tr,Full FD,adaptive,12.0,1e-06,random,rand2,153,37,6.984287773579966e-06
p31,1000,tr,Full FD,adaptive,12.0,1e-06,random,rand2,153,38,0.4298249378105612
p31,1000,tr,Full FD,adaptive,12.0,1e-06,random,rand2,153,39,0.0007166137250833348
p31,1000,tr,Full FD,adaptive,12.0,1e-06,random,rand2,153,40,1.2064446086927092e-05
p31,1000,tr,Full FD,adaptive,12.0,1e-06,random,rand2,153,41,0.28442519146161954
p31,1000,tr,Full FD,adaptive,12.0,1e-06,random,rand2,153,42,1.6513562852033378e-06
p31,1000,tr,Full FD,adaptive,12.0,1e-06,random,rand2,153,43,0.164981293724399
p31,1000,tr,Full FD,adaptive,12.0,1e-06,random,rand2,153,44,3.6767866106723735e-06
p31,1000,tr,Full FD,adaptive,12.0,1e-06,random,rand2,153,45,0.17043382158166487
p31,1000,tr,Full FD,adaptive,12.0,1e-06,random,rand2,153,46,0.1849919807116371
p31,1000,tr,Full FD,adaptive,12.0,1e-06,random,rand2,153,47,2.0175404751833424e-05
p31,1000,tr,Full FD,adaptive,12.0,1e-06,random,rand2,153,48,2.944551473843496e-06
p31,1000,tr,Full FD,adaptive,12.0,1e-06,random,rand2,153,49,4.069647777722354e-06
p31,1000,tr,Full FD,adaptive,12.0,1e-06,random,rand2,153,50,0.1244496030081319
p31,1000,tr,Full FD,adaptive,12.0,1e-06,random,rand2,153,51,1.596871824511824e-05
p31,1000,tr,Full FD,adaptive,12.0,1e-06,random,rand2,153,52,0.07333541544044528
p31,1000,tr,Full FD,adaptive,12.0,1e-06,random,rand2,153,53,2.426548370872066e-06
p31,1000,tr,Full FD,adaptive,12.0,1e-06,random,rand2,153,54,4.793694445318476e-05
p31,1000,tr,Full FD,adaptive,12.0,1e-06,random,rand2,153,55,3.7210949054620153e-06
p31,1000,tr,Full FD,adaptive,12.0,1e-06,random,rand2,153,56,9.768018756903547e-06
p31,1000,tr,Full FD,adaptive,12.0,1e-06,random,rand2,153,57,1.5767301250371553e-06
p31,1000,tr,Full FD,adaptive,12.0,1e-06,random,rand2,153,58,2.1022900134719827e-06
p31,1000,tr,Full FD,adaptive,12.0,1e-06,random,rand2,153,59,0.07682235530390549
p31,1000,tr,Full FD,adaptive,12.0,1e-06,random,rand2,153,60,0.0847405416383299
p31,1000,tr,Full FD,adaptive,12.0,1e-06,random,rand2,153,61,0.05777726234269832
p31,1000,tr,Full FD,adaptive,12.0,1e-06,random,rand2,153,62,0.03327217929275683
p31,1000,tr,Full FD,adaptive,12.0,1e-06,random,rand2,153,63,0.035800115671361474
p31,1000,tr,Full FD,adaptive,12.0,1e-06,random,rand2,153,64,2.6635828693051095e-05
p31,1000,tr,Full FD,adaptive,12.0,1e-06,random,rand2,153,65,0.024088179184631357
p31,1000,tr,Full FD,adaptive,12.0,1e-06,random,rand2,153,66,0.01482115271993469
p31,1000,tr,Full FD,adaptive,12.0,1e-06,random,rand2,153,67,6.622481377824279e-06
p31,1000,tr,Full FD,adaptive,12.0,1e-06,random,rand2,153,68,7.305415052630295e-06
p31,1000,tr,Full FD,adaptive,12.0,1e-06,random,rand2,153,69,0.015417637247868612
p31,1000,tr,Full FD,adaptive,12.0,1e-06,random,rand2,153,70,0.016999703446754055
p31,1000,tr,Full FD,adaptive,12.0,1e-06,random,rand2,153,71,0.011621228346830216
p31,1000,tr,Full FD,adaptive,12.0,1e-06,random,rand2,153,72,3.026625582047795e-06
p31,1000,tr,Full FD,adaptive,12.0,1e-06,random,rand2,153,73,0.006793978679357313
p31,1000,tr,Full FD,adaptive,12.0,1e-06,random,rand2,153,74,1.9290509575335793e-06
p31,1000,tr,Full FD,adaptive,12.0,1e-06,random,rand2,153,75,0.007306204255243739
p31,1000,tr,Full FD,adaptive,12.0,1e-06,random,rand2,153,76,0.004930980220550378
p31,1000,tr,Full FD,adaptive,12.0,1e-06,random,rand2,153,77,0.003057331369727714
p31,1000,tr,Full FD,adaptive,12.0,1e-06,random,rand2,153,78,0.003189361803665767
p31,1000,tr,Full FD,adaptive,12.0,1e-06,random,rand2,153,79,0.0035237507775825105
p31,1000,tr,Full FD,adaptive,12.0,1e-06,random,rand2,153,80,5.307112304512479e-06
p31,1000,tr,Full FD,adaptive,12.0,1e-06,random,rand2,153,81,5.300011153539609e-06
p31,1000,tr,Full FD,adaptive,12.0,1e-06,random,rand2,153,82,2.3729133738994616e-05
p31,1000,tr,Full FD,adaptive,12.0,1e-06,random,rand2,153,83,0.0023707256161161422
p31,1000,tr,Full FD,adaptive,12.0,1e-06,random,rand2,153,84,7.605389776751071e-06
p31,1000,tr,Full FD,adaptive,12.0,1e-06,random,rand2,153,85,4.069457560021224e-06
p31,1000,tr,Full FD,adaptive,12.0,1e-06,random,rand2,153,86,0.001376189183327107
p31,1000,tr,Full FD,adaptive,12.0,1e-06,random,rand2,153,87,0.001477735445665229
p31,1000,tr,Full FD,adaptive,12.0,1e-06,random,rand2,153,88,0.0009968379954045272
p31,1000,tr,Full FD,adaptive,12.0,1e-06,random,rand2,153,89,4.576940058266732e-06
p31,1000,tr,Full FD,adaptive,12.0,1e-06,random,rand2,153,90,0.0006168244265631901
p31,1000,tr,Full FD,adaptive,12.0,1e-06,random,rand2,153,91,2.8220547604213937e-06
p31,1000,tr,Full FD,adaptive,12.0,1e-06,random,rand2,153,92,0.0006355003881826926
p31,1000,tr,Full FD,adaptive,12.0,1e-06,random,rand2,153,93,2.3588261225331956e-05
p31,1000,tr,Full FD,adaptive,12.0,1e-06,random,rand2,153,94,0.0006534808318979981
p31,1000,tr,Full FD,adaptive,12.0,1e-06,random,rand2,153,95,0.0004450964257124352
p31,1000,tr,Full FD,adaptive,12.0,1e-06,random,rand2,153,96,0.00026854521628225683
p31,1000,tr,Full FD,adaptive,12.0,1e-06,random,rand2,153,97,0.00028544441838113257
p31,1000,tr,Full FD,adaptive,12.0,1e-06,random,rand2,153,98,0.00019148353744153216
p31,1000,tr,Full FD,adaptive,12.0,1e-06,random,rand2,153,99,0.00012277602140037654
p31,1000,tr,Full FD,adaptive,12.0,1e-06,random,rand2,153,100,0.00012623844194270846
p31,1000,tr,Full FD,adaptive,12.0,1e-06,random,rand2,153,101,3.5980405927725093e-06
p31,1000,tr,Full FD,adaptive,12.0,1e-06,random,rand2,153,102,0.000131288585170043
p31,1000,tr,Full FD,adaptive,12.0,1e-06,random,rand2,153,103,8.926673739773342e-05
p31,1000,tr,Full FD,adaptive,12.0,1e-06,random,rand2,153,104,3.906331242811853e-06
p31,1000,tr,Full FD,adaptive,12.0,1e-06,random,rand2,153,105,5.963412129572696e-06
p31,1000,tr,Full FD,adaptive,12.0,1e-06,random,rand2,153,106,8.275325696013251e-06
p31,1000,tr,Full FD,adaptive,12.0,1e-06,random,rand2,153,107,1.9510352916555654e-05
p31,1000,tr,Full FD,adaptive,12.0,1e-06,random,rand2,153,108,8.285939678624046e-07
p31,1000,tr,Full FD,adaptive,12.0,1e-06,random,rand2,153,109,0.00011684670028491861
p31,1000,tr,Full FD,adaptive,12.0,1e-06,random,rand2,153,110,2.304404962935644e-05
p31,1000,tr,Full FD,adaptive,12.0,1e-06,random,rand2,153,111,2.464713282475068e-06
p31,1000,tr,Full FD,adaptive,12.0,1e-06,random,rand2,153,112,1.7895874520090997e-06
p31,1000,tr,Full FD,adaptive,12.0,1e-06,random,rand2,153,113,1.071974209269335e-06
p31,1000,tr,Full FD,adaptive,12.0,1e-06,random,rand2,153,114,2.9309939208179227e-07
p31,1000,tr,Full FD,adaptive,12.0,1e-06,random,rand2,153,115,1.3524281641498883e-06
p31,1000,tr,Full FD,adaptive,12.0,1e-06,random,rand2,153,116,5.024519597444913e-07
p31,1000,tr,Full FD,adaptive,12.0,1e-06,random,rand2,153,117,2.541094371498354e-07
p31,1000,tr,Full FD,adaptive,12.0,1e-06,random,rand2,153,118,5.279409197390249e-07
p31,1000,tr,Full FD,adaptive,12.0,1e-06,random,rand2,153,119,2.1209598936007782e-07
p31,1000,tr,Full FD,adaptive,12.0,1e-06,random,rand2,153,120,4.027255949289486e-07
p31,1000,tr,Full FD,adaptive,12.0,1e-06,random,rand2,153,121,1.8297791444618915e-07
p31,1000,tr,Full FD,adaptive,12.0,1e-06,random,rand2,153,122,1.4462044859268075e-07
p31,1000,tr,Full FD,adaptive,12.0,1e-06,random,rand2,153,123,6.694710105758749e-08
p31,1000,tr,Full FD,adaptive,12.0,1e-06,random,rand2,153,124,5.60524441020147e-08
p31,1000,tr,Full FD,adaptive,12.0,1e-06,random,rand2,153,125,6.158829700003011e-08
p31,1000,tr,Full FD,adaptive,12.0,1e-06,random,rand2,153,126,1.1013991082159713e-07
p31,1000,tr,Full FD,adaptive,12.0,1e-06,random,rand2,153,127,3.1697479573705023e-08
p31,1000,tr,Full FD,adaptive,12.0,1e-06,random,rand3,154,0,24.677619294486075
p31,1000,tr,Full FD,adaptive,12.0,1e-06,random,rand3,154,1,2.7148711856301408e-08
p31,1000,tr,Full FD,adaptive,12.0,1e-06,random,rand3,154,2,2.7099635771353565e-08
p31,1000,tr,Full FD,adaptive,12.0,1e-06,random,rand3,154,3,6.561982489920877e-07
p31,1000,tr,Full FD,adaptive,12.0,1e-06,random,rand3,154,4,2.0622304179851106e-08
p31,1000,tr,Full FD,adaptive,12.0,1e-06,random,rand3,154,5,12.722603229880237
p31,1000,tr,Full FD,adaptive,12.0,1e-06,random,rand3,154,6,1.127279108403011e-06
p31,1000,tr,Full FD,adaptive,12.0,1e-06,random,rand3,154,7,7.56579354506895
p31,1000,tr,Full FD,adaptive,12.0,1e-06,random,rand3,154,8,2.9589856549052623e-09
p31,1000,tr,Full FD,adaptive,12.0,1e-06,random,rand3,154,9,7.702972600998282
p31,1000,tr,Full FD,adaptive,12.0,1e-06,random,rand3,154,10,7.66406207711048e-08
p31,1000,tr,Full FD,adaptive,12.0,1e-06,random,rand3,154,11,7.471870452689423
p31,1000,tr,Full FD,adaptive,12.0,1e-06,random,rand3,154,12,6.826148472510581
p31,1000,tr,Full FD,adaptive,12.0,1e-06,random,rand3,154,13,6.1851951969194445
p31,1000,tr,Full FD,adaptive,12.0,1e-06,random,rand3,154,14,5.694113742365759
p31,1000,tr,Full FD,adaptive,12.0,1e-06,random,rand3,154,15,5.309289719215636
p31,1000,tr,Full FD,adaptive,12.0,1e-06,random,rand3,154,16,5.007840347210677
p31,1000,tr,Full FD,adaptive,12.0,1e-06,random,rand3,154,17,1.1824076197030198e-05
p31,1000,tr,Full FD,adaptive,12.0,1e-06,random,rand3,154,18,2.8429154063734383e-06
p31,1000,tr,Full FD,adaptive,12.0,1e-06,random,rand3,154,19,4.2511586732066595e-06
p31,1000,tr,Full FD,adaptive,12.0,1e-06,random,rand3,154,20,4.887404669156391e-06
p31,1000,tr,Full FD,adaptive,12.0,1e-06,random,rand3,154,21,4.793783816413523
p31,1000,tr,Full FD,adaptive,12.0,1e-06,random,rand3,154,22,8.317865673320831e-06
p31,1000,tr,Full FD,adaptive,12.0,1e-06,random,rand3,154,23,4.659117724021921
p31,1000,tr,Full FD,adaptive,12.0,1e-06,random,rand3,154,24,4.590085341282823
p31,1000,tr,Full FD,adaptive,12.0,1e-06,random,rand3,154,25,4.575141358825458
p31,1000,tr,Full FD,adaptive,12.0,1e-06,random,rand3,154,26,7.286751569237261e-06
p31,1000,tr,Full FD,adaptive,12.0,1e-06,random,rand3,154,27,6.619215494413111e-05
p31,1000,tr,Full FD,adaptive,12.0,1e-06,random,rand3,154,28,1.7888413014102602e-05
p31,1000,tr,Full FD,adaptive,12.0,1e-06,random,rand3,154,29,2.7636093203798944
p31,1000,tr,Full FD,adaptive,12.0,1e-06,random,rand3,154,30,1.4222841500494156e-05
p31,1000,tr,Full FD,adaptive,12.0,1e-06,random,rand3,154,31,1.0331108583108506
p31,1000,tr,Full FD,adaptive,12.0,1e-06,random,rand3,154,32,1.0606381395295938
p31,1000,tr,Full FD,adaptive,12.0,1e-06,random,rand3,154,33,1.1201408305202678
p31,1000,tr,Full FD,adaptive,12.0,1e-06,random,rand3,154,34,1.0632632307428917e-05
p31,1000,tr,Full FD,adaptive,12.0,1e-06,random,rand3,154,35,0.7259510660849351
p31,1000,tr,Full FD,adaptive,12.0,1e-06,random,rand3,154,36,2.183241064421515e-06
p31,1000,tr,Full FD,adaptive,12.0,1e-06,random,rand3,154,37,2.636503767999619e-06
p31,1000,tr,Full FD,adaptive,12.0,1e-06,random,rand3,154,38,0.3667572883644049
p31,1000,tr,Full FD,adaptive,12.0,1e-06,random,rand3,154,39,0.3831113388872158
p31,1000,tr,Full FD,adaptive,12.0,1e-06,random,rand3,154,40,0.4140299025256579
p31,1000,tr,Full FD,adaptive,12.0,1e-06,random,rand3,154,41,1.1615694310020262e-05
p31,1000,tr,Full FD,adaptive,12.0,1e-06,random,rand3,154,42,0.27529708945151915
p31,1000,tr,Full FD,adaptive,12.0,1e-06,random,rand3,154,43,4.458769069909782e-06
p31,1000,tr,Full FD,adaptive,12.0,1e-06,random,rand3,154,44,0.15912541360377902
p31,1000,tr,Full FD,adaptive,12.0,1e-06,random,rand3,154,45,1.5249382647329451e-06
p31,1000,tr,Full FD,adaptive,12.0,1e-06,random,rand3,154,46,6.4252850089410425e-06
p31,1000,tr,Full FD,adaptive,12.0,1e-06,random,rand3,154,47,0.16495744479322152
p31,1000,tr,Full FD,adaptive,12.0,1e-06,random,rand3,154,48,2.2880209250242746e-06
p31,1000,tr,Full FD,adaptive,12.0,1e-06,random,rand3,154,49,0.17900458535229707
p31,1000,tr,Full FD,adaptive,12.0,1e-06,random,rand3,154,50,0.12025636950758814
p31,1000,tr,Full FD,adaptive,12.0,1e-06,random,rand3,154,51,5.644301229840806e-07
p31,1000,tr,Full FD,adaptive,12.0,1e-06,random,rand3,154,52,5.258432648594511e-07
p31,1000,tr,Full FD,adaptive,12.0,1e-06,random,rand3,154,53,0.07153083049830893
p31,1000,tr,Full FD,adaptive,12.0,1e-06,random,rand3,154,54,3.051368671041129e-06
p31,1000,tr,Full FD,adaptive,12.0,1e-06,random,rand3,154,55,2.4353141789351707e-06
p31,1000,tr,Full FD,adaptive,12.0,1e-06,random,rand3,154,56,0.07463248352059558
p31,1000,tr,Full FD,adaptive,12.0,1e-06,random,rand3,154,57,4.614202097512514e-06
p31,1000,tr,Full FD,adaptive,12.0,1e-06,random,rand3,154,58,0.08192476949756305
p31,1000,tr,Full FD,adaptive,12.0,1e-06,random,rand3,154,59,0.055667042309290204
p31,1000,tr,Full FD,adaptive,12.0,1e-06,random,rand3,154,60,5.061973381003468e-07
p31,1000,tr,Full FD,adaptive,12.0,1e-06,random,rand3,154,61,1.3535752388625266e-05
p31,1000,tr,Full FD,adaptive,12.0,1e-06,random,rand3,154,62,0.03238860633899169
p31,1000,tr,Full FD,adaptive,12.0,1e-06,random,rand3,154,63,0.03455944783262992
p31,1000,tr,Full FD,adaptive,12.0,1e-06,random,rand3,154,64,0.023159488601850606
p31,1000,tr,Full FD,adaptive,12.0,1e-06,random,rand3,154,65,1.2801424616491095e-06
p31,1000,tr,Full FD,adaptive,12.0,1e-06,random,rand3,154,66,4.5441001350344753e-07
p31,1000,tr,Full FD,adaptive,12.0,1e-06,random,rand3,154,67,4.797376944850471e-07
p31,1000,tr,Full FD,adaptive,12.0,1e-06,random,rand3,154,68,1.654305303348783e-06
p31,1000,tr,Full FD,adaptive,12.0,1e-06,random,rand3,154,69,8.964321968564694e-07
p31,1000,tr,Full FD,adaptive,12.0,1e-06,random,rand3,154,70,5.380839008422307e-07
p31,1000,tr,Full FD,adaptive,12.0,1e-06,random,rand3,154,71,4.266510274677743e-07
p31,1000,tr,Full FD,adaptive,12.0,1e-06,random,rand3,154,72,0.014479161466318712
p31,1000,tr,Full FD,adaptive,12.0,1e-06,random,rand3,154,73,9.236066041565538e-07
p31,1000,tr,Full FD,adaptive,12.0,1e-06,random,rand3,154,74,0.014918074992779345
p31,1000,tr,Full FD,adaptive,12.0,1e-06,random,rand3,154,75,0.016330658745089138
p31,1000,tr,Full FD,adaptive,12.0,1e-06,random,rand3,154,76,0.011117386562876677
p31,1000,tr,Full FD,adaptive,12.0,1e-06,random,rand3,154,77,1.1406638036774571e-05
p31,1000,tr,Full FD,adaptive,12.0,1e-06,random,rand3,154,78,9.428572428440222e-07
p31,1000,tr,Full FD,adaptive,12.0,1e-06,random,rand3,154,79,7.923157105015e-07
p31,1000,tr,Full FD,adaptive,12.0,1e-06,random,rand3,154,80,1.1828668584870797e-06
p31,1000,tr,Full FD,adaptive,12.0,1e-06,random,rand3,154,81,0.00656334612061359
p31,1000,tr,Full FD,adaptive,12.0,1e-06,random,rand3,154,82,1.5851201457040049e-06
p31,1000,tr,Full FD,adaptive,12.0,1e-06,random,rand3,154,83,7.329860240969558e-06
p31,1000,tr,Full FD,adaptive,12.0,1e-06,random,rand3,154,84,1.2276617181601154e-06
p31,1000,tr,Full FD,adaptive,12.0,1e-06,random,rand3,154,85,4.673010496975209e-06
p31,1000,tr,Full FD,adaptive,12.0,1e-06,random,rand3,154,86,1.6179791310146517e-05
p31,1000,tr,Full FD,adaptive,12.0,1e-06,random,rand3,154,87,0.006936652854126631
p31,1000,tr,Full FD,adaptive,12.0,1e-06,random,rand3,154,88,9.774744230437577e-06
p31,1000,tr,Full FD,adaptive,12.0,1e-06,random,rand3,154,89,0.004639832909678792
p31,1000,tr,Full FD,adaptive,12.0,1e-06,random,rand3,154,90,4.974548971504951e-05
p31,1000,tr,Full FD,adaptive,12.0,1e-06,random,rand3,154,91,0.002869638888235338
p31,1000,tr,Full FD,adaptive,12.0,1e-06,random,rand3,154,92,1.6083872198794004e-06
p31,1000,tr,Full FD,adaptive,12.0,1e-06,random,rand3,154,93,0.002933674261738748
p31,1000,tr,Full FD,adaptive,12.0,1e-06,random,rand3,154,94,0.003200794858732873
p31,1000,tr,Full FD,adaptive,12.0,1e-06,random,rand3,154,95,1.2662365675375583e-05
p31,1000,tr,Full FD,adaptive,12.0,1e-06,random,rand3,154,96,0.002161782601077078
p31,1000,tr,Full FD,adaptive,12.0,1e-06,random,rand3,154,97,0.001300928046117175
p31,1000,tr,Full FD,adaptive,12.0,1e-06,random,rand3,154,98,0.0013802068419453614
p31,1000,tr,Full FD,adaptive,12.0,1e-06,random,rand3,154,99,8.234838932719468e-06
p31,1000,tr,Full FD,adaptive,12.0,1e-06,random,rand3,154,100,1.5038542639312017e-05
p31,1000,tr,Full FD,adaptive,12.0,1e-06,random,rand3,154,101,3.558021608992065e-06
p31,1000,tr,Full FD,adaptive,12.0,1e-06,random,rand3,154,102,3.5168334029862946e-05
p31,1000,tr,Full FD,adaptive,12.0,1e-06,random,rand3,154,103,1.3554409476447469e-05
p31,1000,tr,Full FD,adaptive,12.0,1e-06,random,rand3,154,104,9.592839893278987e-06
p31,1000,tr,Full FD,adaptive,12.0,1e-06,random,rand3,154,105,5.194720630578225e-06
p31,1000,tr,Full FD,adaptive,12.0,1e-06,random,rand3,154,106,0.0013603950934000665
p31,1000,tr,Full FD,adaptive,12.0,1e-06,random,rand3,154,107,2.476574923502665e-05
p31,1000,tr,Full FD,adaptive,12.0,1e-06,random,rand3,154,108,0.0009001810513861365
p31,1000,tr,Full FD,adaptive,12.0,1e-06,random,rand3,154,109,1.4301416637018944e-06
p31,1000,tr,Full FD,adaptive,12.0,1e-06,random,rand3,154,110,0.0005309919655401673
p31,1000,tr,Full FD,adaptive,12.0,1e-06,random,rand3,154,111,0.0005688311745196952
p31,1000,tr,Full FD,adaptive,12.0,1e-06,random,rand3,154,112,0.0003832556434598044
p31,1000,tr,Full FD,adaptive,12.0,1e-06,random,rand3,154,113,6.425985771471442e-06
p31,1000,tr,Full FD,adaptive,12.0,1e-06,random,rand3,154,114,0.00023165245061042825
p31,1000,tr,Full FD,adaptive,12.0,1e-06,random,rand3,154,115,0.00023824229306697848
p31,1000,tr,Full FD,adaptive,12.0,1e-06,random,rand3,154,116,0.0002667185094075256
p31,1000,tr,Full FD,adaptive,12.0,1e-06,random,rand3,154,117,1.962013460572952e-05
p31,1000,tr,Full FD,adaptive,12.0,1e-06,random,rand3,154,118,2.922118776917696e-05
p31,1000,tr,Full FD,adaptive,12.0,1e-06,random,rand3,154,119,3.608582959044693e-06
p31,1000,tr,Full FD,adaptive,12.0,1e-06,random,rand3,154,120,0.00020076037861585188
p31,1000,tr,Full FD,adaptive,12.0,1e-06,random,rand3,154,121,5.730291514958804e-06
p31,1000,tr,Full FD,adaptive,12.0,1e-06,random,rand3,154,122,1.5418995013982517e-05
p31,1000,tr,Full FD,adaptive,12.0,1e-06,random,rand3,154,123,0.00011115187610947882
p31,1000,tr,Full FD,adaptive,12.0,1e-06,random,rand3,154,124,2.6835679400416814e-06
p31,1000,tr,Full FD,adaptive,12.0,1e-06,random,rand3,154,125,6.573218876884493e-05
p31,1000,tr,Full FD,adaptive,12.0,1e-06,random,rand3,154,126,3.3306382159663885e-06
p31,1000,tr,Full FD,adaptive,12.0,1e-06,random,rand3,154,127,1.520437967444078e-06
p31,1000,tr,Full FD,adaptive,12.0,1e-06,random,rand3,154,128,5.940231812425015e-05
p31,1000,tr,Full FD,adaptive,12.0,1e-06,random,rand3,154,129,6.374020376871257e-05
p31,1000,tr,Full FD,adaptive,12.0,1e-06,random,rand3,154,130,4.764093838315506e-06
p31,1000,tr,Full FD,adaptive,12.0,1e-06,random,rand3,154,131,9.909684708775966e-06
p31,1000,tr,Full FD,adaptive,12.0,1e-06,random,rand3,154,132,1.7200530637400412e-05
p31,1000,tr,Full FD,adaptive,12.0,1e-06,random,rand3,154,133,8.055919605655505e-05
p31,1000,tr,Full FD,adaptive,12.0,1e-06,random,rand3,154,134,2.5605844634849468e-05
p31,1000,tr,Full FD,adaptive,12.0,1e-06,random,rand3,154,135,7.853566584748313e-06
p31,1000,tr,Full FD,adaptive,12.0,1e-06,random,rand3,154,136,2.950506069884247e-06
p31,1000,tr,Full FD,adaptive,12.0,1e-06,random,rand3,154,137,1.3935885505899187e-06
p31,1000,tr,Full FD,adaptive,12.0,1e-06,random,rand3,154,138,6.62936727018171e-07
p31,1000,tr,Full FD,adaptive,12.0,1e-06,random,rand3,154,139,4.148664297828821e-07
p31,1000,tr,Full FD,adaptive,12.0,1e-06,random,rand3,154,140,2.3512899081553818e-07
p31,1000,tr,Full FD,adaptive,12.0,1e-06,random,rand3,154,141,1.291120615226314e-06
p31,1000,tr,Full FD,adaptive,12.0,1e-06,random,rand3,154,142,3.111985585807234e-07
p31,1000,tr,Full FD,adaptive,12.0,1e-06,random,rand4,155,0,1.6722943874527782e-07
p31,1000,tr,Full FD,adaptive,12.0,1e-06,random,rand4,155,1,3.1688281302954584e-07
p31,1000,tr,Full FD,adaptive,12.0,1e-06,random,rand4,155,2,24.676050998849767
p31,1000,tr,Full FD,adaptive,12.0,1e-06,random,rand4,155,3,9.73444742743199e-09
p31,1000,tr,Full FD,adaptive,12.0,1e-06,random,rand4,155,4,1.8671817345099978e-08
p31,1000,tr,Full FD,adaptive,12.0,1e-06,random,rand4,155,5,5.232515073948414e-07
p31,1000,tr,Full FD,adaptive,12.0,1e-06,random,rand4,155,6,12.63627532523847
p31,1000,tr,Full FD,adaptive,12.0,1e-06,random,rand4,155,7,1.1571763220042667e-06
p31,1000,tr,Full FD,adaptive,12.0,1e-06,random,rand4,155,8,8.13743044077667
p31,1000,tr,Full FD,adaptive,12.0,1e-06,random,rand4,155,9,8.505783472514839
p31,1000,tr,Full FD,adaptive,12.0,1e-06,random,rand4,155,10,8.079103884924615
p31,1000,tr,Full FD,adaptive,12.0,1e-06,random,rand4,155,11,7.082760525155907
p31,1000,tr,Full FD,adaptive,12.0,1e-06,random,rand4,155,12,1.53902158254144e-06
p31,1000,tr,Full FD,adaptive,12.0,1e-06,random,rand4,155,13,6.972779629726664e-07
p31,1000,tr,Full FD,adaptive,12.0,1e-06,random,rand4,155,14,6.177035214572059
p31,1000,tr,Full FD,adaptive,12.0,1e-06,random,rand4,155,15,5.51046113933355
p31,1000,tr,Full FD,adaptive,12.0,1e-06,random,rand4,155,16,5.042361307436621
p31,1000,tr,Full FD,adaptive,12.0,1e-06,random,rand4,155,17,4.709693442194975
p31,1000,tr,Full FD,adaptive,12.0,1e-06,random,rand4,155,18,3.7563489646588274e-06
p31,1000,tr,Full FD,adaptive,12.0,1e-06,random,rand4,155,19,4.384561428878803e-06
p31,1000,tr,Full FD,adaptive,12.0,1e-06,random,rand4,155,20,3.751480097839191e-06
p31,1000,tr,Full FD,adaptive,12.0,1e-06,random,rand4,155,21,4.478089623866727
p31,1000,tr,Full FD,adaptive,12.0,1e-06,random,rand4,155,22,4.333986314570928
p31,1000,tr,Full FD,adaptive,12.0,1e-06,random,rand4,155,23,4.265967939812768
p31,1000,tr,Full FD,adaptive,12.0,1e-06,random,rand4,155,24,3.145562755656444e-06
p31,1000,tr,Full FD,adaptive,12.0,1e-06,random,rand4,155,25,4.260099427688428
p31,1000,tr,Full FD,adaptive,12.0,1e-06,random,rand4,155,26,4.581460332971288e-06
p31,1000,tr,Full FD,adaptive,12.0,1e-06,random,rand4,155,27,2.4781814251770934e-05
p31,1000,tr,Full FD,adaptive,12.0,1e-06,random,rand4,155,28,1.5386988823168585e-06
p31,1000,tr,Full FD,adaptive,12.0,1e-06,random,rand4,155,29,1.085904340543337e-05
p31,1000,tr,Full FD,adaptive,12.0,1e-06,random,rand4,155,30,2.5405153647964167e-06
p31,1000,tr,Full FD,adaptive,12.0,1e-06,random,rand4,155,31,2.5823032263566623
p31,1000,tr,Full FD,adaptive,12.0,1e-06,random,rand4,155,32,2.664295567460899e-06
p31,1000,tr,Full FD,adaptive,12.0,1e-06,random,rand4,155,33,0.9890019365971203
p31,1000,tr,Full FD,adaptive,12.0,1e-06,random,rand4,155,34,1.0174464357621948
p31,1000,tr,Full FD,adaptive,12.0,1e-06,random,rand4,155,35,3.953267305667419e-05
p31,1000,tr,Full FD,adaptive,12.0,1e-06,random,rand4,155,36,2.7409762656008765e-05
p31,1000,tr,Full FD,adaptive,12.0,1e-06,random,rand4,155,37,1.0774195725342177
p31,1000,tr,Full FD,adaptive,12.0,1e-06,random,rand4,155,38,7.326437265934911e-06
p31,1000,tr,Full FD,adaptive,12.0,1e-06,random,rand4,155,39,1.7578535720233006e-05
p31,1000,tr,Full FD,adaptive,12.0,1e-06,random,rand4,155,40,0.7007639105501451
p31,1000,tr,Full FD,adaptive,12.0,1e-06,random,rand4,155,41,5.6842143342008555e-06
p31,1000,tr,Full FD,adaptive,12.0,1e-06,random,rand4,155,42,2.177685718352956e-06
p31,1000,tr,Full FD,adaptive,12.0,1e-06,random,rand4,155,43,0.3681531273984717
p31,1000,tr,Full FD,adaptive,12.0,1e-06,random,rand4,155,44,7.286249460021673e-06
p31,1000,tr,Full FD,adaptive,12.0,1e-06,random,rand4,155,45,4.074299165681846e-06
p31,1000,tr,Full FD,adaptive,12.0,1e-06,random,rand4,155,46,2.8931200509036567e-06
p31,1000,tr,Full FD,adaptive,12.0,1e-06,random,rand4,155,47,1.0120067016685539e-06
p31,1000,tr,Full FD,adaptive,12.0,1e-06,random,rand4,155,48,3.524610044589909e-06
p31,1000,tr,Full FD,adaptive,12.0,1e-06,random,rand4,155,49,0.3835306356002532
p31,1000,tr,Full FD,adaptive,12.0,1e-06,random,rand4,155,50,0.4140898338211887
p31,1000,tr,Full FD,adaptive,12.0,1e-06,random,rand4,155,51,5.850495783591995e-06
p31,1000,tr,Full FD,adaptive,12.0,1e-06,random,rand4,155,52,4.911887545371298e-06
p31,1000,tr,Full FD,adaptive,12.0,1e-06,random,rand4,155,53,0.27553605275976034
p31,1000,tr,Full FD,adaptive,12.0,1e-06,random,rand4,155,54,0.16721476088469847
p31,1000,tr,Full FD,adaptive,12.0,1e-06,random,rand4,155,55,0.17184754793586127
p31,1000,tr,Full FD,adaptive,12.0,1e-06,random,rand4,155,56,3.5103353834164753e-06
p31,1000,tr,Full FD,adaptive,12.0,1e-06,random,rand4,155,57,0.18514021274478468
p31,1000,tr,Full FD,adaptive,12.0,1e-06,random,rand4,155,58,3.751835247158151e-06
p31,1000,tr,Full FD,adaptive,12.0,1e-06,random,rand4,155,59,0.12387147217348188
p31,1000,tr,Full FD,adaptive,12.0,1e-06,random,rand4,155,60,0.07793404125845638
p31,1000,tr,Full FD,adaptive,12.0,1e-06,random,rand4,155,61,6.140172168758132e-07
p31,1000,tr,Full FD,adaptive,12.0,1e-06,random,rand4,155,62,0.07985252217740245
p31,1000,tr,Full FD,adaptive,12.0,1e-06,random,rand4,155,63,0.08653151466723791
p31,1000,tr,Full FD,adaptive,12.0,1e-06,random,rand4,155,64,8.509299141515183e-06
p31,1000,tr,Full FD,adaptive,12.0,1e-06,random,rand4,155,65,1.7701633819169982e-05
p31,1000,tr,Full FD,adaptive,12.0,1e-06,random,rand4,155,66,2.743695438037006e-06
p31,1000,tr,Full FD,adaptive,12.0,1e-06,random,rand4,155,67,0.05836752657402551
p31,1000,tr,Full FD,adaptive,12.0,1e-06,random,rand4,155,68,4.7542334186761606e-07
p31,1000,tr,Full FD,adaptive,12.0,1e-06,random,rand4,155,69,0.03580609894902825
p31,1000,tr,Full FD,adaptive,12.0,1e-06,random,rand4,155,70,3.73540935222651e-06
p31,1000,tr,Full FD,adaptive,12.0,1e-06,random,rand4,155,71,2.426368650483744e-06
p31,1000,tr,Full FD,adaptive,12.0,1e-06,random,rand4,155,72,1.3671241199344215e-06
p31,1000,tr,Full FD,adaptive,12.0,1e-06,random,rand4,155,73,0.00016345056602489646
p31,1000,tr,Full FD,adaptive,12.0,1e-06,random,rand4,155,74,6.314430117276265e-05
p31,1000,tr,Full FD,adaptive,12.0,1e-06,random,rand4,155,75,0.0369601977061689
p31,1000,tr,Full FD,adaptive,12.0,1e-06,random,rand4,155,76,0.040694436660619296
p31,1000,tr,Full FD,adaptive,12.0,1e-06,random,rand4,155,77,8.138455472016601e-06
p31,1000,tr,Full FD,adaptive,12.0,1e-06,random,rand4,155,78,7.857399072777065e-06
p31,1000,tr,Full FD,adaptive,12.0,1e-06,random,rand4,155,79,0.027764484951228553
p31,1000,tr,Full FD,adaptive,12.0,1e-06,random,rand4,155,80,0.016339843168124552
p31,1000,tr,Full FD,adaptive,12.0,1e-06,random,rand4,155,81,2.893180679809522e-06
p31,1000,tr,Full FD,adaptive,12.0,1e-06,random,rand4,155,82,0.017514131567170743
p31,1000,tr,Full FD,adaptive,12.0,1e-06,random,rand4,155,83,3.3641685448207226e-06
p31,1000,tr,Full FD,adaptive,12.0,1e-06,random,rand4,155,84,0.01179193602579221
p31,1000,tr,Full FD,adaptive,12.0,1e-06,random,rand4,155,85,1.813635423875951e-06
p31,1000,tr,Full FD,adaptive,12.0,1e-06,random,rand4,155,86,4.159274332069551e-06
p31,1000,tr,Full FD,adaptive,12.0,1e-06,random,rand4,155,87,3.996529502156435e-07
p31,1000,tr,Full FD,adaptive,12.0,1e-06,random,rand4,155,88,1.73586740840176e-05
p31,1000,tr,Full FD,adaptive,12.0,1e-06,random,rand4,155,89,4.0944354611022386e-07
p31,1000,tr,Full FD,adaptive,12.0,1e-06,random,rand4,155,90,0.007335292562338774
p31,1000,tr,Full FD,adaptive,12.0,1e-06,random,rand4,155,91,6.694081970521863e-06
p31,1000,tr,Full FD,adaptive,12.0,1e-06,random,rand4,155,92,0.007597138942761287
p31,1000,tr,Full FD,adaptive,12.0,1e-06,random,rand4,155,93,5.859221647094889e-06
p31,1000,tr,Full FD,adaptive,12.0,1e-06,random,rand4,155,94,3.0389972060722354e-05
p31,1000,tr,Full FD,adaptive,12.0,1e-06,random,rand4,155,95,0.00829268163768759
p31,1000,tr,Full FD,adaptive,12.0,1e-06,random,rand4,155,96,0.0056680710878340155
p31,1000,tr,Full FD,adaptive,12.0,1e-06,random,rand4,155,97,8.702255568000579e-07
p31,1000,tr,Full FD,adaptive,12.0,1e-06,random,rand4,155,98,6.515071888117837e-07
p31,1000,tr,Full FD,adaptive,12.0,1e-06,random,rand4,155,99,8.919235504798332e-07
p31,1000,tr,Full FD,adaptive,12.0,1e-06,random,rand4,155,100,2.9301526494438906e-06
p31,1000,tr,Full FD,adaptive,12.0,1e-06,random,rand4,155,101,1.560322237880913e-06
p31,1000,tr,Full FD,adaptive,12.0,1e-06,random,rand4,155,102,4.3721414334286266e-07
p31,1000,tr,Full FD,adaptive,12.0,1e-06,random,rand4,155,103,8.448714899278303e-07
p31,1000,tr,Full FD,adaptive,12.0,1e-06,random,rand4,155,104,0.003338383334277363
p31,1000,tr,Full FD,adaptive,12.0,1e-06,random,rand4,155,105,0.0035805473492239418
p31,1000,tr,Full FD,adaptive,12.0,1e-06,random,rand4,155,106,3.840062607490462e-06
p31,1000,tr,Full FD,adaptive,12.0,1e-06,random,rand4,155,107,5.948283527665418e-06
p31,1000,tr,Full FD,adaptive,12.0,1e-06,random,rand4,155,108,1.8577047890420316e-05
p31,1000,tr,Full FD,adaptive,12.0,1e-06,random,rand4,155,109,2.2352330169523095e-05
p31,1000,tr,Full FD,adaptive,12.0,1e-06,random,rand4,155,110,2.895215743207256e-06
p31,1000,tr,Full FD,adaptive,12.0,1e-06,random,rand4,155,111,0.0023491508044214808
p31,1000,tr,Full FD,adaptive,12.0,1e-06,random,rand4,155,112,8.94150284803901e-07
p31,1000,tr,Full FD,adaptive,12.0,1e-06,random,rand4,155,113,9.878703341164101e-07
p31,1000,tr,Full FD,adaptive,12.0,1e-06,random,rand4,155,114,0.001479294843678849
p31,1000,tr,Full FD,adaptive,12.0,1e-06,random,rand4,155,115,4.120801093168713e-06
p31,1000,tr,Full FD,adaptive,12.0,1e-06,random,rand4,155,116,0.0015241722068224512
p31,1000,tr,Full FD,adaptive,12.0,1e-06,random,rand4,155,117,5.158144379934711e-06
p31,1000,tr,Full FD,adaptive,12.0,1e-06,random,rand4,155,118,0.001666065756668942
p31,1000,tr,Full FD,adaptive,12.0,1e-06,random,rand4,155,119,0.0011387859742448523
p31,1000,tr,Full FD,adaptive,12.0,1e-06,random,rand4,155,120,0.0006766827309032769
p31,1000,tr,Full FD,adaptive,12.0,1e-06,random,rand4,155,121,1.9053618860720366e-06
p31,1000,tr,Full FD,adaptive,12.0,1e-06,random,rand4,155,122,4.29610349280849e-06
p31,1000,tr,Full FD,adaptive,12.0,1e-06,random,rand4,155,123,4.629550853769627e-06
p31,1000,tr,Full FD,adaptive,12.0,1e-06,random,rand4,155,124,0.0007053298738385894
p31,1000,tr,Full FD,adaptive,12.0,1e-06,random,rand4,155,125,0.00047453053945469237
p31,1000,tr,Full FD,adaptive,12.0,1e-06,random,rand4,155,126,0.0003007051995925892
p31,1000,tr,Full FD,adaptive,12.0,1e-06,random,rand4,155,127,2.941812263891137e-06
p31,1000,tr,Full FD,adaptive,12.0,1e-06,random,rand4,155,128,2.481579245488124e-06
p31,1000,tr,Full FD,adaptive,12.0,1e-06,random,rand4,155,129,0.00030173186757041727
p31,1000,tr,Full FD,adaptive,12.0,1e-06,random,rand4,155,130,0.00033064184549463937
p31,1000,tr,Full FD,adaptive,12.0,1e-06,random,rand4,155,131,2.351692895014063e-05
p31,1000,tr,Full FD,adaptive,12.0,1e-06,random,rand4,155,132,2.467096252354696e-06
p31,1000,tr,Full FD,adaptive,12.0,1e-06,random,rand4,155,133,0.00019354969449390696
p31,1000,tr,Full FD,adaptive,12.0,1e-06,random,rand4,155,134,0.00012094502082982493
p31,1000,tr,Full FD,adaptive,12.0,1e-06,random,rand4,155,135,0.00012618096718164458
p31,1000,tr,Full FD,adaptive,12.0,1e-06,random,rand4,155,136,0.00013955797664849394
p31,1000,tr,Full FD,adaptive,12.0,1e-06,random,rand4,155,137,9.574186083727605e-05
p31,1000,tr,Full FD,adaptive,12.0,1e-06,random,rand4,155,138,2.32300386738685e-06
p31,1000,tr,Full FD,adaptive,12.0,1e-06,random,rand4,155,139,5.254777928845578e-05
p31,1000,tr,Full FD,adaptive,12.0,1e-06,random,rand4,155,140,5.508566734216205e-06
p31,1000,tr,Full FD,adaptive,12.0,1e-06,random,rand4,155,141,4.604812226256758e-05
p31,1000,tr,Full FD,adaptive,12.0,1e-06,random,rand4,155,142,2.7275884051366525e-05
p31,1000,tr,Full FD,adaptive,12.0,1e-06,random,rand4,155,143,4.8037286653334906e-05
p31,1000,tr,Full FD,adaptive,12.0,1e-06,random,rand4,155,144,5.378242049789745e-06
p31,1000,tr,Full FD,adaptive,12.0,1e-06,random,rand4,155,145,3.2724362966461135e-06
p31,1000,tr,Full FD,adaptive,12.0,1e-06,random,rand4,155,146,1.4540446011349621e-05
p31,1000,tr,Full FD,adaptive,12.0,1e-06,random,rand4,155,147,1.0062046581275346e-05
p31,1000,tr,Full FD,adaptive,12.0,1e-06,random,rand4,155,148,1.9262386032189142e-06
p31,1000,tr,Full FD,adaptive,12.0,1e-06,random,rand4,155,149,5.431154267952061e-06
p31,1000,tr,Full FD,adaptive,12.0,1e-06,random,rand4,155,150,2.4884475061997976e-06
p31,1000,tr,Full FD,adaptive,12.0,1e-06,random,rand4,155,151,1.169089121826497e-05
p31,1000,tr,Full FD,adaptive,12.0,1e-06,random,rand4,155,152,5.729942231313726e-06
p31,1000,tr,Full FD,adaptive,12.0,1e-06,random,rand4,155,153,3.5448902753291177e-06
p31,1000,tr,Full FD,adaptive,12.0,1e-06,random,rand4,155,154,7.680589052626013e-07
p31,1000,tr,Full FD,adaptive,12.0,1e-06,random,rand4,155,155,2.616919231670465e-07
p31,1000,tr,Full FD,adaptive,12.0,1e-06,random,rand4,155,156,1.0703678708145853e-07
p31,1000,tr,Full FD,adaptive,12.0,1e-06,random,rand4,155,157,4.647655614717444e-08
p31,1000,tr,Full FD,adaptive,12.0,1e-06,random,rand4,155,158,7.248564255385871e-08
p31,1000,tr,Full FD,adaptive,12.0,1e-06,random,rand4,155,159,2.695013578510218e-08
p31,1000,tr,Full FD,adaptive,12.0,1e-06,random,rand4,155,160,2.340999513749794e-08
p31,1000,tr,Full FD,adaptive,12.0,1e-06,random,rand5,156,0,22.512885728357872
p31,1000,tr,Full FD,adaptive,12.0,1e-06,random,rand5,156,1,10.73781747105766
p31,1000,tr,Full FD,adaptive,12.0,1e-06,random,rand5,156,2,2.4326867162629e-06
p31,1000,tr,Full FD,adaptive,12.0,1e-06,random,rand5,156,3,2.500044877821389e-06
p31,1000,tr,Full FD,adaptive,12.0,1e-06,random,rand5,156,4,8.816712380902013e-07
p31,1000,tr,Full FD,adaptive,12.0,1e-06,random,rand5,156,5,1.4036251945944199e-06
p31,1000,tr,Full FD,adaptive,12.0,1e-06,random,rand5,156,6,6.586136759629002
p31,1000,tr,Full FD,adaptive,12.0,1e-06,random,rand5,156,7,1.1926242942892665e-05
p31,1000,tr,Full FD,adaptive,12.0,1e-06,random,rand5,156,8,1.3211158033624551e-06
p31,1000,tr,Full FD,adaptive,12.0,1e-06,random,rand5,156,9,7.333159316404789e-05
p31,1000,tr,Full FD,adaptive,12.0,1e-06,random,rand5,156,10,4.195318860163241
p31,1000,tr,Full FD,adaptive,12.0,1e-06,random,rand5,156,11,2.122163437335445
p31,1000,tr,Full FD,adaptive,12.0,1e-06,random,rand5,156,12,7.365515591459638e-06
p31,1000,tr,Full FD,adaptive,12.0,1e-06,random,rand5,156,13,1.3829895411894302
p31,1000,tr,Full FD,adaptive,12.0,1e-06,random,rand5,156,14,8.012456493950996e-07
p31,1000,tr,Full FD,adaptive,12.0,1e-06,random,rand5,156,15,0.8292835695328956
p31,1000,tr,Full FD,adaptive,12.0,1e-06,random,rand5,156,16,0.8574636412070514
p31,1000,tr,Full FD,adaptive,12.0,1e-06,random,rand5,156,17,0.9219222233854708
p31,1000,tr,Full FD,adaptive,12.0,1e-06,random,rand5,156,18,2.774847251233905e-06
p31,1000,tr,Full FD,adaptive,12.0,1e-06,random,rand5,156,19,1.015363119925134
p31,1000,tr,Full FD,adaptive,12.0,1e-06,random,rand5,156,20,0.6812917016519656
p31,1000,tr,Full FD,adaptive,12.0,1e-06,random,rand5,156,21,1.5364258425622661e-06
p31,1000,tr,Full FD,adaptive,12.0,1e-06,random,rand5,156,22,0.40263424560490046
p31,1000,tr,Full FD,adaptive,12.0,1e-06,random,rand5,156,23,0.4192094859042771
p31,1000,tr,Full FD,adaptive,12.0,1e-06,random,rand5,156,24,2.565202925160058e-06
p31,1000,tr,Full FD,adaptive,12.0,1e-06,random,rand5,156,25,4.650274710629336e-06
p31,1000,tr,Full FD,adaptive,12.0,1e-06,random,rand5,156,26,2.6851940500054454e-05
p31,1000,tr,Full FD,adaptive,12.0,1e-06,random,rand5,156,27,5.616617180816004e-06
p31,1000,tr,Full FD,adaptive,12.0,1e-06,random,rand5,156,28,1.599357982806374e-05
p31,1000,tr,Full FD,adaptive,12.0,1e-06,random,rand5,156,29,0.4532818504655675
p31,1000,tr,Full FD,adaptive,12.0,1e-06,random,rand5,156,30,0.302544070829548
p31,1000,tr,Full FD,adaptive,12.0,1e-06,random,rand5,156,31,1.6685247224205498e-06
p31,1000,tr,Full FD,adaptive,12.0,1e-06,random,rand5,156,32,0.18801468299763804
p31,1000,tr,Full FD,adaptive,12.0,1e-06,random,rand5,156,33,8.271800808006457e-07
p31,1000,tr,Full FD,adaptive,12.0,1e-06,random,rand5,156,34,0.1921148157055442
p31,1000,tr,Full FD,adaptive,12.0,1e-06,random,rand5,156,35,0.2068153012687099
p31,1000,tr,Full FD,adaptive,12.0,1e-06,random,rand5,156,36,0.13852134419445514
p31,1000,tr,Full FD,adaptive,12.0,1e-06,random,rand5,156,37,0.0855206337401917
p31,1000,tr,Full FD,adaptive,12.0,1e-06,random,rand5,156,38,1.6047382895565596e-05
p31,1000,tr,Full FD,adaptive,12.0,1e-06,random,rand5,156,39,1.5399891650637198e-06
p31,1000,tr,Full FD,adaptive,12.0,1e-06,random,rand5,156,40,0.08806224933562874
p31,1000,tr,Full FD,adaptive,12.0,1e-06,random,rand5,156,41,3.2434791242830577e-06
p31,1000,tr,Full FD,adaptive,12.0,1e-06,random,rand5,156,42,0.09595513600436965
p31,1000,tr,Full FD,adaptive,12.0,1e-06,random,rand5,156,43,1.4831932607036489e-05
p31,1000,tr,Full FD,adaptive,12.0,1e-06,random,rand5,156,44,0.06496050753630232
p31,1000,tr,Full FD,adaptive,12.0,1e-06,random,rand5,156,45,1.4252390224585839e-06
p31,1000,tr,Full FD,adaptive,12.0,1e-06,random,rand5,156,46,0.03866476129124632
p31,1000,tr,Full FD,adaptive,12.0,1e-06,random,rand5,156,47,0.04083735084952351
p31,1000,tr,Full FD,adaptive,12.0,1e-06,random,rand5,156,48,5.674340732095783e-06
p31,1000,tr,Full FD,adaptive,12.0,1e-06,random,rand5,156,49,0.02720542769415001
p31,1000,tr,Full FD,adaptive,12.0,1e-06,random,rand5,156,50,0.017429217575248526
p31,1000,tr,Full FD,adaptive,12.0,1e-06,random,rand5,156,51,0.00016624818659175767
p31,1000,tr,Full FD,adaptive,12.0,1e-06,random,rand5,156,52,4.9081869138286965e-06
p31,1000,tr,Full FD,adaptive,12.0,1e-06,random,rand5,156,53,1.3488368357935308e-06
p31,1000,tr,Full FD,adaptive,12.0,1e-06,random,rand5,156,54,0.017455825171616892
p31,1000,tr,Full FD,adaptive,12.0,1e-06,random,rand5,156,55,0.0189194343603467
p31,1000,tr,Full FD,adaptive,12.0,1e-06,random,rand5,156,56,0.00015663664375284976
p31,1000,tr,Full FD,adaptive,12.0,1e-06,random,rand5,156,57,1.7082149967192924e-05
p31,1000,tr,Full FD,adaptive,12.0,1e-06,random,rand5,156,58,2.9808771057031744e-05
p31,1000,tr,Full FD,adaptive,12.0,1e-06,random,rand5,156,59,0.012561833898628746
p31,1000,tr,Full FD,adaptive,12.0,1e-06,random,rand5,156,60,0.007647974045931578
p31,1000,tr,Full FD,adaptive,12.0,1e-06,random,rand5,156,61,0.0080309860822702
p31,1000,tr,Full FD,adaptive,12.0,1e-06,random,rand5,156,62,0.0005134075195395655
p31,1000,tr,Full FD,adaptive,12.0,1e-06,random,rand5,156,63,0.007886809041556243
p31,1000,tr,Full FD,adaptive,12.0,1e-06,random,rand5,156,64,0.005373867392934194
p31,1000,tr,Full FD,adaptive,12.0,1e-06,random,rand5,156,65,1.3660555974594414e-06
p31,1000,tr,Full FD,adaptive,12.0,1e-06,random,rand5,156,66,0.0031914818699906745
p31,1000,tr,Full FD,adaptive,12.0,1e-06,random,rand5,156,67,3.4060852987693093e-06
p31,1000,tr,Full FD,adaptive,12.0,1e-06,random,rand5,156,68,2.7467473911013774e-05
p31,1000,tr,Full FD,adaptive,12.0,1e-06,random,rand5,156,69,7.643728541449693e-06
p31,1000,tr,Full FD,adaptive,12.0,1e-06,random,rand5,156,70,0.0033337247936504016
p31,1000,tr,Full FD,adaptive,12.0,1e-06,random,rand5,156,71,0.002235904129146149
p31,1000,tr,Full FD,adaptive,12.0,1e-06,random,rand5,156,72,0.0014196543814683981
p31,1000,tr,Full FD,adaptive,12.0,1e-06,random,rand5,156,73,0.0014617997265423677
p31,1000,tr,Full FD,adaptive,12.0,1e-06,random,rand5,156,74,0.0016023540173345997
p31,1000,tr,Full FD,adaptive,12.0,1e-06,random,rand5,156,75,5.142459465201623e-06
p31,1000,tr,Full FD,adaptive,12.0,1e-06,random,rand5,156,76,0.0010868572166209348
p31,1000,tr,Full FD,adaptive,12.0,1e-06,random,rand5,156,77,0.0006482754817508804
p31,1000,tr,Full FD,adaptive,12.0,1e-06,random,rand5,156,78,0.0006922584532072224
p31,1000,tr,Full FD,adaptive,12.0,1e-06,random,rand5,156,79,6.746202593700254e-06
p31,1000,tr,Full FD,adaptive,12.0,1e-06,random,rand5,156,80,0.0004574186880377025
p31,1000,tr,Full FD,adaptive,12.0,1e-06,random,rand5,156,81,0.00029060390035164205
p31,1000,tr,Full FD,adaptive,12.0,1e-06,random,rand5,156,82,6.64000110806673e-06
p31,1000,tr,Full FD,adaptive,12.0,1e-06,random,rand5,156,83,3.4351852648567586e-06
p31,1000,tr,Full FD,adaptive,12.0,1e-06,random,rand5,156,84,7.293012017784876e-06
p31,1000,tr,Full FD,adaptive,12.0,1e-06,random,rand5,156,85,0.00027030939394384764
p31,1000,tr,Full FD,adaptive,12.0,1e-06,random,rand5,156,86,3.121013468356873e-05
p31,1000,tr,Full FD,adaptive,12.0,1e-06,random,rand5,156,87,1.0418257309751996e-05
p31,1000,tr,Full FD,adaptive,12.0,1e-06,random,rand5,156,88,0.00021554459746459426
p31,1000,tr,Full FD,adaptive,12.0,1e-06,random,rand5,156,89,1.0537302271439513e-05
p31,1000,tr,Full FD,adaptive,12.0,1e-06,random,rand5,156,90,4.497549202180137e-06
p31,1000,tr,Full FD,adaptive,12.0,1e-06,random,rand5,156,91,4.008639067886426e-06
p31,1000,tr,Full FD,adaptive,12.0,1e-06,random,rand5,156,92,6.032866312449529e-06
p31,1000,tr,Full FD,adaptive,12.0,1e-06,random,rand5,156,93,7.24025788049342e-06
p31,1000,tr,Full FD,adaptive,12.0,1e-06,random,rand5,156,94,0.00017497570725527131
p31,1000,tr,Full FD,adaptive,12.0,1e-06,random,rand5,156,95,5.511380413828293e-06
p31,1000,tr,Full FD,adaptive,12.0,1e-06,random,rand5,156,96,0.00018282766420438799
p31,1000,tr,Full FD,adaptive,12.0,1e-06,random,rand5,156,97,0.0001250438446801418
p31,1000,tr,Full FD,adaptive,12.0,1e-06,random,rand5,156,98,7.415222214352817e-05
p31,1000,tr,Full FD,adaptive,12.0,1e-06,random,rand5,156,99,3.968955238506235e-06
p31,1000,tr,Full FD,adaptive,12.0,1e-06,random,rand5,156,100,7.220994770555959e-05
p31,1000,tr,Full FD,adaptive,12.0,1e-06,random,rand5,156,101,4.829051850831642e-05
p31,1000,tr,Full FD,adaptive,12.0,1e-06,random,rand5,156,102,1.328097495550112e-06
p31,1000,tr,Full FD,adaptive,12.0,1e-06,random,rand5,156,103,1.3916357528868338e-06
p31,1000,tr,Full FD,adaptive,12.0,1e-06,random,rand5,156,104,1.4203291034403853e-06
p31,1000,tr,Full FD,adaptive,12.0,1e-06,random,rand5,156,105,4.15642680612036e-06
p31,1000,tr,Full FD,adaptive,12.0,1e-06,random,rand5,156,106,6.18277019720962e-05
p31,1000,tr,Full FD,adaptive,12.0,1e-06,random,rand5,156,107,3.41335125783156e-05
p31,1000,tr,Full FD,adaptive,12.0,1e-06,random,rand5,156,108,5.325466798346818e-06
p31,1000,tr,Full FD,adaptive,12.0,1e-06,random,rand5,156,109,4.73224180598861e-06
p31,1000,tr,Full FD,adaptive,12.0,1e-06,random,rand5,156,110,2.3493605138048864e-06
p31,1000,tr,Full FD,adaptive,12.0,1e-06,random,rand5,156,111,3.497499424728959e-05
p31,1000,tr,Full FD,adaptive,12.0,1e-06,random,rand5,156,112,2.619839907380861e-05
p31,1000,tr,Full FD,adaptive,12.0,1e-06,random,rand5,156,113,3.3093842640309994e-06
p31,1000,tr,Full FD,adaptive,12.0,1e-06,random,rand5,156,114,5.686224424456598e-07
p31,1000,tr,Full FD,adaptive,12.0,1e-06,random,rand5,156,115,1.0050878876422248e-05
p31,1000,tr,Full FD,adaptive,12.0,1e-06,random,rand5,156,116,3.3835762340872767e-06
p31,1000,tr,Full FD,adaptive,12.0,1e-06,random,rand5,156,117,1.2575641313201508e-06
p31,1000,tr,Full FD,adaptive,12.0,1e-06,random,rand5,156,118,3.3025395038554813e-07
p31,1000,tr,Full FD,adaptive,12.0,1e-06,random,rand5,156,119,2.2925197800370627e-07
p31,1000,tr,Full FD,adaptive,12.0,1e-06,random,rand5,156,120,1.0300502667809946e-07
p31,1000,tr,Full FD,adaptive,12.0,1e-06,random,rand5,156,121,2.1446592310456952e-07
p31,1000,tr,Full FD,adaptive,12.0,1e-06,random,rand5,156,122,7.416852845311828e-08
p31,1000,tr,Full FD,adaptive,12.0,1e-06,random,rand5,156,123,4.741115514853895e-08
p31,1000,tr,Full FD,adaptive,12.0,1e-06,random,rand5,156,124,4.317783686755851e-08
p31,1000,tr,Full FD,adaptive,12.0,1e-06,random,rand5,156,125,4.5617165357150364e-08
